{
  "type": "FeatureCollection",
  "name": "Barcelona",
  "crs": {
    "type": "name",
    "properties": {
      "name": "urn:ogc:def:crs:OGC:1.3:CRS84"
    }
  },
  "features": [
    {
      "type": "Feature",
      "properties": {
        "ADM3_EN": "Barcelona",
        "ADM3_PCODE": "PH0506202",
        "ADM2_EN": "Sorsogon",
        "ADM2_PCODE": "PH05062",
        "ADM1_EN": "Region V (Bicol Region)",
        "ADM1_PCODE": "PH05",
        "ADM0_EN": "Philippines (the)",
        "ADM0_PCODE": "PH",
        "date": "2022-11-09",
        "validOn": "2023-11-06",
        "validTo": null,
        "ADM3_REF": null,
        "ADM3ALT1EN": null,
        "Shape_Leng": 0.37523788537,
        "Shape_Area": 0.00496730055,
        "AREA_SQKM": 59.6551086789
      },
      "geometry": {
        "type": "MultiPolygon",
        "coordinates": [
          [
            [
              [
                124.13878447800005,
                12.874261019000073
              ],
              [
                124.13878317800004,
                12.874249606000035
              ],
              [
                124.13878794400011,
                12.87422947400006
              ],
              [
                124.13878635600008,
                12.874221730000045
              ],
              [
                124.13877841300007,
                12.87421088900004
              ],
              [
                124.13874823100002,
                12.87419075500003
              ],
              [
                124.138740288,
                12.87418765700005
              ],
              [
                124.13873075600009,
                12.87418765700005
              ],
              [
                124.13871963600002,
                12.87419075400004
              ],
              [
                124.13871169300012,
                12.87419539900003
              ],
              [
                124.13870851500008,
                12.874200045000066
              ],
              [
                124.13870851500008,
                12.87421553200005
              ],
              [
                124.13871010300011,
                12.874221727000076
              ],
              [
                124.13872122300006,
                12.874234117000071
              ],
              [
                124.13873393100005,
                12.87424186000004
              ],
              [
                124.138738697,
                12.874248055000066
              ],
              [
                124.13873551900008,
                12.874263542000051
              ],
              [
                124.13873075300012,
                12.87426973600003
              ],
              [
                124.1387228100001,
                12.874271285000077
              ],
              [
                124.13870533500005,
                12.874268187000041
              ],
              [
                124.13869262700007,
                12.874257345000046
              ],
              [
                124.13868468400005,
                12.874246504000041
              ],
              [
                124.13867197600007,
                12.874240309000072
              ],
              [
                124.13866562100009,
                12.874240309000072
              ],
              [
                124.1386592670001,
                12.874243406000062
              ],
              [
                124.13865450100002,
                12.874248052000041
              ],
              [
                124.13864655700002,
                12.874251149000031
              ],
              [
                124.13863384900003,
                12.874244953000073
              ],
              [
                124.13861478700005,
                12.874220174000072
              ],
              [
                124.13860525500002,
                12.874212430000057
              ],
              [
                124.1385973130001,
                12.874196943000072
              ],
              [
                124.1385973140001,
                12.87418145600003
              ],
              [
                124.13860208000006,
                12.874173713000062
              ],
              [
                124.13861637900004,
                12.874133448000066
              ],
              [
                124.13861638000003,
                12.87412415600005
              ],
              [
                124.13861320300009,
                12.874110218000055
              ],
              [
                124.13859890600008,
                12.874093182000024
              ],
              [
                124.1385798440001,
                12.874083889000076
              ],
              [
                124.138573489,
                12.874082341000076
              ],
              [
                124.13854330700008,
                12.874063755000066
              ],
              [
                124.1385305980001,
                12.87405291400006
              ],
              [
                124.13851789000012,
                12.87403432900004
              ],
              [
                124.13851153700011,
                12.874020391000045
              ],
              [
                124.1385035940001,
                12.87400800100005
              ],
              [
                124.138484532,
                12.87397857600007
              ],
              [
                124.13847341300004,
                12.873964637000029
              ],
              [
                124.13844481900003,
                12.873944503000075
              ],
              [
                124.13839716100006,
                12.87394605000003
              ],
              [
                124.13838445200008,
                12.87394140300006
              ],
              [
                124.13837651000006,
                12.873933660000034
              ],
              [
                124.13836856700004,
                12.87391972100005
              ],
              [
                124.13836380200007,
                12.873907332000044
              ],
              [
                124.13836221400004,
                12.87389494200005
              ],
              [
                124.13835744900007,
                12.873882553000044
              ],
              [
                124.13833044400008,
                12.873854676000065
              ],
              [
                124.13831614700007,
                12.87384848000005
              ],
              [
                124.1382827870001,
                12.873839187000044
              ],
              [
                124.13826531300003,
                12.873828346000039
              ],
              [
                124.13826372500012,
                12.873820602000023
              ],
              [
                124.13826531400002,
                12.873812859000054
              ],
              [
                124.13827166900012,
                12.87379892100006
              ],
              [
                124.13827325800003,
                12.873791178000033
              ],
              [
                124.13827008100009,
                12.873774142000059
              ],
              [
                124.1382573730001,
                12.873766399000033
              ],
              [
                124.13823989800005,
                12.873766398000043
              ],
              [
                124.13823354400006,
                12.873767946000044
              ],
              [
                124.13821924700005,
                12.873766397000054
              ],
              [
                124.13821289200007,
                12.873761751000075
              ],
              [
                124.1382081270001,
                12.87375400700006
              ],
              [
                124.13820653900007,
                12.873733874000038
              ],
              [
                124.13819859700004,
                12.873719936000043
              ],
              [
                124.13819383100008,
                12.873715290000064
              ],
              [
                124.13818747700009,
                12.873712192000028
              ],
              [
                124.13817159100006,
                12.873712191000038
              ],
              [
                124.13815888300007,
                12.873709094000048
              ],
              [
                124.13815252800009,
                12.873704447000023
              ],
              [
                124.1381461740001,
                12.873698252000054
              ],
              [
                124.1381334670001,
                12.873678119000033
              ],
              [
                124.13812711300011,
                12.873665729000038
              ],
              [
                124.13812075900012,
                12.873644048000074
              ],
              [
                124.13810805100002,
                12.873634755000069
              ],
              [
                124.13805880600012,
                12.873611523000022
              ],
              [
                124.13805404000004,
                12.873605328000053
              ],
              [
                124.13804133300005,
                12.873579
              ],
              [
                124.13802068200005,
                12.873555769000063
              ],
              [
                124.13800638500004,
                12.873548025000048
              ],
              [
                124.13793489900002,
                12.873534084000028
              ],
              [
                124.13790630500012,
                12.873521693000043
              ],
              [
                124.1378983620001,
                12.873517047000064
              ],
              [
                124.13787453400005,
                12.873493816000064
              ],
              [
                124.13785756000004,
                12.873470947000044
              ],
              [
                124.1379878570001,
                12.873325044000069
              ],
              [
                124.13826553400008,
                12.873014108000064
              ],
              [
                124.13828618500008,
                12.873021853000068
              ],
              [
                124.13830048200009,
                12.873035791000063
              ],
              [
                124.13830683600008,
                12.873048181000058
              ],
              [
                124.13831001300002,
                12.873063668000043
              ],
              [
                124.13831001200003,
                12.873079155000028
              ],
              [
                124.1383068340001,
                12.873100836000049
              ],
              [
                124.13830842200002,
                12.873116323000033
              ],
              [
                124.13831318600012,
                12.873139553000044
              ],
              [
                124.13831795200008,
                12.87314574800007
              ],
              [
                124.13833224900009,
                12.873151943000039
              ],
              [
                124.13835925400008,
                12.873175174000039
              ],
              [
                124.13837196300005,
                12.873184467000044
              ],
              [
                124.13837990600007,
                12.873187565000023
              ],
              [
                124.13839261400005,
                12.87319066300006
              ],
              [
                124.13840214600009,
                12.87319066300006
              ],
              [
                124.13842756400004,
                12.87318447000007
              ],
              [
                124.13843391800003,
                12.873187567000059
              ],
              [
                124.13844662600002,
                12.873198408000064
              ],
              [
                124.13845456900003,
                12.87321079800006
              ],
              [
                124.13846886500005,
                12.873241772000029
              ],
              [
                124.13847998400001,
                12.87325571100007
              ],
              [
                124.13848951500006,
                12.873266552000075
              ],
              [
                124.13852605200009,
                12.873294429000055
              ],
              [
                124.13853876000007,
                12.87330062500007
              ],
              [
                124.13857370900007,
                12.873311467000065
              ],
              [
                124.13862772100003,
                12.873319213000059
              ],
              [
                124.13868491000005,
                12.873331604000043
              ],
              [
                124.13871191600003,
                12.873339349000048
              ],
              [
                124.13874368800009,
                12.873339350000037
              ],
              [
                124.13875004200008,
                12.873337802000037
              ],
              [
                124.13875639700007,
                12.873339351000027
              ],
              [
                124.13876592800011,
                12.873348643000043
              ],
              [
                124.13877704700008,
                12.873368776000063
              ],
              [
                124.13879452100002,
                12.873390459000063
              ],
              [
                124.138807229,
                12.873401300000069
              ],
              [
                124.13882152600002,
                12.873407495000038
              ],
              [
                124.13883741200004,
                12.873407496000027
              ],
              [
                124.13884853200011,
                12.873401302000048
              ],
              [
                124.13886124200008,
                12.873385815000063
              ],
              [
                124.13887077400011,
                12.873379621000026
              ],
              [
                124.13887871700001,
                12.873379622000073
              ],
              [
                124.13888665900004,
                12.873392011000021
              ],
              [
                124.13889301200004,
                12.873419887000068
              ],
              [
                124.13889936600003,
                12.873427631000027
              ],
              [
                124.13890572000003,
                12.873432277000063
              ],
              [
                124.13891366300004,
                12.873435375000042
              ],
              [
                124.13892796100004,
                12.873433827000042
              ],
              [
                124.1389390810001,
                12.873426084000073
              ],
              [
                124.13895020200005,
                12.873409049000031
              ],
              [
                124.13895655700003,
                12.873401306000062
              ],
              [
                124.13896291100002,
                12.873396661000072
              ],
              [
                124.13898038600007,
                12.873398210000062
              ],
              [
                124.13904869500004,
                12.873416797000061
              ],
              [
                124.13906140300003,
                12.87341834600005
              ],
              [
                124.13908523200007,
                12.873427639000056
              ],
              [
                124.13910270600002,
                12.873438480000061
              ],
              [
                124.13910906000001,
                12.87344002900005
              ],
              [
                124.139123358,
                12.87344003000004
              ],
              [
                124.13914877500008,
                12.87343383600006
              ],
              [
                124.13916625000002,
                12.873427642000024
              ],
              [
                124.13919802200007,
                12.87342764400006
              ],
              [
                124.13920437600007,
                12.87342919300005
              ],
              [
                124.13923456000009,
                12.873429194000039
              ],
              [
                124.1392488570001,
                12.873427646000039
              ],
              [
                124.13927427500005,
                12.873419904000059
              ],
              [
                124.13928698400002,
                12.873412161000033
              ],
              [
                124.13930128200002,
                12.873405967000053
              ],
              [
                124.13930922500003,
                12.873404418000064
              ],
              [
                124.13932511100006,
                12.873405968000043
              ],
              [
                124.13934417300004,
                12.873415260000058
              ],
              [
                124.13936164800009,
                12.873419907000027
              ],
              [
                124.13938388800011,
                12.873419908000074
              ],
              [
                124.13946649500008,
                12.873409071000026
              ],
              [
                124.13951574200007,
                12.873409073000062
              ],
              [
                124.13953480500004,
                12.873407525000061
              ],
              [
                124.1395459250001,
                12.873404428000072
              ],
              [
                124.13955386900011,
                12.873399782000035
              ],
              [
                124.1395665770001,
                12.873396686000035
              ],
              [
                124.13957610900002,
                12.873396686000035
              ],
              [
                124.13959040700001,
                12.873393589000045
              ],
              [
                124.1396316040001,
                12.87338963700006
              ],
              [
                124.13966545000005,
                12.873377069000071
              ],
              [
                124.13973314300006,
                12.873364502000072
              ],
              [
                124.13976054200009,
                12.873355076000053
              ],
              [
                124.139766989,
                12.873350362000053
              ],
              [
                124.13977343600004,
                12.873342507000075
              ],
              [
                124.13978471900009,
                12.873323653000057
              ],
              [
                124.13979600100004,
                12.873315797000032
              ],
              [
                124.1398105070001,
                12.873309513000038
              ],
              [
                124.13982340100006,
                12.87330637100007
              ],
              [
                124.13985885900001,
                12.873290660000066
              ],
              [
                124.13986691800005,
                12.873289090000071
              ],
              [
                124.1399201050001,
                12.873267095000074
              ],
              [
                124.13993944600008,
                12.873256097000024
              ],
              [
                124.13996039900007,
                12.873240386000077
              ],
              [
                124.13996845800011,
                12.873226245000069
              ],
              [
                124.13997168300011,
                12.873210533000076
              ],
              [
                124.13997329500012,
                12.873191679000058
              ],
              [
                124.13997651900002,
                12.873183823000033
              ],
              [
                124.13998941300008,
                12.87316811200003
              ],
              [
                124.13999747200012,
                12.873163398000031
              ],
              [
                124.14001842500011,
                12.873146116000044
              ],
              [
                124.14002487200003,
                12.873133546000076
              ],
              [
                124.14002648500002,
                12.873113121000074
              ],
              [
                124.14002487300002,
                12.873106836000034
              ],
              [
                124.14000875700003,
                12.873087981000026
              ],
              [
                124.13999747500009,
                12.873080125000058
              ],
              [
                124.13998135800011,
                12.873081695000053
              ],
              [
                124.13997007600005,
                12.873092693000046
              ],
              [
                124.13995879300012,
                12.873111547000065
              ],
              [
                124.13995234600009,
                12.873117832000048
              ],
              [
                124.13994589900005,
                12.873120974000074
              ],
              [
                124.13993622900011,
                12.873120974000074
              ],
              [
                124.1399313930001,
                12.873119402000043
              ],
              [
                124.13991688800002,
                12.873111546000075
              ],
              [
                124.13989432500011,
                12.873105260000045
              ],
              [
                124.13988787800008,
                12.873100546000046
              ],
              [
                124.13987337300011,
                12.873087976000022
              ],
              [
                124.13986692700007,
                12.873075406000055
              ],
              [
                124.13986692700007,
                12.873061265000047
              ],
              [
                124.13987015100008,
                12.873047124000038
              ],
              [
                124.13987337600008,
                12.873017272000027
              ],
              [
                124.13988465800003,
                12.873009416000059
              ],
              [
                124.13992656300002,
                12.873010989000022
              ],
              [
                124.13996040900008,
                12.872999992000075
              ],
              [
                124.13998297300009,
                12.872995279000065
              ],
              [
                124.13998942,
                12.872995279000065
              ],
              [
                124.14000392600008,
                12.872990566000055
              ],
              [
                124.14001198400001,
                12.872990566000055
              ],
              [
                124.14001682000003,
                12.87298742400003
              ],
              [
                124.14005853600008,
                12.872986751000042
              ],
              [
                124.14007948900007,
                12.872991465000041
              ],
              [
                124.1401068880001,
                12.872991467000077
              ],
              [
                124.1401504050001,
                12.872985183000026
              ],
              [
                124.14016652300006,
                12.872985184000072
              ],
              [
                124.14018102800003,
                12.872982042000046
              ],
              [
                124.14018747500006,
                12.872978900000021
              ],
              [
                124.140201982,
                12.872967901000038
              ],
              [
                124.14022938300002,
                12.87292547900006
              ],
              [
                124.14023421800005,
                12.87292076600005
              ],
              [
                124.14024872400012,
                12.872912911000071
              ],
              [
                124.14027773500004,
                12.872914483000045
              ],
              [
                124.14029385300012,
                12.872911341000076
              ],
              [
                124.14032770000006,
                12.87288306000005
              ],
              [
                124.14034543000002,
                12.872865777000072
              ],
              [
                124.1403841130001,
                12.872837497000035
              ],
              [
                124.14044858300008,
                12.872796648000076
              ],
              [
                124.14046792500005,
                12.872782508000057
              ],
              [
                124.14048887800004,
                12.872760511000024
              ],
              [
                124.14050660700002,
                12.872746371000062
              ],
              [
                124.14051305500004,
                12.872733802000027
              ],
              [
                124.14051305500004,
                12.87272594600006
              ],
              [
                124.14050983200002,
                12.872718090000035
              ],
              [
                124.14049532700005,
                12.872702377000053
              ],
              [
                124.14049210400003,
                12.872692950000044
              ],
              [
                124.14049210400003,
                12.87268666500006
              ],
              [
                124.14050177500008,
                12.872667811000042
              ],
              [
                124.14050499900009,
                12.872655241000075
              ],
              [
                124.14051144700011,
                12.872641100000067
              ],
              [
                124.1405324000001,
                12.87261439100007
              ],
              [
                124.14055335300009,
                12.872606535000045
              ],
              [
                124.14056624700004,
                12.872606536000035
              ],
              [
                124.14057269300008,
                12.872608107000076
              ],
              [
                124.14059848000011,
                12.872617535000074
              ],
              [
                124.1406194330001,
                12.872614394000038
              ],
              [
                124.14063071500004,
                12.872608109000055
              ],
              [
                124.14063555100006,
                12.87260182500006
              ],
              [
                124.14063877400008,
                12.872597111000061
              ],
              [
                124.14064199800009,
                12.872576686000059
              ],
              [
                124.14064844500001,
                12.87257197200006
              ],
              [
                124.14066295100008,
                12.87257197300005
              ],
              [
                124.14068390300008,
                12.872578258000033
              ],
              [
                124.14070969000011,
                12.872590829000046
              ],
              [
                124.14073064200011,
                12.87260339900007
              ],
              [
                124.14074514700008,
                12.872609685000043
              ],
              [
                124.14075159400011,
                12.872611256000027
              ],
              [
                124.1407709340001,
                12.872611257000074
              ],
              [
                124.14077738100002,
                12.872609686000033
              ],
              [
                124.14079349800011,
                12.872603401000049
              ],
              [
                124.14081122800008,
                12.872592404000045
              ],
              [
                124.1408160630001,
                12.872587690000046
              ],
              [
                124.14081928700011,
                12.872579834000021
              ],
              [
                124.1408176760001,
                12.87256569300007
              ],
              [
                124.14081284100007,
                12.872559409000075
              ],
              [
                124.1407967240001,
                12.872551552000061
              ],
              [
                124.14078705400004,
                12.872542124000063
              ],
              [
                124.14078705400004,
                12.872534268000038
              ],
              [
                124.1407999490001,
                12.872515414000077
              ],
              [
                124.14080317200012,
                12.872512272000051
              ],
              [
                124.14081606600007,
                12.872505988000057
              ],
              [
                124.14082896000002,
                12.872507559000042
              ],
              [
                124.14084024100009,
                12.87251698700004
              ],
              [
                124.1408434650001,
                12.87252170100004
              ],
              [
                124.14084829900003,
                12.872542126000042
              ],
              [
                124.14085313400005,
                12.872548412000071
              ],
              [
                124.14085958100009,
                12.872553125000024
              ],
              [
                124.14087408600005,
                12.87255626800004
              ],
              [
                124.14089181500003,
                12.872548413000061
              ],
              [
                124.14092727400009,
                12.872516990000065
              ],
              [
                124.14093855600004,
                12.87250442100003
              ],
              [
                124.14096917900008,
                12.87248556700007
              ],
              [
                124.1409756270001,
                12.872472998000035
              ],
              [
                124.1409740150001,
                12.872465142000067
              ],
              [
                124.14096756900005,
                12.872455714000068
              ],
              [
                124.14093050000008,
                12.87244157200007
              ],
              [
                124.14092727700006,
                12.87243528700003
              ],
              [
                124.14092888900007,
                12.872429003000036
              ],
              [
                124.14096918200005,
                12.87240700700005
              ],
              [
                124.14106588600009,
                12.872372444000064
              ],
              [
                124.14107878000004,
                12.87236616000007
              ],
              [
                124.14110456800006,
                12.872347306000052
              ],
              [
                124.14112390900004,
                12.872337880000032
              ],
              [
                124.14114325000003,
                12.872331596000038
              ],
              [
                124.14116742600004,
                12.87231902700006
              ],
              [
                124.14117226100007,
                12.872311171000035
              ],
              [
                124.14117870900009,
                12.872290745000043
              ],
              [
                124.14118676800001,
                12.872276605000025
              ],
              [
                124.14119805000007,
                12.872268749000057
              ],
              [
                124.14121255500004,
                12.872265607000031
              ],
              [
                124.14121739100005,
                12.872262465000063
              ],
              [
                124.14122383800009,
                12.872256181000068
              ],
              [
                124.141230285,
                12.872245182000029
              ],
              [
                124.14123350900002,
                12.87223732600006
              ],
              [
                124.14123350900002,
                12.872221614000068
              ],
              [
                124.14122706300009,
                12.872196475000067
              ],
              [
                124.1412302870001,
                12.872180763000074
              ],
              [
                124.14124801600008,
                12.872169765000024
              ],
              [
                124.1412754160001,
                12.872160339000061
              ],
              [
                124.141278639,
                12.872168195000029
              ],
              [
                124.14128992000008,
                12.872177623000027
              ],
              [
                124.14129636700011,
                12.872177623000027
              ],
              [
                124.14131570800009,
                12.872168196000075
              ],
              [
                124.14132699100003,
                12.872150913000041
              ],
              [
                124.14133021500004,
                12.872130488000039
              ],
              [
                124.14133972000002,
                12.872096675000023
              ],
              [
                124.14133972000002,
                12.872091961000024
              ],
              [
                124.14134455600004,
                12.87208724800007
              ],
              [
                124.14135100300007,
                12.872082534000072
              ],
              [
                124.1413574500001,
                12.87208096300003
              ],
              [
                124.14137356700007,
                12.872080964000077
              ],
              [
                124.14141224800005,
                12.872071538000057
              ],
              [
                124.1414428710001,
                12.872055827000054
              ],
              [
                124.14145737700005,
                12.872040115000061
              ],
              [
                124.14146221300007,
                12.872027546000027
              ],
              [
                124.14146543700008,
                12.872013405000075
              ],
              [
                124.14146543700008,
                12.871997693000026
              ],
              [
                124.14146382600006,
                12.871991408000042
              ],
              [
                124.14145576800001,
                12.871977267000034
              ],
              [
                124.14144932200008,
                12.871961555000041
              ],
              [
                124.14144448700006,
                12.871948985000074
              ],
              [
                124.14144448700006,
                12.871942700000034
              ],
              [
                124.1414332060001,
                12.871923845000026
              ],
              [
                124.14142675900007,
                12.871919131000027
              ],
              [
                124.14141708900002,
                12.871919131000027
              ],
              [
                124.14140419500006,
                12.871923844000037
              ],
              [
                124.14139452500001,
                12.871923844000037
              ],
              [
                124.14138807800009,
                12.871920701000022
              ],
              [
                124.14138485500007,
                12.871914416000038
              ],
              [
                124.14138485500007,
                12.871900276000076
              ],
              [
                124.14139452600011,
                12.871886135000068
              ],
              [
                124.14139613800012,
                12.871881421000069
              ],
              [
                124.1413945270001,
                12.871865709000076
              ],
              [
                124.1413929150001,
                12.871859424000036
              ],
              [
                124.14137035200008,
                12.871828
              ],
              [
                124.14137357600009,
                12.871812288000058
              ],
              [
                124.14139614100009,
                12.871785578000072
              ],
              [
                124.14141225900005,
                12.871773009000037
              ],
              [
                124.14143965800008,
                12.871762011000044
              ],
              [
                124.14145255200003,
                12.871760441000049
              ],
              [
                124.1414654460001,
                12.871752585000024
              ],
              [
                124.14149284600012,
                12.871727447000069
              ],
              [
                124.14149929300004,
                12.871727447000069
              ],
              [
                124.14150573900008,
                12.871730589000038
              ],
              [
                124.14150735100009,
                12.871738445000062
              ],
              [
                124.14150251600006,
                12.871744730000046
              ],
              [
                124.14149929200005,
                12.87175258600007
              ],
              [
                124.14149768000004,
                12.871766727000022
              ],
              [
                124.14149929100006,
                12.871773012000062
              ],
              [
                124.14150896100011,
                12.87178715300007
              ],
              [
                124.14152024300006,
                12.871796580000023
              ],
              [
                124.14153958300005,
                12.871806008000021
              ],
              [
                124.14155247600002,
                12.871809151000036
              ],
              [
                124.1415685930001,
                12.871809152000026
              ],
              [
                124.14159921600003,
                12.871806010000057
              ],
              [
                124.14161533300012,
                12.871801297000047
              ],
              [
                124.14165079100007,
                12.87177930200005
              ],
              [
                124.14165562700009,
                12.87177458800005
              ],
              [
                124.14167657900009,
                12.87176987500004
              ],
              [
                124.14168947300004,
                12.871765162000031
              ],
              [
                124.1417007550001,
                12.871757306000063
              ],
              [
                124.14171526100006,
                12.871732168000051
              ],
              [
                124.14172009600009,
                12.871727454000052
              ],
              [
                124.14173299000004,
                12.871722741000042
              ],
              [
                124.14174104900007,
                12.871722741000042
              ],
              [
                124.14175394200004,
                12.871725884000057
              ],
              [
                124.14177972900006,
                12.871741597000039
              ],
              [
                124.14179262200003,
                12.87176673700003
              ],
              [
                124.14179745700005,
                12.87177145000004
              ],
              [
                124.14180390400008,
                12.87177302200007
              ],
              [
                124.14182646800009,
                12.87176830900006
              ],
              [
                124.14184258500006,
                12.871760453000036
              ],
              [
                124.14185870200004,
                12.871749455000042
              ],
              [
                124.14188287800005,
                12.871749456000032
              ],
              [
                124.14190544200005,
                12.871746315000053
              ],
              [
                124.14192639400005,
                12.871733746000075
              ],
              [
                124.1419360650001,
                12.871724319000066
              ],
              [
                124.14194251200001,
                12.871716463000041
              ],
              [
                124.14194412400002,
                12.871711749000042
              ],
              [
                124.14194895900005,
                12.871707036000032
              ],
              [
                124.14197046900006,
                12.871706722000056
              ],
              [
                124.14197530400008,
                12.87170829300004
              ],
              [
                124.14198819700005,
                12.871735004000072
              ],
              [
                124.14199947800012,
                12.87174757400004
              ],
              [
                124.14202043000012,
                12.871760144000064
              ],
              [
                124.14203332400007,
                12.871763287000022
              ],
              [
                124.14205266500005,
                12.871763287000022
              ],
              [
                124.14210262800009,
                12.871757004000074
              ],
              [
                124.14216226200006,
                12.871752292000053
              ],
              [
                124.1422154490001,
                12.871752293000043
              ],
              [
                124.14222028400002,
                12.871750722000058
              ],
              [
                124.14224284800002,
                12.871750723000048
              ],
              [
                124.14235889300005,
                12.871727158000056
              ],
              [
                124.14242658500007,
                12.871716161000052
              ],
              [
                124.14246526600004,
                12.871705164000048
              ],
              [
                124.14251523000007,
                12.871684739000045
              ],
              [
                124.14253779400008,
                12.871672170000068
              ],
              [
                124.14259259300002,
                12.871647032000055
              ],
              [
                124.14261999300004,
                12.871631321000052
              ],
              [
                124.14263933400002,
                12.871617181000033
              ],
              [
                124.142658675,
                12.871609325000065
              ],
              [
                124.14270541500002,
                12.871576331000028
              ],
              [
                124.14272959100003,
                12.871555906000026
              ],
              [
                124.14275376800003,
                12.871530767000024
              ],
              [
                124.14277310800003,
                12.871516627000062
              ],
              [
                124.14279567300002,
                12.871505629000069
              ],
              [
                124.14286497800003,
                12.87144906800006
              ],
              [
                124.14286820100006,
                12.871444354000062
              ],
              [
                124.14288431900002,
                12.871430214000043
              ],
              [
                124.14290527100002,
                12.871420787000034
              ],
              [
                124.14291171800005,
                12.871416074000024
              ],
              [
                124.14291816500008,
                12.87141450300004
              ],
              [
                124.14293105900003,
                12.87140507600003
              ],
              [
                124.14293589400006,
                12.871398791000047
              ],
              [
                124.1429439530001,
                12.871373652000045
              ],
              [
                124.14295040000002,
                12.871362654000052
              ],
              [
                124.14296974100012,
                12.87134694200006
              ],
              [
                124.14298263500007,
                12.871339087000024
              ],
              [
                124.14299714100002,
                12.871326517000057
              ],
              [
                124.14302776400007,
                12.871284096000068
              ],
              [
                124.14305999900012,
                12.871254244000056
              ],
              [
                124.14310029300009,
                12.871202395000068
              ],
              [
                124.14311963400007,
                12.871172543000057
              ],
              [
                124.14312769300011,
                12.871155260000023
              ],
              [
                124.14313414000003,
                12.871145833000071
              ],
              [
                124.14314058800005,
                12.871126979000053
              ],
              [
                124.14315670600001,
                12.871095555000068
              ],
              [
                124.14317604700011,
                12.871068845000025
              ],
              [
                124.14317927000002,
                12.871060989000057
              ],
              [
                124.14319055300007,
                12.871043706000023
              ],
              [
                124.1431953880001,
                12.871031137000045
              ],
              [
                124.14321150600006,
                12.871005998000044
              ],
              [
                124.1432244,
                12.870990286000051
              ],
              [
                124.14323729400007,
                12.870968290000064
              ],
              [
                124.1432437410001,
                12.87095572000004
              ],
              [
                124.14325018900001,
                12.870936866000022
              ],
              [
                124.14325824800005,
                12.870907013000021
              ],
              [
                124.14326469500008,
                12.870894444000044
              ],
              [
                124.143278613,
                12.87082971700005
              ],
              [
                124.14327861400011,
                12.87081691000003
              ],
              [
                124.14328518400009,
                12.870789696000031
              ],
              [
                124.14328518400009,
                12.870783292000056
              ],
              [
                124.14330489100007,
                12.870744872000046
              ],
              [
                124.14331803000005,
                12.87071125500006
              ],
              [
                124.14332460000003,
                12.870682440000053
              ],
              [
                124.143324602,
                12.870642418000045
              ],
              [
                124.14333064700008,
                12.870573585000045
              ],
              [
                124.1433257220001,
                12.870549572000073
              ],
              [
                124.14332408200005,
                12.870515954000041
              ],
              [
                124.14331751500004,
                12.870480735000058
              ],
              [
                124.14331751600002,
                12.870466327000031
              ],
              [
                124.14331587400011,
                12.870459923000055
              ],
              [
                124.14331587900006,
                12.87035266600003
              ],
              [
                124.1433191640001,
                12.870336658000042
              ],
              [
                124.14331916600008,
                12.870309443000053
              ],
              [
                124.14331588400012,
                12.870266220000076
              ],
              [
                124.14332245500009,
                12.870206988000064
              ],
              [
                124.1433240990001,
                12.870158963000051
              ],
              [
                124.14333066900008,
                12.870131749000052
              ],
              [
                124.14333067000007,
                12.870123744000068
              ],
              [
                124.14333395500012,
                12.87010933700003
              ],
              [
                124.14334709400009,
                12.870066114000053
              ],
              [
                124.1433487380001,
                12.870018089000041
              ],
              [
                124.14334709600007,
                12.870011685000065
              ],
              [
                124.14334709700006,
                12.869987672000036
              ],
              [
                124.14334545600002,
                12.869978067000034
              ],
              [
                124.14334545800011,
                12.86990935700004
              ],
              [
                124.14334710100002,
                12.869901353000046
              ],
              [
                124.143347102,
                12.869872537000049
              ],
              [
                124.14335860000006,
                12.869813306000026
              ],
              [
                124.14336024200009,
                12.869811705000075
              ],
              [
                124.14337174000002,
                12.869747671000027
              ],
              [
                124.14338159500005,
                12.869709251000074
              ],
              [
                124.14338323800007,
                12.86969324200004
              ],
              [
                124.14339966200009,
                12.869637213000033
              ],
              [
                124.1434078750001,
                12.869589187000031
              ],
              [
                124.14341772900002,
                12.86956357400004
              ],
              [
                124.14342101400007,
                12.869544364000035
              ],
              [
                124.14342429900012,
                12.869536359000051
              ],
              [
                124.14342758500004,
                12.869485132000023
              ],
              [
                124.14343415500002,
                12.869459519000031
              ],
              [
                124.14343744000007,
                12.869454716000064
              ],
              [
                124.14343744000007,
                12.86944671200007
              ],
              [
                124.14344565100009,
                12.86943390500005
              ],
              [
                124.14345222000009,
                12.869432305000032
              ],
              [
                124.14346043000012,
                12.869432305000032
              ],
              [
                124.14348506200008,
                12.869437109000046
              ],
              [
                124.14354253400006,
                12.869454721000068
              ],
              [
                124.14360329200008,
                12.869467531000055
              ],
              [
                124.14362135500005,
                12.86947393500003
              ],
              [
                124.14362628100002,
                12.869472334000022
              ],
              [
                124.143632851,
                12.869443519000072
              ],
              [
                124.143632851,
                12.869437116000029
              ],
              [
                124.14363613600005,
                12.869430712000053
              ],
              [
                124.14363613600005,
                12.869416305000072
              ],
              [
                124.14362956800005,
                12.869411502000048
              ],
              [
                124.1436000110001,
                12.869405097000026
              ],
              [
                124.14359344200011,
                12.869405097000026
              ],
              [
                124.14358194800002,
                12.869400294000059
              ],
              [
                124.14355895800009,
                12.869395490000045
              ],
              [
                124.14355403200011,
                12.869392288000029
              ],
              [
                124.14355567600012,
                12.869360271000062
              ],
              [
                124.14356717300006,
                12.869320250000044
              ],
              [
                124.14356881600008,
                12.869302641000047
              ],
              [
                124.14357210000003,
                12.869296237000071
              ],
              [
                124.14358688200002,
                12.86923220400007
              ],
              [
                124.14359016700007,
                12.869225801000027
              ],
              [
                124.1435918090001,
                12.869211393000057
              ],
              [
                124.1436065910001,
                12.869150561000026
              ],
              [
                124.14360659300007,
                12.869107338000049
              ],
              [
                124.14361316400004,
                12.869068918000039
              ],
              [
                124.14361316400004,
                12.869060914000045
              ],
              [
                124.143618091,
                12.86904170300005
              ],
              [
                124.14361809200011,
                12.86902729600007
              ],
              [
                124.14361480900004,
                12.868996879000065
              ],
              [
                124.14360495800008,
                12.868969664000076
              ],
              [
                124.14360331600005,
                12.868958458000066
              ],
              [
                124.1436066010001,
                12.868945652000036
              ],
              [
                124.14362138100012,
                12.868929644000048
              ],
              [
                124.14362466500006,
                12.868924841000023
              ],
              [
                124.14362630800008,
                12.868916837000029
              ],
              [
                124.14361974000008,
                12.868899227000043
              ],
              [
                124.14359839400004,
                12.868876815000021
              ],
              [
                124.14359553800011,
                12.868851368000037
              ],
              [
                124.14361853100002,
                12.86876972500005
              ],
              [
                124.14363002800008,
                12.868740910000042
              ],
              [
                124.14363988200012,
                12.868710494000027
              ],
              [
                124.14364480900008,
                12.86868968300007
              ],
              [
                124.14364809400001,
                12.868683280000027
              ],
              [
                124.14366123400009,
                12.868617645000029
              ],
              [
                124.14366451800004,
                12.868611242000043
              ],
              [
                124.14367108800002,
                12.868579225000076
              ],
              [
                124.14368094200006,
                12.86854880900006
              ],
              [
                124.14368258500008,
                12.86853760300005
              ],
              [
                124.14368422700011,
                12.868536003000031
              ],
              [
                124.143692439,
                12.868502385000056
              ],
              [
                124.14370886200004,
                12.86845756200006
              ],
              [
                124.14370886200004,
                12.868454360000044
              ],
              [
                124.14371871600008,
                12.86843034800006
              ],
              [
                124.14372200100001,
                12.868417541000042
              ],
              [
                124.14372979400002,
                12.868400828000063
              ],
              [
                124.14373021200004,
                12.868399932000045
              ],
              [
                124.14373185500006,
                12.868390327000043
              ],
              [
                124.1437417090001,
                12.868364714000052
              ],
              [
                124.14374827800009,
                12.868351907000033
              ],
              [
                124.14374992000012,
                12.868343903000039
              ],
              [
                124.14376141600007,
                12.868323092000026
              ],
              [
                124.14380157100004,
                12.86820578000004
              ],
              [
                124.14381963700009,
                12.868144948000065
              ],
              [
                124.14382292200003,
                12.86814014500004
              ],
              [
                124.14383113300005,
                12.86811453200005
              ],
              [
                124.14384591400005,
                12.868077712000058
              ],
              [
                124.14386397900012,
                12.868040893000057
              ],
              [
                124.14392474200008,
                12.867951247000065
              ],
              [
                124.143954301,
                12.867917631000068
              ],
              [
                124.14399043000003,
                12.867869606000056
              ],
              [
                124.14405447500008,
                12.867791167000064
              ],
              [
                124.14406925500009,
                12.867773558000067
              ],
              [
                124.14407582400008,
                12.867768756000032
              ],
              [
                124.1441250900001,
                12.867704724000077
              ],
              [
                124.14414479600009,
                12.867683913000064
              ],
              [
                124.14417764000007,
                12.867639091000058
              ],
              [
                124.14420884100002,
                12.867605474000072
              ],
              [
                124.14422362100004,
                12.867586264000067
              ],
              [
                124.1442482540001,
                12.867559051000057
              ],
              [
                124.14427617000001,
                12.867533438000066
              ],
              [
                124.1443155830001,
                12.867491818000076
              ],
              [
                124.14432050900007,
                12.867483814000025
              ],
              [
                124.14434185700009,
                12.86746140300005
              ],
              [
                124.14437305900003,
                12.867424584000048
              ],
              [
                124.14443217700011,
                12.867371759000036
              ],
              [
                124.14448144100004,
                12.867331739000065
              ],
              [
                124.14450114700003,
                12.867310929000041
              ],
              [
                124.14457417200003,
                12.867255803000035
              ],
              [
                124.144607016,
                12.867223787000057
              ],
              [
                124.14461358400001,
                12.867220585000041
              ],
              [
                124.14461851100009,
                12.867214182000055
              ],
              [
                124.1446529970001,
                12.867183767000029
              ],
              [
                124.1447006190001,
                12.867154953000068
              ],
              [
                124.14474988400002,
                12.867127740000058
              ],
              [
                124.14477944300006,
                12.867106930000034
              ],
              [
                124.14482542300004,
                12.867078116000073
              ],
              [
                124.14487140400001,
                12.867044500000077
              ],
              [
                124.14489111000012,
                12.867031693000058
              ],
              [
                124.14490424700011,
                12.867025291000061
              ],
              [
                124.14493380500005,
                12.867017287000067
              ],
              [
                124.14496500400003,
                12.867028495000056
              ],
              [
                124.14497321500005,
                12.867028495000056
              ],
              [
                124.14497978400004,
                12.86702529300004
              ],
              [
                124.14498799500006,
                12.867012487000068
              ],
              [
                124.14499127900001,
                12.866999680000049
              ],
              [
                124.14499949000003,
                12.866988474000038
              ],
              [
                124.14500605900002,
                12.86698367200006
              ],
              [
                124.14504875400007,
                12.866967665000061
              ],
              [
                124.14508488100012,
                12.866950057000054
              ],
              [
                124.14508980800008,
                12.866945255000076
              ],
              [
                124.14509637600008,
                12.86694205300006
              ],
              [
                124.1451719150001,
                12.86688762700004
              ],
              [
                124.1452064,
                12.866865216000065
              ],
              [
                124.14524252700005,
                12.86684600700005
              ],
              [
                124.14529671600008,
                12.866833202000066
              ],
              [
                124.14531478000004,
                12.866831602000047
              ],
              [
                124.14533612700006,
                12.86682680000007
              ],
              [
                124.14538210600006,
                12.866820399000062
              ],
              [
                124.14539852700011,
                12.866815597000027
              ],
              [
                124.14543793700011,
                12.866807594000022
              ],
              [
                124.1454510740001,
                12.866801191000036
              ],
              [
                124.14546913800007,
                12.866786784000055
              ],
              [
                124.14548063300003,
                12.86676757400005
              ],
              [
                124.14549048600009,
                12.866754768000021
              ],
              [
                124.1455052660001,
                12.86674036100004
              ],
              [
                124.14553975100011,
                12.866716349000058
              ],
              [
                124.14555945600011,
                12.866700341000069
              ],
              [
                124.14560379400007,
                12.866669927000032
              ],
              [
                124.14563499400003,
                12.866650718000074
              ],
              [
                124.14564648900011,
                12.866647516000057
              ],
              [
                124.14565962600011,
                12.86664111400006
              ],
              [
                124.14570724700002,
                12.866628309000077
              ],
              [
                124.14572202600004,
                12.866621906000034
              ],
              [
                124.14573516300004,
                12.866618704000075
              ],
              [
                124.14577457400003,
                12.866593092000073
              ],
              [
                124.1457992060001,
                12.866567480000072
              ],
              [
                124.14583317900008,
                12.866495932000078
              ],
              [
                124.14585945300007,
                12.86648152500004
              ],
              [
                124.14589722200003,
                12.86646711800006
              ],
              [
                124.14591200100006,
                12.866459115000055
              ],
              [
                124.14592349600002,
                12.866455913000038
              ],
              [
                124.1459481280001,
                12.866443107000066
              ],
              [
                124.14600888700011,
                12.866417495000064
              ],
              [
                124.14604501400004,
                12.866399887000057
              ],
              [
                124.1460482980001,
                12.866399887000057
              ],
              [
                124.14605650900012,
                12.866395085000022
              ],
              [
                124.14606964600011,
                12.866390283000044
              ],
              [
                124.1460959200001,
                12.866374275000055
              ],
              [
                124.14612383600002,
                12.866361469000026
              ],
              [
                124.14615996300006,
                12.866340659000059
              ],
              [
                124.14619773200002,
                12.866321450000044
              ],
              [
                124.1462026580001,
                12.866316648000065
              ],
              [
                124.1462420690001,
                12.866291035000074
              ],
              [
                124.14626505900003,
                12.866278229000045
              ],
              [
                124.14627491200008,
                12.866268625000032
              ],
              [
                124.14633402900006,
                12.866227004000052
              ],
              [
                124.14633895600002,
                12.866220601000066
              ],
              [
                124.14637508200008,
                12.866194989000064
              ],
              [
                124.14638657700004,
                12.866188586000021
              ],
              [
                124.14641942000003,
                12.866161372000022
              ],
              [
                124.1464506210001,
                12.866138961000047
              ],
              [
                124.14646211500008,
                12.86613255800006
              ],
              [
                124.14648674800003,
                12.866111748000037
              ],
              [
                124.14649331600003,
                12.86610854600002
              ],
              [
                124.14650481100011,
                12.866097341000057
              ],
              [
                124.14651137900012,
                12.86609413900004
              ],
              [
                124.14654750600005,
                12.866065325000022
              ],
              [
                124.14656721200004,
                12.86605251900005
              ],
              [
                124.14660333900008,
                12.866023705000032
              ],
              [
                124.14668216100006,
                12.865954871000042
              ],
              [
                124.14672157200005,
                12.865926057000024
              ],
              [
                124.14674784600004,
                12.865902045000041
              ],
              [
                124.14681353100002,
                12.865854021000075
              ],
              [
                124.146866079,
                12.865826809000055
              ],
              [
                124.14687921600012,
                12.865822007000077
              ],
              [
                124.14688578400012,
                12.865817204000052
              ],
              [
                124.14690384700009,
                12.865809200000058
              ],
              [
                124.14697281600002,
                12.86576437900004
              ],
              [
                124.14703357500002,
                12.865717956000026
              ],
              [
                124.14706149100004,
                12.865693944000043
              ],
              [
                124.14707627100006,
                12.865677936000054
              ],
              [
                124.14708940800006,
                12.865668331000052
              ],
              [
                124.14711075500009,
                12.865649122000036
              ],
              [
                124.14717748500004,
                12.865586507000046
              ],
              [
                124.1472612340001,
                12.865524075000053
              ],
              [
                124.14726616000007,
                12.865517672000067
              ],
              [
                124.14730557100006,
                12.865484055000024
              ],
              [
                124.14734662500007,
                12.865442434000045
              ],
              [
                124.14738603600006,
                12.86540881700006
              ],
              [
                124.14740738400008,
                12.865386406000027
              ],
              [
                124.14741395200008,
                12.865383204000068
              ],
              [
                124.14742380500002,
                12.865370398000039
              ],
              [
                124.1474484370001,
                12.865346385000066
              ],
              [
                124.14748292200011,
                12.865306365000038
              ],
              [
                124.1475223330001,
                12.865271147000044
              ],
              [
                124.14754696500006,
                12.865242333000026
              ],
              [
                124.14755353400005,
                12.865237530000059
              ],
              [
                124.14759458700007,
                12.86519430800007
              ],
              [
                124.14762907200009,
                12.865160692000075
              ],
              [
                124.14765534600008,
                12.865138280000053
              ],
              [
                124.14766848300007,
                12.865122272000065
              ],
              [
                124.14771282100003,
                12.865080651000028
              ],
              [
                124.14772103100006,
                12.86507584900005
              ],
              [
                124.14773252600003,
                12.86506464300004
              ],
              [
                124.1477768630001,
                12.865031027000043
              ],
              [
                124.1478031370001,
                12.86500701500006
              ],
              [
                124.14781955800004,
                12.864994208000041
              ],
              [
                124.14783269500003,
                12.864986204000047
              ],
              [
                124.14786061100006,
                12.864973398000075
              ],
              [
                124.14787374800005,
                12.864963794000062
              ],
              [
                124.14788688400006,
                12.864957391000075
              ],
              [
                124.14791151600002,
                12.86494138300003
              ],
              [
                124.14793122100002,
                12.864923774000033
              ],
              [
                124.14796242200009,
                12.864902964000066
              ],
              [
                124.14798212700009,
                12.86488535500007
              ],
              [
                124.14798541100004,
                12.864878952000026
              ],
              [
                124.1480167310001,
                12.864852107000047
              ],
              [
                124.1482642850001,
                12.864639918000023
              ],
              [
                124.14829056000008,
                12.86461590500005
              ],
              [
                124.14829712800008,
                12.864612704000024
              ],
              [
                124.1483316130001,
                12.864579086000049
              ],
              [
                124.14835131900008,
                12.864556675000074
              ],
              [
                124.14837102500007,
                12.864542267000047
              ],
              [
                124.1483792350001,
                12.864534263000053
              ],
              [
                124.14841372,
                12.864508650000062
              ],
              [
                124.14846791000002,
                12.86447183200005
              ],
              [
                124.14848433100008,
                12.864457424000022
              ],
              [
                124.148500753,
                12.864446219000058
              ],
              [
                124.1485253840001,
                12.86443341200004
              ],
              [
                124.14854673200011,
                12.864425408000045
              ],
              [
                124.14856643700011,
                12.864420606000067
              ],
              [
                124.14862719400003,
                12.864419007000038
              ],
              [
                124.14864689900003,
                12.864411003000043
              ],
              [
                124.14866496200011,
                12.864398197000071
              ],
              [
                124.1487043730001,
                12.864356575000045
              ],
              [
                124.14871915200001,
                12.864346971000032
              ],
              [
                124.14872407900009,
                12.864340567000056
              ],
              [
                124.14874214200006,
                12.864327761000027
              ],
              [
                124.14875527900006,
                12.864311753000038
              ],
              [
                124.14876184800005,
                12.86430695000007
              ],
              [
                124.14876677400002,
                12.864300547000028
              ],
              [
                124.14878976400007,
                12.864281337000023
              ],
              [
                124.14883081700009,
                12.864233313000057
              ],
              [
                124.14884067000003,
                12.864223708000054
              ],
              [
                124.14885216400012,
                12.86421570400006
              ],
              [
                124.14886201700006,
                12.864202897000041
              ],
              [
                124.14888829100005,
                12.864178885000058
              ],
              [
                124.1488981440001,
                12.864167679000047
              ],
              [
                124.14892770200004,
                12.864143667000064
              ],
              [
                124.1489309860001,
                12.86413886500003
              ],
              [
                124.14894248100006,
                12.864129260000027
              ],
              [
                124.1489506910001,
                12.86412445700006
              ],
              [
                124.14899338600003,
                12.864086038000039
              ],
              [
                124.14901473400005,
                12.864073232000067
              ],
              [
                124.14903279700002,
                12.86405882400004
              ],
              [
                124.14905907000002,
                12.864041216000032
              ],
              [
                124.14907877500002,
                12.86403161100003
              ],
              [
                124.14913296400005,
                12.864010801000063
              ],
              [
                124.14914610100004,
                12.864007600000036
              ],
              [
                124.1491625220001,
                12.863999596000042
              ],
              [
                124.14917401600007,
                12.863991592000048
              ],
              [
                124.14918551200003,
                12.863972382000043
              ],
              [
                124.14918879600009,
                12.863959575000024
              ],
              [
                124.14919043800012,
                12.86395157100003
              ],
              [
                124.14919043900011,
                12.86393716300006
              ],
              [
                124.14918879700008,
                12.863908348000052
              ],
              [
                124.1491904400001,
                12.863895541000034
              ],
              [
                124.1491970080001,
                12.863879533000045
              ],
              [
                124.14921343000003,
                12.863850718000037
              ],
              [
                124.14923313500003,
                12.863825104000057
              ],
              [
                124.14926269400007,
                12.863781882000069
              ],
              [
                124.14928732500005,
                12.863753067000061
              ],
              [
                124.14937599900009,
                12.863669825000045
              ],
              [
                124.14941376800004,
                12.863626602000068
              ],
              [
                124.1494367570001,
                12.863604191000036
              ],
              [
                124.14947616800009,
                12.863556166000023
              ],
              [
                124.14948930500009,
                12.863536956000075
              ],
              [
                124.14951141800009,
                12.863495968000052
              ],
              [
                124.1495377550001,
                12.863471898000057
              ],
              [
                124.14956903000007,
                12.863439805000041
              ],
              [
                124.14957726000011,
                12.863434991000076
              ],
              [
                124.14961018100007,
                12.863404503000027
              ],
              [
                124.1496200580001,
                12.863390061000075
              ],
              [
                124.14964968700008,
                12.86335796700007
              ],
              [
                124.14966944000003,
                12.863332293000042
              ],
              [
                124.14968260900002,
                12.863311432000046
              ],
              [
                124.14969577800002,
                12.863285757000028
              ],
              [
                124.1497007160001,
                12.863272920000043
              ],
              [
                124.14970400800007,
                12.863258477000045
              ],
              [
                124.14970565600004,
                12.863224779000063
              ],
              [
                124.14970236400006,
                12.863194290000024
              ],
              [
                124.14970236600004,
                12.863147753000021
              ],
              [
                124.1497089510001,
                12.86310282200003
              ],
              [
                124.14972541300006,
                12.863059495000073
              ],
              [
                124.14974022800004,
                12.863027402000057
              ],
              [
                124.14975175100005,
                12.862995308000052
              ],
              [
                124.14976162700009,
                12.862976052000022
              ],
              [
                124.14977479600009,
                12.862956796000049
              ],
              [
                124.14979290200006,
                12.86294235400004
              ],
              [
                124.149799486,
                12.862939145000041
              ],
              [
                124.14981265500012,
                12.86293914600003
              ],
              [
                124.14984063600002,
                12.86295037900004
              ],
              [
                124.14985380400003,
                12.862953589000028
              ],
              [
                124.14987026400001,
                12.862953590000075
              ],
              [
                124.14988507800001,
                12.862950381000076
              ],
              [
                124.14990647700006,
                12.862935939000067
              ],
              [
                124.14991964500007,
                12.862924706000058
              ],
              [
                124.14992787500012,
                12.862916683000037
              ],
              [
                124.14993775200003,
                12.862900636000063
              ],
              [
                124.14995421300011,
                12.86287014800007
              ],
              [
                124.14995915100008,
                12.862863729000026
              ],
              [
                124.14997067400009,
                12.862836449000042
              ],
              [
                124.14997067400009,
                12.862812379000047
              ],
              [
                124.1499673830001,
                12.862801146000038
              ],
              [
                124.14996573700012,
                12.86278670400003
              ],
              [
                124.1499657380001,
                12.862773866000055
              ],
              [
                124.14996903000008,
                12.862761029000069
              ],
              [
                124.14997561400003,
                12.86274658700006
              ],
              [
                124.14998878300003,
                12.862732145000052
              ],
              [
                124.14999701300007,
                12.862719307000077
              ],
              [
                124.14999701300007,
                12.862711284000056
              ],
              [
                124.14999372200009,
                12.862695237000025
              ],
              [
                124.14998384700004,
                12.862667957000042
              ],
              [
                124.14997561700011,
                12.862653514000044
              ],
              [
                124.14997561700011,
                12.862645491000023
              ],
              [
                124.14998055500007,
                12.862639072000036
              ],
              [
                124.14998878600011,
                12.862634258000071
              ],
              [
                124.15003652000007,
                12.86263425900006
              ],
              [
                124.15004310400002,
                12.862632655000027
              ],
              [
                124.15005298000005,
                12.86263426000005
              ],
              [
                124.15011388200003,
                12.862615005000066
              ],
              [
                124.1501188200001,
                12.862610191000044
              ],
              [
                124.15012211300007,
                12.862603772000057
              ],
              [
                124.15012375900005,
                12.862595749000036
              ],
              [
                124.15012375900005,
                12.862589330000048
              ],
              [
                124.15011882200008,
                12.862568469000053
              ],
              [
                124.1501171760001,
                12.862554027000044
              ],
              [
                124.15011882200008,
                12.86254118900007
              ],
              [
                124.1501286990001,
                12.86252674700006
              ],
              [
                124.15015009700005,
                12.862517120000064
              ],
              [
                124.1501731410001,
                12.862513911000065
              ],
              [
                124.15019289300005,
                12.862509097000043
              ],
              [
                124.1502011230001,
                12.862509097000043
              ],
              [
                124.1502445750001,
                12.862517505000028
              ],
              [
                124.15025609700001,
                12.862525528000049
              ],
              [
                124.15027584900008,
                12.862533552000059
              ],
              [
                124.15029066300008,
                12.862535158000071
              ],
              [
                124.15030547700007,
                12.862533553000048
              ],
              [
                124.15031864500008,
                12.862528739000027
              ],
              [
                124.15036638000004,
                12.86249022800007
              ],
              [
                124.15040753200003,
                12.862440483000057
              ],
              [
                124.15043551500003,
                12.862400366000031
              ],
              [
                124.15043716100001,
                12.862393947000044
              ],
              [
                124.15045691500006,
                12.862353830000075
              ],
              [
                124.15046185300002,
                12.862331364000056
              ],
              [
                124.15046185500012,
                12.862271990000067
              ],
              [
                124.1504635010001,
                12.862262362000024
              ],
              [
                124.1504635020001,
                12.86223508200004
              ],
              [
                124.15047338000011,
                12.862169290000054
              ],
              [
                124.150484903,
                12.862124359000063
              ],
              [
                124.15050794800004,
                12.86207461400005
              ],
              [
                124.1505277010001,
                12.862042520000045
              ],
              [
                124.15053428600004,
                12.862034497000025
              ],
              [
                124.15053922400011,
                12.86202165900005
              ],
              [
                124.15055733100007,
                12.861991171000057
              ],
              [
                124.1505951910001,
                12.86190612300004
              ],
              [
                124.15061329800005,
                12.861875634000057
              ],
              [
                124.150646219,
                12.861827494000067
              ],
              [
                124.15065444900006,
                12.861806633000072
              ],
              [
                124.15065609600003,
                12.861798609000061
              ],
              [
                124.15065445000005,
                12.861779353000031
              ],
              [
                124.1506462210001,
                12.86174565400006
              ],
              [
                124.15063799100005,
                12.86172960700003
              ],
              [
                124.15063305400008,
                12.861715165000021
              ],
              [
                124.15062647000002,
                12.861687885000038
              ],
              [
                124.15062647100001,
                12.861665419000076
              ],
              [
                124.1506297630001,
                12.861659
              ],
              [
                124.15063799300003,
                12.861654186000067
              ],
              [
                124.15065609900012,
                12.861647768000068
              ],
              [
                124.15066433000004,
                12.861641349000024
              ],
              [
                124.15067256000009,
                12.861630117000061
              ],
              [
                124.15067585200006,
                12.861618884000052
              ],
              [
                124.15067256100008,
                12.861589999000046
              ],
              [
                124.15066268600003,
                12.861559510000063
              ],
              [
                124.15066268600003,
                12.861537044000045
              ],
              [
                124.15066433200002,
                12.861530625000057
              ],
              [
                124.15067420900004,
                12.861511369000027
              ],
              [
                124.15071700600004,
                12.861468043000059
              ],
              [
                124.15074663500002,
                12.861434345000077
              ],
              [
                124.15075321900008,
                12.861429531000056
              ],
              [
                124.15077297100004,
                12.861403857000028
              ],
              [
                124.15078614000004,
                12.861391019000052
              ],
              [
                124.1507927240001,
                12.86138620500003
              ],
              [
                124.15079930800005,
                12.861384601000054
              ],
              [
                124.1508075380001,
                12.861382996000032
              ],
              [
                124.15082399800008,
                12.861382997000021
              ],
              [
                124.15084704100002,
                12.861389416000065
              ],
              [
                124.15088654500005,
                12.861395836000042
              ],
              [
                124.15097378300004,
                12.861394233000055
              ],
              [
                124.15099024300002,
                12.861397443000044
              ],
              [
                124.15100176500005,
                12.861403862000031
              ],
              [
                124.15100670200002,
                12.861408676000053
              ],
              [
                124.15101657800005,
                12.861427933000073
              ],
              [
                124.15102151500002,
                12.861453608000033
              ],
              [
                124.15102151500002,
                12.861468051000031
              ],
              [
                124.15101822200006,
                12.86148249300004
              ],
              [
                124.15100834600003,
                12.861509772000034
              ],
              [
                124.15099846900011,
                12.861529029000053
              ],
              [
                124.15097542400008,
                12.861598030000039
              ],
              [
                124.15095237700007,
                12.861699126000076
              ],
              [
                124.15092768600005,
                12.861758499000075
              ],
              [
                124.15090464100001,
                12.861801825000043
              ],
              [
                124.15089147200001,
                12.86183070900006
              ],
              [
                124.1508667810001,
                12.861874035000028
              ],
              [
                124.15084538200006,
                12.861917362000042
              ],
              [
                124.15084373600007,
                12.861925385000063
              ],
              [
                124.15083879800011,
                12.861933409000073
              ],
              [
                124.150838797,
                12.861938223000038
              ],
              [
                124.15083550500003,
                12.861944641000036
              ],
              [
                124.150825628,
                12.862004015000025
              ],
              [
                124.15082562700002,
                12.862015248000034
              ],
              [
                124.15083056500009,
                12.862044132000051
              ],
              [
                124.15084044000002,
                12.862064994000036
              ],
              [
                124.15084867000007,
                12.862076227000045
              ],
              [
                124.15085360800003,
                12.862079436000045
              ],
              [
                124.15086677600004,
                12.862081041000067
              ],
              [
                124.15088652800011,
                12.862073018000046
              ],
              [
                124.15090124100004,
                12.862056561000031
              ],
              [
                124.15093806000004,
                12.862050819000046
              ],
              [
                124.15096898800005,
                12.862043640000024
              ],
              [
                124.15098666200004,
                12.86203789700005
              ],
              [
                124.15099844400004,
                12.862036462000049
              ],
              [
                124.15102053500004,
                12.862029284000073
              ],
              [
                124.15109417300005,
                12.862024978000022
              ],
              [
                124.15112657400005,
                12.862016364000056
              ],
              [
                124.15115455700004,
                12.862006314000041
              ],
              [
                124.15116633900004,
                12.86200487800005
              ],
              [
                124.15121641300004,
                12.861993393000034
              ],
              [
                124.15127532300005,
                12.861976165000044
              ],
              [
                124.15129446900005,
                12.86196611500003
              ],
              [
                124.15130625100005,
                12.861957500000074
              ],
              [
                124.15133423400005,
                12.86192591300005
              ],
              [
                124.15134748900005,
                12.861917299000027
              ],
              [
                124.15137841700005,
                12.861904378000077
              ],
              [
                124.15141376300005,
                12.861898635000045
              ],
              [
                124.15144174600005,
                12.86188714900004
              ],
              [
                124.15145647300005,
                12.861875663000035
              ],
              [
                124.15147414700004,
                12.861839769000028
              ],
              [
                124.15147856500005,
                12.861835462000045
              ],
              [
                124.15148445700004,
                12.861834026000054
              ],
              [
                124.15149329300004,
                12.861835462000045
              ],
              [
                124.15151096600005,
                12.861834027000043
              ],
              [
                124.15152274800005,
                12.861826848000021
              ],
              [
                124.15152863900005,
                12.861821105000047
              ],
              [
                124.15153305800004,
                12.861815362000073
              ],
              [
                124.15153894900004,
                12.861801004000029
              ],
              [
                124.15154042200004,
                12.861786646000041
              ],
              [
                124.15154631300004,
                12.861769417000062
              ],
              [
                124.15155073200003,
                12.86176223800004
              ],
              [
                124.15155662300003,
                12.861756495000066
              ],
              [
                124.15156398700003,
                12.861752188000025
              ],
              [
                124.15159344100005,
                12.861753624000073
              ],
              [
                124.15161553200005,
                12.861757932000046
              ],
              [
                124.15162731400005,
                12.861763675000077
              ],
              [
                124.15163173200006,
                12.861766547000059
              ],
              [
                124.15163615100005,
                12.861772290000033
              ],
              [
                124.15164056800006,
                12.861783777000028
              ],
              [
                124.15163615000006,
                12.86181249200007
              ],
              [
                124.15161700300007,
                12.861862745000053
              ],
              [
                124.15161405700007,
                12.861879974000033
              ],
              [
                124.15161552900008,
                12.861895768000068
              ],
              [
                124.15161847500008,
                12.861907254000073
              ],
              [
                124.15162583800009,
                12.861924484000042
              ],
              [
                124.15163025600009,
                12.861928791000025
              ],
              [
                124.1516449830001,
                12.861930227000073
              ],
              [
                124.1516759110001,
                12.861914435000074
              ],
              [
                124.1516891660001,
                12.861910127000044
              ],
              [
                124.1517068390001,
                12.861910128000034
              ],
              [
                124.1517171480001,
                12.861913
              ],
              [
                124.1517215660001,
                12.861915871000065
              ],
              [
                124.1517230390001,
                12.86192305000003
              ],
              [
                124.1517171480001,
                12.861943151000048
              ],
              [
                124.1517156750001,
                12.861954637000053
              ],
              [
                124.15171714700011,
                12.861974739000061
              ],
              [
                124.151718619,
                12.861981918000026
              ],
              [
                124.151731874,
                12.862003455000036
              ],
              [
                124.15173776400002,
                12.862020684000072
              ],
              [
                124.15174070900002,
                12.862033606000068
              ],
              [
                124.15174070900002,
                12.862050836000037
              ],
              [
                124.15173776300003,
                12.862066630000072
              ],
              [
                124.15173187200003,
                12.862079552000068
              ],
              [
                124.15170241600003,
                12.862116882000066
              ],
              [
                124.15169799800003,
                12.862126932000024
              ],
              [
                124.15169947000004,
                12.862142726000059
              ],
              [
                124.15170536100004,
                12.862165699000059
              ],
              [
                124.15170830600005,
                12.862171442000033
              ],
              [
                124.15172303300005,
                12.862188672000059
              ],
              [
                124.15174217800006,
                12.862201594000055
              ],
              [
                124.15175985100007,
                12.862210209000068
              ],
              [
                124.15178636100006,
                12.862208774000067
              ],
              [
                124.15182465300006,
                12.862188674000038
              ],
              [
                124.15183643500006,
                12.862177188000032
              ],
              [
                124.15186589000007,
                12.862157087000071
              ],
              [
                124.15187472700006,
                12.862148473000047
              ],
              [
                124.15187767200007,
                12.862142730000073
              ],
              [
                124.15187767300006,
                12.86213411500006
              ],
              [
                124.15186441800006,
                12.862116885000034
              ],
              [
                124.15185410900006,
                12.862099655000065
              ],
              [
                124.15185410900006,
                12.862093912000034
              ],
              [
                124.15185852800005,
                12.86208816900006
              ],
              [
                124.15187031000005,
                12.862083862000077
              ],
              [
                124.15189387400005,
                12.862083862000077
              ],
              [
                124.15190712800006,
                12.862086734000059
              ],
              [
                124.15192774700006,
                12.862086735000048
              ],
              [
                124.15193511100006,
                12.862086735000048
              ],
              [
                124.15194836500007,
                12.862083863000066
              ],
              [
                124.15196751100007,
                12.862075249000043
              ],
              [
                124.15197929300007,
                12.862066635000076
              ],
              [
                124.15198371200006,
                12.862060891000056
              ],
              [
                124.15198960300006,
                12.862050841000041
              ],
              [
                124.15198813100005,
                12.862036483000054
              ],
              [
                124.15197193100005,
                12.862012074000063
              ],
              [
                124.15196456800004,
                12.861990537000054
              ],
              [
                124.15196456800004,
                12.86198048700004
              ],
              [
                124.15196604100004,
                12.861969
              ],
              [
                124.15197045900004,
                12.861956078000048
              ],
              [
                124.15198371400004,
                12.861931670000047
              ],
              [
                124.15199549700003,
                12.861915877000058
              ],
              [
                124.15200286100003,
                12.861910134000027
              ],
              [
                124.15200727900003,
                12.861908698000036
              ],
              [
                124.15202200600004,
                12.861907263000035
              ],
              [
                124.15203967900004,
                12.861913006000066
              ],
              [
                124.15206471600004,
                12.86192449300006
              ],
              [
                124.15208533400005,
                12.861930236000035
              ],
              [
                124.15210595200006,
                12.861927365000042
              ],
              [
                124.15211773400006,
                12.861923058000059
              ],
              [
                124.15212362500006,
                12.861918751000076
              ],
              [
                124.15213098900006,
                12.861910136000063
              ],
              [
                124.15213688000006,
                12.861900086000048
              ],
              [
                124.15214424400006,
                12.861885728000061
              ],
              [
                124.15215160900004,
                12.86186132000006
              ],
              [
                124.15216339100004,
                12.861844091000023
              ],
              [
                124.15220315600004,
                12.86181824700003
              ],
              [
                124.15220757400004,
                12.86181681100004
              ],
              [
                124.15226678800002,
                12.861811954000075
              ],
              [
                124.15231538800003,
                12.861820570000077
              ],
              [
                124.15235220700004,
                12.861820570000077
              ],
              [
                124.15241848100004,
                12.861804778000021
              ],
              [
                124.15244499000005,
                12.861794728000064
              ],
              [
                124.15246119000005,
                12.86178611300005
              ],
              [
                124.15248328200005,
                12.861771756000053
              ],
              [
                124.15249948200005,
                12.861757398000066
              ],
              [
                124.15252451900005,
                12.86174016900003
              ],
              [
                124.15253630100005,
                12.861735862000046
              ],
              [
                124.15255250200005,
                12.861727247000033
              ],
              [
                124.15256870200005,
                12.861721504000059
              ],
              [
                124.15263055700007,
                12.86170571200006
              ],
              [
                124.15265412100007,
                12.861702841000067
              ],
              [
                124.15273217700008,
                12.861702842000057
              ],
              [
                124.1528308500001,
                12.861710023000057
              ],
              [
                124.15291332400011,
                12.861710024000047
              ],
              [
                124.15293247000011,
                12.861707153000054
              ],
              [
                124.15296487100011,
                12.861707154000044
              ],
              [
                124.15300905300012,
                12.861714333000066
              ],
              [
                124.15312834500003,
                12.861740180000027
              ],
              [
                124.15314749100003,
                12.861741616000074
              ],
              [
                124.15315338200003,
                12.861740180000027
              ],
              [
                124.15316369200002,
                12.86173156600006
              ],
              [
                124.15317694700002,
                12.861711465000042
              ],
              [
                124.15318725600002,
                12.861684185000058
              ],
              [
                124.15319167500002,
                12.861658340000076
              ],
              [
                124.15319609300002,
                12.861645418000023
              ],
              [
                124.15319609300002,
                12.861639675000049
              ],
              [
                124.15320345700002,
                12.861621010000022
              ],
              [
                124.15320787600001,
                12.861615267000047
              ],
              [
                124.15321524,
                12.861610960000064
              ],
              [
                124.153234386,
                12.861606652000035
              ],
              [
                124.15332864200002,
                12.861608090000061
              ],
              [
                124.15333600600002,
                12.86160665400007
              ],
              [
                124.15334778800002,
                12.861600911000039
              ],
              [
                124.15337807900005,
                12.861582853000073
              ],
              [
                124.15338459000009,
                12.861584440000058
              ],
              [
                124.15340575000005,
                12.861603484000057
              ],
              [
                124.1534155170001,
                12.861628875000065
              ],
              [
                124.15341714400006,
                12.86165267900003
              ],
              [
                124.15342039900008,
                12.86166537400004
              ],
              [
                124.1534317930001,
                12.861682830000063
              ],
              [
                124.15343830400002,
                12.861686004000035
              ],
              [
                124.1534513260001,
                12.861689178000063
              ],
              [
                124.15346923200002,
                12.861687592000067
              ],
              [
                124.1535017870001,
                12.861666962000072
              ],
              [
                124.15351155400003,
                12.861652680000077
              ],
              [
                124.1535131820001,
                12.861647919000063
              ],
              [
                124.15350992700007,
                12.861635224000054
              ],
              [
                124.15349202200002,
                12.861603485000046
              ],
              [
                124.15349202200002,
                12.861595550000061
              ],
              [
                124.15349690500011,
                12.861574920000066
              ],
              [
                124.15350992800006,
                12.861568573000056
              ],
              [
                124.15353271600009,
                12.86156698600007
              ],
              [
                124.15354573900004,
                12.86156063900006
              ],
              [
                124.1535555050001,
                12.86156063900006
              ],
              [
                124.15356038900006,
                12.861557465000033
              ],
              [
                124.15358320000007,
                12.861561218000077
              ],
              [
                124.15360436100002,
                12.861561218000077
              ],
              [
                124.15363854500004,
                12.861565979000034
              ],
              [
                124.1536678440001,
                12.861577088000047
              ],
              [
                124.15371016600011,
                12.86158819700006
              ],
              [
                124.15373132700006,
                12.861596132000045
              ],
              [
                124.15374597700009,
                12.861599306000073
              ],
              [
                124.15377364900007,
                12.861608828000044
              ],
              [
                124.15379969300011,
                12.861613589000058
              ],
              [
                124.15381922600011,
                12.861613589000058
              ],
              [
                124.15384364300007,
                12.861604068000076
              ],
              [
                124.15385666500003,
                12.861596133000035
              ],
              [
                124.15386806000004,
                12.861586612000053
              ],
              [
                124.15389247600001,
                12.861570743000073
              ],
              [
                124.15391689300009,
                12.86154693900005
              ],
              [
                124.15392991600004,
                12.861537418000069
              ],
              [
                124.15393479900001,
                12.86153424400004
              ],
              [
                124.15394782100009,
                12.86153107000007
              ],
              [
                124.15396735400009,
                12.861529483000027
              ],
              [
                124.1539901430001,
                12.861531071000059
              ],
              [
                124.15400316500006,
                12.861535832000072
              ],
              [
                124.15403083700005,
                12.861553288000039
              ],
              [
                124.15404711400004,
                12.861561223000024
              ],
              [
                124.15406339200001,
                12.861564397000052
              ],
              [
                124.15407153100011,
                12.861564397000052
              ],
              [
                124.15408455300008,
                12.861561223000024
              ],
              [
                124.15409757500004,
                12.86155487600007
              ],
              [
                124.15411222500006,
                12.861545354000043
              ],
              [
                124.15413501400008,
                12.861521551000067
              ],
              [
                124.15415943100004,
                12.861489812000059
              ],
              [
                124.15416431400001,
                12.86147711700005
              ],
              [
                124.15416594200008,
                12.861459661000026
              ],
              [
                124.1541610590001,
                12.86144220500006
              ],
              [
                124.15415780400008,
                12.861437444000046
              ],
              [
                124.15415780400008,
                12.861421574000076
              ],
              [
                124.15416431500012,
                12.861408879000066
              ],
              [
                124.15417896500003,
                12.861391423000043
              ],
              [
                124.15419849900002,
                12.861381902000062
              ],
              [
                124.15423268200004,
                12.861373968000066
              ],
              [
                124.15425221500004,
                12.861367620000067
              ],
              [
                124.15427500400006,
                12.861354925000057
              ],
              [
                124.15428639800007,
                12.861345404000076
              ],
              [
                124.1543124430001,
                12.861327948000053
              ],
              [
                124.15433360400004,
                12.861320013000068
              ],
              [
                124.15436127600003,
                12.861313666000058
              ],
              [
                124.15436778700007,
                12.86131049200003
              ],
              [
                124.1543742980001,
                12.861304145000076
              ],
              [
                124.15437592600006,
                12.861299384000063
              ],
              [
                124.15438080900003,
                12.861293036000063
              ],
              [
                124.15438569200012,
                12.861272406000069
              ],
              [
                124.1543824370001,
                12.861258124000074
              ],
              [
                124.15437592600006,
                12.861254950000045
              ],
              [
                124.15436941500002,
                12.861254950000045
              ],
              [
                124.15435313700004,
                12.861256537000031
              ],
              [
                124.15433360400004,
                12.861261297000055
              ],
              [
                124.15432546600005,
                12.86125971000007
              ],
              [
                124.15432221000003,
                12.861251776000074
              ],
              [
                124.15432546600005,
                12.861224798000023
              ],
              [
                124.15432546600005,
                12.861193059000072
              ],
              [
                124.15432383900009,
                12.861188299000048
              ],
              [
                124.15432383900009,
                12.861180364000063
              ],
              [
                124.15432709400011,
                12.861164495000025
              ],
              [
                124.15433686100005,
                12.861142278000045
              ],
              [
                124.1543466280001,
                12.861131170000021
              ],
              [
                124.154349883,
                12.861124822000022
              ],
              [
                124.15436941700011,
                12.861104193000074
              ],
              [
                124.15438081100001,
                12.861085149000075
              ],
              [
                124.15441011100006,
                12.861047064000047
              ],
              [
                124.15442638900004,
                12.861029608000024
              ],
              [
                124.15445731700004,
                12.86098676100005
              ],
              [
                124.15447359500001,
                12.86096771800004
              ],
              [
                124.15450777800004,
                12.86093280600005
              ],
              [
                124.15455498300003,
                12.860894721000022
              ],
              [
                124.1545794000001,
                12.860870917000057
              ],
              [
                124.1546103280001,
                12.860832832000028
              ],
              [
                124.15462497800002,
                12.860807441000077
              ],
              [
                124.1546298610001,
                12.860793159000025
              ],
              [
                124.15465265000012,
                12.86075666000005
              ],
              [
                124.15465753300009,
                12.860742377000065
              ],
              [
                124.1546721840001,
                12.860710639000047
              ],
              [
                124.15467381200006,
                12.860704291000047
              ],
              [
                124.15467381200006,
                12.860672553000029
              ],
              [
                124.15467706700008,
                12.860658271000034
              ],
              [
                124.15468195100004,
                12.860651923000034
              ],
              [
                124.15468683400002,
                12.860647162000078
              ],
              [
                124.15470636700002,
                12.860639228000025
              ],
              [
                124.15473364800005,
                12.860618492000071
              ],
              [
                124.15474667,
                12.860624840000071
              ],
              [
                124.1547515530001,
                12.860629601000028
              ],
              [
                124.15475806400002,
                12.860632775000056
              ],
              [
                124.15477434200011,
                12.860632775000056
              ],
              [
                124.15479550300006,
                12.86062484100006
              ],
              [
                124.15481503600006,
                12.860620080000047
              ],
              [
                124.15485247400011,
                12.860623254000075
              ],
              [
                124.154875263,
                12.860620081000036
              ],
              [
                124.15489316800006,
                12.86061214600005
              ],
              [
                124.15491595700007,
                12.860594690000028
              ],
              [
                124.1549306070001,
                12.860562952000066
              ],
              [
                124.15493874600008,
                12.860550256000067
              ],
              [
                124.15494362900006,
                12.860545496000043
              ],
              [
                124.15495502400006,
                12.860537561000058
              ],
              [
                124.15499083400005,
                12.860520105000035
              ],
              [
                124.15501687900007,
                12.860497888000054
              ],
              [
                124.15502176200005,
                12.860485193000045
              ],
              [
                124.15502176200005,
                12.860469324000064
              ],
              [
                124.155015251,
                12.86046456300005
              ],
              [
                124.15500874000008,
                12.86046456300005
              ],
              [
                124.1549810680001,
                12.860455041000023
              ],
              [
                124.15497618500001,
                12.860451867000052
              ],
              [
                124.15497130200004,
                12.860445520000042
              ],
              [
                124.1549729300001,
                12.86043599800007
              ],
              [
                124.15497781300007,
                12.860431237000057
              ],
              [
                124.15499083500004,
                12.860424890000047
              ],
              [
                124.15502013500009,
                12.860420129000033
              ],
              [
                124.1550315290001,
                12.860413782000023
              ],
              [
                124.15503641200007,
                12.860405847000038
              ],
              [
                124.15503641300006,
                12.860391565000043
              ],
              [
                124.15503315700005,
                12.860377282000059
              ],
              [
                124.15502664600001,
                12.86036458700005
              ],
              [
                124.15502664600001,
                12.860356652000064
              ],
              [
                124.15502990200002,
                12.860342370000069
              ],
              [
                124.15503804100001,
                12.860331262000045
              ],
              [
                124.15504943500002,
                12.860321740000074
              ],
              [
                124.1550624570001,
                12.860315393000064
              ],
              [
                124.15508524600011,
                12.860309045000065
              ],
              [
                124.15510640700006,
                12.860312219000036
              ],
              [
                124.15513733400007,
                12.860337610000045
              ],
              [
                124.15514384500011,
                12.86033919700003
              ],
              [
                124.15514872800009,
                12.860342371000058
              ],
              [
                124.15515686700007,
                12.860340784000073
              ],
              [
                124.15516500600006,
                12.860334437000063
              ],
              [
                124.15516663300002,
                12.860329676000049
              ],
              [
                124.15516988900004,
                12.86031698000005
              ],
              [
                124.15516826100009,
                12.86030111100007
              ],
              [
                124.15516500600006,
                12.86029476400006
              ],
              [
                124.1551519840001,
                12.860283655000046
              ],
              [
                124.15513407900005,
                12.860263025000052
              ],
              [
                124.15512594000006,
                12.860237634000043
              ],
              [
                124.15511780200006,
                12.860224939000034
              ],
              [
                124.15509175800003,
                12.860207482000021
              ],
              [
                124.15504455300004,
                12.860194786000022
              ],
              [
                124.15501688100005,
                12.86018209100007
              ],
              [
                124.15500548700004,
                12.86016939500007
              ],
              [
                124.15500223200002,
                12.86016304800006
              ],
              [
                124.15500223200002,
                12.860155113000076
              ],
              [
                124.15500386000008,
                12.860147179000023
              ],
              [
                124.15500874300005,
                12.860139244000038
              ],
              [
                124.15501362600003,
                12.860136070000067
              ],
              [
                124.15501688200004,
                12.860129722000067
              ],
              [
                124.15502990400012,
                12.860121788000072
              ],
              [
                124.15505106500007,
                12.860117027000058
              ],
              [
                124.15507385300009,
                12.860115441000062
              ],
              [
                124.15509338600009,
                12.860110680000048
              ],
              [
                124.15511129200002,
                12.860097985000039
              ],
              [
                124.15512431400009,
                12.860093224000025
              ],
              [
                124.15513082500001,
                12.860088463000068
              ],
              [
                124.15515035800001,
                12.860083703000043
              ],
              [
                124.15517640200005,
                12.860072595000076
              ],
              [
                124.15518616800011,
                12.860061486000063
              ],
              [
                124.15518454100004,
                12.860048791000054
              ],
              [
                124.1551747740001,
                12.860039269000026
              ],
              [
                124.15516012500007,
                12.86003133500003
              ],
              [
                124.1551080370001,
                12.86001546500006
              ],
              [
                124.15509013200005,
                12.860004356000047
              ],
              [
                124.15505432100008,
                12.859969444000058
              ],
              [
                124.15504618300008,
                12.859958335000044
              ],
              [
                124.15502013900004,
                12.859918662000041
              ],
              [
                124.15500386200006,
                12.859880576000023
              ],
              [
                124.15499409600011,
                12.859869467000067
              ],
              [
                124.15497944600008,
                12.859863119000067
              ],
              [
                124.154946891,
                12.859855185000072
              ],
              [
                124.15494038000008,
                12.859852011000044
              ],
              [
                124.154927358,
                12.859842489000073
              ],
              [
                124.15491108100002,
                12.859826620000035
              ],
              [
                124.15487852600006,
                12.859799642000041
              ],
              [
                124.15485248200002,
                12.859780598000043
              ],
              [
                124.15483946000006,
                12.859774251000033
              ],
              [
                124.15482806600005,
                12.859764729000062
              ],
              [
                124.15482155500001,
                12.859761555000034
              ],
              [
                124.15481504400009,
                12.859755207000035
              ],
              [
                124.15480853300005,
                12.859752033000063
              ],
              [
                124.15477597900008,
                12.85972822900004
              ],
              [
                124.15476458500007,
                12.859717121000074
              ],
              [
                124.15475644600008,
                12.859704425000075
              ],
              [
                124.15474342400012,
                12.859682208000038
              ],
              [
                124.1547263430001,
                12.859643350000056
              ],
              [
                124.1547238920001,
                12.859637774000078
              ],
              [
                124.15471412500005,
                12.859625079000068
              ],
              [
                124.15468970900008,
                12.85959968800006
              ],
              [
                124.15467668700012,
                12.859588579000047
              ],
              [
                124.15467017600008,
                12.859585405000075
              ],
              [
                124.154649016,
                12.859569536000038
              ],
              [
                124.15462134400002,
                12.859545732000072
              ],
              [
                124.1546066950001,
                12.85952827500006
              ],
              [
                124.15453640500004,
                12.85948492700004
              ],
              [
                124.1545316050001,
                12.859480249000057
              ],
              [
                124.1544916150001,
                12.859455297000068
              ],
              [
                124.15448201700008,
                12.859447500000044
              ],
              [
                124.15444202600008,
                12.859424108000042
              ],
              [
                124.1542740650001,
                12.85933989700004
              ],
              [
                124.15424047300007,
                12.859327421000046
              ],
              [
                124.1542180780001,
                12.859314945000051
              ],
              [
                124.15417968700001,
                12.859299351000061
              ],
              [
                124.15415089400005,
                12.859285316000069
              ],
              [
                124.15414129700002,
                12.859279078000043
              ],
              [
                124.1541300990001,
                12.859275959000058
              ],
              [
                124.15406931400003,
                12.859247889000073
              ],
              [
                124.15406291500005,
                12.85924632900003
              ],
              [
                124.1540101280001,
                12.859218259000045
              ],
              [
                124.1539701370001,
                12.859201105000068
              ],
              [
                124.15393494600005,
                12.859188629000073
              ],
              [
                124.15392694800005,
                12.859183951000034
              ],
              [
                124.15386776200012,
                12.85916523800006
              ],
              [
                124.15381977400011,
                12.859154322000052
              ],
              [
                124.15371899900003,
                12.859140288000049
              ],
              [
                124.15369500500003,
                12.859135609000077
              ],
              [
                124.1536758090001,
                12.859130931000038
              ],
              [
                124.1536518150001,
                12.859121575000074
              ],
              [
                124.15363901800004,
                12.859113777000061
              ],
              [
                124.15363421900008,
                12.859109099000023
              ],
              [
                124.15362622100008,
                12.859093504000043
              ],
              [
                124.15362462100006,
                12.859081028000048
              ],
              [
                124.15363102000003,
                12.859049838000033
              ],
              [
                124.15363741800002,
                12.859028005000027
              ],
              [
                124.15364061700006,
                12.85900149400004
              ],
              [
                124.1536502140001,
                12.85895782800003
              ],
              [
                124.15365981100001,
                12.858946912000022
              ],
              [
                124.1536662100001,
                12.858945352000035
              ],
              [
                124.1536742080001,
                12.858945352000035
              ],
              [
                124.1536902040001,
                12.858950030000074
              ],
              [
                124.15370300100005,
                12.858956268000043
              ],
              [
                124.15371579700002,
                12.858959387000027
              ],
              [
                124.15372539500004,
                12.85895782700004
              ],
              [
                124.15373339300004,
                12.858948471000076
              ],
              [
                124.15373179300002,
                12.858931316000053
              ],
              [
                124.15372699400007,
                12.858920400000045
              ],
              [
                124.15371579700002,
                12.85890792400005
              ],
              [
                124.15371259800008,
                12.858901686000024
              ],
              [
                124.15370619900011,
                12.858897008000042
              ],
              [
                124.15370140000005,
                12.858890770000073
              ],
              [
                124.15369500200006,
                12.858878294000021
              ],
              [
                124.15369340200004,
                12.858850223000047
              ],
              [
                124.153706198,
                12.858819033000032
              ],
              [
                124.15371739600005,
                12.858809676000021
              ],
              [
                124.15373019200001,
                12.858803438000052
              ],
              [
                124.15375898500008,
                12.85880499700005
              ],
              [
                124.15377338200005,
                12.858806557000037
              ],
              [
                124.15378617800002,
                12.858811235000076
              ],
              [
                124.15382776800004,
                12.858843984000032
              ],
              [
                124.15383416700001,
                12.858847103000073
              ],
              [
                124.15385016300002,
                12.85884554300003
              ],
              [
                124.15388055500011,
                12.858837745000073
              ],
              [
                124.15389655100012,
                12.858828388000063
              ],
              [
                124.15390774800005,
                12.858819031000053
              ],
              [
                124.15392214400003,
                12.858800317000032
              ],
              [
                124.15395253600002,
                12.858767568000076
              ],
              [
                124.15396053400002,
                12.858755092000024
              ],
              [
                124.15396373300007,
                12.858747294000068
              ],
              [
                124.15396533300009,
                12.858725461000063
              ],
              [
                124.15396373300007,
                12.85871766400004
              ],
              [
                124.15395893400012,
                12.85871142600007
              ],
              [
                124.15394613700005,
                12.858681796000042
              ],
              [
                124.153926941,
                12.85865216600007
              ],
              [
                124.15390614700004,
                12.858638131000077
              ],
              [
                124.15388695100012,
                12.858630333000065
              ],
              [
                124.15387095500012,
                12.858620977000044
              ],
              [
                124.15385975800007,
                12.858610060000046
              ],
              [
                124.15384856000003,
                12.858578871000077
              ],
              [
                124.15383576300007,
                12.858571074000054
              ],
              [
                124.15382136700009,
                12.858566395000025
              ],
              [
                124.15380857000002,
                12.858566395000025
              ],
              [
                124.15379577300007,
                12.858569514000067
              ],
              [
                124.15378137700009,
                12.858577312000023
              ],
              [
                124.15376538100008,
                12.858591348000061
              ],
              [
                124.15375578400005,
                12.858610062000025
              ],
              [
                124.15375418400004,
                12.858628775000057
              ],
              [
                124.15376378200006,
                12.858647489000077
              ],
              [
                124.15377178000006,
                12.858653727000046
              ],
              [
                124.15378457700001,
                12.858667762000039
              ],
              [
                124.15381816900003,
                12.858684916000072
              ],
              [
                124.15384536200008,
                12.858705189000034
              ],
              [
                124.15385176100006,
                12.858712987000047
              ],
              [
                124.15385176100006,
                12.85872078400007
              ],
              [
                124.1538469620001,
                12.85872702200004
              ],
              [
                124.1538389640001,
                12.858731701000067
              ],
              [
                124.1538229680001,
                12.858734820000052
              ],
              [
                124.15380057400012,
                12.858734820000052
              ],
              [
                124.15377977900005,
                12.85873014200007
              ],
              [
                124.15375258600011,
                12.858714547000034
              ],
              [
                124.15372859100012,
                12.85869583400006
              ],
              [
                124.15371739400007,
                12.858684917000062
              ],
              [
                124.15369979800005,
                12.858655287000033
              ],
              [
                124.15369020000003,
                12.858619419000036
              ],
              [
                124.15369020000003,
                12.858605384000043
              ],
              [
                124.15369659800001,
                12.858592908000048
              ],
              [
                124.1537029970001,
                12.858588229000077
              ],
              [
                124.1537109950001,
                12.858586670000022
              ],
              [
                124.15373338900008,
                12.858586670000022
              ],
              [
                124.15373978700006,
                12.858585110000035
              ],
              [
                124.15375098400011,
                12.858578872000066
              ],
              [
                124.15375738300008,
                12.858564837000074
              ],
              [
                124.15375738300008,
                12.858558599000048
              ],
              [
                124.15375578300007,
                12.858552361000022
              ],
              [
                124.15375578300007,
                12.858521171000064
              ],
              [
                124.15374138600009,
                12.858496219000074
              ],
              [
                124.15372379000007,
                12.858471268000073
              ],
              [
                124.1537173910001,
                12.858458792000022
              ],
              [
                124.15367820900008,
                12.858420270000067
              ],
              [
                124.15364621700007,
                12.858401557000036
              ],
              [
                124.15363821800008,
                12.858395319000067
              ],
              [
                124.15361102500003,
                12.858367248000036
              ],
              [
                124.15358223100009,
                12.85834541500003
              ],
              [
                124.15355663700007,
                12.858322023000028
              ],
              [
                124.15352304500004,
                12.858279917000061
              ],
              [
                124.15349585100012,
                12.858237811000038
              ],
              [
                124.15347185600001,
                12.858206621000022
              ],
              [
                124.15341107100005,
                12.85815203900006
              ],
              [
                124.153375879,
                12.858123969000076
              ],
              [
                124.15336468200007,
                12.858113052000022
              ],
              [
                124.15335508400005,
                12.858100577000073
              ],
              [
                124.15329589800001,
                12.858039757000029
              ],
              [
                124.15328470000009,
                12.85802416200005
              ],
              [
                124.15326870400008,
                12.85800856700007
              ],
              [
                124.15325270800008,
                12.857996092000064
              ],
              [
                124.15323671200008,
                12.857978937000041
              ],
              [
                124.15322711400006,
                12.857971140000075
              ],
              [
                124.15320152100003,
                12.857943070000033
              ],
              [
                124.15318872300008,
                12.857922796000025
              ],
              [
                124.15317752600004,
                12.857900964000066
              ],
              [
                124.1531663290001,
                12.857874452000033
              ],
              [
                124.15315673100008,
                12.85783546500005
              ],
              [
                124.153087948,
                12.857767671000033
              ],
              [
                124.1530543560001,
                12.857748958000059
              ],
              [
                124.15304155900003,
                12.857745839000074
              ],
              [
                124.15302396400011,
                12.85774427900003
              ],
              [
                124.15301116700005,
                12.857739601000048
              ],
              [
                124.15299837000009,
                12.857733363000023
              ],
              [
                124.15297757500002,
                12.857717768000043
              ],
              [
                124.15296797700012,
                12.857705292000048
              ],
              [
                124.15295358100002,
                12.857681900000046
              ],
              [
                124.15293918400005,
                12.85765071000003
              ],
              [
                124.15292958600003,
                12.857619520000071
              ],
              [
                124.152927986,
                12.857586771000058
              ],
              [
                124.15292318800005,
                12.857574295000063
              ],
              [
                124.15291838900009,
                12.857568057000037
              ],
              [
                124.15289279500007,
                12.85755090300006
              ],
              [
                124.15287999800012,
                12.857546225000021
              ],
              [
                124.15287519900005,
                12.857539987000052
              ],
              [
                124.15286560200002,
                12.857515035000063
              ],
              [
                124.15285760400002,
                12.857500999000024
              ],
              [
                124.15284800600011,
                12.857488524000075
              ],
              [
                124.15284160700003,
                12.857476048000024
              ],
              [
                124.15281601400011,
                12.857449537000036
              ],
              [
                124.15280641600009,
                12.857435501000055
              ],
              [
                124.15277122500004,
                12.857394955000075
              ],
              [
                124.15276482600007,
                12.857390276000046
              ],
              [
                124.15275842800008,
                12.857388717000049
              ],
              [
                124.15275043000008,
                12.857388717000049
              ],
              [
                124.15273763300002,
                12.857391836000033
              ],
              [
                124.15272963500001,
                12.857394955000075
              ],
              [
                124.15272163700001,
                12.857404312000028
              ],
              [
                124.15270884100005,
                12.857413669000039
              ],
              [
                124.15270244200008,
                12.857415229000026
              ],
              [
                124.1526880460001,
                12.857410550000054
              ],
              [
                124.15268484700005,
                12.857404312000028
              ],
              [
                124.15268324700003,
                12.857388717000049
              ],
              [
                124.15268644600008,
                12.857374682000057
              ],
              [
                124.15269924300003,
                12.857355968000036
              ],
              [
                124.15270884000006,
                12.857346611000025
              ],
              [
                124.15273283400006,
                12.857327897000062
              ],
              [
                124.15274403100011,
                12.857320100000038
              ],
              [
                124.15277602300011,
                12.857302945000072
              ],
              [
                124.1527984170001,
                12.857284231000051
              ],
              [
                124.15280801400002,
                12.85727487400004
              ],
              [
                124.1528144130001,
                12.857262398000046
              ],
              [
                124.15281761200004,
                12.857249922000051
              ],
              [
                124.15280641400011,
                12.857224970000061
              ],
              [
                124.15278881900008,
                12.857201578000058
              ],
              [
                124.15277762200003,
                12.857192221000048
              ],
              [
                124.152752028,
                12.857176627000058
              ],
              [
                124.15274083100007,
                12.857167270000048
              ],
              [
                124.15273123300005,
                12.857157913000037
              ],
              [
                124.15271683700007,
                12.857137640000076
              ],
              [
                124.15271203800012,
                12.857125164000024
              ],
              [
                124.15271363700003,
                12.85708149800007
              ],
              [
                124.15270563900003,
                12.857061225000052
              ],
              [
                124.15269124200006,
                12.857036273000062
              ],
              [
                124.15268964300003,
                12.857030035000037
              ],
              [
                124.15269284200008,
                12.857009762000075
              ],
              [
                124.15271043700011,
                12.85698792900007
              ],
              [
                124.15272163400005,
                12.856981691000044
              ],
              [
                124.15274402800003,
                12.856981691000044
              ],
              [
                124.1527568250001,
                12.85697857200006
              ],
              [
                124.15276802200003,
                12.856970774000047
              ],
              [
                124.1527728210001,
                12.85696453600002
              ],
              [
                124.1527728210001,
                12.856939585000077
              ],
              [
                124.15277122100008,
                12.856934906000049
              ],
              [
                124.15276002400003,
                12.856916192000028
              ],
              [
                124.1527488270001,
                12.856906836000064
              ],
              [
                124.1527408290001,
                12.856895919000067
              ],
              [
                124.15272163300006,
                12.856848232000061
              ],
              [
                124.15272163300006,
                12.856840435000038
              ],
              [
                124.1527248320001,
                12.85682951800004
              ],
              [
                124.15273762900006,
                12.85680456600005
              ],
              [
                124.15273922800009,
                12.856798328000025
              ],
              [
                124.15273922800009,
                12.85678585200003
              ],
              [
                124.15273442900002,
                12.856767138000066
              ],
              [
                124.15272803100004,
                12.856753103000074
              ],
              [
                124.15272643100002,
                12.856729711000071
              ],
              [
                124.15272803100004,
                12.856725032000043
              ],
              [
                124.15272803100004,
                12.85671099700005
              ],
              [
                124.15273282900012,
                12.856698521000055
              ],
              [
                124.15274082700012,
                12.856684485000073
              ],
              [
                124.15276802000005,
                12.856656414000042
              ],
              [
                124.15278401600006,
                12.856645498000034
              ],
              [
                124.15279361300009,
                12.856631462000053
              ],
              [
                124.15279681200002,
                12.856620546000045
              ],
              [
                124.1527952130001,
                12.856612748000032
              ],
              [
                124.15279041400004,
                12.85660807000005
              ],
              [
                124.15277761700008,
                12.856601832000024
              ],
              [
                124.15275842200003,
                12.856595594000055
              ],
              [
                124.15275042400003,
                12.856590916000073
              ],
              [
                124.15274402600005,
                12.856581559000062
              ],
              [
                124.15274562500008,
                12.856575321000037
              ],
              [
                124.15275362300008,
                12.856562845000042
              ],
              [
                124.15276642000003,
                12.856553488000031
              ],
              [
                124.15279201300007,
                12.85653009500004
              ],
              [
                124.15282880300003,
                12.856503584000052
              ],
              [
                124.15283520100002,
                12.856500465000067
              ],
              [
                124.15286559300012,
                12.856477072000075
              ],
              [
                124.15287679100004,
                12.856466156000067
              ],
              [
                124.15288958700012,
                12.856456799000057
              ],
              [
                124.15289918500002,
                12.856444323000062
              ],
              [
                124.15290718200004,
                12.856427168000039
              ],
              [
                124.15291358000002,
                12.856406895000077
              ],
              [
                124.15292317800004,
                12.856355432000043
              ],
              [
                124.15292477700007,
                12.856335158000036
              ],
              [
                124.15293117500005,
                12.856307087000062
              ],
              [
                124.15293117500005,
                12.856275898000035
              ],
              [
                124.15292797500001,
                12.856244708000077
              ],
              [
                124.15294237100011,
                12.856185448000076
              ],
              [
                124.15294876900009,
                12.856171412000037
              ],
              [
                124.15295036900011,
                12.85616049600003
              ],
              [
                124.15295676700009,
                12.856148020000035
              ],
              [
                124.152966364,
                12.85611994900006
              ],
              [
                124.15296796400003,
                12.856107473000066
              ],
              [
                124.15296796400003,
                12.856084081000063
              ],
              [
                124.1529647640001,
                12.856070045000024
              ],
              [
                124.15295996600003,
                12.856059129000073
              ],
              [
                124.15293117300007,
                12.856020142000034
              ],
              [
                124.15292157500005,
                12.856010785000024
              ],
              [
                124.15291517700007,
                12.856007666000039
              ],
              [
                124.15290557900005,
                12.855996750000031
              ],
              [
                124.1529007800001,
                12.855993631000047
              ],
              [
                124.1528927820001,
                12.855981155000052
              ],
              [
                124.15289118300007,
                12.855974917000026
              ],
              [
                124.1528927820001,
                12.855949965000036
              ],
              [
                124.15290237900001,
                12.855910978000054
              ],
              [
                124.1529087780001,
                12.855893824000077
              ],
              [
                124.15292157400006,
                12.855867312000044
              ],
              [
                124.15293277100011,
                12.855837682000072
              ],
              [
                124.15293597000004,
                12.855825206000077
              ],
              [
                124.15293756900007,
                12.855786219000038
              ],
              [
                124.15293277,
                12.855772183000056
              ],
              [
                124.15293117100009,
                12.855758148000064
              ],
              [
                124.15292157300007,
                12.855736315000058
              ],
              [
                124.15291357500007,
                12.855726958000048
              ],
              [
                124.15291037600002,
                12.855720721000068
              ],
              [
                124.15290557700007,
                12.85571604200004
              ],
              [
                124.15289917900009,
                12.855712923000056
              ],
              [
                124.15287746000001,
                12.855692359000045
              ],
              [
                124.15286736200005,
                12.855678295000075
              ],
              [
                124.1528558220001,
                12.855648762000044
              ],
              [
                124.15285293700003,
                12.855634698000074
              ],
              [
                124.15285582100012,
                12.855616415000043
              ],
              [
                124.15285582100012,
                12.85560375800003
              ],
              [
                124.15285293600004,
                12.85559250700004
              ],
              [
                124.15282408600001,
                12.855558755000061
              ],
              [
                124.15280885400011,
                12.855530595000062
              ],
              [
                124.15280095500009,
                12.855509033000033
              ],
              [
                124.15278831700005,
                12.855462828000043
              ],
              [
                124.15278673700004,
                12.85544896700003
              ],
              [
                124.15278673700004,
                12.85540276300003
              ],
              [
                124.15278989600006,
                12.855381201000057
              ],
              [
                124.15278989600006,
                12.855362719000027
              ],
              [
                124.15279147500007,
                12.855355018000068
              ],
              [
                124.15279147500007,
                12.85532883600007
              ],
              [
                124.15278989500007,
                12.855324216000042
              ],
              [
                124.15278989500007,
                12.85526107000004
              ],
              [
                124.15278831500007,
                12.855247209000026
              ],
              [
                124.15278199600004,
                12.855222566000066
              ],
              [
                124.15276777800011,
                12.855197924000038
              ],
              [
                124.15276145900009,
                12.855176362000066
              ],
              [
                124.15275829900008,
                12.855139399000052
              ],
              [
                124.15275513900008,
                12.855123998000067
              ],
              [
                124.15275513900008,
                12.85509935500005
              ],
              [
                124.15275197900007,
                12.855059312000037
              ],
              [
                124.15275039900007,
                12.854969984000036
              ],
              [
                124.15274408000005,
                12.854942262000066
              ],
              [
                124.15273460100002,
                12.854931481000051
              ],
              [
                124.15272196300009,
                12.854925320000063
              ],
              [
                124.15271564400007,
                12.854925320000063
              ],
              [
                124.15270932600004,
                12.854928401000052
              ],
              [
                124.15270458600003,
                12.854933021000022
              ],
              [
                124.15269826800011,
                12.854945342000065
              ],
              [
                124.1526951080001,
                12.85495766300005
              ],
              [
                124.15269036900008,
                12.854963824000038
              ],
              [
                124.15268405000006,
                12.854968444000065
              ],
              [
                124.15266983300012,
                12.854966904000037
              ],
              [
                124.15266035400009,
                12.854963824000038
              ],
              [
                124.15264613700003,
                12.854953043000023
              ],
              [
                124.1526319190001,
                12.854937642000039
              ],
              [
                124.15261138200003,
                12.854922241000054
              ],
              [
                124.15258452700004,
                12.85490838000004
              ],
              [
                124.15256557000009,
                12.854902219000053
              ],
              [
                124.15255293200005,
                12.854892979000056
              ],
              [
                124.15254345400001,
                12.854879117000053
              ],
              [
                124.15253871400012,
                12.85486525600004
              ],
              [
                124.1525371350001,
                12.85485755600007
              ],
              [
                124.1525371350001,
                12.854843694000067
              ],
              [
                124.1525323950001,
                12.854823673000055
              ],
              [
                124.15252607600007,
                12.854808271000024
              ],
              [
                124.15251817800004,
                12.854794410000068
              ],
              [
                124.15251659800003,
                12.85478825000007
              ],
              [
                124.1525008000001,
                12.854763608000042
              ],
              [
                124.15249606100008,
                12.854751287000056
              ],
              [
                124.15248974200006,
                12.85472048400004
              ],
              [
                124.15248974200006,
                12.854705083000056
              ],
              [
                124.15248342300004,
                12.854686601000026
              ],
              [
                124.152473944,
                12.85467428000004
              ],
              [
                124.15246446600008,
                12.854668120000042
              ],
              [
                124.15245814700006,
                12.854665039000054
              ],
              [
                124.1524360310001,
                12.854661959000055
              ],
              [
                124.15242971200007,
                12.854657339000028
              ],
              [
                124.15242655300005,
                12.85465117800004
              ],
              [
                124.15242655200007,
                12.854645018000042
              ],
              [
                124.15242971200007,
                12.854632697000056
              ],
              [
                124.15242971200007,
                12.854626536000069
              ],
              [
                124.15242181300005,
                12.854608055000028
              ],
              [
                124.15241707400003,
                12.854603434000069
              ],
              [
                124.15237215900004,
                12.854569726000022
              ],
              [
                124.15234372300006,
                12.854557405000037
              ],
              [
                124.15232634600011,
                12.854543543000034
              ],
              [
                124.15231686700008,
                12.854529682000077
              ],
              [
                124.15231667300009,
                12.854529280000065
              ],
              [
                124.15230422900004,
                12.854503500000021
              ],
              [
                124.1522900110001,
                12.854460376000077
              ],
              [
                124.15227737300006,
                12.854434193000031
              ],
              [
                124.15225841600011,
                12.854401850000045
              ],
              [
                124.15224893700008,
                12.85438952900006
              ],
              [
                124.15223314000002,
                12.854374128000075
              ],
              [
                124.15220944300006,
                12.854355646000045
              ],
              [
                124.15218416700009,
                12.85434486500003
              ],
              [
                124.15217153000003,
                12.854341785000031
              ],
              [
                124.15215889100011,
                12.854335625000033
              ],
              [
                124.1521541520001,
                12.854331004000073
              ],
              [
                124.15215099300008,
                12.854324844000075
              ],
              [
                124.15215889100011,
                12.854289420000043
              ],
              [
                124.15215889100011,
                12.854269399000032
              ],
              [
                124.15215573100011,
                12.854250917000059
              ],
              [
                124.15214941200009,
                12.854233975000056
              ],
              [
                124.15213993400005,
                12.85422165400007
              ],
              [
                124.1521225570001,
                12.854209333000028
              ],
              [
                124.15210991900005,
                12.854204713000058
              ],
              [
                124.15210202000003,
                12.85420317300003
              ],
              [
                124.15205304800008,
                12.85420317300003
              ],
              [
                124.15203409100002,
                12.854190852000045
              ],
              [
                124.15201197500005,
                12.854166210000074
              ],
              [
                124.151999337,
                12.85416004900003
              ],
              [
                124.15198669900008,
                12.85416004900003
              ],
              [
                124.15197564100004,
                12.854166210000074
              ],
              [
                124.15195984400009,
                12.85418007100003
              ],
              [
                124.15195352500007,
                12.854183152000076
              ],
              [
                124.15194878600005,
                12.854189312000074
              ],
              [
                124.15194246700003,
                12.854193933000033
              ],
              [
                124.15190455400011,
                12.854246297000032
              ],
              [
                124.15188243800003,
                12.854269400000021
              ],
              [
                124.15185716200006,
                12.85429096100006
              ],
              [
                124.151842944,
                12.854295582000077
              ],
              [
                124.1518366250001,
                12.854294042000049
              ],
              [
                124.15181292900002,
                12.854277100000047
              ],
              [
                124.15178765400003,
                12.854250918000048
              ],
              [
                124.1517718560001,
                12.854226276000077
              ],
              [
                124.15176237800006,
                12.854207794000047
              ],
              [
                124.15176079800005,
                12.854193933000033
              ],
              [
                124.15176395700007,
                12.854187773000035
              ],
              [
                124.15176869700008,
                12.854183152000076
              ],
              [
                124.15178765300004,
                12.854172371000061
              ],
              [
                124.15179871100008,
                12.854163130000074
              ],
              [
                124.1518034500001,
                12.854156970000076
              ],
              [
                124.15180976900001,
                12.85415234900006
              ],
              [
                124.15182872600008,
                12.85412924700006
              ],
              [
                124.15184294300002,
                12.85410768500003
              ],
              [
                124.15186348000009,
                12.854070722000074
              ],
              [
                124.15187295800001,
                12.854058401000032
              ],
              [
                124.15188401600005,
                12.854039919000058
              ],
              [
                124.15189349400009,
                12.854021438000075
              ],
              [
                124.1518982340001,
                12.85399525500003
              ],
              [
                124.15189823300011,
                12.85396907300003
              ],
              [
                124.15189349400009,
                12.853955212000074
              ],
              [
                124.15189349400009,
                12.85394905100003
              ],
              [
                124.15188717500007,
                12.853930569000056
              ],
              [
                124.15187137900011,
                12.853896312000074
              ],
              [
                124.15186979900011,
                12.853883990000043
              ],
              [
                124.15185084200004,
                12.853810064000072
              ],
              [
                124.15183820400011,
                12.853771560000041
              ],
              [
                124.15180976900001,
                12.853716115000054
              ],
              [
                124.15180502900012,
                12.853709954000067
              ],
              [
                124.1518018700001,
                12.853702253000051
              ],
              [
                124.15179555100008,
                12.853694553000025
              ],
              [
                124.15174499900002,
                12.853603685000053
              ],
              [
                124.15173394100009,
                12.853577502000064
              ],
              [
                124.15172604200006,
                12.85356364100005
              ],
              [
                124.15171656400003,
                12.853537459000052
              ],
              [
                124.15170708500011,
                12.853523597000049
              ],
              [
                124.15169760700007,
                12.853503576000037
              ],
              [
                124.15167865,
                12.85347431300005
              ],
              [
                124.15164389600011,
                12.853431189000048
              ],
              [
                124.15158860600002,
                12.853381905000049
              ],
              [
                124.15156964900007,
                12.853369584000063
              ],
              [
                124.15156491000005,
                12.853363423000076
              ],
              [
                124.15155069200011,
                12.853351103000023
              ],
              [
                124.1515475330001,
                12.853344942000035
              ],
              [
                124.15154279400008,
                12.853340321000076
              ],
              [
                124.15153015600004,
                12.853317219000076
              ],
              [
                124.1515159380001,
                12.853298738000035
              ],
              [
                124.15148118400009,
                12.853275636000035
              ],
              [
                124.15146222800001,
                12.853269475000047
              ],
              [
                124.15144643100007,
                12.853267935000076
              ],
              [
                124.15143853200004,
                12.853269475000047
              ],
              [
                124.15141483600007,
                12.853278716000034
              ],
              [
                124.15138798100008,
                12.853281797000022
              ],
              [
                124.15138166200006,
                12.853278716000034
              ],
              [
                124.15138324200007,
                12.853264855000077
              ],
              [
                124.1513927200001,
                12.853244833000076
              ],
              [
                124.151397459,
                12.853223272000037
              ],
              [
                124.1513943000001,
                12.853209410000034
              ],
              [
                124.15138482100008,
                12.85319092900005
              ],
              [
                124.1513595460001,
                12.853158586000063
              ],
              [
                124.15134848800005,
                12.853133944000035
              ],
              [
                124.15133743000001,
                12.853090820000034
              ],
              [
                124.1513311110001,
                12.853076959000077
              ],
              [
                124.15130741500002,
                12.85304923700005
              ],
              [
                124.15125212500004,
                12.852996872000062
              ],
              [
                124.15125054500004,
                12.852990712000064
              ],
              [
                124.15125054500004,
                12.852967610000064
              ],
              [
                124.15125212500004,
                12.85295836900002
              ],
              [
                124.15126002400007,
                12.852939887000048
              ],
              [
                124.15127740000003,
                12.852912165000077
              ],
              [
                124.15129003800007,
                12.852907544000061
              ],
              [
                124.15129635700009,
                12.852907544000061
              ],
              [
                124.15130899500002,
                12.85291062500005
              ],
              [
                124.15131531400004,
                12.852915245000077
              ],
              [
                124.15133427,
                12.852924486000063
              ],
              [
                124.15134058900003,
                12.852926026000034
              ],
              [
                124.15135006700007,
                12.852927566000062
              ],
              [
                124.15138482100008,
                12.852927566000062
              ],
              [
                124.15141641500009,
                12.852921405000075
              ],
              [
                124.15142905300002,
                12.852915245000077
              ],
              [
                124.15144011100006,
                12.852906004000033
              ],
              [
                124.1514495890001,
                12.85288752200006
              ],
              [
                124.15145432800011,
                12.85286442000006
              ],
              [
                124.1514527490001,
                12.852804355000046
              ],
              [
                124.15145748800012,
                12.852778173000047
              ],
              [
                124.15145748800012,
                12.852770472000032
              ],
              [
                124.15146064700002,
                12.852758151000046
              ],
              [
                124.15145906700002,
                12.852687248000052
              ],
              [
                124.15145590800012,
                12.852667226000051
              ],
              [
                124.15145590800012,
                12.852639504000024
              ],
              [
                124.15145748700002,
                12.852627182000049
              ],
              [
                124.15145590800012,
                12.852619482000023
              ],
              [
                124.1514511690001,
                12.852610241000036
              ],
              [
                124.15143695100005,
                12.852599460000022
              ],
              [
                124.1514211540001,
                12.852590219000035
              ],
              [
                124.15139745800002,
                12.852588679000064
              ],
              [
                124.15139113900011,
                12.852585599000065
              ],
              [
                124.15138482000009,
                12.852580978000049
              ],
              [
                124.15138166100007,
                12.852576358000022
              ],
              [
                124.15138008100007,
                12.852570197000034
              ],
              [
                124.15138166100007,
                12.852557876000049
              ],
              [
                124.15139113900011,
                12.852548636000051
              ],
              [
                124.1514211540001,
                12.852539395000065
              ],
              [
                124.15143063200003,
                12.852530154000021
              ],
              [
                124.15143379200003,
                12.852522453000063
              ],
              [
                124.15143537100005,
                12.852507052000021
              ],
              [
                124.15142589300001,
                12.852493190000075
              ],
              [
                124.1514195740001,
                12.852476249000063
              ],
              [
                124.1514195740001,
                12.852467008000076
              ],
              [
                124.151424313,
                12.852456227000062
              ],
              [
                124.15143063200003,
                12.852453147000062
              ],
              [
                124.15143695100005,
                12.852456227000062
              ],
              [
                124.15144800900009,
                12.852465468000048
              ],
              [
                124.15145274800011,
                12.852471629000036
              ],
              [
                124.15145432800011,
                12.852477789000034
              ],
              [
                124.15146222600004,
                12.852491650000047
              ],
              [
                124.15147170400007,
                12.852500891000034
              ],
              [
                124.15148908100002,
                12.852511672000048
              ],
              [
                124.15149856000005,
                12.852520913000035
              ],
              [
                124.15150803800009,
                12.852537854000047
              ],
              [
                124.1515427920001,
                12.852580978000049
              ],
              [
                124.15156016900005,
                12.852591759000063
              ],
              [
                124.15157596600011,
                12.852596380000023
              ],
              [
                124.15158386500002,
                12.852596380000023
              ],
              [
                124.15159176300006,
                12.852593299000034
              ],
              [
                124.15159966200008,
                12.852593299000034
              ],
              [
                124.15160756000012,
                12.85257481800005
              ],
              [
                124.15160756000012,
                12.852560956000048
              ],
              [
                124.1516044010001,
                12.852547095000034
              ],
              [
                124.15160598000011,
                12.852539394000075
              ],
              [
                124.15160914000012,
                12.852534774000048
              ],
              [
                124.15161545900003,
                12.852533234000077
              ],
              [
                124.1516344150001,
                12.852545555000063
              ],
              [
                124.15164231400001,
                12.852545555000063
              ],
              [
                124.15164863300004,
                12.852540934000046
              ],
              [
                124.15165337200006,
                12.852534774000048
              ],
              [
                124.15165811100007,
                12.852516292000075
              ],
              [
                124.15165811100007,
                12.85250859200005
              ],
              [
                124.15166600900011,
                12.852496270000074
              ],
              [
                124.15168970500008,
                12.852477789000034
              ],
              [
                124.15169286500009,
                12.852473168000074
              ],
              [
                124.1516944440001,
                12.852467008000076
              ],
              [
                124.15169128500008,
                12.852460847000032
              ],
              [
                124.15167074800002,
                12.852450066000074
              ],
              [
                124.15165969000009,
                12.852440826000077
              ],
              [
                124.15164389300003,
                12.852423884000075
              ],
              [
                124.151639154,
                12.85241310300006
              ],
              [
                124.151639154,
                12.852388461000032
              ],
              [
                124.15164547300003,
                12.852360738000073
              ],
              [
                124.15164863200005,
                12.852353038000047
              ],
              [
                124.15165179100006,
                12.852331476000074
              ],
              [
                124.15165179100006,
                12.852299133000031
              ],
              [
                124.15164705200004,
                12.85227449100006
              ],
              [
                124.15164073300002,
                12.852249849000032
              ],
              [
                124.151637574,
                12.852243688000044
              ],
              [
                124.15162019700006,
                12.852174382000044
              ],
              [
                124.15161387800003,
                12.852162061000058
              ],
              [
                124.151604399,
                12.852149740000073
              ],
              [
                124.15159334100008,
                12.852142039000057
              ],
              [
                124.1515680660001,
                12.852134339000031
              ],
              [
                124.15155226900004,
                12.852134339000031
              ],
              [
                124.15153647200009,
                12.85213741900003
              ],
              [
                124.15153015300007,
                12.85214049900003
              ],
              [
                124.151514356,
                12.852140500000075
              ],
              [
                124.1515096170001,
                12.852138959000058
              ],
              [
                124.15149697900006,
                12.852131259000032
              ],
              [
                124.15147486300009,
                12.852111237000031
              ],
              [
                124.15146064600003,
                12.852103536000072
              ],
              [
                124.15144010900008,
                12.852095836000046
              ],
              [
                124.15143221100004,
                12.852095836000046
              ],
              [
                124.15141799300011,
                12.852098916000045
              ],
              [
                124.15139429800001,
                12.852112777000059
              ],
              [
                124.1513863990001,
                12.852112777000059
              ],
              [
                124.15137534100006,
                12.852101996000044
              ],
              [
                124.15136586300002,
                12.852089675000059
              ],
              [
                124.15135954400012,
                12.852085055000032
              ],
              [
                124.15134690600007,
                12.852081975000033
              ],
              [
                124.15133426900002,
                12.85208659500006
              ],
              [
                124.15132005100008,
                12.852103537000062
              ],
              [
                124.151301095,
                12.852111237000031
              ],
              [
                124.1512947760001,
                12.85210969700006
              ],
              [
                124.15128055900004,
                12.852094296000075
              ],
              [
                124.15127108000001,
                12.852074274000074
              ],
              [
                124.15126950000001,
                12.852058873000033
              ],
              [
                124.15127266000002,
                12.852046552000047
              ],
              [
                124.15127739900004,
                12.85204039100006
              ],
              [
                124.15128213800006,
                12.85203731100006
              ],
              [
                124.1512947760001,
                12.852032690000044
              ],
              [
                124.15131847100008,
                12.852032690000044
              ],
              [
                124.15135796400011,
                12.85203731100006
              ],
              [
                124.15138955800012,
                12.85203731100006
              ],
              [
                124.15140377600005,
                12.852035771000033
              ],
              [
                124.15141799300011,
                12.852029610000045
              ],
              [
                124.15142589200002,
                12.852020369000059
              ],
              [
                124.15143221100004,
                12.852009588000044
              ],
              [
                124.15143379000006,
                12.851997267000058
              ],
              [
                124.15142905100004,
                12.851984946000073
              ],
              [
                124.15141799300011,
                12.85196800500006
              ],
              [
                124.15137534100006,
                12.851938742000073
              ],
              [
                124.15136586300002,
                12.85192950100003
              ],
              [
                124.15135006500009,
                12.851906399000029
              ],
              [
                124.15134058700005,
                12.85188021700003
              ],
              [
                124.15133268800002,
                12.851843254000073
              ],
              [
                124.15133268800002,
                12.851827853000032
              ],
              [
                124.15131128100006,
                12.851754371000027
              ],
              [
                124.15130022300002,
                12.851738970000042
              ],
              [
                124.15126862800003,
                12.851705086000038
              ],
              [
                124.1511991210001,
                12.851658882000038
              ],
              [
                124.15115804800007,
                12.851628079000022
              ],
              [
                124.15113119300008,
                12.851614218000066
              ],
              [
                124.15110907700011,
                12.851608057000021
              ],
              [
                124.15109328000005,
                12.851608057000021
              ],
              [
                124.15106958500007,
                12.851611138000067
              ],
              [
                124.15105694700003,
                12.851609598000039
              ],
              [
                124.15104273000009,
                12.851598817000024
              ],
              [
                124.15102851200004,
                12.851581875000022
              ],
              [
                124.15098744000011,
                12.851555693000023
              ],
              [
                124.15098112100009,
                12.851552612000035
              ],
              [
                124.1509526860001,
                12.851552612000035
              ],
              [
                124.15094636700007,
                12.851551072000063
              ],
              [
                124.15092899000001,
                12.851544912000065
              ],
              [
                124.15091951200009,
                12.851538751000021
              ],
              [
                124.15091793300007,
                12.851526430000035
              ],
              [
                124.15092109200009,
                12.85151410900005
              ],
              [
                124.15092267200009,
                12.851498708000065
              ],
              [
                124.15092109200009,
                12.851477146000036
              ],
              [
                124.15091003400005,
                12.851452503000075
              ],
              [
                124.1508958170001,
                12.851437102000034
              ],
              [
                124.15086422200011,
                12.851390898000034
              ],
              [
                124.15085000500005,
                12.851381657000047
              ],
              [
                124.15082157100005,
                12.851369336000062
              ],
              [
                124.15081525200003,
                12.851367796000034
              ],
              [
                124.1508010340001,
                12.851367796000034
              ],
              [
                124.15076786000009,
                12.851384737000046
              ],
              [
                124.150747324,
                12.851392438000062
              ],
              [
                124.15073310700006,
                12.851392438000062
              ],
              [
                124.15070625200008,
                12.85139551800006
              ],
              [
                124.15069835300005,
                12.85139859900005
              ],
              [
                124.15068729500001,
                12.851407839000046
              ],
              [
                124.15067149800007,
                12.851432482000064
              ],
              [
                124.1506525420001,
                12.851454044000036
              ],
              [
                124.15064622300008,
                12.851457124000035
              ],
              [
                124.15063832500005,
                12.851457124000035
              ],
              [
                124.15063200600002,
                12.851454044000036
              ],
              [
                124.15063516500004,
                12.851424781000048
              ],
              [
                124.15063832500005,
                12.85141862000006
              ],
              [
                124.15064148400006,
                12.851404759000047
              ],
              [
                124.1506541220001,
                12.851380117000076
              ],
              [
                124.15066675900005,
                12.851340074000063
              ],
              [
                124.15066833900005,
                12.851315431000046
              ],
              [
                124.15067465800007,
                12.851286169000048
              ],
              [
                124.15067307800007,
                12.851258446000031
              ],
              [
                124.15066676000004,
                12.851239965000048
              ],
              [
                124.150657281,
                12.851229184000033
              ],
              [
                124.15063990500005,
                12.851215323000076
              ],
              [
                124.15063674500004,
                12.85121070200006
              ],
              [
                124.1506225280001,
                12.851203002000034
              ],
              [
                124.15060831100004,
                12.85118914000003
              ],
              [
                124.15058145600005,
                12.851173739000046
              ],
              [
                124.15057513700003,
                12.851162958000032
              ],
              [
                124.15057355700003,
                12.851155257000073
              ],
              [
                124.15057355700003,
                12.851116754000032
              ],
              [
                124.150598166,
                12.851089156000057
              ],
              [
                124.15062660100011,
                12.85107991500007
              ],
              [
                124.15063134000002,
                12.85107991500007
              ],
              [
                124.1506502960001,
                12.851072215000045
              ],
              [
                124.15066135400002,
                12.851062974000058
              ],
              [
                124.15066451400003,
                12.85105681300007
              ],
              [
                124.15067399200007,
                12.85101060900007
              ],
              [
                124.15067557200007,
                12.850985967000042
              ],
              [
                124.15067241200006,
                12.850958245000072
              ],
              [
                124.15065661500012,
                12.850912040000026
              ],
              [
                124.15065029700008,
                12.850887398000054
              ],
              [
                124.15063607900004,
                12.850811932000056
              ],
              [
                124.15063607900004,
                12.850776508000024
              ],
              [
                124.15063923900004,
                12.850747246000026
              ],
              [
                124.15065029700008,
                12.850691801000039
              ],
              [
                124.1506550360001,
                12.850677940000026
              ],
              [
                124.15066767400003,
                12.850604013000066
              ],
              [
                124.15067399300005,
                12.850582451000037
              ],
              [
                124.15068663000011,
                12.85055010900004
              ],
              [
                124.15070084700005,
                12.85052392600005
              ],
              [
                124.15070242700006,
                12.850516226000025
              ],
              [
                124.15071664400011,
                12.850491584000054
              ],
              [
                124.15072928200004,
                12.850479263000068
              ],
              [
                124.15075929600005,
                12.85045462000005
              ],
              [
                124.15076719500007,
                12.850443840000025
              ],
              [
                124.15077035400009,
                12.850437679000038
              ],
              [
                124.15077035400009,
                12.850422278000053
              ],
              [
                124.15076561500007,
                12.850406876000022
              ],
              [
                124.15075771700003,
                12.850394555000037
              ],
              [
                124.15070400700006,
                12.850359132000051
              ],
              [
                124.15069294900002,
                12.850349891000064
              ],
              [
                124.1506834710001,
                12.850331410000024
              ],
              [
                124.15066153900011,
                12.850275846000045
              ],
              [
                124.1506599600001,
                12.850255824000044
              ],
              [
                124.15066785800002,
                12.850225021000028
              ],
              [
                124.15067733600006,
                12.850204999000027
              ],
              [
                124.15069945200003,
                12.850174197000058
              ],
              [
                124.15071051000007,
                12.85014955400004
              ],
              [
                124.15071209000007,
                12.850107971000057
              ],
              [
                124.15070893000006,
                12.85010181000007
              ],
              [
                124.1506899740001,
                12.850077168000041
              ],
              [
                124.15067101700004,
                12.850040205000028
              ],
              [
                124.15066311900011,
                12.850012482000068
              ],
              [
                124.15066311900011,
                12.84998784000004
              ],
              [
                124.1506583800001,
                12.849966278000068
              ],
              [
                124.15065364100008,
                12.849953957000025
              ],
              [
                124.15064416300004,
                12.849935475000052
              ],
              [
                124.15063468400001,
                12.849923154000066
              ],
              [
                124.15062046700007,
                12.849909293000053
              ],
              [
                124.15060782900002,
                12.849892351000051
              ],
              [
                124.15060467,
                12.849878490000037
              ],
              [
                124.15058887300006,
                12.849833826000065
              ],
              [
                124.15057781500002,
                12.849795323000023
              ],
              [
                124.15057623500002,
                12.84977992100005
              ],
              [
                124.150576236,
                12.849738338000066
              ],
              [
                124.15057149600011,
                12.849709075000021
              ],
              [
                124.15057149600011,
                12.849699835000024
              ],
              [
                124.15056675700009,
                12.849679813000023
              ],
              [
                124.15056675700009,
                12.849670572000036
              ],
              [
                124.15055727900005,
                12.849647470000036
              ],
              [
                124.15053832300009,
                12.849622828000065
              ],
              [
                124.15052094600003,
                12.849610507000023
              ],
              [
                124.15050672900009,
                12.849604346000035
              ],
              [
                124.15049251200003,
                12.849601266000036
              ],
              [
                124.15045933800002,
                12.849599726000065
              ],
              [
                124.15041036800005,
                12.84959202500005
              ],
              [
                124.15037087500002,
                12.849584324000034
              ],
              [
                124.15032032500005,
                12.849570463000077
              ],
              [
                124.15030926700001,
                12.84956892300005
              ],
              [
                124.1502760940001,
                12.84956892300005
              ],
              [
                124.1502144860001,
                12.849578163000047
              ],
              [
                124.15018289200009,
                12.849587404000033
              ],
              [
                124.15016867500003,
                12.849585864000062
              ],
              [
                124.15013708100003,
                12.849561222000034
              ],
              [
                124.15011812500006,
                12.84952425800003
              ],
              [
                124.15010864700002,
                12.849513477000073
              ],
              [
                124.15010074800011,
                12.84950115600003
              ],
              [
                124.15007863200003,
                12.849481135000076
              ],
              [
                124.1500407200001,
                12.849441091000074
              ],
              [
                124.14998314000002,
                12.849394619000066
              ],
              [
                124.1499452270001,
                12.849366896000049
              ],
              [
                124.14993890800008,
                12.84936381600005
              ],
              [
                124.14992153100002,
                12.849348415000065
              ],
              [
                124.14990257500006,
                12.849334553000062
              ],
              [
                124.14989625600003,
                12.849326853000036
              ],
              [
                124.14987572000007,
                12.849308371000063
              ],
              [
                124.14984570600006,
                12.84927140700006
              ],
              [
                124.14983464800002,
                12.849254466000048
              ],
              [
                124.14982990900012,
                12.849251386000049
              ],
              [
                124.14981885100008,
                12.849237524000046
              ],
              [
                124.14979989400001,
                12.849219042000072
              ],
              [
                124.14978567700007,
                12.849211342000046
              ],
              [
                124.14972722800007,
                12.849192860000073
              ],
              [
                124.14970037300009,
                12.849175918000071
              ],
              [
                124.14969563400007,
                12.849169758000073
              ],
              [
                124.14966877900008,
                12.849151276000043
              ],
              [
                124.14964824300012,
                12.849145115000056
              ],
              [
                124.14962138800001,
                12.849143575000028
              ],
              [
                124.14959453300003,
                12.84913741400004
              ],
              [
                124.14953292500002,
                12.849112772000069
              ],
              [
                124.14950765000003,
                12.849105071000054
              ],
              [
                124.14942708600006,
                12.849097370000038
              ],
              [
                124.14942624200012,
                12.849097150000034
              ],
              [
                124.14940339000009,
                12.84909121000004
              ],
              [
                124.1493796950001,
                12.849081969000054
              ],
              [
                124.14936073900003,
                12.849077348000037
              ],
              [
                124.14934494200008,
                12.849077348000037
              ],
              [
                124.1493165070001,
                12.849083508000035
              ],
              [
                124.14930418300003,
                12.84908951600005
              ],
              [
                124.14929755100002,
                12.849092749000022
              ],
              [
                124.14928175400007,
                12.849106610000035
              ],
              [
                124.14926753600002,
                12.849112771000023
              ],
              [
                124.14924384100004,
                12.84911739100005
              ],
              [
                124.14922014500007,
                12.849118931000021
              ],
              [
                124.14921161600012,
                12.849121703000037
              ],
              [
                124.14920118900011,
                12.849125092000065
              ],
              [
                124.14917591400001,
                12.849137412000061
              ],
              [
                124.1491695950001,
                12.849138953000022
              ],
              [
                124.1491395810001,
                12.849157434000062
              ],
              [
                124.14913326200008,
                12.84916359400006
              ],
              [
                124.1491095670001,
                12.849175915000046
              ],
              [
                124.1490811320001,
                12.84918669600006
              ],
              [
                124.14906059600003,
                12.84918977600006
              ],
              [
                124.14904479900008,
                12.84918977600006
              ],
              [
                124.14903216200003,
                12.849194397000076
              ],
              [
                124.1490195240001,
                12.849195937000047
              ],
              [
                124.14898635000009,
                12.849214418000031
              ],
              [
                124.14897371300003,
                12.849234440000032
              ],
              [
                124.14897213300003,
                12.84924060000003
              ],
              [
                124.14897371300003,
                12.849248301000046
              ],
              [
                124.1489879290001,
                12.849292965000075
              ],
              [
                124.14898477000008,
                12.84930990600003
              ],
              [
                124.14898161000008,
                12.849314527000047
              ],
              [
                124.14897371200004,
                12.849316067000075
              ],
              [
                124.14896739300002,
                12.849316067000075
              ],
              [
                124.14894053900002,
                12.84930990600003
              ],
              [
                124.14893422000011,
                12.84930990600003
              ],
              [
                124.14892790100009,
                12.849314526000057
              ],
              [
                124.14892316200007,
                12.849320687000045
              ],
              [
                124.14892158200007,
                12.849326847000043
              ],
              [
                124.14891368400004,
                12.849340708000057
              ],
              [
                124.148904205,
                12.849365351000074
              ],
              [
                124.1488978860001,
                12.849385372000029
              ],
              [
                124.14889314700008,
                12.849413095000045
              ],
              [
                124.14889156700008,
                12.849433116000057
              ],
              [
                124.14888840800006,
                12.849439277000045
              ],
              [
                124.14886313200009,
                12.849465459000044
              ],
              [
                124.14885839300007,
                12.849468539000043
              ],
              [
                124.1488378570001,
                12.84947315900007
              ],
              [
                124.14882364000005,
                12.84947007900007
              ],
              [
                124.1488094230001,
                12.849463918000026
              ],
              [
                124.14879204600004,
                12.84945005700007
              ],
              [
                124.14877151000007,
                12.849437736000027
              ],
              [
                124.14873182600002,
                12.849420855000062
              ],
              [
                124.14870655100003,
                12.849405454000077
              ],
              [
                124.14869075400009,
                12.849393132000046
              ],
              [
                124.14868285600005,
                12.849390052000047
              ],
              [
                124.14865916100007,
                12.849376190000044
              ],
              [
                124.14863388600008,
                12.849365409000029
              ],
              [
                124.14859755300006,
                12.849345387000028
              ],
              [
                124.14858175600011,
                12.849331526000071
              ],
              [
                124.14856122000003,
                12.849305343000026
              ],
              [
                124.1485501620001,
                12.849294562000068
              ],
              [
                124.14854226400007,
                12.849289942000041
              ],
              [
                124.1485201480001,
                12.849268379000023
              ],
              [
                124.14850751100005,
                12.849245277000023
              ],
              [
                124.14849803300001,
                12.849219095000024
              ],
              [
                124.1484917140001,
                12.849208314000066
              ],
              [
                124.14848697500008,
                12.849195993000023
              ],
              [
                124.14848539600007,
                12.849186752000037
              ],
              [
                124.148469599,
                12.849143628000036
              ],
              [
                124.1484648600001,
                12.849115905000076
              ],
              [
                124.14845380300005,
                12.849077402000034
              ],
              [
                124.14843326700009,
                12.849025037000047
              ],
              [
                124.14841431100001,
                12.848989614000061
              ],
              [
                124.14839061700002,
                12.848937249000073
              ],
              [
                124.14837166100006,
                12.84890490600003
              ],
              [
                124.14835902400011,
                12.848869483000044
              ],
              [
                124.14833217000012,
                12.848780155000043
              ],
              [
                124.14831163400004,
                12.84873857100007
              ],
              [
                124.14830847500002,
                12.848721630000057
              ],
              [
                124.14830847500002,
                12.848706228000026
              ],
              [
                124.14831005500002,
                12.848698528000057
              ],
              [
                124.14831795400005,
                12.848686207000071
              ],
              [
                124.1483290110001,
                12.848680046000027
              ],
              [
                124.14834164900003,
                12.848675426000057
              ],
              [
                124.14837008300003,
                12.84867080600003
              ],
              [
                124.14837640200005,
                12.84866618500007
              ],
              [
                124.14838114100007,
                12.848660025000072
              ],
              [
                124.14836692500012,
                12.848582554000075
              ],
              [
                124.14835428800006,
                12.848534809000057
              ],
              [
                124.14834797000003,
                12.848488605000057
              ],
              [
                124.14834797000003,
                12.84847936400007
              ],
              [
                124.14834481100002,
                12.848465503000057
              ],
              [
                124.14834007200011,
                12.84841775800004
              ],
              [
                124.1483384930001,
                12.848379255000054
              ],
              [
                124.14833533300009,
                12.848357693000025
              ],
              [
                124.14833533400008,
                12.848340751000023
              ],
              [
                124.14832901500006,
                12.84829916800004
              ],
              [
                124.14832269700003,
                12.848271445000023
              ],
              [
                124.14832111800001,
                12.848217540000064
              ],
              [
                124.14832585700003,
                12.84820675900005
              ],
              [
                124.14833059600005,
                12.848200599000052
              ],
              [
                124.14833691500007,
                12.848197519000053
              ],
              [
                124.14835903000005,
                12.848197519000053
              ],
              [
                124.14836692900008,
                12.848199059000024
              ],
              [
                124.14839220400006,
                12.848217541000054
              ],
              [
                124.14841116000002,
                12.848228322000068
              ],
              [
                124.14842379700008,
                12.848220622000042
              ],
              [
                124.14843801500001,
                12.848205220000068
              ],
              [
                124.14844275400003,
                12.848197520000042
              ],
              [
                124.14844591300005,
                12.848191359000054
              ],
              [
                124.14845065200007,
                12.84817287800007
              ],
              [
                124.14844907300005,
                12.84815747600004
              ],
              [
                124.14843959500001,
                12.848146695000025
              ],
              [
                124.14841116100001,
                12.848123593000025
              ],
              [
                124.14839536400007,
                12.848114352000039
              ],
              [
                124.14838272600002,
                12.848112812000068
              ],
              [
                124.14837166900008,
                12.848118972000066
              ],
              [
                124.14837008900008,
                12.848125133000053
              ],
              [
                124.1483716680001,
                12.848131293000051
              ],
              [
                124.14837008900008,
                12.848138994000067
              ],
              [
                124.14836535000006,
                12.848145154000065
              ],
              [
                124.14835429200002,
                12.848151315000052
              ],
              [
                124.14834797300011,
                12.848152855000023
              ],
              [
                124.14833217600005,
                12.848152855000023
              ],
              [
                124.14832585700003,
                12.848151315000052
              ],
              [
                124.14831795900011,
                12.848146694000036
              ],
              [
                124.14830848100007,
                12.848135913000021
              ],
              [
                124.14829742300003,
                12.848126672000035
              ],
              [
                124.1482879450001,
                12.848112811000021
              ],
              [
                124.14828320600009,
                12.848098950000065
              ],
              [
                124.14828004700007,
                12.848094329000048
              ],
              [
                124.14824583500001,
                12.847964041000068
              ],
              [
                124.14824267600011,
                12.847956340000053
              ],
              [
                124.14824267600011,
                12.847948639000037
              ],
              [
                124.14823951700009,
                12.847936318000052
              ],
              [
                124.14823635700009,
                12.847930157000064
              ],
              [
                124.14823477800007,
                12.847920916000021
              ],
              [
                124.14822845900005,
                12.847907055000064
              ],
              [
                124.14821898100001,
                12.847868551000033
              ],
              [
                124.14819686600003,
                12.847802325000032
              ],
              [
                124.14817159200004,
                12.847740719000058
              ],
              [
                124.14816685300002,
                12.84773455800007
              ],
              [
                124.14816053400011,
                12.847719157000029
              ],
              [
                124.14815421500009,
                12.847709916000042
              ],
              [
                124.14814947600007,
                12.847697595000056
              ],
              [
                124.14813999800003,
                12.847682193000026
              ],
              [
                124.14813525900001,
                12.84766987200004
              ],
              [
                124.14810524600011,
                12.847612887000025
              ],
              [
                124.1481020870001,
                12.847609806000037
              ],
              [
                124.14808945000004,
                12.847580544000039
              ],
              [
                124.1480720730001,
                12.847546660000035
              ],
              [
                124.14806575500006,
                12.84752817900005
              ],
              [
                124.14805943600004,
                12.847503536000033
              ],
              [
                124.14805943600004,
                12.847495836000064
              ],
              [
                124.14806417600005,
                12.847471194000036
              ],
              [
                124.14808155300011,
                12.847431150000034
              ],
              [
                124.14808471200001,
                12.84741574900005
              ],
              [
                124.14808471200001,
                12.847383406000063
              ],
              [
                124.1480783940001,
                12.847361844000034
              ],
              [
                124.14807049600006,
                12.84734336200006
              ],
              [
                124.14806891600006,
                12.847334122000063
              ],
              [
                124.14805469900011,
                12.84729869900002
              ],
              [
                124.14803732400003,
                12.847247874000061
              ],
              [
                124.14803732400003,
                12.847241713000074
              ],
              [
                124.1480278460001,
                12.847206290000031
              ],
              [
                124.1480262660001,
                12.847192429000074
              ],
              [
                124.14802310700009,
                12.84718626800003
              ],
              [
                124.14801836800007,
                12.847167787000046
              ],
              [
                124.14801363000004,
                12.847132363000071
              ],
              [
                124.14800257200011,
                12.847096940000029
              ],
              [
                124.14797729800011,
                12.847049196000057
              ],
              [
                124.14795834200004,
                12.84702147300004
              ],
              [
                124.14795360300002,
                12.84701685300007
              ],
              [
                124.1479472850001,
                12.847013773000072
              ],
              [
                124.14793148800004,
                12.847027633000039
              ],
              [
                124.14792516900002,
                12.847027633000039
              ],
              [
                124.1479172710001,
                12.847023013000069
              ],
              [
                124.14791095200007,
                12.847016852000024
              ],
              [
                124.14789515500001,
                12.846989130000054
              ],
              [
                124.14787935900006,
                12.846949086000052
              ],
              [
                124.14786988100002,
                12.84693214400005
              ],
              [
                124.147841448,
                12.846889020000049
              ],
              [
                124.14783355000009,
                12.846837976000074
              ],
              [
                124.14782407300004,
                12.846747107000056
              ],
              [
                124.14781617500012,
                12.846703983000054
              ],
              [
                124.14780985700008,
                12.846683961000053
              ],
              [
                124.14780985700008,
                12.846679341000026
              ],
              [
                124.14780669700008,
                12.846674720000067
              ],
              [
                124.14780511800006,
                12.846665479000023
              ],
              [
                124.14780195900005,
                12.846660859000053
              ],
              [
                124.147790901,
                12.846633136000037
              ],
              [
                124.14776088800011,
                12.846574611000051
              ],
              [
                124.14775141000007,
                12.846548428000062
              ],
              [
                124.14773877300001,
                12.846522246000063
              ],
              [
                124.14773877300001,
                12.846517625000047
              ],
              [
                124.1477308750001,
                12.846496063000075
              ],
              [
                124.1477308750001,
                12.846488363000049
              ],
              [
                124.14772455700006,
                12.84646218000006
              ],
              [
                124.14771508000001,
                12.846406735000073
              ],
              [
                124.1477087620001,
                12.84635129000003
              ],
              [
                124.14770402300007,
                12.84632510800003
              ],
              [
                124.14770086400006,
                12.84627736400006
              ],
              [
                124.14769612600003,
                12.846240401000045
              ],
              [
                124.14769296600002,
                12.846231160000059
              ],
              [
                124.14769296700001,
                12.846223459000043
              ],
              [
                124.14768348900009,
                12.846180335000042
              ],
              [
                124.14766611300001,
                12.846123350000028
              ],
              [
                124.14766611300001,
                12.84611719000003
              ],
              [
                124.14766295400011,
                12.846107949000043
              ],
              [
                124.14765505600008,
                12.846064825000042
              ],
              [
                124.14765189800005,
                12.84602478100004
              ],
              [
                124.14765189800005,
                12.84597087700007
              ],
              [
                124.14765505800005,
                12.84595085500007
              ],
              [
                124.14765505900004,
                12.845896950000053
              ],
              [
                124.14765979800006,
                12.845861527000068
              ],
              [
                124.14765979800006,
                12.845844586000055
              ],
              [
                124.14765190000003,
                12.84583226500007
              ],
              [
                124.14762188700001,
                12.845795301000067
              ],
              [
                124.14760767000007,
                12.845770659000038
              ],
              [
                124.14760135200004,
                12.845756797000035
              ],
              [
                124.14759661300002,
                12.845736775000034
              ],
              [
                124.14756133600008,
                12.845637212000042
              ],
              [
                124.14753593800003,
                12.845601618000046
              ],
              [
                124.14750419000006,
                12.845549001000052
              ],
              [
                124.14749784100002,
                12.84554281100003
              ],
              [
                124.14748038000005,
                12.845516503000056
              ],
              [
                124.14747403000001,
                12.845510313000034
              ],
              [
                124.14744863200008,
                12.845465434000062
              ],
              [
                124.14744545700012,
                12.845453053000028
              ],
              [
                124.14741847200003,
                12.845403531000045
              ],
              [
                124.14741053500006,
                12.845389603000058
              ],
              [
                124.14740577300006,
                12.845384961000036
              ],
              [
                124.14739466100002,
                12.845364843000027
              ],
              [
                124.14737720000005,
                12.84532770100003
              ],
              [
                124.14735338900005,
                12.845296751000035
              ],
              [
                124.14734386500004,
                12.845281275000048
              ],
              [
                124.147342277,
                12.845273537000025
              ],
              [
                124.14733116600007,
                12.845251871000073
              ],
              [
                124.14731370400011,
                12.845196159000068
              ],
              [
                124.14730576700003,
                12.845177589000059
              ],
              [
                124.14728989200012,
                12.845117234000043
              ],
              [
                124.14728830400009,
                12.845104853000066
              ],
              [
                124.1472883030001,
                12.845072354000024
              ],
              [
                124.14728512800002,
                12.845041403000039
              ],
              [
                124.14727719000007,
                12.845001166000031
              ],
              [
                124.1472692540001,
                12.844990333000055
              ],
              [
                124.14725814200006,
                12.844979501000068
              ],
              [
                124.14722957000004,
                12.844956288000049
              ],
              [
                124.1472184590001,
                12.844950098000027
              ],
              [
                124.14719941100009,
                12.84493617000004
              ],
              [
                124.14718512500008,
                12.844920695000042
              ],
              [
                124.14718353700005,
                12.844914505000077
              ],
              [
                124.14717560000008,
                12.844900577000033
              ],
              [
                124.14717083800008,
                12.844888196000056
              ],
              [
                124.14716607600008,
                12.844863435000036
              ],
              [
                124.14716448800004,
                12.844840222000073
              ],
              [
                124.14712321600007,
                12.844775144000039
              ],
              [
                124.14707718300008,
                12.844722528000034
              ],
              [
                124.14706448400011,
                12.844703957000036
              ],
              [
                124.14706130900004,
                12.84469622000006
              ],
              [
                124.14706289600008,
                12.844682291000026
              ],
              [
                124.14706924500001,
                12.84467300600005
              ],
              [
                124.14707559400006,
                12.84466836300004
              ],
              [
                124.14709146700011,
                12.844662172000028
              ],
              [
                124.14711210200005,
                12.844659076000028
              ],
              [
                124.14712956200003,
                12.844651338000062
              ],
              [
                124.14714384700005,
                12.844632767000064
              ],
              [
                124.14715178300003,
                12.84461883800003
              ],
              [
                124.14715971800001,
                12.844589434000056
              ],
              [
                124.14715813100008,
                12.844577053000023
              ],
              [
                124.14714384500007,
                12.844558483000071
              ],
              [
                124.14713432000008,
                12.844539912000073
              ],
              [
                124.14712955800007,
                12.844518246000064
              ],
              [
                124.1471295560001,
                12.844475344000045
              ],
              [
                124.1471295560001,
                12.84446408100007
              ],
              [
                124.14713273100006,
                12.844448605000025
              ],
              [
                124.14713431700011,
                12.844425392000062
              ],
              [
                124.147139078,
                12.844403725000063
              ],
              [
                124.14714383900002,
                12.844358846000034
              ],
              [
                124.14714860000004,
                12.844338727000036
              ],
              [
                124.14715653500002,
                12.844269086000054
              ],
              [
                124.14716447,
                12.844227301000046
              ],
              [
                124.14716605600006,
                12.84419170700005
              ],
              [
                124.14717081800006,
                12.844173136000052
              ],
              [
                124.14717081700007,
                12.844156113000054
              ],
              [
                124.14716446700004,
                12.844126709000022
              ],
              [
                124.14716129200008,
                12.844097305000048
              ],
              [
                124.1471612900001,
                12.844043140000053
              ],
              [
                124.14715811500002,
                12.844012189000068
              ],
              [
                124.14715811400004,
                12.843990523000059
              ],
              [
                124.14715493900007,
                12.843959571000028
              ],
              [
                124.14714858900004,
                12.843928620000042
              ],
              [
                124.14714382600005,
                12.843886836000024
              ],
              [
                124.14714382500006,
                12.843865170000072
              ],
              [
                124.14714064900011,
                12.84383421800004
              ],
              [
                124.14714223600004,
                12.843818742000053
              ],
              [
                124.14714223500005,
                12.843789338000022
              ],
              [
                124.14714699600006,
                12.843755292000026
              ],
              [
                124.14715175700007,
                12.843735173000027
              ],
              [
                124.14716445500005,
                12.843705769000053
              ],
              [
                124.14718826300009,
                12.843662436000045
              ],
              [
                124.14721832400005,
                12.843590773000074
              ],
              [
                124.14723578300004,
                12.843531965000068
              ],
              [
                124.14724054400006,
                12.843521132000035
              ],
              [
                124.14724530600006,
                12.843499465000036
              ],
              [
                124.14725165400012,
                12.843482442000038
              ],
              [
                124.14725165400012,
                12.843477799000027
              ],
              [
                124.14725482800009,
                12.843470061000062
              ],
              [
                124.14726752500007,
                12.843415896000067
              ],
              [
                124.14727070000004,
                12.843408158000045
              ],
              [
                124.14727070000004,
                12.843401967000034
              ],
              [
                124.14727863500002,
                12.843366373000038
              ],
              [
                124.14728339600003,
                12.843338516000074
              ],
              [
                124.14728339600003,
                12.843330778000052
              ],
              [
                124.14728657,
                12.843318398000065
              ],
              [
                124.14729133000003,
                12.843268875000035
              ],
              [
                124.14729767900008,
                12.843247209000026
              ],
              [
                124.14732466100008,
                12.843186853000077
              ],
              [
                124.14732624800001,
                12.843179115000055
              ],
              [
                124.14733259700006,
                12.843166734000022
              ],
              [
                124.147348469,
                12.843126497000071
              ],
              [
                124.14739767200001,
                12.843035188000044
              ],
              [
                124.14739925900005,
                12.843027451000069
              ],
              [
                124.14740719500003,
                12.84300733200007
              ],
              [
                124.14741671800004,
                12.842988761000072
              ],
              [
                124.14744687500001,
                12.842942333000053
              ],
              [
                124.14746115900004,
                12.842911381000022
              ],
              [
                124.14747385700002,
                12.842886619000069
              ],
              [
                124.14747861800004,
                12.842880429000047
              ],
              [
                124.14748814200004,
                12.842857215000038
              ],
              [
                124.14751036200005,
                12.84281697700004
              ],
              [
                124.14752464700007,
                12.842782930000055
              ],
              [
                124.14757861200007,
                12.84269936000004
              ],
              [
                124.14759607100007,
                12.842668408000065
              ],
              [
                124.14761194300002,
                12.842651384000021
              ],
              [
                124.14762146600003,
                12.842637455000045
              ],
              [
                124.14762622800004,
                12.842634360000034
              ],
              [
                124.14763416400001,
                12.842625074000068
              ],
              [
                124.14765956000008,
                12.842587932000072
              ],
              [
                124.14767543200003,
                12.842569361000074
              ],
              [
                124.14770717700003,
                12.842535313000042
              ],
              [
                124.14775796800006,
                12.842485789000023
              ],
              [
                124.14777066600004,
                12.842476503000057
              ],
              [
                124.14779130000011,
                12.842454836000059
              ],
              [
                124.14780399800009,
                12.842444003000026
              ],
              [
                124.14780876000009,
                12.842440908000071
              ],
              [
                124.14781510900002,
                12.842439360000071
              ],
              [
                124.14783415600004,
                12.842426978000049
              ],
              [
                124.14787803200011,
                12.842386954000062
              ],
              [
                124.14789719500004,
                12.842377611000074
              ],
              [
                124.14790517900008,
                12.842377611000074
              ],
              [
                124.14791955100009,
                12.842374497000037
              ],
              [
                124.14792593900006,
                12.842371383000057
              ],
              [
                124.14793072900011,
                12.842366712000057
              ],
              [
                124.1479339230001,
                12.84236048400004
              ],
              [
                124.14793552000003,
                12.842354256000021
              ],
              [
                124.14793551900004,
                12.842337129000043
              ],
              [
                124.14792913000008,
                12.842298205000077
              ],
              [
                124.14793072600003,
                12.842253053000036
              ],
              [
                124.14794509500007,
                12.842175204000057
              ],
              [
                124.14794988500012,
                12.842128495000054
              ],
              [
                124.14795467400006,
                12.842103584000029
              ],
              [
                124.14796744800003,
                12.842053761000045
              ],
              [
                124.14798501100006,
                12.841969684000048
              ],
              [
                124.14798980100011,
                12.841935431000024
              ],
              [
                124.14799459100004,
                12.841913633000047
              ],
              [
                124.14799778500003,
                12.841905849000057
              ],
              [
                124.1479993800001,
                12.841871595000043
              ],
              [
                124.148013751,
                12.84182177200006
              ],
              [
                124.14801375000002,
                12.841792190000035
              ],
              [
                124.14801534600008,
                12.841778177000037
              ],
              [
                124.14801215200009,
                12.841762608000067
              ],
              [
                124.14801374800004,
                12.841747038000051
              ],
              [
                124.1480121510001,
                12.841739253000071
              ],
              [
                124.14801374700005,
                12.841697215000067
              ],
              [
                124.14800895600001,
                12.84168320300006
              ],
              [
                124.14800576100004,
                12.841664520000052
              ],
              [
                124.14799458200002,
                12.841641166000045
              ],
              [
                124.14799298500009,
                12.841634938000027
              ],
              [
                124.14795625400006,
                12.841569547000063
              ],
              [
                124.14791633100003,
                12.841529067000067
              ],
              [
                124.14789876400005,
                12.841507270000022
              ],
              [
                124.1478684220001,
                12.841483916000072
              ],
              [
                124.14784925900005,
                12.841477689000044
              ],
              [
                124.1478364840001,
                12.841479247000052
              ],
              [
                124.14780454600009,
                12.84149326000005
              ],
              [
                124.14779336800007,
                12.84150104500003
              ],
              [
                124.14777580300006,
                12.841516615000046
              ],
              [
                124.14776781900002,
                12.841529071000025
              ],
              [
                124.14775823800005,
                12.841547755000022
              ],
              [
                124.14775344800012,
                12.841564882000057
              ],
              [
                124.1477534490001,
                12.841592907000063
              ],
              [
                124.1477566430001,
                12.841610034000041
              ],
              [
                124.14775983700008,
                12.84161626100007
              ],
              [
                124.14775983700008,
                12.84162404600005
              ],
              [
                124.14776303200006,
                12.841636502000028
              ],
              [
                124.14776303200006,
                12.841658299000073
              ],
              [
                124.147758242,
                12.841670755000052
              ],
              [
                124.14774546700005,
                12.84168788200003
              ],
              [
                124.14773428900003,
                12.841698781000048
              ],
              [
                124.14770714200006,
                12.841715908000026
              ],
              [
                124.14768798000011,
                12.841720580000072
              ],
              [
                124.14766242900009,
                12.841719023000053
              ],
              [
                124.14764805700008,
                12.841714353000043
              ],
              [
                124.14763049100009,
                12.841705012000034
              ],
              [
                124.14762410300011,
                12.841703455000072
              ],
              [
                124.14758736600004,
                12.841684772000065
              ],
              [
                124.14756021800008,
                12.841683216000035
              ],
              [
                124.1475538310001,
                12.841684773000054
              ],
              [
                124.14752189300009,
                12.841684774000043
              ],
              [
                124.14748356700011,
                12.841678548000061
              ],
              [
                124.14746280700001,
                12.841672320000043
              ],
              [
                124.14744843500011,
                12.841666093000072
              ],
              [
                124.14741330200002,
                12.841645853000045
              ],
              [
                124.1474053180001,
                12.841642740000054
              ],
              [
                124.1473909450001,
                12.841633398000056
              ],
              [
                124.14735421600005,
                12.841617830000075
              ],
              [
                124.14733345600007,
                12.841606932000047
              ],
              [
                124.14731109900004,
                12.84159292000004
              ],
              [
                124.1472919360001,
                12.84158357900003
              ],
              [
                124.14722167100001,
                12.841539986000043
              ],
              [
                124.14716577800004,
                12.841499506000048
              ],
              [
                124.14713703300004,
                12.84147303900005
              ],
              [
                124.14711467600011,
                12.841448128000025
              ],
              [
                124.14709391600002,
                12.841432559000054
              ],
              [
                124.1470859310001,
                12.841423217000056
              ],
              [
                124.14706676800006,
                12.841409205000048
              ],
              [
                124.14705878300003,
                12.841406091000067
              ],
              [
                124.14704441100002,
                12.841404535000038
              ],
              [
                124.1470188610001,
                12.841406093000046
              ],
              [
                124.146998101,
                12.841404536000027
              ],
              [
                124.1469869230001,
                12.841398309000056
              ],
              [
                124.14698213200006,
                12.841393638000056
              ],
              [
                124.14697893800007,
                12.841387410000038
              ],
              [
                124.14697574400009,
                12.84137339700004
              ],
              [
                124.14697574200011,
                12.841303334000031
              ],
              [
                124.14696775700008,
                12.841290879000042
              ],
              [
                124.14694859400004,
                12.841276867000033
              ],
              [
                124.14692144600008,
                12.841264412000044
              ],
              [
                124.14688950800007,
                12.841262855000025
              ],
              [
                124.14687832900006,
                12.841265970000052
              ],
              [
                124.1468655540001,
                12.84127219800007
              ],
              [
                124.14685118300008,
                12.841281540000068
              ],
              [
                124.14683681000008,
                12.841281540000068
              ],
              [
                124.14681764700003,
                12.841278427000077
              ],
              [
                124.14686395800004,
                12.84119456700006
              ],
              [
                124.14689589200009,
                12.84113674100007
              ],
              [
                124.14691413800006,
                12.841152545000057
              ],
              [
                124.1469333010001,
                12.841163443000028
              ],
              [
                124.14693649500009,
                12.841168114000027
              ],
              [
                124.14695725600006,
                12.841186797000034
              ],
              [
                124.1469764200001,
                12.841216379000059
              ],
              [
                124.14700995600003,
                12.841230391000067
              ],
              [
                124.14702911900008,
                12.841244404000065
              ],
              [
                124.14704508900002,
                12.841253745000074
              ],
              [
                124.14706584900011,
                12.841272428000025
              ],
              [
                124.14708181900005,
                12.84128488400006
              ],
              [
                124.14708820600003,
                12.841287997000052
              ],
              [
                124.14710937000007,
                12.841316884000037
              ],
              [
                124.14711216100011,
                12.841320693000057
              ],
              [
                124.14711854900008,
                12.841326921000075
              ],
              [
                124.1471329210001,
                12.841336263000073
              ],
              [
                124.14714090600012,
                12.841339376000064
              ],
              [
                124.1471616660001,
                12.841342490000045
              ],
              [
                124.14716220700006,
                12.841342688000054
              ],
              [
                124.14717444200005,
                12.841347160000055
              ],
              [
                124.14718242600009,
                12.841347160000055
              ],
              [
                124.14720797700011,
                12.841356501000064
              ],
              [
                124.14721596200002,
                12.841361172000063
              ],
              [
                124.1472223500001,
                12.841370514000062
              ],
              [
                124.14722489000007,
                12.841373300000043
              ],
              [
                124.14724790100001,
                12.841398538000021
              ],
              [
                124.1472542890001,
                12.841401652000059
              ],
              [
                124.14727025800005,
                12.84140009500004
              ],
              [
                124.14727391500003,
                12.841397242000028
              ],
              [
                124.14730219500007,
                12.841375183000025
              ],
              [
                124.14731656700008,
                12.841368954000075
              ],
              [
                124.14732614900004,
                12.841368954000075
              ],
              [
                124.14733253600002,
                12.841370511000036
              ],
              [
                124.14736926600006,
                12.841390751000063
              ],
              [
                124.14739002600004,
                12.841398535000053
              ],
              [
                124.14741398000001,
                12.841404762000025
              ],
              [
                124.14744272400003,
                12.841409432000034
              ],
              [
                124.14745070800006,
                12.841409432000034
              ],
              [
                124.14748584100005,
                12.841417216000025
              ],
              [
                124.1475050040001,
                12.841425
              ],
              [
                124.14753215200005,
                12.841439012000023
              ],
              [
                124.14755610500004,
                12.841445239000052
              ],
              [
                124.14757367100003,
                12.841445239000052
              ],
              [
                124.14760081800011,
                12.841440567000063
              ],
              [
                124.14765511300004,
                12.841420325000058
              ],
              [
                124.14769343800003,
                12.84142343800005
              ],
              [
                124.14771898900005,
                12.841421880000041
              ],
              [
                124.14773336100006,
                12.841417209000042
              ],
              [
                124.14776529800008,
                12.841403195000055
              ],
              [
                124.147816239,
                12.841363854000065
              ],
              [
                124.14783061100002,
                12.841354512000066
              ],
              [
                124.14784498200004,
                12.84133894200005
              ],
              [
                124.14785935400005,
                12.841318701000034
              ],
              [
                124.14787372500007,
                12.841304688000037
              ],
              [
                124.14788650000003,
                12.841296903000057
              ],
              [
                124.14789448500005,
                12.841295346000038
              ],
              [
                124.14791205100005,
                12.841284447000021
              ],
              [
                124.14794718100006,
                12.841256420000036
              ],
              [
                124.14795835900009,
                12.841250192000075
              ],
              [
                124.14799508700003,
                12.841212824000024
              ],
              [
                124.14800945900004,
                12.841200368000045
              ],
              [
                124.14803660500002,
                12.841183240000078
              ],
              [
                124.14806854300002,
                12.841169227000023
              ],
              [
                124.14809409300005,
                12.841155213000036
              ],
              [
                124.14810686800001,
                12.841145871000037
              ],
              [
                124.14815637100003,
                12.841119401000071
              ],
              [
                124.1481691460001,
                12.841116287000034
              ],
              [
                124.14819948700006,
                12.841119400000025
              ],
              [
                124.14822344100003,
                12.841119399000036
              ],
              [
                124.14823142500006,
                12.841117842000074
              ],
              [
                124.14824579700007,
                12.841111614000056
              ],
              [
                124.14826336200008,
                12.84110071400005
              ],
              [
                124.14827773400009,
                12.841094486000031
              ],
              [
                124.14830647800011,
                12.841071131000035
              ],
              [
                124.14831446200003,
                12.841057118000037
              ],
              [
                124.14831925200008,
                12.841044662000058
              ],
              [
                124.14832883300005,
                12.841032206000023
              ],
              [
                124.14833522000004,
                12.841027535000023
              ],
              [
                124.14836396400005,
                12.841018192000035
              ],
              [
                124.14837673900001,
                12.841016635000074
              ],
              [
                124.14838472400004,
                12.841013521000036
              ],
              [
                124.14840867700002,
                12.841011963000028
              ],
              [
                124.1484533900001,
                12.841005734000078
              ],
              [
                124.14846616500006,
                12.841005733000031
              ],
              [
                124.14849490900008,
                12.841001061000043
              ],
              [
                124.14852045900011,
                12.840983934000064
              ],
              [
                124.14855239600001,
                12.84096680600004
              ],
              [
                124.14859231900004,
                12.84096680500005
              ],
              [
                124.14862745000005,
                12.840959019000024
              ],
              [
                124.148640225,
                12.840954348000025
              ],
              [
                124.1486684680001,
                12.840938774000051
              ],
              [
                124.14868443700004,
                12.84093566000007
              ],
              [
                124.14869561500007,
                12.840930989000071
              ],
              [
                124.14870839000002,
                12.840920089000065
              ],
              [
                124.14871637400006,
                12.840907633000029
              ],
              [
                124.14873074500008,
                12.840864038000063
              ],
              [
                124.14873872900012,
                12.840848468000047
              ],
              [
                124.14875310000002,
                12.84082667000007
              ],
              [
                124.14876906900008,
                12.840809543000034
              ],
              [
                124.1487834400001,
                12.840800200000047
              ],
              [
                124.14879142500001,
                12.840797086000066
              ],
              [
                124.1487978130001,
                12.840795529000047
              ],
              [
                124.14882017000002,
                12.840800199000057
              ],
              [
                124.14885051200008,
                12.840812654000047
              ],
              [
                124.14888883800006,
                12.840811096000039
              ],
              [
                124.14893834100008,
                12.840790854000034
              ],
              [
                124.14899423200006,
                12.84075659900003
              ],
              [
                124.1490022160001,
                12.840755042000069
              ],
              [
                124.14902297600008,
                12.840759712000022
              ],
              [
                124.1490341550001,
                12.840769054000077
              ],
              [
                124.14903734900008,
                12.840776838000068
              ],
              [
                124.14903735000007,
                12.840784623000047
              ],
              [
                124.14903415600008,
                12.840800193000064
              ],
              [
                124.1490357560001,
                12.840868700000044
              ],
              [
                124.1490325630001,
                12.84088427000006
              ],
              [
                124.14902298200002,
                12.840898283000058
              ],
              [
                124.1490181910001,
                12.840902954000057
              ],
              [
                124.1489974320001,
                12.840915410000036
              ],
              [
                124.14896389800003,
                12.840929424000024
              ],
              [
                124.1489303620001,
                12.840935653000031
              ],
              [
                124.14891599000009,
                12.840935653000031
              ],
              [
                124.14889363400005,
                12.840938768000058
              ],
              [
                124.14884892000009,
                12.840941883000028
              ],
              [
                124.14882975700004,
                12.840946554000027
              ],
              [
                124.1488137880001,
                12.840954340000053
              ],
              [
                124.14880261000008,
                12.84096523900007
              ],
              [
                124.14878504500007,
                12.840996379000046
              ],
              [
                124.14877706200002,
                12.841021291000061
              ],
              [
                124.14877706200002,
                12.84103374600005
              ],
              [
                124.148780256,
                12.84104153100003
              ],
              [
                124.14878185300006,
                12.841044645000068
              ],
              [
                124.14878824100003,
                12.841047759000048
              ],
              [
                124.1488010170001,
                12.84105087200004
              ],
              [
                124.14880900100002,
                12.84105087200004
              ],
              [
                124.14884732700011,
                12.84104308600007
              ],
              [
                124.14886968400003,
                12.841043085000024
              ],
              [
                124.14889044400002,
                12.841049313000042
              ],
              [
                124.14890322000008,
                12.841057097000032
              ],
              [
                124.14893835300006,
                12.841089792000048
              ],
              [
                124.14895272600006,
                12.841105361000075
              ],
              [
                124.14895911400004,
                12.841110032000074
              ],
              [
                124.14898786000003,
                12.84114584100007
              ],
              [
                124.14900542600003,
                12.841164525000067
              ],
              [
                124.14901341100006,
                12.841176980000057
              ],
              [
                124.1490293810001,
                12.841194106000046
              ],
              [
                124.14903576900008,
                12.841209676000062
              ],
              [
                124.14904215900003,
                12.841247042000077
              ],
              [
                124.1490373690001,
                12.841270397000073
              ],
              [
                124.14902619100008,
                12.84130153700005
              ],
              [
                124.14902938600005,
                12.841326448000075
              ],
              [
                124.14903737100008,
                12.841345131000026
              ],
              [
                124.14905334200012,
                12.84137159900007
              ],
              [
                124.14909326500003,
                12.841398066000068
              ],
              [
                124.14911881700004,
                12.841419863000056
              ],
              [
                124.14912839900012,
                12.841432318000045
              ],
              [
                124.14915554800007,
                12.84147746900004
              ],
              [
                124.1491603390001,
                12.841489925000076
              ],
              [
                124.14916353300009,
                12.841505494000046
              ],
              [
                124.14916193800002,
                12.841559988000029
              ],
              [
                124.14916673000005,
                12.841583342000035
              ],
              [
                124.14917311800002,
                12.841594241000053
              ],
              [
                124.14918110300005,
                12.841597354000044
              ],
              [
                124.14919866900004,
                12.841597354000044
              ],
              [
                124.14922581600001,
                12.841592682000055
              ],
              [
                124.1492322040001,
                12.841589568000074
              ],
              [
                124.14924178500007,
                12.841588010000066
              ],
              [
                124.14925775400002,
                12.841588010000066
              ],
              [
                124.14927212600003,
                12.841589566000039
              ],
              [
                124.14927691700007,
                12.841595794000057
              ],
              [
                124.14927372400007,
                12.841617592000034
              ],
              [
                124.14927053100007,
                12.841623820000052
              ],
              [
                124.14926095100009,
                12.841665858000056
              ],
              [
                124.14926095100009,
                12.841681428000072
              ],
              [
                124.14926414600006,
                12.841693883000062
              ],
              [
                124.14927692200001,
                12.84171568000005
              ],
              [
                124.14930566700002,
                12.841757717000064
              ],
              [
                124.14931684600003,
                12.841768615000035
              ],
              [
                124.14932642800011,
                12.84178107100007
              ],
              [
                124.14934878600002,
                12.84180286700007
              ],
              [
                124.14936475600007,
                12.841830892000075
              ],
              [
                124.1493727410001,
                12.841857360000063
              ],
              [
                124.149377533,
                12.841882271000031
              ],
              [
                124.149377533,
                12.84189161300003
              ],
              [
                124.14939031000006,
                12.841944549000061
              ],
              [
                124.14940149000006,
                12.841972574000067
              ],
              [
                124.149428639,
                12.842020839000043
              ],
              [
                124.149443012,
                12.842037965000031
              ],
              [
                124.14947335400007,
                12.842065990000037
              ],
              [
                124.14948612900002,
                12.842070660000047
              ],
              [
                124.14951966400008,
                12.842067545000077
              ],
              [
                124.14953882700001,
                12.842075329000068
              ],
              [
                124.14954840900009,
                12.842086227000038
              ],
              [
                124.14956118500004,
                12.842095569000037
              ],
              [
                124.14957555700005,
                12.842103353000027
              ],
              [
                124.14958354200007,
                12.842106467000065
              ],
              [
                124.14959791400008,
                12.842104909000057
              ],
              [
                124.14961707700002,
                12.842097124000077
              ],
              [
                124.14963304500009,
                12.842081553000071
              ],
              [
                124.14963623900007,
                12.842073768000034
              ],
              [
                124.149641029,
                12.842067540000073
              ],
              [
                124.14964741600011,
                12.842034844000068
              ],
              [
                124.14964581800007,
                12.842019274000052
              ],
              [
                124.14964262400008,
                12.842013046000034
              ],
              [
                124.14964262400008,
                12.842005262000043
              ],
              [
                124.14963144500007,
                12.841986578000046
              ],
              [
                124.1496218630001,
                12.841975680000075
              ],
              [
                124.14960908600005,
                12.841939870000033
              ],
              [
                124.14960589100008,
                12.841905617000066
              ],
              [
                124.14959311400003,
                12.841840225000055
              ],
              [
                124.14959630700002,
                12.84181998500003
              ],
              [
                124.14959630600003,
                12.84180441500007
              ],
              [
                124.14959949900003,
                12.841787288000035
              ],
              [
                124.14961067700006,
                12.841767047000076
              ],
              [
                124.14962983900011,
                12.841742135000061
              ],
              [
                124.14963942000009,
                12.841732793000062
              ],
              [
                124.14965538900003,
                12.841723451000064
              ],
              [
                124.14968413200006,
                12.841712551000057
              ],
              [
                124.14970169800006,
                12.841709437000077
              ],
              [
                124.1497208610001,
                12.84170943600003
              ],
              [
                124.1497384270001,
                12.84170632100006
              ],
              [
                124.14975599200011,
                12.841692308000063
              ],
              [
                124.14976557300008,
                12.841675181000028
              ],
              [
                124.14976716900003,
                12.841668953000067
              ],
              [
                124.14976716900003,
                12.84166116800003
              ],
              [
                124.14976397500004,
                12.84164871300004
              ],
              [
                124.14975279600003,
                12.841626916000052
              ],
              [
                124.14974161700002,
                12.841608233000045
              ],
              [
                124.14972405000003,
                12.841592664000075
              ],
              [
                124.149716065,
                12.841580208000039
              ],
              [
                124.14971287100002,
                12.841564639000069
              ],
              [
                124.14971287000003,
                12.841556854000032
              ],
              [
                124.14971606400002,
                12.841550626000071
              ],
              [
                124.14971766100007,
                12.841542841000035
              ],
              [
                124.1497256450001,
                12.841528828000037
              ],
              [
                124.14973043500004,
                12.841524157000038
              ],
              [
                124.14973841900007,
                12.841508587000021
              ],
              [
                124.14974321000011,
                12.841503916000022
              ],
              [
                124.14975438700003,
                12.841485232000025
              ],
              [
                124.14976875900004,
                12.841472776000046
              ],
              [
                124.1498022930001,
                12.84144942100005
              ],
              [
                124.1498054860001,
                12.841443193000032
              ],
              [
                124.1498054860001,
                12.841435408000052
              ],
              [
                124.14980069500007,
                12.841422952000073
              ],
              [
                124.14979590400003,
                12.841419839000025
              ],
              [
                124.14978153200002,
                12.841415168000026
              ],
              [
                124.14976077200004,
                12.841415169000072
              ],
              [
                124.14975438400006,
                12.841410498000073
              ],
              [
                124.14975119000007,
                12.841402714000026
              ],
              [
                124.14975119000007,
                12.841393372000027
              ],
              [
                124.14975757600007,
                12.841365347000021
              ],
              [
                124.14976236700011,
                12.841357561000052
              ],
              [
                124.1497687530001,
                12.841338878000045
              ],
              [
                124.14977673700002,
                12.841307738000069
              ],
              [
                124.14978472100006,
                12.841293725000071
              ],
              [
                124.14979110800004,
                12.841285940000034
              ],
              [
                124.14979909200008,
                12.841278155000055
              ],
              [
                124.1498102700001,
                12.841270370000075
              ],
              [
                124.14981825500001,
                12.841268813000056
              ],
              [
                124.14984061100006,
                12.841273483000066
              ],
              [
                124.14984699900003,
                12.841276596000057
              ],
              [
                124.14986137100004,
                12.841278153000076
              ],
              [
                124.14987574300005,
                12.84127348100003
              ],
              [
                124.14988692100007,
                12.841261025000051
              ],
              [
                124.149891711,
                12.841248569000072
              ],
              [
                124.149891711,
                12.841239228000063
              ],
              [
                124.14988532300003,
                12.841226772000027
              ],
              [
                124.14987254700009,
                12.841209646000038
              ],
              [
                124.14986935200011,
                12.841194077000068
              ],
              [
                124.14987094900005,
                12.841175393000071
              ],
              [
                124.1498757390001,
                12.841161380000074
              ],
              [
                124.1498964970001,
                12.841136468000059
              ],
              [
                124.14990448200001,
                12.84113179700006
              ],
              [
                124.14990927200006,
                12.841125569000042
              ],
              [
                124.14991566000003,
                12.841120898000042
              ],
              [
                124.14992364400007,
                12.841111556000044
              ],
              [
                124.14993641800004,
                12.841089758000066
              ],
              [
                124.14995078900006,
                12.84107418800005
              ],
              [
                124.14996356400002,
                12.841067959000043
              ],
              [
                124.14996835500006,
                12.841072630000042
              ],
              [
                124.14996835600004,
                12.84107885800006
              ],
              [
                124.14996516200006,
                12.84108664300004
              ],
              [
                124.14996356600011,
                12.841108440000028
              ],
              [
                124.14996516300005,
                12.841116225000064
              ],
              [
                124.14996835700003,
                12.841122453000025
              ],
              [
                124.149974745,
                12.841130237000073
              ],
              [
                124.1499955050001,
                12.841142692000062
              ],
              [
                124.15002265300006,
                12.841152033000071
              ],
              [
                124.1500482030001,
                12.841156703000024
              ],
              [
                124.15005459100007,
                12.841156703000024
              ],
              [
                124.15006736600003,
                12.841153588000054
              ],
              [
                124.1500910630001,
                12.841135911000038
              ],
              [
                124.15010224100001,
                12.84111722700004
              ],
              [
                124.15011661200003,
                12.841087644000027
              ],
              [
                124.15012619200002,
                12.84105339000007
              ],
              [
                124.15012619100003,
                12.841028479000045
              ],
              [
                124.15011820500001,
                12.84099578300004
              ],
              [
                124.15010223500008,
                12.840966201000072
              ],
              [
                124.15009424900006,
                12.840928834000067
              ],
              [
                124.15009105400009,
                12.840899252000042
              ],
              [
                124.15008306800007,
                12.840866556000037
              ],
              [
                124.1500798730001,
                12.84084475900005
              ],
              [
                124.1500798730001,
                12.840827632000071
              ],
              [
                124.1500830660001,
                12.840808948000074
              ],
              [
                124.15009104900003,
                12.840784037000049
              ],
              [
                124.15009584000006,
                12.840776252000069
              ],
              [
                124.15010063000011,
                12.840762239000071
              ],
              [
                124.1501070170001,
                12.840749783000035
              ],
              [
                124.15012138800012,
                12.840731099000038
              ],
              [
                124.15014853500008,
                12.84071397100007
              ],
              [
                124.1501804720001,
                12.840698400000065
              ],
              [
                124.15018526300003,
                12.840693729000066
              ],
              [
                124.1502012310001,
                12.840685944000029
              ],
              [
                124.15022358800002,
                12.84067815800006
              ],
              [
                124.15022997500012,
                12.84067348700006
              ],
              [
                124.15023795900004,
                12.840670373000023
              ],
              [
                124.15024913700006,
                12.840661031000025
              ],
              [
                124.15026031500008,
                12.840642347000028
              ],
              [
                124.15027788000009,
                12.84062989000006
              ],
              [
                124.15028586500011,
                12.84062989000006
              ],
              [
                124.1502922520001,
                12.84063300400004
              ],
              [
                124.15030023700001,
                12.84063767400005
              ],
              [
                124.15030981900009,
                12.840647016000048
              ],
              [
                124.1503241910001,
                12.840653243000077
              ],
              [
                124.15033696600005,
                12.840651685000068
              ],
              [
                124.15034495000009,
                12.840648571000031
              ],
              [
                124.15035133800006,
                12.840643900000032
              ],
              [
                124.15036091900004,
                12.840634558000033
              ],
              [
                124.15036730600002,
                12.840620545000036
              ],
              [
                124.15036411100004,
                12.84058784900003
              ],
              [
                124.1503689000001,
                12.840564494000034
              ],
              [
                124.15037209400009,
                12.840559823000035
              ],
              [
                124.15038486900005,
                12.840550481000037
              ],
              [
                124.15039285300008,
                12.840539582000076
              ],
              [
                124.15039604600008,
                12.840525569000022
              ],
              [
                124.15040083600002,
                12.840514670000061
              ],
              [
                124.15040722300012,
                12.840486645000055
              ],
              [
                124.15041840000004,
                12.84046640400004
              ],
              [
                124.15042957800006,
                12.84045861900006
              ],
              [
                124.15044395000007,
                12.840452390000053
              ],
              [
                124.15047908100007,
                12.840443047000065
              ],
              [
                124.15049185600003,
                12.840443047000065
              ],
              [
                124.15051261600001,
                12.840447717000075
              ],
              [
                124.15052539100009,
                12.840453944000046
              ],
              [
                124.15053337600011,
                12.840455501000065
              ],
              [
                124.15058767200003,
                12.840483524000035
              ],
              [
                124.15060204400004,
                12.840492865000044
              ],
              [
                124.15060843200001,
                12.840499092000073
              ],
              [
                124.15062280500001,
                12.840524003000041
              ],
              [
                124.15062599900011,
                12.840542687000038
              ],
              [
                124.15063686500002,
                12.84056337900006
              ],
              [
                124.15063530000009,
                12.84056643100007
              ],
              [
                124.15063530100008,
                12.84058931900006
              ],
              [
                124.15063060700004,
                12.840603052000063
              ],
              [
                124.1506212170001,
                12.840618311000071
              ],
              [
                124.15061026300009,
                12.840630518000069
              ],
              [
                124.15060400300001,
                12.840645777000077
              ],
              [
                124.15060087400002,
                12.840662562000034
              ],
              [
                124.15060244000006,
                12.840677820000053
              ],
              [
                124.15060870000002,
                12.840693079000062
              ],
              [
                124.15061809000008,
                12.84070528500007
              ],
              [
                124.150638436,
                12.84071749100002
              ],
              [
                124.15065878100006,
                12.840715965000072
              ],
              [
                124.15067912500001,
                12.840702231000023
              ],
              [
                124.15068851500007,
                12.840691549000042
              ],
              [
                124.15071981300002,
                12.840645772000073
              ],
              [
                124.15074328700007,
                12.840624409000043
              ],
              [
                124.15075267700001,
                12.840609150000034
              ],
              [
                124.15076676100011,
                12.840592365000077
              ],
              [
                124.15077458600001,
                12.840592365000077
              ],
              [
                124.15078241100002,
                12.840595416000042
              ],
              [
                124.15079806200004,
                12.840604571000028
              ],
              [
                124.15081527600012,
                12.840604570000039
              ],
              [
                124.15082779600004,
                12.840598466000074
              ],
              [
                124.15083249100007,
                12.840593888000058
              ],
              [
                124.1508403150001,
                12.84058168100006
              ],
              [
                124.15084344500008,
                12.840567948000057
              ],
              [
                124.15084344400009,
                12.84055879300007
              ],
              [
                124.15083874900006,
                12.840545061000057
              ],
              [
                124.1508324880001,
                12.84053285400006
              ],
              [
                124.15083092300006,
                12.840516070000035
              ],
              [
                124.15084187700006,
                12.840503862000048
              ],
              [
                124.15087943600008,
                12.840491654000061
              ],
              [
                124.15088569600005,
                12.840471817000036
              ],
              [
                124.15088569500006,
                12.840456559000074
              ],
              [
                124.1508903890001,
                12.840442826000071
              ],
              [
                124.15089351900008,
                12.840438248000055
              ],
              [
                124.15090134400009,
                12.84043977400006
              ],
              [
                124.15090760400005,
                12.84044435100003
              ],
              [
                124.15091699400011,
                12.84044435100003
              ],
              [
                124.15092951400004,
                12.84043672100006
              ],
              [
                124.15093890300011,
                12.840424514000063
              ],
              [
                124.150946728,
                12.840407729000049
              ],
              [
                124.15094672700002,
                12.840401626000073
              ],
              [
                124.1509529870001,
                12.840386367000065
              ],
              [
                124.15095924600007,
                12.840378737000037
              ],
              [
                124.15096863600002,
                12.84036958200005
              ],
              [
                124.15097959000002,
                12.840361952000023
              ],
              [
                124.1510015,
                12.840349744000036
              ],
              [
                124.15101402000005,
                12.840345166000077
              ],
              [
                124.15103592900005,
                12.840343639000025
              ],
              [
                124.15105471000004,
                12.840349742000058
              ],
              [
                124.15106566500003,
                12.840358896000055
              ],
              [
                124.15107036000006,
                12.840365
              ],
              [
                124.15107349100003,
                12.840378732000033
              ],
              [
                124.15107349200002,
                12.840400094000074
              ],
              [
                124.15106879700011,
                12.840407724000045
              ],
              [
                124.15106410200008,
                12.840413827000077
              ],
              [
                124.1510390630001,
                12.840432139000029
              ],
              [
                124.15102028400008,
                12.840450450000048
              ],
              [
                124.15100776500003,
                12.840480967000076
              ],
              [
                124.15100463700003,
                12.840508433000025
              ],
              [
                124.15100463700003,
                12.840523691000044
              ],
              [
                124.15100776800011,
                12.840537424000047
              ],
              [
                124.15101559300001,
                12.840549630000055
              ],
              [
                124.15102498400006,
                12.840555734000077
              ],
              [
                124.15105315400001,
                12.840567939000039
              ],
              [
                124.15111888400008,
                12.840583195000022
              ],
              [
                124.1511267090001,
                12.840583195000022
              ],
              [
                124.15114705400003,
                12.840574039000046
              ],
              [
                124.15115800800004,
                12.84056488300007
              ],
              [
                124.15116896300003,
                12.840558779000048
              ],
              [
                124.151183048,
                12.840560304000064
              ],
              [
                124.15120495800011,
                12.840569458000061
              ],
              [
                124.1512159130001,
                12.840569458000061
              ],
              [
                124.15122843300003,
                12.84056640600005
              ],
              [
                124.15123938800002,
                12.840557250000074
              ],
              [
                124.15125190600008,
                12.840532836000023
              ],
              [
                124.15125190600008,
                12.840517577000071
              ],
              [
                124.15124877500011,
                12.840509948000033
              ],
              [
                124.15123938500005,
                12.840497742000025
              ],
              [
                124.15122686400002,
                12.840487061000033
              ],
              [
                124.15121121400011,
                12.840477907000036
              ],
              [
                124.15119086900006,
                12.840468753000039
              ],
              [
                124.15117834900002,
                12.840465702000074
              ],
              [
                124.151170524,
                12.840465702000074
              ],
              [
                124.15116426400004,
                12.840462650000063
              ],
              [
                124.15115956900001,
                12.840458073000036
              ],
              [
                124.15115643800004,
                12.840450444000055
              ],
              [
                124.15115487300011,
                12.84043366000003
              ],
              [
                124.1511580020001,
                12.840419927000028
              ],
              [
                124.15117678000001,
                12.840387883000062
              ],
              [
                124.1511830390001,
                12.840366521000021
              ],
              [
                124.1511830390001,
                12.840349736000064
              ],
              [
                124.15118147300007,
                12.840343633000032
              ],
              [
                124.1511752130001,
                12.840329901000075
              ],
              [
                124.1511673870001,
                12.840320746000032
              ],
              [
                124.15116425700012,
                12.840314643000056
              ],
              [
                124.15116112600003,
                12.840293281000072
              ],
              [
                124.1511407800001,
                12.840271920000077
              ],
              [
                124.1511329550001,
                12.840267342000061
              ],
              [
                124.15112669500002,
                12.840261239000029
              ],
              [
                124.15110791500001,
                12.840255137000042
              ],
              [
                124.15107974500006,
                12.840250560000072
              ],
              [
                124.15106722500002,
                12.84024445700004
              ],
              [
                124.15105313900006,
                12.84022462200005
              ],
              [
                124.15104844300004,
                12.840209364000032
              ],
              [
                124.15104844200005,
                12.840166640000064
              ],
              [
                124.15105783000001,
                12.840140700000063
              ],
              [
                124.15106096000011,
                12.840134596000041
              ],
              [
                124.15107817400008,
                12.840113234000057
              ],
              [
                124.15110321300006,
                12.840096448000054
              ],
              [
                124.15111886200009,
                12.840082715000051
              ],
              [
                124.15113138200002,
                12.840075085000024
              ],
              [
                124.1511376420001,
                12.840075085000024
              ],
              [
                124.15116424700011,
                12.840088816000048
              ],
              [
                124.151172072,
                12.840090342000053
              ],
              [
                124.1511861570001,
                12.840085764000037
              ],
              [
                124.15119085200001,
                12.840081186000077
              ],
              [
                124.151193981,
                12.840067453000074
              ],
              [
                124.15119241500008,
                12.840056772000025
              ],
              [
                124.15118772000005,
                12.840049143000044
              ],
              [
                124.15116580900008,
                12.840023205000023
              ],
              [
                124.15116424400003,
                12.840017101000058
              ],
              [
                124.15116580800009,
                12.840003368000055
              ],
              [
                124.15117676200009,
                12.839985058000025
              ],
              [
                124.15119241200011,
                12.839969799000073
              ],
              [
                124.1512174510001,
                12.83995759100003
              ],
              [
                124.15123936000009,
                12.83994996000007
              ],
              [
                124.15125344500007,
                12.839940805000026
              ],
              [
                124.15126283400002,
                12.839930123000045
              ],
              [
                124.15126752900005,
                12.839927072000023
              ],
              [
                124.151276918,
                12.83990570900005
              ],
              [
                124.15127535200008,
                12.839881295000055
              ],
              [
                124.15126596100004,
                12.839853830000038
              ],
              [
                124.1512675250001,
                12.839847727000063
              ],
              [
                124.15127222000001,
                12.839843149000046
              ],
              [
                124.15127848000009,
                12.839840097000035
              ],
              [
                124.15128474000005,
                12.839840097000035
              ],
              [
                124.15130821500009,
                12.839844674000062
              ],
              [
                124.15132073500001,
                12.839844673000073
              ],
              [
                124.15135203400007,
                12.839838568000062
              ],
              [
                124.15135829400003,
                12.839840094000067
              ],
              [
                124.15137394500005,
                12.839853826000024
              ],
              [
                124.1513833350001,
                12.839866032000032
              ],
              [
                124.15138959600006,
                12.839879765000035
              ],
              [
                124.15140211700009,
                12.839899600000024
              ],
              [
                124.15140837700005,
                12.83990417800004
              ],
              [
                124.15141620200006,
                12.839908755000067
              ],
              [
                124.15143654700012,
                12.839910280000026
              ],
              [
                124.15144906700004,
                12.839908753000032
              ],
              [
                124.15145376100008,
                12.839904176000061
              ],
              [
                124.15146002100005,
                12.839891968000074
              ],
              [
                124.15146627900003,
                12.839864503000058
              ],
              [
                124.15145761700012,
                12.839817097000036
              ],
              [
                124.15145918100006,
                12.839795735000052
              ],
              [
                124.1514638760001,
                12.83978200200005
              ],
              [
                124.15147326500005,
                12.839768268000057
              ],
              [
                124.15148734900004,
                12.839753009000049
              ],
              [
                124.15151238800001,
                12.83973012000007
              ],
              [
                124.15152490800006,
                12.839720965000026
              ],
              [
                124.15153273200008,
                12.839710283000045
              ],
              [
                124.15153899100005,
                12.839698076000047
              ],
              [
                124.15153899100005,
                12.83968892100006
              ],
              [
                124.15153586000008,
                12.839676714000063
              ],
              [
                124.15153899000006,
                12.839659930000039
              ],
              [
                124.15155307300006,
                12.839627886000073
              ],
              [
                124.15156246200002,
                12.839598894000062
              ],
              [
                124.15158593400008,
                12.839545488000056
              ],
              [
                124.15160940700002,
                12.839507341000058
              ],
              [
                124.15162505400008,
                12.839455461000057
              ],
              [
                124.15163913800006,
                12.839435625000021
              ],
              [
                124.15164539800003,
                12.839432573000067
              ],
              [
                124.15165009300006,
                12.839427995000051
              ],
              [
                124.151670437,
                12.839418839000075
              ],
              [
                124.15167982700007,
                12.839408157000037
              ],
              [
                124.15168608600004,
                12.83939595000004
              ],
              [
                124.15169078000008,
                12.839382217000036
              ],
              [
                124.1517095590001,
                12.839357803000041
              ],
              [
                124.15172677200007,
                12.839330337000035
              ],
              [
                124.15173772600008,
                12.83930592300004
              ],
              [
                124.15173929100001,
                12.839293716000043
              ],
              [
                124.15174711500003,
                12.839281509000045
              ],
              [
                124.15176119900002,
                12.839266249000048
              ],
              [
                124.15177215300002,
                12.839247939000074
              ],
              [
                124.1517784130001,
                12.839244887000063
              ],
              [
                124.15178623800011,
                12.839244886000074
              ],
              [
                124.15179249800008,
                12.839246412000023
              ],
              [
                124.15180345300007,
                12.839252515000055
              ],
              [
                124.15181753800005,
                12.839254040000071
              ],
              [
                124.15183318700008,
                12.839246410000044
              ],
              [
                124.15183788200011,
                12.839240306000022
              ],
              [
                124.15183944600005,
                12.83922504800006
              ],
              [
                124.1518331850001,
                12.839193005000027
              ],
              [
                124.15183318400011,
                12.839185376000046
              ],
              [
                124.15183474900005,
                12.83917927300007
              ],
              [
                124.15184570300005,
                12.83916096200005
              ],
              [
                124.1518472680001,
                12.839154858000029
              ],
              [
                124.15184883300003,
                12.839147229000048
              ],
              [
                124.15184570200006,
                12.839130445000023
              ],
              [
                124.15183787600006,
                12.839119764000031
              ],
              [
                124.15181596600007,
                12.839099929000042
              ],
              [
                124.15180814000007,
                12.83908924800005
              ],
              [
                124.15180657500002,
                12.83908161900007
              ],
              [
                124.15180814000007,
                12.839075516000037
              ],
              [
                124.15180344400005,
                12.839060257000028
              ],
              [
                124.15179874900002,
                12.839054154000053
              ],
              [
                124.15179092300002,
                12.839048051000077
              ],
              [
                124.15177370900005,
                12.83904347400005
              ],
              [
                124.1517455390001,
                12.839052631000072
              ],
              [
                124.15173614900004,
                12.839051105000067
              ],
              [
                124.15172988900008,
                12.83904652800004
              ],
              [
                124.1517267590001,
                12.839038899000059
              ],
              [
                124.151734583,
                12.839019062000034
              ],
              [
                124.15175336100003,
                12.838994648000039
              ],
              [
                124.15176588100007,
                12.838985492000063
              ],
              [
                124.15177683500008,
                12.838977862000036
              ],
              [
                124.15178935500012,
                12.83897175800007
              ],
              [
                124.1518034400001,
                12.838970232000065
              ],
              [
                124.15183630500007,
                12.838993118000076
              ],
              [
                124.151845696,
                12.839002273000062
              ],
              [
                124.15185821600005,
                12.839011428000049
              ],
              [
                124.15186291100008,
                12.839017531000025
              ],
              [
                124.15187699600006,
                12.839026685000022
              ],
              [
                124.15189734100011,
                12.83903431400006
              ],
              [
                124.15190829700009,
                12.839041942000051
              ],
              [
                124.15191455700005,
                12.839052623000043
              ],
              [
                124.1519270770001,
                12.83906177800003
              ],
              [
                124.15193959700002,
                12.83906177700004
              ],
              [
                124.1519458570001,
                12.83905872500003
              ],
              [
                124.15196620000006,
                12.83902820700007
              ],
              [
                124.15198341500002,
                12.839020577000042
              ],
              [
                124.15199436900002,
                12.839011421000066
              ],
              [
                124.15199906400005,
                12.839005318000034
              ],
              [
                124.15199749800001,
                12.838993111000036
              ],
              [
                124.15199436800003,
                12.83898700800006
              ],
              [
                124.15199436700004,
                12.838971749000052
              ],
              [
                124.15199749700002,
                12.838965646000077
              ],
              [
                124.15200219200005,
                12.838959542000055
              ],
              [
                124.15200845100003,
                12.838954964000038
              ],
              [
                124.15202097100007,
                12.838950386000022
              ],
              [
                124.15205718600009,
                12.83891397800005
              ],
              [
                124.15206970400004,
                12.838880409000069
              ],
              [
                124.15209004700012,
                12.838848365000047
              ],
              [
                124.15210882600002,
                12.838827002000073
              ],
              [
                124.15211352000006,
                12.838819373000035
              ],
              [
                124.15211352000006,
                12.838808692000043
              ],
              [
                124.15210099900003,
                12.838788856000065
              ],
              [
                124.15209786900004,
                12.838782753000032
              ],
              [
                124.15209786900004,
                12.838778176000062
              ],
              [
                124.15210256300008,
                12.83877207200004
              ],
              [
                124.15212916700011,
                12.838756812000042
              ],
              [
                124.15215107600011,
                12.838749182000072
              ],
              [
                124.15217611600008,
                12.838744603000066
              ],
              [
                124.15218863500002,
                12.838735447000033
              ],
              [
                124.15219802500008,
                12.838726292000047
              ],
              [
                124.15220271900012,
                12.838720188000025
              ],
              [
                124.15220741400003,
                12.838706455000022
              ],
              [
                124.15220741300004,
                12.838689671000054
              ],
              [
                124.15219645600007,
                12.838651525000046
              ],
              [
                124.15219802100012,
                12.83864542200007
              ],
              [
                124.15220271500004,
                12.838639318000048
              ],
              [
                124.15221367000004,
                12.838630162000072
              ],
              [
                124.15222931900007,
                12.83862405800005
              ],
              [
                124.15224809900008,
                12.838619480000034
              ],
              [
                124.15226218300006,
                12.838611850000063
              ],
              [
                124.15227157200002,
                12.838599643000066
              ],
              [
                124.15227470200011,
                12.838593539000044
              ],
              [
                124.15227626600006,
                12.838579806000041
              ],
              [
                124.15227626400008,
                12.838540134000027
              ],
              [
                124.15227939400006,
                12.838535557000057
              ],
              [
                124.15229660900002,
                12.838526401000024
              ],
              [
                124.15230130300006,
                12.838521823000065
              ],
              [
                124.15231069200001,
                12.83850198600004
              ],
              [
                124.15231225600007,
                12.838488254000026
              ],
              [
                124.152305995,
                12.838457737000056
              ],
              [
                124.15230599400002,
                12.838434849000066
              ],
              [
                124.15231381800004,
                12.838418064000052
              ],
              [
                124.1523372910001,
                12.83838907200004
              ],
              [
                124.15235137500008,
                12.83836008000003
              ],
              [
                124.152356069,
                12.838343295000072
              ],
              [
                124.15236076300005,
                12.838320407000026
              ],
              [
                124.15236076100007,
                12.838291416000061
              ],
              [
                124.15235450000011,
                12.838273106000031
              ],
              [
                124.152343545,
                12.838260900000023
              ],
              [
                124.15234511000006,
                12.838253270000052
              ],
              [
                124.15236545400012,
                12.838241063000055
              ],
              [
                124.152376408,
                12.838225803000057
              ],
              [
                124.15237797200007,
                12.838212071000044
              ],
              [
                124.1523826670001,
                12.838204441000073
              ],
              [
                124.15238892600007,
                12.838198337000051
              ],
              [
                124.15239988100006,
                12.838192234000076
              ],
              [
                124.15240614100003,
                12.838186130000054
              ],
              [
                124.15242022500001,
                12.838180026000032
              ],
              [
                124.15244946500002,
                12.838125812000044
              ],
              [
                124.15245103000007,
                12.838119709000068
              ],
              [
                124.15245102800009,
                12.838096821000022
              ],
              [
                124.15244633300006,
                12.838083088000076
              ],
              [
                124.1524400720001,
                12.838070882000068
              ],
              [
                124.15243381100004,
                12.838043417000051
              ],
              [
                124.15243224500011,
                12.838034262000065
              ],
              [
                124.15243224400001,
                12.837997641000072
              ],
              [
                124.15243850200011,
                12.837971701000072
              ],
              [
                124.15244476100008,
                12.837957968000069
              ],
              [
                124.1524635400001,
                12.837938131000044
              ],
              [
                124.15247136500011,
                12.837933553000028
              ],
              [
                124.15248075400007,
                12.837918294000076
              ],
              [
                124.15247292800007,
                12.837903036000057
              ],
              [
                124.152463538,
                12.837889303000054
              ],
              [
                124.15245571200012,
                12.837866416000054
              ],
              [
                124.1524697960001,
                12.837851157000046
              ],
              [
                124.15247762000001,
                12.837835898000037
              ],
              [
                124.15247605400009,
                12.837829794000072
              ],
              [
                124.15246822900008,
                12.837817588000064
              ],
              [
                124.15246666400003,
                12.837809959000026
              ],
              [
                124.15246822800009,
                12.837803855000061
              ],
              [
                124.15247761800003,
                12.837791648000064
              ],
              [
                124.15250422100007,
                12.837768759000028
              ],
              [
                124.15251830500006,
                12.837750448000065
              ],
              [
                124.15252612900008,
                12.83773061100004
              ],
              [
                124.152530823,
                12.837716879000027
              ],
              [
                124.15253551700005,
                12.837692465000032
              ],
              [
                124.15253864600004,
                12.837672628000064
              ],
              [
                124.1525433380001,
                12.837619223000047
              ],
              [
                124.15254803200003,
                12.837603964000039
              ],
              [
                124.15254959600009,
                12.837581077000038
              ],
              [
                124.15254803000005,
                12.837568870000041
              ],
              [
                124.1525386400001,
                12.837555138000027
              ],
              [
                124.15251046900005,
                12.837530725000022
              ],
              [
                124.15250577400002,
                12.837524622000046
              ],
              [
                124.15250577300003,
                12.837516993000065
              ],
              [
                124.15250890300001,
                12.837504786000068
              ],
              [
                124.15251829200008,
                12.83749257900007
              ],
              [
                124.15253394100012,
                12.837484949000043
              ],
              [
                124.15255585000011,
                12.837478844000032
              ],
              [
                124.15256524000006,
                12.837471214000061
              ],
              [
                124.1525699340001,
                12.837463585000023
              ],
              [
                124.15257149900003,
                12.837457481000058
              ],
              [
                124.15257149800004,
                12.83744527500005
              ],
              [
                124.15256367300003,
                12.837433068000053
              ],
              [
                124.15253550200009,
                12.837410182000042
              ],
              [
                124.15253550200009,
                12.837404078000077
              ],
              [
                124.1525464560001,
                12.837384242000041
              ],
              [
                124.15254802100003,
                12.837378138000076
              ],
              [
                124.1525464550001,
                12.837364406000063
              ],
              [
                124.15254332500001,
                12.837358302000041
              ],
              [
                124.15253706400006,
                12.837352199000065
              ],
              [
                124.15251671900012,
                12.837338468000041
              ],
              [
                124.15248541900007,
                12.837323210000022
              ],
              [
                124.15247289900003,
                12.837314056000025
              ],
              [
                124.15246820300001,
                12.83730795300005
              ],
              [
                124.15246194300005,
                12.837286591000066
              ],
              [
                124.15245098700007,
                12.837268281000036
              ],
              [
                124.1524447270001,
                12.837265230000071
              ],
              [
                124.15243064200001,
                12.83726523100006
              ],
              [
                124.15242281700012,
                12.837266757000066
              ],
              [
                124.15240560300003,
                12.837275913000042
              ],
              [
                124.15239777800002,
                12.837277439000047
              ],
              [
                124.1523930830001,
                12.837274388000026
              ],
              [
                124.15238838800008,
                12.837269810000066
              ],
              [
                124.1523852580001,
                12.837262181000028
              ],
              [
                124.1523852570001,
                12.837256078000053
              ],
              [
                124.15238056200008,
                12.837249975000077
              ],
              [
                124.1523664770001,
                12.837243872000045
              ],
              [
                124.15235239200001,
                12.837240821000023
              ],
              [
                124.15234613200005,
                12.837236243000063
              ],
              [
                124.15234300200007,
                12.837230140000031
              ],
              [
                124.15234456600001,
                12.837214882000069
              ],
              [
                124.15234926000005,
                12.837195045000044
              ],
              [
                124.15236647400002,
                12.83717826000003
              ],
              [
                124.15239151300011,
                12.837163
              ],
              [
                124.15241185700006,
                12.837156896000067
              ],
              [
                124.15246976000003,
                12.837134005000053
              ],
              [
                124.1525527020001,
                12.837108062000027
              ],
              [
                124.15256522200002,
                12.837106536000022
              ],
              [
                124.1526045600001,
                12.837069117000055
              ],
              [
                124.15262490400005,
                12.837056909000069
              ],
              [
                124.15264681300005,
                12.837034020000033
              ],
              [
                124.15265776600006,
                12.837005029000068
              ],
              [
                124.1526624600001,
                12.836985192000043
              ],
              [
                124.15266245900011,
                12.836962304000053
              ],
              [
                124.15265932800003,
                12.836951623000061
              ],
              [
                124.15263741700005,
                12.836921107000023
              ],
              [
                124.15262646200006,
                12.836911953000026
              ],
              [
                124.15261237700008,
                12.83690279800004
              ],
              [
                124.15260455200007,
                12.836899747000075
              ],
              [
                124.15259516200001,
                12.836892118000037
              ],
              [
                124.1525904660001,
                12.836884489000056
              ],
              [
                124.15258420600003,
                12.836866179000026
              ],
              [
                124.15258107400007,
                12.836844817000042
              ],
              [
                124.15257637900004,
                12.836837188000061
              ],
              [
                124.15255290400012,
                12.836817353000072
              ],
              [
                124.15253881900003,
                12.836812776000045
              ],
              [
                124.15252003900002,
                12.83680972600007
              ],
              [
                124.15245744000003,
                12.836805151000021
              ],
              [
                124.1524151860001,
                12.836805153000057
              ],
              [
                124.15237293200005,
                12.836809733000052
              ],
              [
                124.15235728200003,
                12.836809733000052
              ],
              [
                124.15234006800006,
                12.836808208000036
              ],
              [
                124.15233224300005,
                12.836805157000072
              ],
              [
                124.15232128800005,
                12.836803632000056
              ],
              [
                124.15228685800002,
                12.836789901000031
              ],
              [
                124.152260253,
                12.836776169000075
              ],
              [
                124.15224929800002,
                12.836768540000037
              ],
              [
                124.15223990700008,
                12.836753282000075
              ],
              [
                124.15223834200003,
                12.836747179000042
              ],
              [
                124.15223834100004,
                12.836721239000042
              ],
              [
                124.15224616400008,
                12.836683093000033
              ],
              [
                124.15224616300009,
                12.836673938000047
              ],
              [
                124.15225242200006,
                12.836649524000052
              ],
              [
                124.15226494100011,
                12.836640368000076
              ],
              [
                124.15231189000008,
                12.836631211000054
              ],
              [
                124.1523197140001,
                12.836628159000043
              ],
              [
                124.15234318800003,
                12.836615951000056
              ],
              [
                124.15235727200002,
                12.836605269000074
              ],
              [
                124.15236196700005,
                12.836599165000052
              ],
              [
                124.15237135600012,
                12.836582381000028
              ],
              [
                124.1523807420001,
                12.836515243000065
              ],
              [
                124.15238543700002,
                12.836506087000032
              ],
              [
                124.15239326100004,
                12.836496932000045
              ],
              [
                124.15240578100008,
                12.836492354000029
              ],
              [
                124.15242143000012,
                12.83649540500005
              ],
              [
                124.15242769000008,
                12.836498456000072
              ],
              [
                124.15243551600008,
                12.836507611000059
              ],
              [
                124.1524511660001,
                12.836521343000072
              ],
              [
                124.15245899100012,
                12.836525920000042
              ],
              [
                124.1524809010001,
                12.836533548000034
              ],
              [
                124.15248872600012,
                12.836533548000034
              ],
              [
                124.15249498600008,
                12.836530496000023
              ],
              [
                124.15250906900008,
                12.836510659000055
              ],
              [
                124.152510634,
                12.836503030000074
              ],
              [
                124.15251532800005,
                12.836493874000041
              ],
              [
                124.15252315200007,
                12.836470986000052
              ],
              [
                124.15252784600011,
                12.836452676000022
              ],
              [
                124.15253410200012,
                12.836387064000064
              ],
              [
                124.15254349100007,
                12.836365701000034
              ],
              [
                124.1525481860001,
                12.836359598000058
              ],
              [
                124.15256852800007,
                12.836312295000027
              ],
              [
                124.15257791600004,
                12.836278726000046
              ],
              [
                124.1525794800001,
                12.836252786000045
              ],
              [
                124.15257193200011,
                12.836211914000046
              ],
              [
                124.15257193100001,
                12.836198181000043
              ],
              [
                124.15257975500003,
                12.836164612000061
              ],
              [
                124.15259540300008,
                12.836140197000077
              ],
              [
                124.15262200600012,
                12.836123412000063
              ],
              [
                124.15263452600004,
                12.836112730000025
              ],
              [
                124.15264078500002,
                12.836105100000054
              ],
              [
                124.15264235000006,
                12.836097471000073
              ],
              [
                124.1526470440001,
                12.83608831600003
              ],
              [
                124.15265643200007,
                12.836053221000043
              ],
              [
                124.15265956000007,
                12.836022703000026
              ],
              [
                124.15265799400004,
                12.835993712000061
              ],
              [
                124.15265329800002,
                12.835972350000077
              ],
              [
                124.1526407770001,
                12.83594488600005
              ],
              [
                124.15263608100008,
                12.835917420000044
              ],
              [
                124.1526360800001,
                12.835902162000025
              ],
              [
                124.15264077400002,
                12.835882326000046
              ],
              [
                124.15264703300011,
                12.83587011800006
              ],
              [
                124.15265798700011,
                12.835857911000062
              ],
              [
                124.15267050600005,
                12.835839600000043
              ],
              [
                124.15267676500002,
                12.835818238000058
              ],
              [
                124.15267676400003,
                12.835795350000069
              ],
              [
                124.15266424100002,
                12.835729739000044
              ],
              [
                124.15266267400011,
                12.835696170000062
              ],
              [
                124.15266893300009,
                12.835673282000073
              ],
              [
                124.15267519200006,
                12.835661075000075
              ],
              [
                124.15270336000003,
                12.835630557000059
              ],
              [
                124.15271744300003,
                12.835601565000047
              ],
              [
                124.15271431100007,
                12.835577151000052
              ],
              [
                124.15271118100009,
                12.835563419000039
              ],
              [
                124.1527080510001,
                12.835557316000063
              ],
              [
                124.15270805000011,
                12.835549686000036
              ],
              [
                124.15270961500005,
                12.835534428000074
              ],
              [
                124.15271663900012,
                12.83550428600006
              ],
              [
                124.15271743700009,
                12.835500859000035
              ],
              [
                124.15272995600003,
                12.83547339300003
              ],
              [
                124.15275440200003,
                12.835404159000063
              ],
              [
                124.15277005100006,
                12.835382796000033
              ],
              [
                124.1527966540001,
                12.835353803000032
              ],
              [
                124.1528216910001,
                12.835318707000056
              ],
              [
                124.15282795100006,
                12.83531412900004
              ],
              [
                124.15285142400012,
                12.835286663000034
              ],
              [
                124.15287176700008,
                12.835253093000063
              ],
              [
                124.15288428400004,
                12.835211894000054
              ],
              [
                124.15288741300003,
                12.835193584000024
              ],
              [
                124.15289367200012,
                12.835173748000045
              ],
              [
                124.15289523600006,
                12.835160015000042
              ],
              [
                124.15289993100009,
                12.835147808000045
              ],
              [
                124.15290149500004,
                12.835134075000042
              ],
              [
                124.15290618900008,
                12.835115765000069
              ],
              [
                124.15293748400006,
                12.835036419000062
              ],
              [
                124.1529421780001,
                12.835021160000053
              ],
              [
                124.152964085,
                12.834983013000056
              ],
              [
                124.15297660400006,
                12.834966228000042
              ],
              [
                124.15300007700012,
                12.834949442000038
              ],
              [
                124.15300946700006,
                12.834940286000062
              ],
              [
                124.15302980900003,
                12.83490824300003
              ],
              [
                124.15305171600005,
                12.834845682000037
              ],
              [
                124.15305171500006,
                12.834839578000071
              ],
              [
                124.15305484500004,
                12.834831949000034
              ],
              [
                124.1530564090001,
                12.83481821600003
              ],
              [
                124.15306423200002,
                12.834790750000025
              ],
              [
                124.15307675000008,
                12.834758707000049
              ],
              [
                124.15308144500011,
                12.834751077000021
              ],
              [
                124.15309396300006,
                12.834722085000067
              ],
              [
                124.15310804600006,
                12.834697671000072
              ],
              [
                124.15311899900007,
                12.834667153000055
              ],
              [
                124.15313797300007,
                12.834629577000044
              ],
              [
                124.15313478400003,
                12.834615588000077
              ],
              [
                124.15313478300004,
                12.834596936000025
              ],
              [
                124.15313797100009,
                12.834581392000075
              ],
              [
                124.15314753500002,
                12.834567402000062
              ],
              [
                124.1531539120001,
                12.834561184000052
              ],
              [
                124.15316825900004,
                12.834553412000048
              ],
              [
                124.1531762300001,
                12.834547194000038
              ],
              [
                124.15320333000011,
                12.834522323000044
              ],
              [
                124.15321608200009,
                12.834506779000037
              ],
              [
                124.15322564700011,
                12.834489680000047
              ],
              [
                124.15322883400006,
                12.83447413700003
              ],
              [
                124.15322724000009,
                12.834467919000076
              ],
              [
                124.15321926800004,
                12.834457039000029
              ],
              [
                124.15320013700011,
                12.834446160000027
              ],
              [
                124.15319694900006,
                12.834439942000074
              ],
              [
                124.15319854200004,
                12.83442595300005
              ],
              [
                124.15320491800003,
                12.834404192000022
              ],
              [
                124.15321926400009,
                12.834379322000075
              ],
              [
                124.15322564100006,
                12.834373104000065
              ],
              [
                124.15324158200008,
                12.834365331000072
              ],
              [
                124.15324636500009,
                12.834365331000072
              ],
              [
                124.15326390100006,
                12.834380873000043
              ],
              [
                124.15327027800004,
                12.834382427000037
              ],
              [
                124.1532830320001,
                12.834380872000054
              ],
              [
                124.153287814,
                12.834377763000077
              ],
              [
                124.15329578400008,
                12.83436688300003
              ],
              [
                124.15329578400008,
                12.834360665000077
              ],
              [
                124.15327505900007,
                12.834337351000045
              ],
              [
                124.1532686810001,
                12.834323362000077
              ],
              [
                124.15327027500007,
                12.834309373000053
              ],
              [
                124.15326868000011,
                12.83430160100005
              ],
              [
                124.15325433100008,
                12.834282950000045
              ],
              [
                124.15324795400011,
                12.834278287000075
              ],
              [
                124.153241578,
                12.834276733000024
              ],
              [
                124.15322563600012,
                12.83427673400007
              ],
              [
                124.15321128800008,
                12.834273626000027
              ],
              [
                124.15319215700003,
                12.834262746000036
              ],
              [
                124.15317780900011,
                12.834247204000064
              ],
              [
                124.15317621400004,
                12.834240986000054
              ],
              [
                124.15317621300005,
                12.834223888000054
              ],
              [
                124.15317780700002,
                12.834211453000023
              ],
              [
                124.15317780600003,
                12.834188138000059
              ],
              [
                124.15317621100007,
                12.834181921000038
              ],
              [
                124.15315708000003,
                12.83416793300006
              ],
              [
                124.15314113800002,
                12.83416171600004
              ],
              [
                124.15313157300011,
                12.834160162000046
              ],
              [
                124.15309490700008,
                12.834160164000025
              ],
              [
                124.15308215300001,
                12.834150839000074
              ],
              [
                124.15307577600004,
                12.834139958000037
              ],
              [
                124.15305026800002,
                12.834127525000042
              ],
              [
                124.15303751400006,
                12.834116645000051
              ],
              [
                124.15302954200001,
                12.834107319000054
              ],
              [
                124.1530359190001,
                12.83409333000003
              ],
              [
                124.15304229500009,
                12.83408866700006
              ],
              [
                124.1530582370001,
                12.83408866600007
              ],
              [
                124.15306620800004,
                12.83408711100003
              ],
              [
                124.15307896100012,
                12.83407623000005
              ],
              [
                124.15308374300002,
                12.834068458000047
              ],
              [
                124.15309330700006,
                12.834043588000043
              ],
              [
                124.15309330600007,
                12.834037370000033
              ],
              [
                124.1530869290001,
                12.834023382000055
              ],
              [
                124.15307258000007,
                12.834007839000037
              ],
              [
                124.15305982600012,
                12.833990741000036
              ],
              [
                124.15305663700008,
                12.833981416000029
              ],
              [
                124.15305663700008,
                12.833972089000042
              ],
              [
                124.15305823100005,
                12.833967426000072
              ],
              [
                124.1530614190001,
                12.833962763000045
              ],
              [
                124.15306779500008,
                12.833959654000068
              ],
              [
                124.15308373700009,
                12.833962762000056
              ],
              [
                124.1531044620001,
                12.833972087000063
              ],
              [
                124.15310924500011,
                12.833976750000033
              ],
              [
                124.15311562200009,
                12.833989184000075
              ],
              [
                124.15311881100001,
                12.834001619000048
              ],
              [
                124.1531251890001,
                12.834014054000022
              ],
              [
                124.15313156600007,
                12.83401871600006
              ],
              [
                124.15315866700007,
                12.834026487000074
              ],
              [
                124.1531730150001,
                12.834034258000031
              ],
              [
                124.15319533500008,
                12.834063789000027
              ],
              [
                124.15321765500005,
                12.834082440000032
              ],
              [
                124.15322403200003,
                12.834085549000065
              ],
              [
                124.15324316200008,
                12.834090211000046
              ],
              [
                124.15327185700005,
                12.834090209000067
              ],
              [
                124.15329895800005,
                12.83408554500005
              ],
              [
                124.15332127600004,
                12.834076218000064
              ],
              [
                124.1533738820001,
                12.834043574000077
              ],
              [
                124.15339141700008,
                12.834029584000064
              ],
              [
                124.153394606,
                12.834024920000047
              ],
              [
                124.15339460500002,
                12.834012091000034
              ],
              [
                124.15339460500002,
                12.83400937700003
              ],
              [
                124.1533961990001,
                12.834003159000076
              ],
              [
                124.15340895200006,
                12.833993833000022
              ],
              [
                124.15344083500008,
                12.833987614000023
              ],
              [
                124.15344880600003,
                12.833984504000057
              ],
              [
                124.15348547100007,
                12.833976731000064
              ],
              [
                124.15349184800004,
                12.83397362200003
              ],
              [
                124.15353329600009,
                12.833967402000042
              ],
              [
                124.15354286100012,
                12.833967402000042
              ],
              [
                124.15357315000006,
                12.833961183000042
              ],
              [
                124.1536098150001,
                12.833945637000056
              ],
              [
                124.15363372700006,
                12.833930093000049
              ],
              [
                124.15364488500006,
                12.833919212000069
              ],
              [
                124.15365126200004,
                12.833916103000035
              ],
              [
                124.1536815500001,
                12.833888123000065
              ],
              [
                124.15369430200008,
                12.833871024000075
              ],
              [
                124.15374212300003,
                12.833791750000046
              ],
              [
                124.15374849900002,
                12.833776206000039
              ],
              [
                124.15375646900009,
                12.833763771000065
              ],
              [
                124.1537676270001,
                12.83373890100006
              ],
              [
                124.15377559700005,
                12.833714031000056
              ],
              [
                124.15380269400009,
                12.83364874700004
              ],
              [
                124.153807475,
                12.83363164900004
              ],
              [
                124.153807475,
                12.833623877000036
              ],
              [
                124.15381225600004,
                12.833600561000026
              ],
              [
                124.15381385,
                12.833588126000052
              ],
              [
                124.15381384800003,
                12.83356014800006
              ],
              [
                124.15380906400003,
                12.833532170000069
              ],
              [
                124.15379949800001,
                12.83351041000003
              ],
              [
                124.15377877200001,
                12.83347776900007
              ],
              [
                124.15376761100003,
                12.833449791000021
              ],
              [
                124.15375804400003,
                12.833409379000045
              ],
              [
                124.153759637,
                12.833393835000038
              ],
              [
                124.15376282500006,
                12.833381400000064
              ],
              [
                124.15376920100005,
                12.833368965000034
              ],
              [
                124.15378195300002,
                12.833354975000077
              ],
              [
                124.1538058650001,
                12.833339430000024
              ],
              [
                124.15382499500004,
                12.833330103000037
              ],
              [
                124.15385368900002,
                12.833319221000068
              ],
              [
                124.15386325400004,
                12.833317666000028
              ],
              [
                124.15389673100003,
                12.833302121000031
              ],
              [
                124.1539206430001,
                12.833285022000041
              ],
              [
                124.15393498900005,
                12.83326792300005
              ],
              [
                124.15394727400007,
                12.833217278000063
              ],
              [
                124.15393770700007,
                12.833181528000068
              ],
              [
                124.15393770500009,
                12.833156658000064
              ],
              [
                124.15395364300002,
                12.83307738600007
              ],
              [
                124.1539616120001,
                12.833057178000047
              ],
              [
                124.15398074100005,
                12.833024536000039
              ],
              [
                124.15401581000003,
                12.832974795000041
              ],
              [
                124.1540460970001,
                12.832948369000064
              ],
              [
                124.15406682000003,
                12.832926607000047
              ],
              [
                124.1540907320001,
                12.832907954000063
              ],
              [
                124.15411623700004,
                12.832884637000063
              ],
              [
                124.1541529000001,
                12.832833341000025
              ],
              [
                124.15416884000001,
                12.832792927000071
              ],
              [
                124.15417202700007,
                12.832782047000023
              ],
              [
                124.15417840200007,
                12.832744742000045
              ],
              [
                124.15417840000009,
                12.832716764000054
              ],
              [
                124.15417680500002,
                12.832701220000047
              ],
              [
                124.15417042700005,
                12.832673242000055
              ],
              [
                124.15417042700005,
                12.832660808000071
              ],
              [
                124.15416723800001,
                12.832651482000074
              ],
              [
                124.15415448300007,
                12.832635939000056
              ],
              [
                124.15412738100008,
                12.832607962000054
              ],
              [
                124.15410187300006,
                12.832592420000026
              ],
              [
                124.15406985200002,
                12.83256605500003
              ],
              [
                124.15406028600012,
                12.832548958000075
              ],
              [
                124.15406028500001,
                12.832541186000071
              ],
              [
                124.1540618790001,
                12.832533414000068
              ],
              [
                124.15406666100012,
                12.832525642000064
              ],
              [
                124.15409376000002,
                12.83248833600004
              ],
              [
                124.15414476800004,
                12.832384191000074
              ],
              [
                124.15414795600009,
                12.83238108200004
              ],
              [
                124.15415592700003,
                12.832365538000033
              ],
              [
                124.15416070900005,
                12.832360875000063
              ],
              [
                124.15417027300009,
                12.832345331000056
              ],
              [
                124.15417664900008,
                12.832339113000046
              ],
              [
                124.154202155,
                12.832320459000073
              ],
              [
                124.1542196900001,
                12.83231113200003
              ],
              [
                124.15423244300007,
                12.832308023000053
              ],
              [
                124.1542467910001,
                12.83230491300003
              ],
              [
                124.15429939800003,
                12.832300247000035
              ],
              [
                124.15432171700002,
                12.832304909000072
              ],
              [
                124.1543551960001,
                12.832326668000064
              ],
              [
                124.15438070400012,
                12.832351537000022
              ],
              [
                124.15441577800004,
                12.832399720000069
              ],
              [
                124.15442215500002,
                12.83240438200005
              ],
              [
                124.15442534400006,
                12.832409045000077
              ],
              [
                124.154433315,
                12.832413708000047
              ],
              [
                124.15444766200005,
                12.832416816000034
              ],
              [
                124.15445403900003,
                12.832419924000021
              ],
              [
                124.15446998100003,
                12.832423032000065
              ],
              [
                124.1544938940001,
                12.832423031000076
              ],
              [
                124.15450824100003,
                12.83241836700006
              ],
              [
                124.15452258800008,
                12.832407485000033
              ],
              [
                124.1545496870001,
                12.832373288000042
              ],
              [
                124.1545720040001,
                12.832360852000022
              ],
              [
                124.15457838100008,
                12.832359297000039
              ],
              [
                124.15458953900009,
                12.832351525000036
              ],
              [
                124.15460707400007,
                12.832321991000072
              ],
              [
                124.1546118550001,
                12.832301784000038
              ],
              [
                124.15461344800008,
                12.832284686000037
              ],
              [
                124.15461663600001,
                12.832276914000033
              ],
              [
                124.15462620000005,
                12.83226447900006
              ],
              [
                124.15463257700003,
                12.832259816000033
              ],
              [
                124.15464851800004,
                12.832253597000033
              ],
              [
                124.1546564890001,
                12.832253597000033
              ],
              [
                124.15467083600004,
                12.832255150000037
              ],
              [
                124.15467721300001,
                12.832259813000064
              ],
              [
                124.15468199600002,
                12.832266030000028
              ],
              [
                124.15469634500005,
                12.832294008000076
              ],
              [
                124.15469634600004,
                12.832301780000023
              ],
              [
                124.15469953400009,
                12.832307997000044
              ],
              [
                124.15470112900005,
                12.832315768000058
              ],
              [
                124.15471228900003,
                12.832332866000058
              ],
              [
                124.154718666,
                12.832332865000069
              ],
              [
                124.15472344800003,
                12.832328202000042
              ],
              [
                124.15472982400001,
                12.832314213000075
              ],
              [
                124.15473620000012,
                12.832309549000058
              ],
              [
                124.15474257700009,
                12.832312657000045
              ],
              [
                124.1547473600001,
                12.832318875000055
              ],
              [
                124.15475373700008,
                12.832323537000036
              ],
              [
                124.15476649100003,
                12.83234218900003
              ],
              [
                124.154777652,
                12.832370167000022
              ],
              [
                124.15479837900011,
                12.832407470000021
              ],
              [
                124.15481432100012,
                12.832424567000032
              ],
              [
                124.15483345200005,
                12.83243389200004
              ],
              [
                124.1548525820001,
                12.832440108000071
              ],
              [
                124.15486055300005,
                12.832440108000071
              ],
              [
                124.15488765400005,
                12.832432335000021
              ],
              [
                124.15490040600002,
                12.832426116000022
              ],
              [
                124.1549131590001,
                12.832416790000025
              ],
              [
                124.15492591200007,
                12.832404354000062
              ],
              [
                124.15495779300011,
                12.832362385000067
              ],
              [
                124.15495938600009,
                12.832348395000054
              ],
              [
                124.15495619700005,
                12.83233596100007
              ],
              [
                124.15494663100003,
                12.832321972000045
              ],
              [
                124.1549434420001,
                12.832309537000071
              ],
              [
                124.15494663000004,
                12.832303320000051
              ],
              [
                124.15495141200006,
                12.832298657000024
              ],
              [
                124.15496416500002,
                12.83229243900007
              ],
              [
                124.15496894700004,
                12.832287775000054
              ],
              [
                124.15497532300003,
                12.83227378600003
              ],
              [
                124.15497691600001,
                12.83225202500006
              ],
              [
                124.15497532100005,
                12.832244253000056
              ],
              [
                124.15497053800004,
                12.832230264000032
              ],
              [
                124.15496256600011,
                12.832217830000047
              ],
              [
                124.15494343600005,
                12.832206950000057
              ],
              [
                124.1549195230001,
                12.832206952000035
              ],
              [
                124.15490039400004,
                12.832214724000039
              ],
              [
                124.15488126500009,
                12.832230269000036
              ],
              [
                124.154868512,
                12.83223804100004
              ],
              [
                124.15485257000012,
                12.832244260000039
              ],
              [
                124.15484619400002,
                12.832244260000039
              ],
              [
                124.15483822300007,
                12.832241152000051
              ],
              [
                124.15482546900012,
                12.83223027200006
              ],
              [
                124.15482228000008,
                12.832222501000047
              ],
              [
                124.15481749600008,
                12.832199186000025
              ],
              [
                124.15481749500009,
                12.832185196000069
              ],
              [
                124.15476329100011,
                12.832130797000048
              ],
              [
                124.15468995700007,
                12.832099714000037
              ],
              [
                124.15466763900008,
                12.832095052000057
              ],
              [
                124.15463097300005,
                12.832091946000048
              ],
              [
                124.15458314700004,
                12.832074851000073
              ],
              [
                124.1545751760001,
                12.832074851000073
              ],
              [
                124.15453532300012,
                12.832085734000032
              ],
              [
                124.15452257000004,
                12.832093506000035
              ],
              [
                124.15450374400007,
                12.832096616000058
              ],
              [
                124.15449577400011,
                12.832109051000032
              ],
              [
                124.15449099200009,
                12.832121486000062
              ],
              [
                124.15448621000007,
                12.832127704000072
              ],
              [
                124.1544798330001,
                12.832129259000055
              ],
              [
                124.15447026800007,
                12.832127705000062
              ],
              [
                124.15445113800001,
                12.832118380000054
              ],
              [
                124.15444476100004,
                12.832118380000054
              ],
              [
                124.1544415730001,
                12.832124598000064
              ],
              [
                124.15444476200003,
                12.832140141000025
              ],
              [
                124.15445273400007,
                12.832158793000076
              ],
              [
                124.1544511400001,
                12.83216501000004
              ],
              [
                124.15444317000004,
                12.832175891000077
              ],
              [
                124.15443679400005,
                12.832179
              ],
              [
                124.15441607000002,
                12.83218366400007
              ],
              [
                124.15440969400004,
                12.832196099000043
              ],
              [
                124.15440969500003,
                12.832214752000027
              ],
              [
                124.15441447900002,
                12.832236512000065
              ],
              [
                124.15442245000008,
                12.832253610000066
              ],
              [
                124.1544208570001,
                12.83225982700003
              ],
              [
                124.1544160740001,
                12.83226604500004
              ],
              [
                124.15440969800011,
                12.832269154000073
              ],
              [
                124.1543937570001,
                12.83227226400004
              ],
              [
                124.15438738000012,
                12.832270710000046
              ],
              [
                124.15437462600005,
                12.832259830000055
              ],
              [
                124.1543618710001,
                12.832239624000067
              ],
              [
                124.15434911600005,
                12.832199212000035
              ],
              [
                124.15434273800008,
                12.832185223000067
              ],
              [
                124.1543363610001,
                12.832183669000074
              ],
              [
                124.15432998500012,
                12.83218677800005
              ],
              [
                124.1543252030001,
                12.832191441000077
              ],
              [
                124.15432042100008,
                12.83219765900003
              ],
              [
                124.15431404500009,
                12.832214757000031
              ],
              [
                124.15430926300007,
                12.832222529000035
              ],
              [
                124.15429810400008,
                12.832233410000072
              ],
              [
                124.15427897500001,
                12.832239629000071
              ],
              [
                124.15426781500003,
                12.832234966000044
              ],
              [
                124.15425984300009,
                12.83221631400005
              ],
              [
                124.15424868200012,
                12.832171239000047
              ],
              [
                124.1542502740001,
                12.83213859700004
              ],
              [
                124.15425505500002,
                12.832118390000062
              ],
              [
                124.15426461900006,
                12.832091966000064
              ],
              [
                124.15427258800003,
                12.83205466100003
              ],
              [
                124.1542869330001,
                12.83201113900003
              ],
              [
                124.1542869320001,
                12.832004921000078
              ],
              [
                124.15429490100007,
                12.831970725000076
              ],
              [
                124.15430765300005,
                12.831939637000062
              ],
              [
                124.15431084000011,
                12.831924094000044
              ],
              [
                124.15430765000008,
                12.831900779000023
              ],
              [
                124.15428692400008,
                12.83185725800007
              ],
              [
                124.15428373500004,
                12.831843269000046
              ],
              [
                124.15428373400005,
                12.831826171000046
              ],
              [
                124.15428851400009,
                12.831785758000024
              ],
              [
                124.15431561000003,
                12.831704930000058
              ],
              [
                124.15433155000005,
                12.831673842000043
              ],
              [
                124.15435864800008,
                12.831636537000065
              ],
              [
                124.15438096500009,
                12.831616329000042
              ],
              [
                124.15440487600006,
                12.831588349000072
              ],
              [
                124.15441922200012,
                12.831557261000057
              ],
              [
                124.15442241000005,
                12.831544826000027
              ],
              [
                124.15442400300003,
                12.831529283000066
              ],
              [
                124.15441602900012,
                12.831479544000047
              ],
              [
                124.15441810300001,
                12.831431633000022
              ],
              [
                124.15442126300002,
                12.831408414000066
              ],
              [
                124.15443079600004,
                12.831365012000049
              ],
              [
                124.15444668700002,
                12.831320058000074
              ],
              [
                124.15445145500007,
                12.831313857000055
              ],
              [
                124.15446099100006,
                12.831293705000064
              ],
              [
                124.15453092500002,
                12.831194493000055
              ],
              [
                124.15459927200004,
                12.831107681000049
              ],
              [
                124.15462470200009,
                12.831070476000036
              ],
              [
                124.15464854400011,
                12.831039472000043
              ],
              [
                124.15465649200007,
                12.831031721000045
              ],
              [
                124.15468510200003,
                12.830992966000053
              ],
              [
                124.15473119600006,
                12.83093715800004
              ],
              [
                124.15475185900004,
                12.830907705000072
              ],
              [
                124.15477093100003,
                12.830873601000064
              ],
              [
                124.1547884150001,
                12.83085034800007
              ],
              [
                124.15479795100009,
                12.830834846000073
              ],
              [
                124.15480430700006,
                12.830819345000066
              ],
              [
                124.15480907200003,
                12.830788343000052
              ],
              [
                124.1548090660001,
                12.83074649200006
              ],
              [
                124.15480747600009,
                12.830743392000045
              ],
              [
                124.15480747100003,
                12.830704641000068
              ],
              [
                124.15480588000003,
                12.83069689100006
              ],
              [
                124.15480746800006,
                12.830684490000067
              ],
              [
                124.15480746300011,
                12.830655040000067
              ],
              [
                124.15481222800008,
                12.830620938000038
              ],
              [
                124.15482335100012,
                12.830583735000062
              ],
              [
                124.15483606500004,
                12.830555833000062
              ],
              [
                124.15485354700002,
                12.830523280000023
              ],
              [
                124.15486149300011,
                12.830504678000068
              ],
              [
                124.15487420600004,
                12.830465925000055
              ],
              [
                124.15488533100006,
                12.83044267300005
              ],
              [
                124.15490281300004,
                12.830408569000042
              ],
              [
                124.15491234900003,
                12.830393068000035
              ],
              [
                124.15491711800007,
                12.830388417000052
              ],
              [
                124.15491870700009,
                12.830382217000022
              ],
              [
                124.15495367400001,
                12.83032951000007
              ],
              [
                124.15507057500008,
                12.830085680000025
              ],
              [
                124.15516591200003,
                12.829755507000073
              ],
              [
                124.1551865350001,
                12.829460996000023
              ],
              [
                124.15514357300003,
                12.82918664400006
              ],
              [
                124.15510540200012,
                12.829055263000043
              ],
              [
                124.15510062900012,
                12.829028913000059
              ],
              [
                124.15509267700008,
                12.829008763000047
              ],
              [
                124.15508472400006,
                12.828979313000048
              ],
              [
                124.155075183,
                12.828959164000025
              ],
              [
                124.15506564000009,
                12.828928164000047
              ],
              [
                124.15505609900003,
                12.828909564000071
              ],
              [
                124.15504973700001,
                12.828892515000064
              ],
              [
                124.15500998300001,
                12.828815018000057
              ],
              [
                124.1549845400001,
                12.828770070000076
              ],
              [
                124.15497182000001,
                12.828754571000047
              ],
              [
                124.1549495590001,
                12.828720473000033
              ],
              [
                124.15494478900007,
                12.828715823000039
              ],
              [
                124.15492729800008,
                12.828687925000054
              ],
              [
                124.15491298600011,
                12.828656926000065
              ],
              [
                124.15490662600007,
                12.828647627000066
              ],
              [
                124.15489708700011,
                12.828639878000047
              ],
              [
                124.15487164700005,
                12.828613530000041
              ],
              [
                124.1548621070001,
                12.828601131000028
              ],
              [
                124.15485415800003,
                12.828596482000023
              ],
              [
                124.15483348900011,
                12.828579434000062
              ],
              [
                124.1548318990001,
                12.828576335000037
              ],
              [
                124.15479692000008,
                12.828542238000068
              ],
              [
                124.15479215000005,
                12.828534489000049
              ],
              [
                124.15477943100007,
                12.82852519000005
              ],
              [
                124.15476989100011,
                12.828520541000046
              ],
              [
                124.15476035200004,
                12.828512793000073
              ],
              [
                124.15474763300006,
                12.828506594000032
              ],
              [
                124.1547126590001,
                12.828503499000021
              ],
              [
                124.154687222,
                12.828495752000038
              ],
              [
                124.15467609400002,
                12.828495753000027
              ],
              [
                124.15462204500011,
                12.828503511000065
              ],
              [
                124.15462044700007,
                12.828447709000045
              ],
              [
                124.15461726500007,
                12.828427559000033
              ],
              [
                124.15461726300009,
                12.828416709000066
              ],
              [
                124.15462203200002,
                12.828412058000026
              ],
              [
                124.1546585960001,
                12.828413603000058
              ],
              [
                124.15468244300007,
                12.828421350000042
              ],
              [
                124.15473172500003,
                12.828427544000021
              ],
              [
                124.15473808400009,
                12.828425993000053
              ],
              [
                124.15477305800005,
                12.828425988000049
              ],
              [
                124.15478577500005,
                12.828421336000076
              ],
              [
                124.15479531300002,
                12.828419785000051
              ],
              [
                124.15482392600006,
                12.828407381000034
              ],
              [
                124.15487797100002,
                12.828368623000074
              ],
              [
                124.1548970450001,
                12.828348469000048
              ],
              [
                124.15490022300003,
                12.828342269000075
              ],
              [
                124.15490340300005,
                12.82834071800005
              ],
              [
                124.1549192970001,
                12.828323666000074
              ],
              [
                124.15496538800005,
                12.82824251900007
              ],
              [
                124.15498445900005,
                12.82819756400005
              ],
              [
                124.15498922600011,
                12.828182063000042
              ],
              [
                124.15499558300007,
                12.82817121200003
              ],
              [
                124.15500829600012,
                12.828140209000026
              ],
              [
                124.155019422,
                12.828124707000029
              ],
              [
                124.15502260000005,
                12.828116957000077
              ],
              [
                124.15505597800006,
                12.828072001000066
              ],
              [
                124.15507346100003,
                12.828042547000052
              ],
              [
                124.1550798180001,
                12.828028596000024
              ],
              [
                124.15509729300004,
                12.827949541000066
              ],
              [
                124.15510205500004,
                12.827896839000061
              ],
              [
                124.1551020490001,
                12.827856538000049
              ],
              [
                124.15509727300002,
                12.827813137000021
              ],
              [
                124.15509727100005,
                12.82779918700004
              ],
              [
                124.15509090500007,
                12.827746486000024
              ],
              [
                124.15508291900005,
                12.827478730000053
              ],
              [
                124.15507495500003,
                12.827377978000072
              ],
              [
                124.15507336000007,
                12.82733767700006
              ],
              [
                124.15506858700007,
                12.827311327000075
              ],
              [
                124.15506062800011,
                12.827241576000063
              ],
              [
                124.1550542650001,
                12.827216776000057
              ],
              [
                124.1550447190001,
                12.827164075000042
              ],
              [
                124.15503994100004,
                12.827102074000038
              ],
              [
                124.1550383440001,
                12.827052473000037
              ],
              [
                124.1550335710001,
                12.827021473000059
              ],
              [
                124.15502561800008,
                12.82699202300006
              ],
              [
                124.15501448500004,
                12.826959473000045
              ],
              [
                124.15497632100005,
                12.82688042600006
              ],
              [
                124.15495882700009,
                12.826837028000057
              ],
              [
                124.15494451300003,
                12.826788978000025
              ],
              [
                124.15493974000003,
                12.826759528000025
              ],
              [
                124.15492701500011,
                12.82670992800007
              ],
              [
                124.15491906400007,
                12.826694429000042
              ],
              [
                124.15490952400012,
                12.826683580000065
              ],
              [
                124.15485597600002,
                12.826505413000064
              ],
              [
                124.15484961100003,
                12.826462012000036
              ],
              [
                124.15482257100007,
                12.826359712000055
              ],
              [
                124.1548082590001,
                12.82632716300003
              ],
              [
                124.15480189700008,
                12.826307013000076
              ],
              [
                124.15476373400008,
                12.826241916000072
              ],
              [
                124.15474465200009,
                12.826200068000048
              ],
              [
                124.1547128410001,
                12.826085368000065
              ],
              [
                124.15469375300006,
                12.82600321800004
              ],
              [
                124.15468421000003,
                12.825975319000065
              ],
              [
                124.15468261900003,
                12.825966019000077
              ],
              [
                124.1546730770001,
                12.825941219000072
              ],
              [
                124.1546714860001,
                12.825931920000073
              ],
              [
                124.15466671600007,
                12.825922620000028
              ],
              [
                124.15466512500007,
                12.825914870000076
              ],
              [
                124.15466035500003,
                12.825905570000032
              ],
              [
                124.15465717300003,
                12.825893170000029
              ],
              [
                124.15465240300011,
                12.825882321000051
              ],
              [
                124.15462377200004,
                12.825770721000026
              ],
              [
                124.1546126400001,
                12.825739722000037
              ],
              [
                124.15459991500006,
                12.825688572000047
              ],
              [
                124.15456492600003,
                12.825580074000072
              ],
              [
                124.15454902400006,
                12.825544425000032
              ],
              [
                124.15454743300006,
                12.825536675000023
              ],
              [
                124.15454107200003,
                12.825522725000042
              ],
              [
                124.15453789100002,
                12.82550877600005
              ],
              [
                124.1545108580001,
                12.825456078000059
              ],
              [
                124.15450608700007,
                12.825440578000041
              ],
              [
                124.154493365,
                12.825411129000031
              ],
              [
                124.15448382500006,
                12.82539563000006
              ],
              [
                124.15446633500005,
                12.825373931000058
              ],
              [
                124.154458384,
                12.82535843200003
              ],
              [
                124.15445520300011,
                12.825346032000027
              ],
              [
                124.15442340200002,
                12.825295968000034
              ],
              [
                124.15424847600002,
                12.824877976000039
              ],
              [
                124.15423257600003,
                12.824854727000059
              ],
              [
                124.15421985400008,
                12.824826828000027
              ],
              [
                124.15419759000008,
                12.824767929000075
              ],
              [
                124.15418804700005,
                12.824736930000029
              ],
              [
                124.15418168400004,
                12.824704380000071
              ],
              [
                124.15417531300011,
                12.824617578000073
              ],
              [
                124.1541737230001,
                12.824614478000058
              ],
              [
                124.15417053800002,
                12.824578827000039
              ],
              [
                124.15417212300008,
                12.824540076000062
              ],
              [
                124.15417530000002,
                12.824526125000034
              ],
              [
                124.15417529600006,
                12.82449822500007
              ],
              [
                124.15417052300006,
                12.82447187400004
              ],
              [
                124.15417052200007,
                12.824462574000052
              ],
              [
                124.15416734200005,
                12.824454824000043
              ],
              [
                124.15416256800006,
                12.824425374000043
              ],
              [
                124.154151436,
                12.824391275000039
              ],
              [
                124.1541466650001,
                12.824381975000051
              ],
              [
                124.1541291740001,
                12.824350977000051
              ],
              [
                124.15408624300005,
                12.824284330000069
              ],
              [
                124.15406398200003,
                12.824244032000024
              ],
              [
                124.15405125900008,
                12.824209933000077
              ],
              [
                124.15404489600007,
                12.824175833000027
              ],
              [
                124.1540448930001,
                12.824157232000061
              ],
              [
                124.15404965900007,
                12.824133981000045
              ],
              [
                124.15405919500006,
                12.824118479000049
              ],
              [
                124.15406873200004,
                12.824109178000072
              ],
              [
                124.15407985900003,
                12.824101426000027
              ],
              [
                124.15410847200008,
                12.82409522200004
              ],
              [
                124.15413549700008,
                12.824093668000046
              ],
              [
                124.15413867600012,
                12.824092118000067
              ],
              [
                124.15419590500005,
                12.824092110000038
              ],
              [
                124.15421180300007,
                12.824093658000038
              ],
              [
                124.15423405900003,
                12.824099856000032
              ],
              [
                124.15426585400007,
                12.824104501000022
              ],
              [
                124.15430082700004,
                12.824106047000043
              ],
              [
                124.1543199030001,
                12.82410294400006
              ],
              [
                124.15434692600002,
                12.824090540000043
              ],
              [
                124.15436123200004,
                12.824078138000061
              ],
              [
                124.15438984100001,
                12.82403938300007
              ],
              [
                124.15441050400011,
                12.824017680000054
              ],
              [
                124.15442798900006,
                12.824008377000041
              ],
              [
                124.15444229500008,
                12.823997525000038
              ],
              [
                124.15446137000004,
                12.823988222000025
              ],
              [
                124.15448521400003,
                12.823980468000059
              ],
              [
                124.15450546900001,
                12.82397012000007
              ],
              [
                124.15451859600012,
                12.823963413000058
              ],
              [
                124.154563101,
                12.823923106000052
              ],
              [
                124.15457581800001,
                12.823916904000043
              ],
              [
                124.15459330400006,
                12.82391225200007
              ],
              [
                124.15462191800009,
                12.823910698000077
              ],
              [
                124.15464894200011,
                12.823904494000033
              ],
              [
                124.15469186200005,
                12.823887438000042
              ],
              [
                124.15471252700002,
                12.82387813400004
              ],
              [
                124.15471888500008,
                12.823873484000046
              ],
              [
                124.15475067500006,
                12.823844028000053
              ],
              [
                124.15476815800002,
                12.823822325000037
              ],
              [
                124.1547872320001,
                12.823802172000057
              ],
              [
                124.15479835600001,
                12.823774269000069
              ],
              [
                124.1548185260001,
                12.823742184000025
              ],
              [
                124.15483124100001,
                12.82372668100004
              ],
              [
                124.15484554800003,
                12.823723579000045
              ],
              [
                124.1548534960001,
                12.823718928000062
              ],
              [
                124.15485985400005,
                12.823712727000043
              ],
              [
                124.15486621100001,
                12.82370187600003
              ],
              [
                124.15486779700007,
                12.823673975000077
              ],
              [
                124.15486620400009,
                12.823655374000055
              ],
              [
                124.15485825200005,
                12.82362902400007
              ],
              [
                124.15484553100009,
                12.823608875000048
              ],
              [
                124.154834402,
                12.82359802600007
              ],
              [
                124.1548169130001,
                12.823582528000031
              ],
              [
                124.1547867050001,
                12.823559282000076
              ],
              [
                124.15478352500008,
                12.823553082000046
              ],
              [
                124.15477398500002,
                12.823542233000069
              ],
              [
                124.15475490300003,
                12.823501934000035
              ],
              [
                124.15475172100003,
                12.823484884000038
              ],
              [
                124.15475171800006,
                12.823464733000037
              ],
              [
                124.15476124500003,
                12.823385679000069
              ],
              [
                124.15476124100007,
                12.823362429000042
              ],
              [
                124.15475169900003,
                12.823332979000043
              ],
              [
                124.1547453390001,
                12.823326780000059
              ],
              [
                124.15472467200004,
                12.823320582000065
              ],
              [
                124.15471195500004,
                12.823319034000065
              ],
              [
                124.15466744300011,
                12.823320590000037
              ],
              [
                124.15462770200008,
                12.82332834500005
              ],
              [
                124.1546054480001,
                12.823340749000067
              ],
              [
                124.15458478500011,
                12.823359352000068
              ],
              [
                124.1545609420001,
                12.823377956000058
              ],
              [
                124.15453233000005,
                12.823396560000049
              ],
              [
                124.1545227900001,
                12.823385711000071
              ],
              [
                124.15451960900009,
                12.823376411000027
              ],
              [
                124.15451642700009,
                12.823353161000057
              ],
              [
                124.1545227800001,
                12.823317509000049
              ],
              [
                124.15453072500009,
                12.823292707000064
              ],
              [
                124.15453708300004,
                12.82328340600003
              ],
              [
                124.1545418500001,
                12.823272555000074
              ],
              [
                124.15456092300008,
                12.823246202000064
              ],
              [
                124.15460065600007,
                12.823177995000037
              ],
              [
                124.1546229060001,
                12.82314389100003
              ],
              [
                124.15465310700006,
                12.823114436000026
              ],
              [
                124.15467059100001,
                12.823102033000055
              ],
              [
                124.15470238300009,
                12.823084978000054
              ],
              [
                124.15474371200003,
                12.823067922000064
              ],
              [
                124.15475484000001,
                12.82306482100006
              ],
              [
                124.15477391500008,
                12.823055518000047
              ],
              [
                124.1547882210001,
                12.823046215000033
              ],
              [
                124.15482954800007,
                12.823010559000068
              ],
              [
                124.15484544200001,
                12.822993506000046
              ],
              [
                124.15485180000007,
                12.822984205000068
              ],
              [
                124.15486133500008,
                12.822962503000042
              ],
              [
                124.154861331,
                12.822934602000032
              ],
              [
                124.15485814600004,
                12.822895852000045
              ],
              [
                124.15485178300003,
                12.822871052000039
              ],
              [
                124.15484860300012,
                12.822864852000066
              ],
              [
                124.15484224300008,
                12.822857103000047
              ],
              [
                124.15482316600003,
                12.822850905000053
              ],
              [
                124.15479455200011,
                12.822852459000046
              ],
              [
                124.15473096500011,
                12.822861768000053
              ],
              [
                124.15471189000004,
                12.822866421000072
              ],
              [
                124.15469758300003,
                12.82286797300003
              ],
              [
                124.15469122400009,
                12.822871074000034
              ],
              [
                124.154657842,
                12.822880378000036
              ],
              [
                124.1546308180001,
                12.822885032000045
              ],
              [
                124.15458948600008,
                12.822883488000059
              ],
              [
                124.15457676800008,
                12.822880389000034
              ],
              [
                124.15455451200012,
                12.822878842000023
              ],
              [
                124.154529077,
                12.822878846000037
              ],
              [
                124.154503642,
                12.822881949000077
              ],
              [
                124.15449728400006,
                12.82288660000006
              ],
              [
                124.15447661900009,
                12.822894353000038
              ],
              [
                124.15446231400006,
                12.822903655000061
              ],
              [
                124.15444641900001,
                12.822917608000068
              ],
              [
                124.15443688300002,
                12.822933110000065
              ],
              [
                124.15442416700012,
                12.822947062000026
              ],
              [
                124.15440986200008,
                12.822959464000064
              ],
              [
                124.15440032400011,
                12.822964115000048
              ],
              [
                124.1543819100001,
                12.822991965000028
              ],
              [
                124.15435011700004,
                12.823002819000067
              ],
              [
                124.15433899000004,
                12.823009021000075
              ],
              [
                124.15431832500008,
                12.823013674000038
              ],
              [
                124.15425473700009,
                12.82301833300005
              ],
              [
                124.15422612200007,
                12.82301523600006
              ],
              [
                124.15419909700006,
                12.823009040000045
              ],
              [
                124.15413073700006,
                12.822987348000026
              ],
              [
                124.15408940300006,
                12.822978053000043
              ],
              [
                124.15405283900009,
                12.822965658000044
              ],
              [
                124.15396381300002,
                12.82294396900005
              ],
              [
                124.15392883900006,
                12.822937773000035
              ],
              [
                124.153895454,
                12.822926927000026
              ],
              [
                124.15387001700003,
                12.822914530000048
              ],
              [
                124.1538493490001,
                12.822899032000066
              ],
              [
                124.15383980900003,
                12.822889733000068
              ],
              [
                124.153819139,
                12.822861835000026
              ],
              [
                124.15380482700004,
                12.822821536000049
              ],
              [
                124.15379687200004,
                12.822778136000068
              ],
              [
                124.15379686900008,
                12.822753335000073
              ],
              [
                124.15379527800008,
                12.822744035000028
              ],
              [
                124.15379686200004,
                12.822702184000036
              ],
              [
                124.15380797900002,
                12.822622787000057
              ],
              [
                124.15380797400007,
                12.822588686000074
              ],
              [
                124.15379684100003,
                12.822553036000045
              ],
              [
                124.1537539090001,
                12.82247398900006
              ],
              [
                124.15374436600007,
                12.822441439000045
              ],
              [
                124.15374118300008,
                12.822419739000054
              ],
              [
                124.1537411810001,
                12.822404238000047
              ],
              [
                124.15374594800005,
                12.82238873700004
              ],
              [
                124.15377932500007,
                12.822339131000035
              ],
              [
                124.15378409100003,
                12.822315880000076
              ],
              [
                124.15378408900006,
                12.822306580000031
              ],
              [
                124.15377613600003,
                12.822274030000074
              ],
              [
                124.15376182600005,
                12.822249231000058
              ],
              [
                124.15375864400005,
                12.822235281000076
              ],
              [
                124.15375864300006,
                12.822224431000052
              ],
              [
                124.15375705300005,
                12.822221331000037
              ],
              [
                124.15375546000007,
                12.822202730000072
              ],
              [
                124.15374114400004,
                12.822139180000022
              ],
              [
                124.15373318500008,
                12.822061679000058
              ],
              [
                124.15372363900008,
                12.822002779000059
              ],
              [
                124.15372363800009,
                12.82199347900007
              ],
              [
                124.1537188640001,
                12.821959378000031
              ],
              [
                124.1537109090001,
                12.82191442800007
              ],
              [
                124.15370295100001,
                12.821846227000037
              ],
              [
                124.153706112,
                12.821709823000049
              ],
              [
                124.15370928700008,
                12.821678822000024
              ],
              [
                124.15371246400002,
                12.821664871000053
              ],
              [
                124.15371404900009,
                12.821627670000055
              ],
              [
                124.1537124570001,
                12.821612169000048
              ],
              [
                124.15369814100006,
                12.821546906000037
              ],
              [
                124.153687009,
                12.821517457000027
              ],
              [
                124.1536822380001,
                12.82150040700003
              ],
              [
                124.15367905500011,
                12.821475606000035
              ],
              [
                124.15367587000003,
                12.821435306000069
              ],
              [
                124.15367586600007,
                12.821405855000023
              ],
              [
                124.15367427500007,
                12.821398105000071
              ],
              [
                124.15366432100006,
                12.821156607000034
              ],
              [
                124.15366271500011,
                12.821084731000042
              ],
              [
                124.15365469800008,
                12.821005042000024
              ],
              [
                124.15364508100004,
                12.82096129200005
              ],
              [
                124.15364347800005,
                12.820945667000046
              ],
              [
                124.1536370660001,
                12.82091441700004
              ],
              [
                124.15362424200009,
                12.820815978000041
              ],
              [
                124.15362103500001,
                12.820781603000057
              ],
              [
                124.15361942900006,
                12.820703476000062
              ],
              [
                124.15362583500007,
                12.820634725000048
              ],
              [
                124.15363384500006,
                12.820589411000071
              ],
              [
                124.15363544600007,
                12.820561286000043
              ],
              [
                124.15364666200003,
                12.820515972000067
              ],
              [
                124.15365627400001,
                12.820462846000055
              ],
              [
                124.15368030700006,
                12.820387843000049
              ],
              [
                124.15368511400004,
                12.820376905000046
              ],
              [
                124.15371395600005,
                12.82033159100007
              ],
              [
                124.15372196800001,
                12.820314403000054
              ],
              [
                124.1537315810001,
                12.820275339000034
              ],
              [
                124.15372997400004,
                12.820175196000037
              ],
              [
                124.15373321800007,
                12.820143633000043
              ],
              [
                124.15373801300007,
                12.820126489000074
              ],
              [
                124.15373961000012,
                12.820109346000038
              ],
              [
                124.15374280600008,
                12.820096878000072
              ],
              [
                124.1537428040001,
                12.820037655000021
              ],
              [
                124.15374440200003,
                12.820034538000073
              ],
              [
                124.15374599900008,
                12.820012719000033
              ],
              [
                124.15375079400008,
                12.819997133000072
              ],
              [
                124.15379074900011,
                12.819925441000066
              ],
              [
                124.15379234700004,
                12.819919207000055
              ],
              [
                124.15379394500007,
                12.819905180000035
              ],
              [
                124.15378914900009,
                12.819886478000058
              ],
              [
                124.15378764600007,
                12.81983924900004
              ],
              [
                124.1537844400001,
                12.81982987400005
              ],
              [
                124.15377802800003,
                12.819776749000027
              ],
              [
                124.15377802500007,
                12.819725185000038
              ],
              [
                124.15379084000006,
                12.81963143300004
              ],
              [
                124.15380045300003,
                12.819590807000054
              ],
              [
                124.1538274940001,
                12.819535476000055
              ],
              [
                124.15384987000004,
                12.81950118800006
              ],
              [
                124.1539137960001,
                12.819353127000056
              ],
              [
                124.15392178700006,
                12.819320399000048
              ],
              [
                124.15392658000007,
                12.819282994000048
              ],
              [
                124.15392977600004,
                12.819272085000023
              ],
              [
                124.15392977500005,
                12.81925805800006
              ],
              [
                124.15393456900006,
                12.819233122000071
              ],
              [
                124.1539361670001,
                12.819209744000034
              ],
              [
                124.15393776000008,
                12.819103766000069
              ],
              [
                124.15394255300009,
                12.819061687000044
              ],
              [
                124.15394255100011,
                12.81901025600007
              ],
              [
                124.15393935200007,
                12.818968177000045
              ],
              [
                124.15393455500009,
                12.818930773000034
              ],
              [
                124.1539345540001,
                12.818905837000045
              ],
              [
                124.15392016600003,
                12.818832588000078
              ],
              [
                124.15390169900002,
                12.818621675000031
              ],
              [
                124.15389047800011,
                12.818543549000026
              ],
              [
                124.15388727100003,
                12.818509174000042
              ],
              [
                124.1538872640001,
                12.81837635900007
              ],
              [
                124.15389527400009,
                12.818327920000058
              ],
              [
                124.15390168300007,
                12.818302920000065
              ],
              [
                124.15390168200008,
                12.818288857000027
              ],
              [
                124.15390488600008,
                12.818262294000021
              ],
              [
                124.1539048840001,
                12.818223231000047
              ],
              [
                124.1539080870001,
                12.818193542000074
              ],
              [
                124.153909687,
                12.818146667000065
              ],
              [
                124.15391609400001,
                12.81808729000005
              ],
              [
                124.1539289110001,
                12.818037289000074
              ],
              [
                124.15393692300006,
                12.818018538000047
              ],
              [
                124.15394333200004,
                12.817996662000041
              ],
              [
                124.15394973900004,
                12.817951349000055
              ],
              [
                124.15394813300009,
                12.81788728500004
              ],
              [
                124.1539465300001,
                12.817876347000038
              ],
              [
                124.153946528,
                12.817835721000051
              ],
              [
                124.1539481310001,
                12.817832596000073
              ],
              [
                124.15394652700002,
                12.817804471000045
              ],
              [
                124.15392889100008,
                12.817637299000069
              ],
              [
                124.15392568200002,
                12.817557610000051
              ],
              [
                124.15392407900003,
                12.817546672000049
              ],
              [
                124.15392407800005,
                12.817516984000065
              ],
              [
                124.1539192670001,
                12.817460734000065
              ],
              [
                124.15390804700007,
                12.81739667100004
              ],
              [
                124.15389843100002,
                12.817366983000056
              ],
              [
                124.15387599100006,
                12.817254482000067
              ],
              [
                124.15386316800004,
                12.817204482000022
              ],
              [
                124.15385355100011,
                12.817151357000057
              ],
              [
                124.15385034600001,
                12.817141982000066
              ],
              [
                124.15383591800003,
                12.817040418000033
              ],
              [
                124.15383911300012,
                12.816845543000056
              ],
              [
                124.15389676900008,
                12.816190728000038
              ],
              [
                124.1538967680001,
                12.816176665000057
              ],
              [
                124.15389035500004,
                12.816125102000058
              ],
              [
                124.15388875100007,
                12.81608760100005
              ],
              [
                124.1538839420001,
                12.816051664000042
              ],
              [
                124.15388393900002,
                12.816004788000043
              ],
              [
                124.15389194600004,
                12.81588916000004
              ],
              [
                124.15389835300005,
                12.815842284000041
              ],
              [
                124.15389835000008,
                12.815776658000061
              ],
              [
                124.15390155300008,
                12.815748533000033
              ],
              [
                124.15390155300008,
                12.815731345000074
              ],
              [
                124.15390315500008,
                12.81572822000004
              ],
              [
                124.1539015510001,
                12.815696969000044
              ],
              [
                124.15390315200011,
                12.81568134400004
              ],
              [
                124.15390314800004,
                12.815582905000042
              ],
              [
                124.15390474900005,
                12.815564154000072
              ],
              [
                124.15391436200002,
                12.815521966000063
              ],
              [
                124.15391436100003,
                12.815512591000072
              ],
              [
                124.15391756500003,
                12.815500090000057
              ],
              [
                124.15391596200004,
                12.815475090000064
              ],
              [
                124.15389673000004,
                12.81542805600003
              ],
              [
                124.15389672900005,
                12.815410868000072
              ],
              [
                124.15391435000004,
                12.81529992700007
              ],
              [
                124.15391434900005,
                12.815274927000075
              ],
              [
                124.15391114300007,
                12.815246801000058
              ],
              [
                124.15391274400008,
                12.815228051000076
              ],
              [
                124.15392235700006,
                12.815181175000077
              ],
              [
                124.15393036800003,
                12.815154611000025
              ],
              [
                124.1539511960001,
                12.815095234000069
              ],
              [
                124.15396721800005,
                12.815037420000067
              ],
              [
                124.1539896490001,
                12.814979605000076
              ],
              [
                124.15402650100009,
                12.814907727000048
              ],
              [
                124.1540521390001,
                12.814881163000052
              ],
              [
                124.15407617500011,
                12.814862412000025
              ],
              [
                124.15408899300007,
                12.814846786000032
              ],
              [
                124.15409700500004,
                12.814829598000074
              ],
              [
                124.15410020900003,
                12.81481709700006
              ],
              [
                124.15410341300003,
                12.814810847000047
              ],
              [
                124.15410341100005,
                12.814768659000038
              ],
              [
                124.15410821800003,
                12.814756158000023
              ],
              [
                124.15411943400011,
                12.814737407000052
              ],
              [
                124.15413545700005,
                12.814715531000047
              ],
              [
                124.15417391200003,
                12.814649903000031
              ],
              [
                124.15420275300005,
                12.814584276000062
              ],
              [
                124.15421396800002,
                12.814537399000073
              ],
              [
                124.15423103300009,
                12.81449024400007
              ],
              [
                124.15423319400008,
                12.814484272000072
              ],
              [
                124.15423639800008,
                12.814470210000025
              ],
              [
                124.15427486600004,
                12.814372943000023
              ],
              [
                124.15429409400008,
                12.814340129000072
              ],
              [
                124.15430691200004,
                12.814310440000042
              ],
              [
                124.15431812800011,
                12.814291689000072
              ],
              [
                124.15432774200008,
                12.814271376000022
              ],
              [
                124.15434696900002,
                12.814241687000049
              ],
              [
                124.15435978700009,
                12.814211998000076
              ],
              [
                124.1543886280001,
                12.81416043400003
              ],
              [
                124.15441586800011,
                12.814121369000077
              ],
              [
                124.15445752700009,
                12.814051053000071
              ],
              [
                124.15447996000012,
                12.814022927000053
              ],
              [
                124.1544847670001,
                12.814013551000073
              ],
              [
                124.154508802,
                12.813982300000077
              ],
              [
                124.15453764400002,
                12.813951048000035
              ],
              [
                124.15454886000009,
                12.81393385900003
              ],
              [
                124.15458250900008,
                12.813896357000033
              ],
              [
                124.15459052100005,
                12.813891669000043
              ],
              [
                124.15461135100009,
                12.81387135500006
              ],
              [
                124.15462256800004,
                12.813858854000046
              ],
              [
                124.15464820500006,
                12.813824477000026
              ],
              [
                124.15465301200004,
                12.813813539000023
              ],
              [
                124.15465140800006,
                12.813796352000054
              ],
              [
                124.15464820300008,
                12.813786977000063
              ],
              [
                124.15464820300008,
                12.813782289000073
              ],
              [
                124.15463538200004,
                12.813760414000058
              ],
              [
                124.15462416300011,
                12.813726039000073
              ],
              [
                124.15462255900002,
                12.813701039000023
              ],
              [
                124.1546337740001,
                12.813647252000067
              ],
              [
                124.15464979500007,
                12.813597250000043
              ],
              [
                124.15464979500007,
                12.813591
              ],
              [
                124.15466101000004,
                12.813547249000067
              ],
              [
                124.15469305400006,
                12.813473809000072
              ],
              [
                124.15472670200006,
                12.813417556000047
              ],
              [
                124.15473952100001,
                12.813401930000055
              ],
              [
                124.15476515700004,
                12.813355053000066
              ],
              [
                124.15479560100005,
                12.813314425000044
              ],
              [
                124.15480361300001,
                12.813306612000076
              ],
              [
                124.15480842000011,
                12.813297237000029
              ],
              [
                124.15483405700002,
                12.813267548000056
              ],
              [
                124.15487091000011,
                12.813209732000075
              ],
              [
                124.15490295500001,
                12.813142542000037
              ],
              [
                124.15490936300012,
                12.813125354000022
              ],
              [
                124.15492538600006,
                12.813095665000048
              ],
              [
                124.15493980600002,
                12.813061289000075
              ],
              [
                124.15495743100007,
                12.813033162000067
              ],
              [
                124.15497185200002,
                12.81301441100004
              ],
              [
                124.15500229600002,
                12.812969096000074
              ],
              [
                124.15504716100008,
                12.81291284300005
              ],
              [
                124.15505036600007,
                12.812911280000037
              ],
              [
                124.15505517200006,
                12.812905030000024
              ],
              [
                124.15507600300009,
                12.812886279000054
              ],
              [
                124.15510003800011,
                12.812861277000025
              ],
              [
                124.155127278,
                12.812837837000075
              ],
              [
                124.15518389700003,
                12.81277456600003
              ],
              [
                124.15519992100008,
                12.812758939000048
              ],
              [
                124.15521274000002,
                12.812749564000057
              ],
              [
                124.15523357000006,
                12.81273081200004
              ],
              [
                124.15524799100001,
                12.812715186000048
              ],
              [
                124.15529445800007,
                12.81265268200002
              ],
              [
                124.15530407200004,
                12.812641744000075
              ],
              [
                124.15535694700009,
                12.812555802000077
              ],
              [
                124.15537297000003,
                12.812522988000069
              ],
              [
                124.15538258300012,
                12.812497987000029
              ],
              [
                124.15538578700011,
                12.81248548700006
              ],
              [
                124.15542263800012,
                12.812404233000052
              ],
              [
                124.15543545600008,
                12.812379232000069
              ],
              [
                124.15545308000003,
                12.812332355000024
              ],
              [
                124.15548352200005,
                12.81226360200003
              ],
              [
                124.15548832900004,
                12.81224953900005
              ],
              [
                124.15549153200004,
                12.812232351000034
              ],
              [
                124.15550274700001,
                12.812191725000048
              ],
              [
                124.15550755400011,
                12.812180787000045
              ],
              [
                124.1555107580001,
                12.812165162000042
              ],
              [
                124.15557965200003,
                12.811987030000068
              ],
              [
                124.15560528700007,
                12.81192452700003
              ],
              [
                124.15561169500006,
                12.811899526000047
              ],
              [
                124.15561810400004,
                12.811887026000022
              ],
              [
                124.15562451300002,
                12.811866713000029
              ],
              [
                124.15562611500002,
                12.811854212000071
              ],
              [
                124.155632523,
                12.811835462000033
              ],
              [
                124.15567097500002,
                12.811693380000065
              ],
              [
                124.15568058500003,
                12.811626190000027
              ],
              [
                124.15568218600004,
                12.811594939000031
              ],
              [
                124.15568859300004,
                12.811546500000077
              ],
              [
                124.15569179700003,
                12.81153712500003
              ],
              [
                124.15569820100006,
                12.811443373000031
              ],
              [
                124.15570781100007,
                12.811368371000071
              ],
              [
                124.15570780900009,
                12.811344933000044
              ],
              [
                124.1557110120001,
                12.811308994000058
              ],
              [
                124.15571101100011,
                12.811296494000032
              ],
              [
                124.15570780500002,
                12.811273056000061
              ],
              [
                124.15570459500009,
                12.811180867000076
              ],
              [
                124.15569658100003,
                12.811144929000022
              ],
              [
                124.15569017000007,
                12.811124617000075
              ],
              [
                124.1556853620001,
                12.81111211700005
              ],
              [
                124.15566773300009,
                12.811079305000021
              ],
              [
                124.15563728500001,
                12.811040243000036
              ],
              [
                124.1555956200001,
                12.811004307000076
              ],
              [
                124.15555716000006,
                12.81097930900006
              ],
              [
                124.15554273700002,
                12.810966810000025
              ],
              [
                124.15553632700005,
                12.810957435000034
              ],
              [
                124.15553312200007,
                12.810949622000066
              ],
              [
                124.15553312200007,
                12.810941810000031
              ],
              [
                124.15554113300004,
                12.81092305900006
              ],
              [
                124.15555074600002,
                12.810912121000058
              ],
              [
                124.15557958900001,
                12.810890244000063
              ],
              [
                124.1555876000001,
                12.810880868000027
              ],
              [
                124.15559721400007,
                12.810865242000034
              ],
              [
                124.15559881600007,
                12.810858992000021
              ],
              [
                124.15560362300005,
                12.810851179000053
              ],
              [
                124.15562124700011,
                12.810804302000065
              ],
              [
                124.15562124700011,
                12.810799615000064
              ],
              [
                124.1556276550001,
                12.810779302000071
              ],
              [
                124.1556292570001,
                12.810766801000057
              ],
              [
                124.15563886900009,
                12.81072617500007
              ],
              [
                124.15566610700012,
                12.810657279000054
              ],
              [
                124.1556773210001,
                12.81060259000003
              ],
              [
                124.15570135200005,
                12.810518212000034
              ],
              [
                124.15570936200004,
                12.81048383600006
              ],
              [
                124.15572057400004,
                12.810401021000075
              ],
              [
                124.15572057300005,
                12.810372895000057
              ],
              [
                124.1557269760001,
                12.81027914300006
              ],
              [
                124.15573178200009,
                12.810251017000041
              ],
              [
                124.1557317810001,
                12.810240080000028
              ],
              [
                124.1557381880001,
                12.810185391000061
              ],
              [
                124.1557461970001,
                12.81014163900005
              ],
              [
                124.1557477980001,
                12.810110389000045
              ],
              [
                124.155746195,
                12.810099451000042
              ],
              [
                124.15574619300003,
                12.810058825000056
              ],
              [
                124.15574458900005,
                12.810044763000064
              ],
              [
                124.15573497300011,
                12.810007263000045
              ],
              [
                124.15572054800009,
                12.809965075000036
              ],
              [
                124.1556997140001,
                12.809918201000073
              ],
              [
                124.15569170100002,
                12.809904138000036
              ],
              [
                124.15568689400004,
                12.809896326000057
              ],
              [
                124.1556532410001,
                12.809863515000075
              ],
              [
                124.15562920400009,
                12.809844765000037
              ],
              [
                124.155598757,
                12.809826017000034
              ],
              [
                124.15555068300011,
                12.809802582000032
              ],
              [
                124.15546094600006,
                12.80977133600004
              ],
              [
                124.1554000540001,
                12.809760402000052
              ],
              [
                124.15537601800008,
                12.809760403000041
              ],
              [
                124.15536800600012,
                12.809761966000053
              ],
              [
                124.15535678900005,
                12.809768217000055
              ],
              [
                124.15534717500009,
                12.809771342000033
              ],
              [
                124.15533275400003,
                12.809782281000025
              ],
              [
                124.15531032000001,
                12.809772761000033
              ],
              [
                124.15526064200003,
                12.809722762000035
              ],
              [
                124.15525263000006,
                12.809711825000022
              ],
              [
                124.15524942400009,
                12.809704013000044
              ],
              [
                124.1552478210001,
                12.809689950000063
              ],
              [
                124.15525262800008,
                12.80968370000005
              ],
              [
                124.15527025400002,
                12.80967432400007
              ],
              [
                124.15529749400002,
                12.809666509000067
              ],
              [
                124.15532793900002,
                12.80965244500004
              ],
              [
                124.15537120400006,
                12.809635255000046
              ],
              [
                124.15542568300009,
                12.80959775100007
              ],
              [
                124.15544971800011,
                12.80957743700003
              ],
              [
                124.15547856,
                12.809544623000022
              ],
              [
                124.15549778700006,
                12.809518059000027
              ],
              [
                124.15551220700002,
                12.809489932000076
              ],
              [
                124.15554265000003,
                12.809441492000076
              ],
              [
                124.15554585400002,
                12.809430555000063
              ],
              [
                124.15556027500008,
                12.809407116000045
              ],
              [
                124.15557149000006,
                12.80938055200005
              ],
              [
                124.15557950100003,
                12.809353989000044
              ],
              [
                124.15558270500003,
                12.809335238000074
              ],
              [
                124.15558430500005,
                12.809299300000077
              ],
              [
                124.15557949600009,
                12.809275863000039
              ],
              [
                124.15556827800003,
                12.809246175000055
              ],
              [
                124.1555570590001,
                12.80920711300007
              ],
              [
                124.15555705700001,
                12.809185237000065
              ],
              [
                124.15554744000008,
                12.809133674000066
              ],
              [
                124.15554583500011,
                12.809093049000069
              ],
              [
                124.15554102600004,
                12.809052423000026
              ],
              [
                124.15554102400006,
                12.809027423000032
              ],
              [
                124.15553942200006,
                12.809021173000076
              ],
              [
                124.15553942000008,
                12.808997735000048
              ],
              [
                124.15554262400008,
                12.808971171000053
              ],
              [
                124.15554582800007,
                12.808958671000028
              ],
              [
                124.15554582700008,
                12.808952421000072
              ],
              [
                124.15555223600006,
                12.808936795000022
              ],
              [
                124.15556185000003,
                12.808924294000064
              ],
              [
                124.15557787300008,
                12.80891179300005
              ],
              [
                124.15561109100008,
                12.808894261000034
              ],
              [
                124.15561589800006,
                12.808889573000044
              ],
              [
                124.15563031900001,
                12.808883322000042
              ],
              [
                124.15567518600005,
                12.808873944000027
              ],
              [
                124.15569922200007,
                12.808872381000072
              ],
              [
                124.15572806500006,
                12.808867691000046
              ],
              [
                124.15574408900011,
                12.808867691000046
              ],
              [
                124.15575530600006,
                12.808864565000022
              ],
              [
                124.15576331800003,
                12.808864565000022
              ],
              [
                124.15578414900006,
                12.808859876000042
              ],
              [
                124.15579376300002,
                12.808855188000052
              ],
              [
                124.15580017200011,
                12.80884893700005
              ],
              [
                124.15580658100009,
                12.808837999000048
              ],
              [
                124.15581299000007,
                12.808822373000055
              ],
              [
                124.1558129880001,
                12.808789560000037
              ],
              [
                124.1558113850001,
                12.808773935000033
              ],
              [
                124.15580337200004,
                12.80875831000003
              ],
              [
                124.15579856400007,
                12.80875362300003
              ],
              [
                124.15577452800005,
                12.80874581200004
              ],
              [
                124.15575850300002,
                12.808742688000052
              ],
              [
                124.15574888900005,
                12.808742688000052
              ],
              [
                124.15573446700012,
                12.808747376000042
              ],
              [
                124.15572645500004,
                12.808747377000032
              ],
              [
                124.15571523800008,
                12.808744252000054
              ],
              [
                124.15569921400004,
                12.808736441000065
              ],
              [
                124.15568479100011,
                12.808719254000039
              ],
              [
                124.15567838100003,
                12.808705191000058
              ],
              [
                124.1556639580001,
                12.808684879000054
              ],
              [
                124.15566235500012,
                12.808678629000042
              ],
              [
                124.15564649400005,
                12.808651945000065
              ],
              [
                124.15563527600011,
                12.808641008000052
              ],
              [
                124.15560803500011,
                12.808634759000029
              ],
              [
                124.15559842000005,
                12.808634760000075
              ],
              [
                124.15559201000008,
                12.80863163500004
              ],
              [
                124.15558399800011,
                12.80862226000005
              ],
              [
                124.15558079200002,
                12.808614448000071
              ],
              [
                124.15557918900004,
                12.808598822000022
              ],
              [
                124.15556476200004,
                12.808520696000073
              ],
              [
                124.15555995400007,
                12.808508196000048
              ],
              [
                124.1555519420001,
                12.808495696000023
              ],
              [
                124.15551989200003,
                12.80847226000003
              ],
              [
                124.15550867400009,
                12.808466010000075
              ],
              [
                124.15549425100005,
                12.808431635000034
              ],
              [
                124.15547822500002,
                12.808416011000077
              ],
              [
                124.15547181600004,
                12.808411324000076
              ],
              [
                124.1554605980001,
                12.808406637000076
              ],
              [
                124.15544777900004,
                12.808405075000053
              ],
              [
                124.15544136900007,
                12.808401950000075
              ],
              [
                124.1554349590001,
                12.808395700000062
              ],
              [
                124.15542694600003,
                12.808375388000059
              ],
              [
                124.15542374000006,
                12.808362887000044
              ],
              [
                124.1554141250001,
                12.80835195000003
              ],
              [
                124.15539810000007,
                12.80834257600003
              ],
              [
                124.15537406400006,
                12.808331639000073
              ],
              [
                124.15535803900002,
                12.808319140000037
              ],
              [
                124.15533880800001,
                12.808295703000056
              ],
              [
                124.15532759100006,
                12.80827851600003
              ],
              [
                124.15530996300004,
                12.80826132900006
              ],
              [
                124.1552955410001,
                12.808253517000026
              ],
              [
                124.15528111900005,
                12.808255080000038
              ],
              [
                124.15527631300006,
                12.80826133100004
              ],
              [
                124.15527471100006,
                12.80827070600003
              ],
              [
                124.15527631400005,
                12.808286331000033
              ],
              [
                124.15528272400002,
                12.808303519000049
              ],
              [
                124.15530836500011,
                12.808334768000066
              ],
              [
                124.155327596,
                12.808366018000072
              ],
              [
                124.1553308010001,
                12.80837383000005
              ],
              [
                124.15532759700011,
                12.808395706000056
              ],
              [
                124.15532118800002,
                12.808403519000024
              ],
              [
                124.15530516400008,
                12.808397269000068
              ],
              [
                124.15527151100002,
                12.80836602000005
              ],
              [
                124.15526349900006,
                12.80835664600005
              ],
              [
                124.15524907600002,
                12.808331646000056
              ],
              [
                124.1552346530001,
                12.80831445900003
              ],
              [
                124.15521542200008,
                12.808283209000024
              ],
              [
                124.1552138190001,
                12.808276959000068
              ],
              [
                124.15521061400011,
                12.808273834000033
              ],
              [
                124.15520420400003,
                12.808261334000065
              ],
              [
                124.15519458900008,
                12.808250397000052
              ],
              [
                124.155184974,
                12.808234772000048
              ],
              [
                124.15517696100005,
                12.808225398000047
              ],
              [
                124.15515612800004,
                12.808191023000063
              ],
              [
                124.15512087200011,
                12.808141024000065
              ],
              [
                124.1550984370001,
                12.808117587000027
              ],
              [
                124.15505677200008,
                12.808066026000063
              ],
              [
                124.15501190200007,
                12.808016028000054
              ],
              [
                124.15498786400008,
                12.807983216000025
              ],
              [
                124.15493761700009,
                12.807888396000067
              ],
              [
                124.15488313100002,
                12.807818085000065
              ],
              [
                124.1548446700001,
                12.807771210000055
              ],
              [
                124.15477095300002,
                12.807652461000032
              ],
              [
                124.15471486400008,
                12.80757277500004
              ],
              [
                124.15470204400003,
                12.807552463000036
              ],
              [
                124.15466037700003,
                12.807469651000076
              ],
              [
                124.15459627500002,
                12.807372777000069
              ],
              [
                124.1545786480001,
                12.80734934000003
              ],
              [
                124.15455140400002,
                12.807304028000033
              ],
              [
                124.15453858300009,
                12.807268090000036
              ],
              [
                124.15451294200011,
                12.80721027800007
              ],
              [
                124.1544953130001,
                12.807164966000073
              ],
              [
                124.15448730000003,
                12.80714934100007
              ],
              [
                124.15447127400012,
                12.807105591000038
              ],
              [
                124.15446486400003,
                12.807094654000025
              ],
              [
                124.15444242800004,
                12.807044654000038
              ],
              [
                124.15441838700008,
                12.806943964000027
              ],
              [
                124.1544151810001,
                12.806911151000065
              ],
              [
                124.15440235800008,
                12.806840837000038
              ],
              [
                124.1544039580001,
                12.80680333600003
              ],
              [
                124.1544087640001,
                12.806778335000047
              ],
              [
                124.1544135690001,
                12.806729897000025
              ],
              [
                124.15441196600011,
                12.806720522000035
              ],
              [
                124.154411965,
                12.806703334000076
              ],
              [
                124.15440875900003,
                12.806684584000038
              ],
              [
                124.15440875800005,
                12.806672083000024
              ],
              [
                124.15439433300003,
                12.806601770000043
              ],
              [
                124.15437830600001,
                12.806550208000033
              ],
              [
                124.15436388300009,
                12.80652520800004
              ],
              [
                124.15434465300007,
                12.806484583000042
              ],
              [
                124.15432542200006,
                12.80645645900006
              ],
              [
                124.15428055100006,
                12.806364272000053
              ],
              [
                124.15424689800011,
                12.806317398000033
              ],
              [
                124.15421912900001,
                12.806269263000047
              ],
              [
                124.15418933900003,
                12.80626823700004
              ],
              [
                124.15421824100008,
                12.806319091000034
              ],
              [
                124.1538542720001,
                12.806276775000072
              ],
              [
                124.15142448800009,
                12.80593725700004
              ],
              [
                124.14856308100002,
                12.804686286000049
              ],
              [
                124.14703359000009,
                12.807449848000033
              ],
              [
                124.14227869100012,
                12.808034467000027
              ],
              [
                124.13947252100002,
                12.807177026000033
              ],
              [
                124.13298015600003,
                12.804886637000038
              ],
              [
                124.12924695700008,
                12.804874853000058
              ],
              [
                124.12853153900005,
                12.805171701000063
              ],
              [
                124.12791496200009,
                12.80541282400003
              ],
              [
                124.12745796100012,
                12.804977855000061
              ],
              [
                124.12711296000009,
                12.804671878000022
              ],
              [
                124.12610996300009,
                12.804928866000068
              ],
              [
                124.1255849690001,
                12.805872805000035
              ],
              [
                124.12462014100004,
                12.805368950000059
              ],
              [
                124.12404615700007,
                12.804969664000055
              ],
              [
                124.12276513400002,
                12.804447765000077
              ],
              [
                124.12162644700004,
                12.803878422000025
              ],
              [
                124.1202529630001,
                12.803205013000024
              ],
              [
                124.11749996900005,
                12.803302022000025
              ],
              [
                124.11289008300002,
                12.799897693000048
              ],
              [
                124.10593298300012,
                12.796422333000066
              ],
              [
                124.09877561100006,
                12.79421592500006
              ],
              [
                124.08612912700005,
                12.792009517000054
              ],
              [
                124.08176777100005,
                12.793401998000036
              ],
              [
                124.07719586600001,
                12.794861703000038
              ],
              [
                124.07213727200008,
                12.800189371000045
              ],
              [
                124.07239204400003,
                12.802737301000036
              ],
              [
                124.07241905100011,
                12.80395721900004
              ],
              [
                124.07247005900001,
                12.80542212000006
              ],
              [
                124.0726310660001,
                12.806815026000038
              ],
              [
                124.07256807600004,
                12.808549909000021
              ],
              [
                124.07284608700002,
                12.810681764000037
              ],
              [
                124.07308810100005,
                12.813196594000033
              ],
              [
                124.07394411700011,
                12.81628838100005
              ],
              [
                124.07426014400005,
                12.816403894000075
              ],
              [
                124.07440338200001,
                12.816730994000068
              ],
              [
                124.0742399500001,
                12.817041485000061
              ],
              [
                124.07380597300005,
                12.817151996000064
              ],
              [
                124.0732876400001,
                12.81762089600005
              ],
              [
                124.07328371800008,
                12.817964799000038
              ],
              [
                124.0736999500001,
                12.818435769000075
              ],
              [
                124.07371238200005,
                12.818765851000023
              ],
              [
                124.073303871,
                12.818796691000045
              ],
              [
                124.07314257700011,
                12.818986338000059
              ],
              [
                124.0732945100001,
                12.819429230000026
              ],
              [
                124.07325881700001,
                12.819778519000067
              ],
              [
                124.07336719900002,
                12.820065764000049
              ],
              [
                124.07385636900005,
                12.820272542000055
              ],
              [
                124.07386967100001,
                12.820576360000075
              ],
              [
                124.07337835900012,
                12.820847762000028
              ],
              [
                124.07337764800002,
                12.82116680300004
              ],
              [
                124.07394299700002,
                12.821572052000022
              ],
              [
                124.07438563300002,
                12.821524017000058
              ],
              [
                124.07471355100006,
                12.821523811000077
              ],
              [
                124.0751869400001,
                12.822088195000049
              ],
              [
                124.07572214600009,
                12.822079982000048
              ],
              [
                124.07595588800007,
                12.822147451000035
              ],
              [
                124.07617259100005,
                12.822431977000065
              ],
              [
                124.07620447200009,
                12.82298406800004
              ],
              [
                124.07620394000003,
                12.823037554000052
              ],
              [
                124.07577845000003,
                12.823572962000071
              ],
              [
                124.0754870940001,
                12.82391192600005
              ],
              [
                124.07562824700005,
                12.824216430000035
              ],
              [
                124.0767148220001,
                12.824901074000024
              ],
              [
                124.07669344300007,
                12.825189371000022
              ],
              [
                124.07661278600006,
                12.825695991000032
              ],
              [
                124.07695840500003,
                12.825986988000068
              ],
              [
                124.07731469200007,
                12.825964327000065
              ],
              [
                124.07823978700003,
                12.827139979000037
              ],
              [
                124.07833129900007,
                12.82744597900006
              ],
              [
                124.07821061100003,
                12.827589815000067
              ],
              [
                124.07799863000002,
                12.827842155000042
              ],
              [
                124.07801506100009,
                12.82814845400003
              ],
              [
                124.07810283700007,
                12.82861785700004
              ],
              [
                124.0784122020001,
                12.829106892000027
              ],
              [
                124.07874488100003,
                12.829161533000047
              ],
              [
                124.07900317600001,
                12.82939723800007
              ],
              [
                124.07913038200002,
                12.829905603000043
              ],
              [
                124.0795912420001,
                12.830778918000021
              ],
              [
                124.08033449400011,
                12.831088425000075
              ],
              [
                124.0807807110001,
                12.831252491000043
              ],
              [
                124.08083549600008,
                12.831692093000072
              ],
              [
                124.08072357500009,
                12.832037628000023
              ],
              [
                124.08070500600002,
                12.832073684000022
              ],
              [
                124.08085354400009,
                12.832675362000032
              ],
              [
                124.08126347900009,
                12.833202640000025
              ],
              [
                124.08167350700012,
                12.83300811600003
              ],
              [
                124.08176777100005,
                12.832719028000042
              ],
              [
                124.08183412300002,
                12.832515541000078
              ],
              [
                124.08190219800008,
                12.833297194000068
              ],
              [
                124.08349537600009,
                12.840765101000045
              ],
              [
                124.08479306700008,
                12.84169182100004
              ],
              [
                124.08563338300007,
                12.842615402000035
              ],
              [
                124.08566577700003,
                12.843022579000035
              ],
              [
                124.08566938000001,
                12.843074512000044
              ],
              [
                124.08532612300007,
                12.84437579200005
              ],
              [
                124.08508631900008,
                12.845722180000053
              ],
              [
                124.08493998200004,
                12.846669421000058
              ],
              [
                124.08492992300012,
                12.846740888000056
              ],
              [
                124.08499690600001,
                12.846872976000043
              ],
              [
                124.08987976200001,
                12.85299443100007
              ],
              [
                124.09052075200009,
                12.85366489100005
              ],
              [
                124.09126563200005,
                12.854529280000065
              ],
              [
                124.09553431200004,
                12.859482830000047
              ],
              [
                124.0968289870001,
                12.86103270700005
              ],
              [
                124.09734908000007,
                12.86189752100006
              ],
              [
                124.10643581200009,
                12.872752907000063
              ],
              [
                124.10979452100003,
                12.873109493000072
              ],
              [
                124.11696019300007,
                12.87220489200007
              ],
              [
                124.12117772700003,
                12.87169603600006
              ],
              [
                124.12377582700003,
                12.871404943000073
              ],
              [
                124.12466430900008,
                12.871254941000075
              ],
              [
                124.12554334300012,
                12.87109608000003
              ],
              [
                124.12757251100004,
                12.872108918000038
              ],
              [
                124.13023490500007,
                12.873861225000041
              ],
              [
                124.13379835700005,
                12.876507626000034
              ],
              [
                124.13529911900002,
                12.876224777000061
              ],
              [
                124.13680661100011,
                12.876053960000036
              ],
              [
                124.13878447800005,
                12.874261019000073
              ]
            ]
          ],
          [
            [
              [
                124.13965660600002,
                12.874065676000043
              ],
              [
                124.1406615730001,
                12.874211571000046
              ],
              [
                124.14064875000008,
                12.874196571000027
              ],
              [
                124.14064875000008,
                12.874190420000048
              ],
              [
                124.14065190600002,
                12.874184270000057
              ],
              [
                124.14065821500003,
                12.87417965700007
              ],
              [
                124.14066610100008,
                12.87417965800006
              ],
              [
                124.14067556500004,
                12.874181197000041
              ],
              [
                124.14068818200008,
                12.874188884000034
              ],
              [
                124.14070237700003,
                12.874193498000068
              ],
              [
                124.14071815000011,
                12.874191961000065
              ],
              [
                124.14073076800003,
                12.874182735000034
              ],
              [
                124.1407402320001,
                12.874167361000048
              ],
              [
                124.14074338800003,
                12.874145834000046
              ],
              [
                124.14074023400008,
                12.87412738300003
              ],
              [
                124.14073708,
                12.87412123300004
              ],
              [
                124.14071342200009,
                12.874107393000031
              ],
              [
                124.140703959,
                12.874096629000064
              ],
              [
                124.14069922800002,
                12.874082791000035
              ],
              [
                124.14070396000011,
                12.87406741500007
              ],
              [
                124.14070869200009,
                12.874062804000062
              ],
              [
                124.14073077400008,
                12.874050504000024
              ],
              [
                124.14074023700005,
                12.874042815000053
              ],
              [
                124.14074812400008,
                12.874027440000077
              ],
              [
                124.14075601200011,
                12.873995150000042
              ],
              [
                124.14077651700006,
                12.873973625000076
              ],
              [
                124.14080017600008,
                12.873953638000046
              ],
              [
                124.14081437200002,
                12.87393518700003
              ],
              [
                124.14082225800007,
                12.873921349000057
              ],
              [
                124.140831724,
                12.873893673000055
              ],
              [
                124.14083487800008,
                12.873889060000067
              ],
              [
                124.1408364560001,
                12.873884447000023
              ],
              [
                124.1408364560001,
                12.873873684000046
              ],
              [
                124.14083014800008,
                12.873853695000037
              ],
              [
                124.14082068500011,
                12.873835244000077
              ],
              [
                124.14081122200002,
                12.873826018000045
              ],
              [
                124.14080175900006,
                12.873813717000075
              ],
              [
                124.14080176000004,
                12.873807566000039
              ],
              [
                124.14080491400011,
                12.873801416000049
              ],
              [
                124.14081122400012,
                12.873798341000054
              ],
              [
                124.14081595500011,
                12.873793728000066
              ],
              [
                124.14082226500011,
                12.87378142800003
              ],
              [
                124.14082384200003,
                12.873775279000029
              ],
              [
                124.14081753300002,
                12.87376297700007
              ],
              [
                124.14081595700009,
                12.873747601000048
              ],
              [
                124.14083961800009,
                12.873710699000071
              ],
              [
                124.1408459270001,
                12.873698399000034
              ],
              [
                124.14084908200005,
                12.873684561000061
              ],
              [
                124.14084908200005,
                12.873659959000065
              ],
              [
                124.1408475070001,
                12.873646122000025
              ],
              [
                124.14084435200004,
                12.873641508000048
              ],
              [
                124.14083962100005,
                12.873635358000058
              ],
              [
                124.14082700300003,
                12.873629207000022
              ],
              [
                124.14082069400001,
                12.87362766900003
              ],
              [
                124.14080492200003,
                12.87362766800004
              ],
              [
                124.14077810900005,
                12.87363381700004
              ],
              [
                124.14077022200001,
                12.87363381700004
              ],
              [
                124.1407639140001,
                12.873630742000046
              ],
              [
                124.1407639140001,
                12.873624591000066
              ],
              [
                124.14076864600008,
                12.873612291000029
              ],
              [
                124.14077811000004,
                12.87359999000006
              ],
              [
                124.14077653200002,
                12.873583077000035
              ],
              [
                124.14076707100003,
                12.873572313000068
              ],
              [
                124.14075603000003,
                12.873563087000036
              ],
              [
                124.14072764100001,
                12.873550785000077
              ],
              [
                124.14067401500006,
                12.873535407000077
              ],
              [
                124.14066612900001,
                12.87352925700003
              ],
              [
                124.1406598210001,
                12.873521569000047
              ],
              [
                124.14065666700003,
                12.873512343000073
              ],
              [
                124.14065035700003,
                12.873501579000049
              ],
              [
                124.14063931700002,
                12.873487741000076
              ],
              [
                124.140628278,
                12.873476977000053
              ],
              [
                124.14061723800012,
                12.873467751000021
              ],
              [
                124.14060462000009,
                12.873461600000041
              ],
              [
                124.14058569300005,
                12.873456987000054
              ],
              [
                124.14057938500002,
                12.87345391100007
              ],
              [
                124.14057465300004,
                12.873447761000023
              ],
              [
                124.14057307600001,
                12.873438536000037
              ],
              [
                124.14057307700011,
                12.873420084000031
              ],
              [
                124.14056676900009,
                12.87339240800003
              ],
              [
                124.14056046100006,
                12.873378568000021
              ],
              [
                124.14055257500002,
                12.873369343000036
              ],
              [
                124.1405289170001,
                12.873369341000057
              ],
              [
                124.14051945300002,
                12.873372416000052
              ],
              [
                124.14048317600009,
                12.873387791000027
              ],
              [
                124.14047844400011,
                12.873392403000025
              ],
              [
                124.14043112600007,
                12.87340931500006
              ],
              [
                124.1404327030001,
                12.87340931500006
              ],
              [
                124.14040746700005,
                12.873420077000048
              ],
              [
                124.14038853900001,
                12.87344160200007
              ],
              [
                124.14037434400007,
                12.873450827000056
              ],
              [
                124.14036803500005,
                12.873452365000048
              ],
              [
                124.14034279900011,
                12.873464665000029
              ],
              [
                124.14032702600002,
                12.873478502000069
              ],
              [
                124.14028917000007,
                12.873527704000026
              ],
              [
                124.1402276550001,
                12.87358305400005
              ],
              [
                124.14022292300001,
                12.87358920400004
              ],
              [
                124.14021819100003,
                12.873601505000067
              ],
              [
                124.14021976700008,
                12.873618419000024
              ],
              [
                124.14022449900006,
                12.873630720000051
              ],
              [
                124.14022134400011,
                12.873636870000041
              ],
              [
                124.14021187900005,
                12.873646095000026
              ],
              [
                124.14020083900004,
                12.873655320000069
              ],
              [
                124.14017718000002,
                12.873669157000052
              ],
              [
                124.14017244800004,
                12.873673770000039
              ],
              [
                124.14015352100012,
                12.873684533000073
              ],
              [
                124.14014878800003,
                12.873689145000071
              ],
              [
                124.14012355200009,
                12.873702982000054
              ],
              [
                124.14011093400006,
                12.873707594000052
              ],
              [
                124.14008885300007,
                12.873709131000055
              ],
              [
                124.14007623500004,
                12.87371220600005
              ],
              [
                124.14006992600002,
                12.873716818000048
              ],
              [
                124.14006519400004,
                12.873722969000028
              ],
              [
                124.1400557280001,
                12.87375064400004
              ],
              [
                124.14004784100007,
                12.873762945000067
              ],
              [
                124.14004153300004,
                12.873767557000065
              ],
              [
                124.14002102800009,
                12.873775244000058
              ],
              [
                124.14000683300003,
                12.873775244000058
              ],
              [
                124.13997844200003,
                12.873772167000027
              ],
              [
                124.13996424800007,
                12.873778317000074
              ],
              [
                124.13993270200001,
                12.87380599200003
              ],
              [
                124.13991377400009,
                12.873813679000023
              ],
              [
                124.13989957900003,
                12.873810604000028
              ],
              [
                124.13987907500007,
                12.873801377000063
              ],
              [
                124.13986645800003,
                12.873799839000071
              ],
              [
                124.13985699400007,
                12.873799839000071
              ],
              [
                124.13985226200009,
                12.873801376000074
              ],
              [
                124.13981756200008,
                12.873830590000068
              ],
              [
                124.13979548000009,
                12.873841351000067
              ],
              [
                124.13972134700009,
                12.87389977600003
              ],
              [
                124.13968349100003,
                12.873924376000048
              ],
              [
                124.13967402600008,
                12.873933602000022
              ],
              [
                124.13966456300011,
                12.873947439000062
              ],
              [
                124.13965667600007,
                12.87397204000007
              ],
              [
                124.13964878800004,
                12.874012017000041
              ],
              [
                124.13964721000002,
                12.87403200600005
              ],
              [
                124.1396503630001,
                12.874050457000067
              ],
              [
                124.13965660600002,
                12.874065676000043
              ]
            ]
          ],
          [
            [
              [
                124.15214486500008,
                12.862928432000047
              ],
              [
                124.15216952000003,
                12.862930035000034
              ],
              [
                124.15219253100008,
                12.86293644500006
              ],
              [
                124.15222376000008,
                12.86294125300003
              ],
              [
                124.1522582770001,
                12.862939651000033
              ],
              [
                124.15226649600004,
                12.862936446000049
              ],
              [
                124.15229279400012,
                12.862931640000056
              ],
              [
                124.15235854000002,
                12.862906002000045
              ],
              [
                124.15240785100002,
                12.862883570000065
              ],
              [
                124.15243908000002,
                12.862875558000042
              ],
              [
                124.15246702200011,
                12.86287075100006
              ],
              [
                124.15249332100007,
                12.862869149000062
              ],
              [
                124.15251140100008,
                12.862865945000067
              ],
              [
                124.15251797600001,
                12.862862740000025
              ],
              [
                124.15256564200001,
                12.862848319000022
              ],
              [
                124.15257879100011,
                12.862845115000027
              ],
              [
                124.15259522800011,
                12.862845115000027
              ],
              [
                124.15261002000011,
                12.862841911000032
              ],
              [
                124.1526231690001,
                12.862833899000066
              ],
              [
                124.152626456,
                12.86282749000003
              ],
              [
                124.15262645700011,
                12.862817875000076
              ],
              [
                124.15262317000008,
                12.862798647000034
              ],
              [
                124.1526248130001,
                12.862792236000075
              ],
              [
                124.15262974400002,
                12.862787429000036
              ],
              [
                124.15266261900001,
                12.862771406000036
              ],
              [
                124.15268069900003,
                12.862773008000033
              ],
              [
                124.15268727300008,
                12.862776213000075
              ],
              [
                124.15269220400012,
                12.862781022000036
              ],
              [
                124.15269549100003,
                12.862793841000041
              ],
              [
                124.15269713500004,
                12.86281146600004
              ],
              [
                124.15270206500008,
                12.862827491000075
              ],
              [
                124.152706996,
                12.862835503000042
              ],
              [
                124.15271521400007,
                12.862840310000024
              ],
              [
                124.15272178900011,
                12.862841913000068
              ],
              [
                124.1527349380001,
                12.862838709000073
              ],
              [
                124.15274808800007,
                12.862832299000047
              ],
              [
                124.15275795000002,
                12.862817878000044
              ],
              [
                124.15276123700005,
                12.862805058000049
              ],
              [
                124.15276123800004,
                12.862781023000025
              ],
              [
                124.15274480200003,
                12.862745769000071
              ],
              [
                124.15274973300006,
                12.86272654000004
              ],
              [
                124.15275630800011,
                12.862718529000063
              ],
              [
                124.15276452600006,
                12.862712118000047
              ],
              [
                124.15278096300005,
                12.862707311000065
              ],
              [
                124.15280561800012,
                12.862707312000055
              ],
              [
                124.15282205400001,
                12.862710517000039
              ],
              [
                124.15284013400003,
                12.862708915000042
              ],
              [
                124.1528499960001,
                12.862705711000046
              ],
              [
                124.15285985800006,
                12.862699301000077
              ],
              [
                124.15286971900002,
                12.86268808400007
              ],
              [
                124.15287136300003,
                12.862672060000023
              ],
              [
                124.15286314500008,
                12.86265763800003
              ],
              [
                124.15285328400012,
                12.862644819000025
              ],
              [
                124.15284999700009,
                12.862628795000035
              ],
              [
                124.15284999700009,
                12.86261918100007
              ],
              [
                124.15285328400012,
                12.862604759000021
              ],
              [
                124.15286314600007,
                12.86259354200007
              ],
              [
                124.15288122800007,
                12.862591940000073
              ],
              [
                124.15288944600002,
                12.86259354200007
              ],
              [
                124.15289766400008,
                12.862598350000042
              ],
              [
                124.15291410000009,
                12.86261918100007
              ],
              [
                124.15292724900007,
                12.862643219000063
              ],
              [
                124.15293546700002,
                12.862654435000024
              ],
              [
                124.15294368500008,
                12.862673664000056
              ],
              [
                124.15294861600012,
                12.862680074000025
              ],
              [
                124.15296340900011,
                12.862689688000046
              ],
              [
                124.15298148900001,
                12.862689689000035
              ],
              [
                124.15300121300004,
                12.862683279000066
              ],
              [
                124.15302093700006,
                12.862672063000048
              ],
              [
                124.15304723600002,
                12.862651232000076
              ],
              [
                124.15312284400011,
                12.862599957000043
              ],
              [
                124.1531540740001,
                12.862572716000045
              ],
              [
                124.15316558100005,
                12.862558295000042
              ],
              [
                124.1531721560001,
                12.862542271000052
              ],
              [
                124.15317708700002,
                12.862519837000036
              ],
              [
                124.15317544400011,
                12.86245894600006
              ],
              [
                124.153177088,
                12.862450934000037
              ],
              [
                124.15318859400008,
                12.86243330700006
              ],
              [
                124.15320338700008,
                12.862418885000068
              ],
              [
                124.15320831800011,
                12.862406066000062
              ],
              [
                124.15320667500009,
                12.86239164400007
              ],
              [
                124.15319517000012,
                12.862362801000074
              ],
              [
                124.15319517000012,
                12.86234517400004
              ],
              [
                124.15319681400001,
                12.862337162000074
              ],
              [
                124.15320010100004,
                12.862330754000027
              ],
              [
                124.15321982500006,
                12.862309923000055
              ],
              [
                124.15322640000011,
                12.862305115000026
              ],
              [
                124.15323297500004,
                12.862301910000042
              ],
              [
                124.1532411930001,
                12.862301910000042
              ],
              [
                124.15326420300005,
                12.86230671800007
              ],
              [
                124.15327570900001,
                12.86230671800007
              ],
              [
                124.15328228400006,
                12.862305117000062
              ],
              [
                124.15329707800004,
                12.862295501000062
              ],
              [
                124.1533036510001,
                12.862289092000026
              ],
              [
                124.15332995200004,
                12.862257044000046
              ],
              [
                124.1533381700001,
                12.862242622000053
              ],
              [
                124.15335131900008,
                12.862233008000032
              ],
              [
                124.15336611300006,
                12.862226599000053
              ],
              [
                124.153374331,
                12.862224996000066
              ],
              [
                124.15339076700002,
                12.86222820100005
              ],
              [
                124.153421997,
                12.862241021000045
              ],
              [
                124.15342857200005,
                12.862241021000045
              ],
              [
                124.15345322700011,
                12.862236214000063
              ],
              [
                124.1534828130001,
                12.86222179300006
              ],
              [
                124.15349431800007,
                12.862218588000076
              ],
              [
                124.15351732900001,
                12.862229806000073
              ],
              [
                124.15353869600006,
                12.862249035000048
              ],
              [
                124.15354527200009,
                12.862252240000032
              ],
              [
                124.15355513400004,
                12.862252240000032
              ],
              [
                124.15357485800007,
                12.862245831000052
              ],
              [
                124.15358472000003,
                12.86223140900006
              ],
              [
                124.15358636400003,
                12.862226602000021
              ],
              [
                124.153583077,
                12.862212180000029
              ],
              [
                124.15357485900006,
                12.862202565000075
              ],
              [
                124.15356006600007,
                12.862192951000054
              ],
              [
                124.15354527300008,
                12.86218974600007
              ],
              [
                124.15353869800003,
                12.862186541000028
              ],
              [
                124.1535321240001,
                12.86218013100006
              ],
              [
                124.15352719300006,
                12.862172119000036
              ],
              [
                124.15352226200002,
                12.86215930000003
              ],
              [
                124.15351240000007,
                12.862144878000038
              ],
              [
                124.15349267500005,
                12.862136865000025
              ],
              [
                124.15347623900004,
                12.862135263000027
              ],
              [
                124.15346308900007,
                12.862138467000023
              ],
              [
                124.15345980200004,
                12.862144877000048
              ],
              [
                124.15345980200004,
                12.862152889000072
              ],
              [
                124.15345651500002,
                12.862167311000064
              ],
              [
                124.1534515840001,
                12.862173720000044
              ],
              [
                124.15344007800002,
                12.86218013100006
              ],
              [
                124.15343186000007,
                12.86218013100006
              ],
              [
                124.15341542300007,
                12.862175322000041
              ],
              [
                124.15340063100007,
                12.862164106000023
              ],
              [
                124.153375976,
                12.862151285000039
              ],
              [
                124.15336118300002,
                12.862152888000026
              ],
              [
                124.15332830900002,
                12.862162502000047
              ],
              [
                124.15330529800008,
                12.862164104000044
              ],
              [
                124.15328886200007,
                12.86216089900006
              ],
              [
                124.15326749400003,
                12.862149682000052
              ],
              [
                124.15323462100002,
                12.862125645000049
              ],
              [
                124.15322147200004,
                12.862119235000023
              ],
              [
                124.15320667800006,
                12.862116031000028
              ],
              [
                124.15319846000011,
                12.862116031000028
              ],
              [
                124.15312614000004,
                12.862136861000067
              ],
              [
                124.1531179210001,
                12.862136861000067
              ],
              [
                124.15309655400006,
                12.86214166700006
              ],
              [
                124.15300450900008,
                12.86214166700006
              ],
              [
                124.15299300400011,
                12.862143268000068
              ],
              [
                124.15297328000008,
                12.862143268000068
              ],
              [
                124.15290589000006,
                12.862141664000035
              ],
              [
                124.15284178700006,
                12.86215448200005
              ],
              [
                124.15281548900009,
                12.862178518000064
              ],
              [
                124.15280562700002,
                12.86219133700007
              ],
              [
                124.15279905200009,
                12.862204156000075
              ],
              [
                124.15279905200009,
                12.862210566000044
              ],
              [
                124.15280233900012,
                12.86222338500005
              ],
              [
                124.15283521100002,
                12.862277868000035
              ],
              [
                124.15284342900009,
                12.862297097000067
              ],
              [
                124.1528434280001,
                12.86230671100003
              ],
              [
                124.15284178500008,
                12.862319530000036
              ],
              [
                124.15283685300005,
                12.862333952000029
              ],
              [
                124.15282206000006,
                12.862356385000055
              ],
              [
                124.1528105540001,
                12.862365999000076
              ],
              [
                124.15280726700007,
                12.862370808000037
              ],
              [
                124.15279411800009,
                12.862380421000069
              ],
              [
                124.15278096800012,
                12.862386830000048
              ],
              [
                124.15277275000005,
                12.862390035000033
              ],
              [
                124.15275467000004,
                12.862393239000028
              ],
              [
                124.15271029000007,
                12.862393239000028
              ],
              [
                124.15265933700005,
                12.86238682800007
              ],
              [
                124.15264290100004,
                12.86238202100003
              ],
              [
                124.15261660300007,
                12.862382020000041
              ],
              [
                124.15258044300003,
                12.86239323600006
              ],
              [
                124.15257551200011,
                12.862396441000044
              ],
              [
                124.15255414400008,
                12.862404453000067
              ],
              [
                124.15253935200008,
                12.862406056000054
              ],
              [
                124.15250647900007,
                12.862406054000076
              ],
              [
                124.15248839900005,
                12.862404452000021
              ],
              [
                124.15244730800009,
                12.862396439000065
              ],
              [
                124.15242594000006,
                12.86239002900004
              ],
              [
                124.15239635500006,
                12.862391631000037
              ],
              [
                124.15238320500009,
                12.862396438000076
              ],
              [
                124.15237170000012,
                12.862402847000055
              ],
              [
                124.15234868700009,
                12.862409256000035
              ],
              [
                124.15232896400005,
                12.862417268000058
              ],
              [
                124.15230759600001,
                12.86242207500004
              ],
              [
                124.1523026650001,
                12.862425279000036
              ],
              [
                124.15228294200006,
                12.862431689000061
              ],
              [
                124.152255,
                12.862444507000077
              ],
              [
                124.15223198900003,
                12.86244931400006
              ],
              [
                124.15222377000009,
                12.86244931400006
              ],
              [
                124.15218267900002,
                12.86245572300004
              ],
              [
                124.15215145000002,
                12.862466939000058
              ],
              [
                124.15211693300012,
                12.862482962000058
              ],
              [
                124.15208899000004,
                12.862498986000048
              ],
              [
                124.15202981700008,
                12.862526227000046
              ],
              [
                124.15200351900012,
                12.862535840000021
              ],
              [
                124.15198708300011,
                12.862539045000062
              ],
              [
                124.15194763500006,
                12.862553465000076
              ],
              [
                124.15192955500004,
                12.86255667000006
              ],
              [
                124.15191640600005,
                12.86256307900004
              ],
              [
                124.15190161300006,
                12.862566283000035
              ],
              [
                124.15188024500003,
                12.862574295000059
              ],
              [
                124.15184737100003,
                12.862596728000028
              ],
              [
                124.15181778500005,
                12.862623969000026
              ],
              [
                124.1518062780001,
                12.86263839000003
              ],
              [
                124.15178655400007,
                12.862686462000056
              ],
              [
                124.15177997900003,
                12.862710499000059
              ],
              [
                124.151776691,
                12.86274254600005
              ],
              [
                124.15177669000002,
                12.862771389000045
              ],
              [
                124.15177997700005,
                12.862795425000058
              ],
              [
                124.15177997600006,
                12.86280984800004
              ],
              [
                124.15178655000011,
                12.862835486000051
              ],
              [
                124.151802986,
                12.862865932000034
              ],
              [
                124.1518144910001,
                12.862883560000057
              ],
              [
                124.1518161350001,
                12.862899583000058
              ],
              [
                124.15181942200002,
                12.862905992000037
              ],
              [
                124.15182435300005,
                12.862910800000066
              ],
              [
                124.15183257100011,
                12.862915607000048
              ],
              [
                124.15183914600004,
                12.862917210000035
              ],
              [
                124.15189996100003,
                12.862917211000024
              ],
              [
                124.15191639700004,
                12.862920417000055
              ],
              [
                124.15192954600002,
                12.862925223000047
              ],
              [
                124.15196077600001,
                12.862928429000021
              ],
              [
                124.15197721200002,
                12.862926827000024
              ],
              [
                124.15202159000012,
                12.862926827000024
              ],
              [
                124.15214486500008,
                12.862928432000047
              ]
            ]
          ],
          [
            [
              [
                124.15809677200002,
                12.859095177000029
              ],
              [
                124.15813806000006,
                12.859130785000048
              ],
              [
                124.1581460000001,
                12.859133881000048
              ],
              [
                124.15815870300003,
                12.859132334000037
              ],
              [
                124.15816505500004,
                12.859127689000047
              ],
              [
                124.1581793470001,
                12.859109110000077
              ],
              [
                124.15819522700008,
                12.859096725000029
              ],
              [
                124.15821110700006,
                12.85909982100003
              ],
              [
                124.15822539900012,
                12.859098274000075
              ],
              [
                124.15823651500011,
                12.859088984000039
              ],
              [
                124.15824604300008,
                12.859068859000047
              ],
              [
                124.1582523940001,
                12.859040991000029
              ],
              [
                124.15824921800004,
                12.859008479000067
              ],
              [
                124.15823492600009,
                12.858983709000029
              ],
              [
                124.1582015780001,
                12.858943457000066
              ],
              [
                124.15818887400007,
                12.858923331000028
              ],
              [
                124.1581396470001,
                12.858876887000065
              ],
              [
                124.15810947500006,
                12.858856761000027
              ],
              [
                124.15810153400002,
                12.858844375000047
              ],
              [
                124.15809835900006,
                12.858831989000066
              ],
              [
                124.15809835900006,
                12.858814960000075
              ],
              [
                124.15809677100003,
                12.858807219000028
              ],
              [
                124.15808724200008,
                12.858794833000047
              ],
              [
                124.158076176,
                12.858785123000075
              ],
              [
                124.15805548300011,
                12.858766967000065
              ],
              [
                124.15804436600001,
                12.858754581000028
              ],
              [
                124.15803007400007,
                12.858731359000046
              ],
              [
                124.15801895900006,
                12.858708137000065
              ],
              [
                124.15801737100003,
                12.858678722000036
              ],
              [
                124.15801419500008,
                12.858660145000044
              ],
              [
                124.15800784300006,
                12.858635374000073
              ],
              [
                124.15800149100005,
                12.858621440000036
              ],
              [
                124.15799672700007,
                12.858602862000055
              ],
              [
                124.15799672700007,
                12.858570350000036
              ],
              [
                124.1579983150001,
                12.858562610000035
              ],
              [
                124.15800149100005,
                12.858557965000045
              ],
              [
                124.15801260700005,
                12.858527003000063
              ],
              [
                124.15802372200005,
                12.858502231000045
              ],
              [
                124.15804754200008,
                12.858417082000074
              ],
              [
                124.1580602460001,
                12.858386119000045
              ],
              [
                124.15806977400007,
                12.858355157000062
              ],
              [
                124.15807930100004,
                12.858331934000034
              ],
              [
                124.158088829,
                12.858319548000054
              ],
              [
                124.15810629600003,
                12.858287037000025
              ],
              [
                124.15812348600002,
                12.858237532000032
              ],
              [
                124.15812666200009,
                12.858232887000042
              ],
              [
                124.15813301300011,
                12.858228243000042
              ],
              [
                124.15815048200011,
                12.858220502000052
              ],
              [
                124.15817906500001,
                12.85821276200005
              ],
              [
                124.15819970900009,
                12.858200375000024
              ],
              [
                124.15820447300007,
                12.858195731000023
              ],
              [
                124.15821082500008,
                12.858184894000033
              ],
              [
                124.15820764900002,
                12.858167864000052
              ],
              [
                124.15818382900011,
                12.858126063000043
              ],
              [
                124.15817906500001,
                12.858110582000052
              ],
              [
                124.15817906500001,
                12.85809510100006
              ],
              [
                124.15818065200006,
                12.858087359000024
              ],
              [
                124.15819335700007,
                12.858065685000042
              ],
              [
                124.1582060610001,
                12.858056396000052
              ],
              [
                124.15821241200001,
                12.858054848000052
              ],
              [
                124.15822035200006,
                12.858057944000052
              ],
              [
                124.15823464400012,
                12.858079618000033
              ],
              [
                124.15824099600002,
                12.85809355200007
              ],
              [
                124.15824734800003,
                12.858099745000061
              ],
              [
                124.15825370000005,
                12.858104390000051
              ],
              [
                124.15826164000009,
                12.858107485000062
              ],
              [
                124.15828863600007,
                12.858113678000052
              ],
              [
                124.15829975100007,
                12.858118322000053
              ],
              [
                124.15831722000007,
                12.858129160000033
              ],
              [
                124.1583346860001,
                12.858127611000043
              ],
              [
                124.15835374300002,
                12.858122966000053
              ],
              [
                124.15837279900006,
                12.858113677000063
              ],
              [
                124.15838073900011,
                12.858112129000062
              ],
              [
                124.15839344300002,
                12.858113677000063
              ],
              [
                124.1584188490001,
                12.858124515000043
              ],
              [
                124.15843473000007,
                12.858122966000053
              ],
              [
                124.15844108200008,
                12.858118322000053
              ],
              [
                124.15845061000005,
                12.858104388000072
              ],
              [
                124.158453785,
                12.858092003000024
              ],
              [
                124.158453785,
                12.858085811000024
              ],
              [
                124.15845061000005,
                12.858073425000043
              ],
              [
                124.1584474340001,
                12.858065685000042
              ],
              [
                124.15842361400007,
                12.858044010000071
              ],
              [
                124.15836009500003,
                12.858006855000042
              ],
              [
                124.15835056700007,
                12.858003758000052
              ],
              [
                124.1583346860001,
                12.857994469000062
              ],
              [
                124.15832992300011,
                12.857989824000072
              ],
              [
                124.15832515900001,
                12.85798208400007
              ],
              [
                124.15832039400004,
                12.857938735000062
              ],
              [
                124.15831404200003,
                12.85792789900006
              ],
              [
                124.15830769100012,
                12.85792325400007
              ],
              [
                124.15829181000004,
                12.857918609000023
              ],
              [
                124.15826640300008,
                12.857918609000023
              ],
              [
                124.15825687400002,
                12.857920157000024
              ],
              [
                124.15823623100005,
                12.85792789900006
              ],
              [
                124.15822035200006,
                12.85792789900006
              ],
              [
                124.15819812000007,
                12.857915513000023
              ],
              [
                124.1581885920001,
                12.857903129000022
              ],
              [
                124.15818382800012,
                12.857893839000042
              ],
              [
                124.15818224000009,
                12.857884550000051
              ],
              [
                124.15818065100007,
                12.857830364000051
              ],
              [
                124.15818224000009,
                12.85781488300006
              ],
              [
                124.15819018000002,
                12.857796304000033
              ],
              [
                124.15819494300001,
                12.857791660000032
              ],
              [
                124.15820606000011,
                12.857787015000042
              ],
              [
                124.15824258200007,
                12.857780823000041
              ],
              [
                124.15825052200012,
                12.857777726000052
              ],
              [
                124.15827434300002,
                12.857777726000052
              ],
              [
                124.15828704600005,
                12.857774630000051
              ],
              [
                124.15829180900005,
                12.857768437000061
              ],
              [
                124.15829180900005,
                12.85776069700006
              ],
              [
                124.15828228200007,
                12.857721992000052
              ],
              [
                124.15828228200007,
                12.857712703000061
              ],
              [
                124.15828386900012,
                12.85770496200007
              ],
              [
                124.15828704600005,
                12.85769877000007
              ],
              [
                124.15830451400006,
                12.857677096000032
              ],
              [
                124.15830610100011,
                12.857670903000042
              ],
              [
                124.15829816100006,
                12.85765851800005
              ],
              [
                124.15828704600005,
                12.85764922900006
              ],
              [
                124.15828069400004,
                12.85764458400007
              ],
              [
                124.15826163800011,
                12.857636843000023
              ],
              [
                124.1582489330001,
                12.857627556000068
              ],
              [
                124.15823623000006,
                12.85760743000003
              ],
              [
                124.15823146600007,
                12.85760123600005
              ],
              [
                124.15822511500005,
                12.85759659100006
              ],
              [
                124.15821717500012,
                12.85759349600005
              ],
              [
                124.1582108230001,
                12.85758885100006
              ],
              [
                124.1581822390001,
                12.857578015000058
              ],
              [
                124.15815206700006,
                12.857579562000069
              ],
              [
                124.1581203080001,
                12.857570273000022
              ],
              [
                124.15810760400007,
                12.857562532000031
              ],
              [
                124.15809490000004,
                12.85755014700004
              ],
              [
                124.15808537200007,
                12.85753466600005
              ],
              [
                124.15807584400011,
                12.85749751000003
              ],
              [
                124.15807584400011,
                12.85748977000003
              ],
              [
                124.15807266800005,
                12.85747583500006
              ],
              [
                124.15807266800005,
                12.857461902000068
              ],
              [
                124.1580694920001,
                12.85743403500004
              ],
              [
                124.15807425500009,
                12.857413909000059
              ],
              [
                124.1580869600001,
                12.857393783000077
              ],
              [
                124.15809331200012,
                12.85737984900004
              ],
              [
                124.15809966400002,
                12.857355079000058
              ],
              [
                124.15809966300003,
                12.857333405000077
              ],
              [
                124.15809648700008,
                12.85732566400003
              ],
              [
                124.15808537200007,
                12.857310182000049
              ],
              [
                124.15807266800005,
                12.857299345000058
              ],
              [
                124.15806472800011,
                12.857296249000058
              ],
              [
                124.15804090800009,
                12.857282315000077
              ],
              [
                124.1580186760001,
                12.857274575000076
              ],
              [
                124.15797738800006,
                12.857255997000038
              ],
              [
                124.15795515600007,
                12.857249804000048
              ],
              [
                124.15790434200005,
                12.857229678000067
              ],
              [
                124.15788369800009,
                12.857218842000066
              ],
              [
                124.15787099400006,
                12.857209552000029
              ],
              [
                124.15782410000008,
                12.857147485000041
              ],
              [
                124.1578147570001,
                12.857111054000029
              ],
              [
                124.15780697100001,
                12.857089802000075
              ],
              [
                124.15780541300012,
                12.857056406000027
              ],
              [
                124.15779918500004,
                12.857035155000062
              ],
              [
                124.15778984200006,
                12.857023011000024
              ],
              [
                124.15777115700007,
                12.857006314000046
              ],
              [
                124.15775091600005,
                12.85699568800004
              ],
              [
                124.1577260030001,
                12.856997207000063
              ],
              [
                124.15771977500003,
                12.857000243000073
              ],
              [
                124.15771354700007,
                12.857000243000073
              ],
              [
                124.15769797700011,
                12.857009351000045
              ],
              [
                124.15769019200002,
                12.857009353000024
              ],
              [
                124.15767462200006,
                12.857004798000048
              ],
              [
                124.15763413800005,
                12.856972921000022
              ],
              [
                124.15762479600005,
                12.856962296000063
              ],
              [
                124.15759521200005,
                12.856941045000042
              ],
              [
                124.15758431200004,
                12.856934973000023
              ],
              [
                124.1575796410001,
                12.856930419000037
              ],
              [
                124.15756718500006,
                12.856922829000041
              ],
              [
                124.15753448700002,
                12.85690765000004
              ],
              [
                124.15746753400003,
                12.856881846000022
              ],
              [
                124.15743795000003,
                12.856862113000034
              ],
              [
                124.15740992300005,
                12.856839344000036
              ],
              [
                124.15736321200006,
                12.856798359000038
              ],
              [
                124.15735231200006,
                12.856786216000046
              ],
              [
                124.15734452700008,
                12.856771036000055
              ],
              [
                124.15733674100011,
                12.856748267000057
              ],
              [
                124.157318056,
                12.856711835000056
              ],
              [
                124.15730715600012,
                12.856695138000077
              ],
              [
                124.15728691400011,
                12.856670851000047
              ],
              [
                124.15727757200011,
                12.856654153000022
              ],
              [
                124.15726978600003,
                12.856625312000062
              ],
              [
                124.15726978600003,
                12.856599506000066
              ],
              [
                124.15727601300011,
                12.856581291000055
              ],
              [
                124.15728068400006,
                12.85657370000007
              ],
              [
                124.15728691100003,
                12.85656762800005
              ],
              [
                124.15729936800005,
                12.856560037000065
              ],
              [
                124.15732739400005,
                12.85654941100006
              ],
              [
                124.1573414070001,
                12.85654637500005
              ],
              [
                124.15736476200004,
                12.856546374000061
              ],
              [
                124.15737254700002,
                12.856547892000037
              ],
              [
                124.1573803330001,
                12.856560036000076
              ],
              [
                124.1573896760001,
                12.85658735900006
              ],
              [
                124.1573990170001,
                12.85659950300004
              ],
              [
                124.15740680300007,
                12.856604056000037
              ],
              [
                124.15741303100003,
                12.856607092000047
              ],
              [
                124.1574379440001,
                12.856607092000047
              ],
              [
                124.15745040000002,
                12.856605573000024
              ],
              [
                124.15746597000009,
                12.856607091000058
              ],
              [
                124.15749399700007,
                12.85661619800004
              ],
              [
                124.15755160700007,
                12.856649592000053
              ],
              [
                124.1575809200001,
                12.856673030000024
              ],
              [
                124.1575902620001,
                12.856676067000024
              ],
              [
                124.15761828900008,
                12.85668972700006
              ],
              [
                124.15764008700012,
                12.856703389000074
              ],
              [
                124.15765721500009,
                12.856710978000024
              ],
              [
                124.15766811300011,
                12.856714014000033
              ],
              [
                124.157679013,
                12.856712495000068
              ],
              [
                124.15770392400009,
                12.856700351000029
              ],
              [
                124.15771793800002,
                12.856695797000043
              ],
              [
                124.15775997700007,
                12.856695795000064
              ],
              [
                124.15776776300004,
                12.856694277000031
              ],
              [
                124.15779734600005,
                12.856694277000031
              ],
              [
                124.15780824500007,
                12.856692758000065
              ],
              [
                124.1578300430001,
                12.856694276000042
              ],
              [
                124.15784250000002,
                12.856691239000043
              ],
              [
                124.15784872800009,
                12.856686685000057
              ],
              [
                124.15786585400008,
                12.856671505000065
              ],
              [
                124.15787363900006,
                12.856659362000073
              ],
              [
                124.15787519600008,
                12.856644181000036
              ],
              [
                124.15786896700001,
                12.856613821000053
              ],
              [
                124.15786740900012,
                12.856598641000062
              ],
              [
                124.15786429500008,
                12.856589534000022
              ],
              [
                124.15786429500008,
                12.85658346200006
              ],
              [
                124.1578658520001,
                12.856575872000064
              ],
              [
                124.15787207900007,
                12.856562211000039
              ],
              [
                124.15787675000001,
                12.85655613800003
              ],
              [
                124.15788764900003,
                12.856547029000069
              ],
              [
                124.15789076300007,
                12.85654095700005
              ],
              [
                124.1578938770001,
                12.856533368000044
              ],
              [
                124.15789387600012,
                12.856518188000052
              ],
              [
                124.15788920500006,
                12.856499972000051
              ],
              [
                124.15788609100002,
                12.856495418000065
              ],
              [
                124.15787363400011,
                12.85646354100004
              ],
              [
                124.15786740500005,
                12.856443808000051
              ],
              [
                124.1578705180001,
                12.856393714000035
              ],
              [
                124.15788920200009,
                12.856381569000064
              ],
              [
                124.15789698600008,
                12.85638005100003
              ],
              [
                124.15790165700002,
                12.856377015000021
              ],
              [
                124.15791567100007,
                12.856377014000032
              ],
              [
                124.15792189800004,
                12.856380050000041
              ],
              [
                124.15795148300003,
                12.856407373000025
              ],
              [
                124.15797328200006,
                12.856434697000054
              ],
              [
                124.15798885200002,
                12.856436214000041
              ],
              [
                124.15800286400008,
                12.856433177000042
              ],
              [
                124.1580246630001,
                12.856425587000047
              ],
              [
                124.15804023400005,
                12.85642406900007
              ],
              [
                124.15805113300007,
                12.856425586000057
              ],
              [
                124.15807760200005,
                12.856433175000063
              ],
              [
                124.15810718600005,
                12.856448355000055
              ],
              [
                124.1581196410001,
                12.856457462000037
              ],
              [
                124.15813677000006,
                12.856465052000033
              ],
              [
                124.15816791000009,
                12.856468088000042
              ],
              [
                124.15822240600005,
                12.856480229000056
              ],
              [
                124.15825199000005,
                12.856484783000042
              ],
              [
                124.15831115700007,
                12.856484781000063
              ],
              [
                124.15832049900007,
                12.85648629800005
              ],
              [
                124.15833762500006,
                12.856490852000036
              ],
              [
                124.15837343800001,
                12.856504513000061
              ],
              [
                124.15838277900002,
                12.856504513000061
              ],
              [
                124.15839367800004,
                12.856493886000067
              ],
              [
                124.15841236200004,
                12.856466562000037
              ],
              [
                124.15842014700002,
                12.856460490000075
              ],
              [
                124.15842481700008,
                12.856454418000055
              ],
              [
                124.15843727400011,
                12.856445310000026
              ],
              [
                124.1584466160001,
                12.856445309000037
              ],
              [
                124.1584653000001,
                12.856448346000036
              ],
              [
                124.15847931400003,
                12.856452898000043
              ],
              [
                124.15849799800003,
                12.856454416000076
              ],
              [
                124.1585213520001,
                12.856443789000025
              ],
              [
                124.15854003700008,
                12.856416466000042
              ],
              [
                124.15854315100012,
                12.856402803000037
              ],
              [
                124.15855093500011,
                12.85638306900006
              ],
              [
                124.15855871800011,
                12.856343602000038
              ],
              [
                124.15855560400007,
                12.856304133000037
              ],
              [
                124.15854937400002,
                12.856285918000026
              ],
              [
                124.15854470400006,
                12.85627832800003
              ],
              [
                124.15852601900008,
                12.85625252400007
              ],
              [
                124.15851044800002,
                12.85622520000004
              ],
              [
                124.15849020600001,
                12.856200912000077
              ],
              [
                124.15847930500001,
                12.856181180000021
              ],
              [
                124.15846840600011,
                12.85615081900005
              ],
              [
                124.1584652900001,
                12.85611590600007
              ],
              [
                124.15846061800005,
                12.856093136000027
              ],
              [
                124.15845906100003,
                12.856071884000073
              ],
              [
                124.15845905900005,
                12.855973215000063
              ],
              [
                124.15845594300004,
                12.85593678400005
              ],
              [
                124.15844036900012,
                12.855842669000026
              ],
              [
                124.15843414200003,
                12.85581989900004
              ],
              [
                124.15843414200003,
                12.855813827000077
              ],
              [
                124.1584294700001,
                12.855792575000066
              ],
              [
                124.15843102500003,
                12.855769806000069
              ],
              [
                124.15843414000005,
                12.855756145000043
              ],
              [
                124.15843725400009,
                12.855750072000035
              ],
              [
                124.15844659400011,
                12.855716675000053
              ],
              [
                124.15844659400011,
                12.855712121000067
              ],
              [
                124.15844970900002,
                12.855704532000061
              ],
              [
                124.15844970800003,
                12.855680243000052
              ],
              [
                124.15844659400011,
                12.855666582000026
              ],
              [
                124.15843413700009,
                12.855642294000063
              ],
              [
                124.15841856600002,
                12.855621043000042
              ],
              [
                124.15840766600002,
                12.855610418000026
              ],
              [
                124.15835316800008,
                12.855577716000028
              ],
              [
                124.15834538400009,
                12.855567090000022
              ],
              [
                124.15833759800012,
                12.855544320000035
              ],
              [
                124.15833292600007,
                12.855516996000063
              ],
              [
                124.15832825400003,
                12.855500299000028
              ],
              [
                124.15830956800005,
                12.855447170000048
              ],
              [
                124.15830489600012,
                12.85542743600007
              ],
              [
                124.15830489600012,
                12.855410738000046
              ],
              [
                124.15830801000004,
                12.855386450000026
              ],
              [
                124.15832669200006,
                12.85532876600007
              ],
              [
                124.15833759000009,
                12.855312068000046
              ],
              [
                124.15836406000005,
                12.85528929800006
              ],
              [
                124.15838430000008,
                12.85526501000004
              ],
              [
                124.15839208500006,
                12.855221922000055
              ],
              [
                124.15838585600011,
                12.855187010000066
              ],
              [
                124.15837495500011,
                12.855164240000022
              ],
              [
                124.1583048870001,
                12.85509289600003
              ],
              [
                124.15829554400011,
                12.855079233000026
              ],
              [
                124.15828931700003,
                12.855057982000062
              ],
              [
                124.15829242900008,
                12.85499422600003
              ],
              [
                124.15830021200009,
                12.854947168000024
              ],
              [
                124.15830488300003,
                12.854935024000042
              ],
              [
                124.15831733800007,
                12.854913772000032
              ],
              [
                124.1583282360001,
                12.854903146000026
              ],
              [
                124.15833602200007,
                12.854891001000055
              ],
              [
                124.15834225000003,
                12.854874304000077
              ],
              [
                124.15834069200002,
                12.854860642000062
              ],
              [
                124.15833913400002,
                12.854854570000043
              ],
              [
                124.15833446300007,
                12.854846980000048
              ],
              [
                124.1583266780001,
                12.854840908000028
              ],
              [
                124.15832045000002,
                12.854833318000033
              ],
              [
                124.15830643700008,
                12.85482421100005
              ],
              [
                124.15829709500008,
                12.85482421100005
              ],
              [
                124.15828619600006,
                12.854828766000026
              ],
              [
                124.15826595500005,
                12.85484242800004
              ],
              [
                124.15825349900001,
                12.85485153600007
              ],
              [
                124.15823170100009,
                12.854872788000023
              ],
              [
                124.1582239170001,
                12.854877343000055
              ],
              [
                124.1582145750001,
                12.854881897000041
              ],
              [
                124.15820678900002,
                12.854883416000064
              ],
              [
                124.15819900500003,
                12.854883416000064
              ],
              [
                124.15818966300003,
                12.854880379000065
              ],
              [
                124.15817409200008,
                12.854868236000073
              ],
              [
                124.15814762200012,
                12.854836359000046
              ],
              [
                124.15813205100005,
                12.85481055400004
              ],
              [
                124.15812426500008,
                12.854787784000052
              ],
              [
                124.158127379,
                12.854766532000042
              ],
              [
                124.15813204900007,
                12.85475742400007
              ],
              [
                124.15813827700003,
                12.854748316000041
              ],
              [
                124.15815540400001,
                12.85473313600005
              ],
              [
                124.1581912150001,
                12.854720991000022
              ],
              [
                124.15819899900009,
                12.854720991000022
              ],
              [
                124.15822391200004,
                12.85471491900006
              ],
              [
                124.15823169700002,
                12.85471188200006
              ],
              [
                124.15824571000007,
                12.854702774000032
              ],
              [
                124.15825505100008,
                12.854689113000063
              ],
              [
                124.15825972200003,
                12.85467241300006
              ],
              [
                124.15826127700007,
                12.854646608000053
              ],
              [
                124.15825660500002,
                12.854629910000028
              ],
              [
                124.15824415000009,
                12.854610176000051
              ],
              [
                124.1582348070001,
                12.854601069000068
              ],
              [
                124.15822235100006,
                12.854584371000044
              ],
              [
                124.15819276700006,
                12.854563120000023
              ],
              [
                124.1581771970001,
                12.854547941000021
              ],
              [
                124.15817252500005,
                12.854540351000026
              ],
              [
                124.1581662960001,
                12.854534279000063
              ],
              [
                124.15816358200004,
                12.854529280000065
              ],
              [
                124.15815228200006,
                12.854508474000056
              ],
              [
                124.15813515500008,
                12.854464453000048
              ],
              [
                124.15811335600006,
                12.85442650400006
              ],
              [
                124.15805418800005,
                12.854371858000036
              ],
              [
                124.15802304700003,
                12.854353643000024
              ],
              [
                124.15799502100003,
                12.854333910000037
              ],
              [
                124.1579607650001,
                12.854300515000034
              ],
              [
                124.15793065900004,
                12.854260765000049
              ],
              [
                124.15792598700011,
                12.854251657000077
              ],
              [
                124.15792131600006,
                12.854247104000024
              ],
              [
                124.15791041600005,
                12.854224334000037
              ],
              [
                124.15789173100006,
                12.85420156400005
              ],
              [
                124.15787771700002,
                12.854178795000053
              ],
              [
                124.15786214700006,
                12.854159061000075
              ],
              [
                124.15784657600011,
                12.854143882000074
              ],
              [
                124.15780297800006,
                12.85408923500006
              ],
              [
                124.15779052100004,
                12.854069501000026
              ],
              [
                124.15778273600006,
                12.854052804000048
              ],
              [
                124.15775159300006,
                12.853972351000039
              ],
              [
                124.1577360230001,
                12.853955653000071
              ],
              [
                124.15772979300004,
                12.853951100000074
              ],
              [
                124.15772356600007,
                12.853949582000041
              ],
              [
                124.15770332500006,
                12.853954136000027
              ],
              [
                124.15768308400004,
                12.853964763000022
              ],
              [
                124.15767218600001,
                12.85396780000002
              ],
              [
                124.15764571600005,
                12.853966282000044
              ],
              [
                124.15763014600009,
                12.853961728000058
              ],
              [
                124.15759589100003,
                12.853940477000037
              ],
              [
                124.15757876400005,
                12.853928333000056
              ],
              [
                124.15756319400009,
                12.85391467200003
              ],
              [
                124.1575149250001,
                12.853881278000074
              ],
              [
                124.15750091100006,
                12.85386761600006
              ],
              [
                124.15749157000005,
                12.853853954000044
              ],
              [
                124.15749001300003,
                12.853847882000025
              ],
              [
                124.15747288500006,
                12.853819041000065
              ],
              [
                124.15745264300006,
                12.853794754000035
              ],
              [
                124.15743240200004,
                12.85378412800003
              ],
              [
                124.1573981470001,
                12.853775021000047
              ],
              [
                124.15738724800008,
                12.853779575000033
              ],
              [
                124.15737012200009,
                12.85379475700006
              ],
              [
                124.15735455200002,
                12.853796275000036
              ],
              [
                124.15733431100011,
                12.85378564900003
              ],
              [
                124.15731095500007,
                12.853764397000077
              ],
              [
                124.15729694200002,
                12.85375377300005
              ],
              [
                124.15728137100007,
                12.853746182000066
              ],
              [
                124.15726113000005,
                12.85373252200003
              ],
              [
                124.15724556000009,
                12.853715823000073
              ],
              [
                124.1572455590001,
                12.853708235000056
              ],
              [
                124.15725023000005,
                12.853700644000071
              ],
              [
                124.15728137000008,
                12.853683945000057
              ],
              [
                124.15729382500001,
                12.853673319000052
              ],
              [
                124.15729693900005,
                12.853659657000037
              ],
              [
                124.15729538200003,
                12.853653585000075
              ],
              [
                124.15729071100009,
                12.853647513000055
              ],
              [
                124.15727202700009,
                12.853636889000029
              ],
              [
                124.15724244300009,
                12.853629298000044
              ],
              [
                124.1572237580001,
                12.853626263000024
              ],
              [
                124.15721441700009,
                12.853626263000024
              ],
              [
                124.1571957330001,
                12.853629300000023
              ],
              [
                124.15715992200012,
                12.853629300000023
              ],
              [
                124.15714590900006,
                12.85362626500006
              ],
              [
                124.15714123700002,
                12.853621711000073
              ],
              [
                124.15711710100004,
                12.853559408000024
              ],
              [
                124.15710308700011,
                12.853541191000033
              ],
              [
                124.15709218800009,
                12.853533601000038
              ],
              [
                124.15707973200006,
                12.853527529000075
              ],
              [
                124.1570641620001,
                12.853522976000022
              ],
              [
                124.1570548200001,
                12.853522976000022
              ],
              [
                124.15701122300004,
                12.85352904900003
              ],
              [
                124.15698319700005,
                12.85352904900003
              ],
              [
                124.15695361400003,
                12.853522978000058
              ],
              [
                124.15694738500008,
                12.853519943000038
              ],
              [
                124.15694115600002,
                12.853513870000029
              ],
              [
                124.15693804300008,
                12.853504762000057
              ],
              [
                124.15693804300008,
                12.853494137000041
              ],
              [
                124.15693959900011,
                12.853486546000056
              ],
              [
                124.15694582700007,
                12.853474402000074
              ],
              [
                124.15695205500003,
                12.853468330000055
              ],
              [
                124.15695828300011,
                12.853465294000046
              ],
              [
                124.1569676250001,
                12.85345770400005
              ],
              [
                124.15698008100003,
                12.853453150000064
              ],
              [
                124.15699876500003,
                12.853442524000059
              ],
              [
                124.15700810600003,
                12.85343037900003
              ],
              [
                124.15701122000007,
                12.853416717000073
              ],
              [
                124.157004991,
                12.853392430000042
              ],
              [
                124.15699876200006,
                12.853377250000051
              ],
              [
                124.15699097800007,
                12.85336510600007
              ],
              [
                124.15697229300008,
                12.853345372000035
              ],
              [
                124.15692869400004,
                12.853308941000023
              ],
              [
                124.15689132600005,
                12.85328465400005
              ],
              [
                124.15681503200005,
                12.85324063400003
              ],
              [
                124.15679479000005,
                12.853225455000029
              ],
              [
                124.15675275000001,
                12.853198132000045
              ],
              [
                124.1567122670001,
                12.853179917000034
              ],
              [
                124.15668891200005,
                12.853173845000072
              ],
              [
                124.15665932900004,
                12.853172329000074
              ],
              [
                124.15660483400006,
                12.853182955000023
              ],
              [
                124.1565892640001,
                12.853184473000056
              ],
              [
                124.15654566800004,
                12.853184474000045
              ],
              [
                124.15650674200003,
                12.853178403000072
              ],
              [
                124.1564849450001,
                12.853172331000053
              ],
              [
                124.15647560200011,
                12.853167778000056
              ],
              [
                124.156438234,
                12.853143491000026
              ],
              [
                124.15638218100003,
                12.853087326000036
              ],
              [
                124.15634792600008,
                12.853063039000062
              ],
              [
                124.15633858400008,
                12.853058485000076
              ],
              [
                124.15632457000004,
                12.85304786100005
              ],
              [
                124.15630588700003,
                12.853037234000055
              ],
              [
                124.15627786000005,
                12.85302357300003
              ],
              [
                124.15626851700006,
                12.853020537000077
              ],
              [
                124.15623737700002,
                12.853012948000071
              ],
              [
                124.15621246500007,
                12.85300991300005
              ],
              [
                124.15617665400009,
                12.85300991300005
              ],
              [
                124.1561688700001,
                12.853011431000027
              ],
              [
                124.15614862900009,
                12.853020540000045
              ],
              [
                124.15613617400004,
                12.853028130000041
              ],
              [
                124.15612371800012,
                12.85303723800007
              ],
              [
                124.1561128190001,
                12.853047864000075
              ],
              [
                124.156105034,
                12.853052418000061
              ],
              [
                124.15609102100007,
                12.853060009000046
              ],
              [
                124.1560754520001,
                12.853064563000032
              ],
              [
                124.15605832500012,
                12.853063046000045
              ],
              [
                124.15604431100007,
                12.853056973000037
              ],
              [
                124.15602874100011,
                12.853035722000072
              ],
              [
                124.15597298800003,
                12.853003903000058
              ],
              [
                124.15589814500004,
                12.853023663000045
              ],
              [
                124.15588226600005,
                12.853025211000045
              ],
              [
                124.15587591400003,
                12.853028308000034
              ],
              [
                124.15585527000007,
                12.853039145000025
              ],
              [
                124.15583939100009,
                12.853053078000073
              ],
              [
                124.15583939100009,
                12.853060819000063
              ],
              [
                124.15585527000007,
                12.853093330000036
              ],
              [
                124.15585844500004,
                12.853108812000073
              ],
              [
                124.15585844500004,
                12.853122745000064
              ],
              [
                124.15585209400001,
                12.853130486000055
              ],
              [
                124.15584574200011,
                12.853133582000055
              ],
              [
                124.15583780100008,
                12.853132034000055
              ],
              [
                124.15582668700006,
                12.853122745000064
              ],
              [
                124.15581874700001,
                12.853110360000073
              ],
              [
                124.1558171580001,
                12.853104167000026
              ],
              [
                124.1558012800001,
                12.853079397000045
              ],
              [
                124.15579492800009,
                12.853065463000064
              ],
              [
                124.15578857600008,
                12.853060819000063
              ],
              [
                124.155774285,
                12.853060819000063
              ],
              [
                124.15575999300006,
                12.853065463000064
              ],
              [
                124.15571076600008,
                12.853093330000036
              ],
              [
                124.1556837710001,
                12.853099522000036
              ],
              [
                124.15566948000003,
                12.853105715000027
              ],
              [
                124.15566312800001,
                12.853110359000027
              ],
              [
                124.15565201100003,
                12.853122744000075
              ],
              [
                124.1556504240001,
                12.853128937000065
              ],
              [
                124.15565201100003,
                12.853136679000045
              ],
              [
                124.15566471400007,
                12.853161449000027
              ],
              [
                124.15567265400011,
                12.853170738000074
              ],
              [
                124.15567900600001,
                12.853187767000065
              ],
              [
                124.15567900600001,
                12.853192412000055
              ],
              [
                124.15567741900009,
                12.853200152000056
              ],
              [
                124.15567265400011,
                12.853207893000047
              ],
              [
                124.1556615390001,
                12.853217182000037
              ],
              [
                124.15564883500008,
                12.853224924000074
              ],
              [
                124.155634544,
                12.853224924000074
              ],
              [
                124.1556218400001,
                12.853218730000037
              ],
              [
                124.1556107240001,
                12.853210989000047
              ],
              [
                124.1556059610001,
                12.853206345000046
              ],
              [
                124.15558690600005,
                12.853173833000028
              ],
              [
                124.15557420200003,
                12.853164544000037
              ],
              [
                124.15552656400007,
                12.853141321000066
              ],
              [
                124.15551227200001,
                12.853136678000055
              ],
              [
                124.15549639300002,
                12.853135129000066
              ],
              [
                124.15547574900006,
                12.853142869000067
              ],
              [
                124.15546781000012,
                12.853149062000057
              ],
              [
                124.15545351800006,
                12.853166093000027
              ],
              [
                124.15544557700002,
                12.853181574000075
              ],
              [
                124.15543763700009,
                12.853218729000048
              ],
              [
                124.15543128500008,
                12.853272914000058
              ],
              [
                124.15542493400005,
                12.853285300000039
              ],
              [
                124.15542017000007,
                12.85329149200004
              ],
              [
                124.15541540600009,
                12.853294590000075
              ],
              [
                124.15540111500002,
                12.85330078100003
              ],
              [
                124.15539158700005,
                12.85330232900003
              ],
              [
                124.15537888300003,
                12.85330078100003
              ],
              [
                124.1553661800001,
                12.85329613600004
              ],
              [
                124.15534236000008,
                12.853277558000059
              ],
              [
                124.1553217170001,
                12.853265173000068
              ],
              [
                124.15530742500005,
                12.853260528000021
              ],
              [
                124.1552931330001,
                12.853260528000021
              ],
              [
                124.15526455100007,
                12.853265172000022
              ],
              [
                124.15522167600011,
                12.853280655000049
              ],
              [
                124.15519785700008,
                12.85329768300005
              ],
              [
                124.1551819770001,
                12.853324002000022
              ],
              [
                124.15517721300012,
                12.85333638700007
              ],
              [
                124.1551756240001,
                12.85334412800006
              ],
              [
                124.155166097,
                12.853368898000042
              ],
              [
                124.15516292100006,
                12.853389024000023
              ],
              [
                124.1551597450001,
                12.85345095100007
              ],
              [
                124.15516768300006,
                12.853550033000033
              ],
              [
                124.15516768200007,
                12.853604219000033
              ],
              [
                124.15516609500003,
                12.853632394000044
              ],
              [
                124.15514386300003,
                12.853715995000073
              ],
              [
                124.15513909800006,
                12.853745410000045
              ],
              [
                124.15513909800006,
                12.853773277000073
              ],
              [
                124.15514703800011,
                12.853808885000035
              ],
              [
                124.1551518010001,
                12.853821271000072
              ],
              [
                124.15518673500003,
                12.853892487000053
              ],
              [
                124.15519467600006,
                12.853903324000044
              ],
              [
                124.15520579200006,
                12.853912614000023
              ],
              [
                124.15522008200003,
                12.853918806000024
              ],
              [
                124.15523755100003,
                12.853929643000072
              ],
              [
                124.15525501700006,
                12.853945125000052
              ],
              [
                124.15525501700006,
                12.853951317000053
              ],
              [
                124.15523119800002,
                12.853979184000025
              ],
              [
                124.1552296100001,
                12.853985377000072
              ],
              [
                124.15523119800002,
                12.853994666000062
              ],
              [
                124.15523755000004,
                12.854007051000053
              ],
              [
                124.15524549000008,
                12.854034918000025
              ],
              [
                124.15523755000004,
                12.854053496000063
              ],
              [
                124.155235962,
                12.854061237000053
              ],
              [
                124.155235962,
                12.854068977000054
              ],
              [
                124.155240724,
                12.854090652000025
              ],
              [
                124.1552454890001,
                12.854103037000073
              ],
              [
                124.15526454400003,
                12.854135549000034
              ],
              [
                124.15528359900009,
                12.854174253000053
              ],
              [
                124.1552899510001,
                12.854195927000035
              ],
              [
                124.15529471400009,
                12.854220698000063
              ],
              [
                124.15530265400002,
                12.854282624000064
              ],
              [
                124.15530900600004,
                12.854308943000035
              ],
              [
                124.15531853300001,
                12.854321328000026
              ],
              [
                124.15533123700004,
                12.854327521000073
              ],
              [
                124.15535346800004,
                12.854333714000063
              ],
              [
                124.15535823200003,
                12.854341455000053
              ],
              [
                124.15535505600008,
                12.854358484000045
              ],
              [
                124.15533123700004,
                12.854398736000064
              ],
              [
                124.155323296,
                12.854417314000045
              ],
              [
                124.15531853200002,
                12.854435892000026
              ],
              [
                124.15532011900007,
                12.854448277000074
              ],
              [
                124.15532805900011,
                12.854473049000035
              ],
              [
                124.15534076200004,
                12.854491626000026
              ],
              [
                124.15536617100008,
                12.854517945000055
              ],
              [
                124.15537153600008,
                12.854529280000065
              ],
              [
                124.15537569700007,
                12.854538071000036
              ],
              [
                124.15538522600002,
                12.854578323000055
              ],
              [
                124.15538522600002,
                12.854586065000035
              ],
              [
                124.15539475300011,
                12.854637154000045
              ],
              [
                124.15539475300011,
                12.854643346000046
              ],
              [
                124.15539951700009,
                12.854655732000026
              ],
              [
                124.15539951700009,
                12.854661924000027
              ],
              [
                124.15540428000008,
                12.854677406000064
              ],
              [
                124.15542016000006,
                12.854717658000027
              ],
              [
                124.15542492400004,
                12.854722303000074
              ],
              [
                124.15544715500005,
                12.854759459000036
              ],
              [
                124.15547256200011,
                12.854787327000054
              ],
              [
                124.15550273300005,
                12.854810549000035
              ],
              [
                124.15551702500011,
                12.854832223000074
              ],
              [
                124.15551861100005,
                12.854836868000064
              ],
              [
                124.15551702400012,
                12.854850802000044
              ],
              [
                124.15551226000002,
                12.854856994000045
              ],
              [
                124.15550432100008,
                12.854860090000045
              ],
              [
                124.15549638100003,
                12.854860090000045
              ],
              [
                124.15548367600002,
                12.854856993000055
              ],
              [
                124.15546779800002,
                12.854855445000055
              ],
              [
                124.15545350600007,
                12.854858541000056
              ],
              [
                124.15543921400001,
                12.854864734000046
              ],
              [
                124.15543445000003,
                12.854869378000046
              ],
              [
                124.15543127400008,
                12.854874023000036
              ],
              [
                124.15543127400008,
                12.854880215000037
              ],
              [
                124.15543921400001,
                12.854906534000065
              ],
              [
                124.15544593700008,
                12.854936947000056
              ],
              [
                124.15545070100006,
                12.854941592000046
              ],
              [
                124.15545705200009,
                12.854955526000026
              ],
              [
                124.15547134400003,
                12.854969459000074
              ],
              [
                124.15548246000003,
                12.854977200000064
              ],
              [
                124.15550151600007,
                12.854984941000055
              ],
              [
                124.15552057100001,
                12.854998875000035
              ],
              [
                124.15552692300002,
                12.855012809000073
              ],
              [
                124.1555253350001,
                12.855025195000053
              ],
              [
                124.15551898300009,
                12.855028290000064
              ],
              [
                124.15551263100008,
                12.855028290000064
              ],
              [
                124.15550469100003,
                12.855023646000063
              ],
              [
                124.15549357600003,
                12.855012808000026
              ],
              [
                124.1554856360001,
                12.855000424000025
              ],
              [
                124.15547451900011,
                12.854991135000034
              ],
              [
                124.15546657900006,
                12.854986490000044
              ],
              [
                124.15545387600002,
                12.854984941000055
              ],
              [
                124.15544752500011,
                12.854988037000055
              ],
              [
                124.15544276100002,
                12.854992682000045
              ],
              [
                124.15543323200006,
                12.855009711000037
              ],
              [
                124.15542846900007,
                12.855031386000064
              ],
              [
                124.15542846900007,
                12.855059253000036
              ],
              [
                124.15542688100004,
                12.855066994000026
              ],
              [
                124.15542370500009,
                12.855071638000027
              ],
              [
                124.155411,
                12.855076283000074
              ],
              [
                124.15539829700003,
                12.855073186000027
              ],
              [
                124.15537130200005,
                12.855060801000036
              ],
              [
                124.15535383400004,
                12.855059252000046
              ],
              [
                124.15534113000001,
                12.855065446000026
              ],
              [
                124.1553284250001,
                12.855076282000027
              ],
              [
                124.15531889800002,
                12.855090216000065
              ],
              [
                124.1553173100001,
                12.855096408000065
              ],
              [
                124.15531889800002,
                12.855105697000056
              ],
              [
                124.15532683800006,
                12.855138209000074
              ],
              [
                124.15534271800004,
                12.855170720000046
              ],
              [
                124.15534430600007,
                12.855176913000037
              ],
              [
                124.1553506570001,
                12.855187751000074
              ],
              [
                124.15538082900002,
                12.855223358000046
              ],
              [
                124.15540623600009,
                12.855246582000063
              ],
              [
                124.15541099900008,
                12.855254322000064
              ],
              [
                124.15542211600007,
                12.855263611000055
              ],
              [
                124.15542688000005,
                12.855269804000045
              ],
              [
                124.15545069900008,
                12.855288382000026
              ],
              [
                124.15548881000007,
                12.855323990000045
              ],
              [
                124.15552692200004,
                12.855370435000054
              ],
              [
                124.1555348600001,
                12.855382821000035
              ],
              [
                124.15553644900001,
                12.855389013000035
              ],
              [
                124.15555391700002,
                12.855421525000054
              ],
              [
                124.15555868100012,
                12.855427719000033
              ],
              [
                124.15556503300002,
                12.855432363000034
              ],
              [
                124.15557932400009,
                12.855438555000035
              ],
              [
                124.15560155600008,
                12.855440103000035
              ],
              [
                124.15561743600006,
                12.855433911000034
              ],
              [
                124.15562378700008,
                12.855429266000044
              ],
              [
                124.15564284300001,
                12.855406044000063
              ],
              [
                124.15565395800002,
                12.855399852000062
              ],
              [
                124.15566189900005,
                12.855399852000062
              ],
              [
                124.15566825100007,
                12.855404496000062
              ],
              [
                124.15567777900003,
                12.855415333000053
              ],
              [
                124.15568571800009,
                12.855435460000024
              ],
              [
                124.15569524500006,
                12.855444749000071
              ],
              [
                124.155709537,
                12.855454038000062
              ],
              [
                124.15573335700003,
                12.855461779000052
              ],
              [
                124.155749237,
                12.855460231000052
              ],
              [
                124.15577940800006,
                12.85545094300005
              ],
              [
                124.1557873480001,
                12.85545094300005
              ],
              [
                124.15580005200002,
                12.855454038000062
              ],
              [
                124.15581275400007,
                12.855460231000052
              ],
              [
                124.15582545900008,
                12.855469520000042
              ],
              [
                124.15583339800003,
                12.855481905000033
              ],
              [
                124.15583498700005,
                12.855488098000023
              ],
              [
                124.15583498700005,
                12.855502031000071
              ],
              [
                124.1558318110001,
                12.855515965000052
              ],
              [
                124.15583339800003,
                12.855543832000023
              ],
              [
                124.15583657400009,
                12.85555157300007
              ],
              [
                124.15584451400002,
                12.855560862000061
              ],
              [
                124.15586357000007,
                12.855573247000052
              ],
              [
                124.15588421300004,
                12.855580988000042
              ],
              [
                124.15589056500005,
                12.855585632000043
              ],
              [
                124.1559096200001,
                12.855591825000033
              ],
              [
                124.15592232300003,
                12.85559801900007
              ],
              [
                124.15593026300007,
                12.855599566000024
              ],
              [
                124.15593979200003,
                12.85560575900007
              ],
              [
                124.15597472700006,
                12.855621241000051
              ],
              [
                124.15598107900007,
                12.855621241000051
              ],
              [
                124.15599537100002,
                12.855625885000052
              ],
              [
                124.15603507000003,
                12.855647560000023
              ],
              [
                124.15607318100001,
                12.85565685000006
              ],
              [
                124.15610017600011,
                12.85565685000006
              ],
              [
                124.15611288000002,
                12.85565530100007
              ],
              [
                124.15613193500008,
                12.855650656000023
              ],
              [
                124.15614622700002,
                12.855644464000022
              ],
              [
                124.15616210700011,
                12.855635175000032
              ],
              [
                124.15618275000008,
                12.85561659700005
              ],
              [
                124.15619227700006,
                12.85561195400004
              ],
              [
                124.15620180600001,
                12.85561040400006
              ],
              [
                124.15622245000009,
                12.85561504900005
              ],
              [
                124.15627008800004,
                12.855646012000022
              ],
              [
                124.15629073200012,
                12.85565530100007
              ],
              [
                124.15629867200005,
                12.85565685000006
              ],
              [
                124.15633043000003,
                12.85567388000004
              ],
              [
                124.15634948600007,
                12.85568162100003
              ],
              [
                124.15638442200009,
                12.855692458000021
              ],
              [
                124.15641935700012,
                12.855697102000022
              ],
              [
                124.1564574680001,
                12.85570639100007
              ],
              [
                124.15646382000011,
                12.85570639100007
              ],
              [
                124.15647334800008,
                12.85571877700005
              ],
              [
                124.1564796990001,
                12.855740451000031
              ],
              [
                124.1564796990001,
                12.855759029000069
              ],
              [
                124.156474935,
                12.85577141400006
              ],
              [
                124.15647017100002,
                12.85577605900005
              ],
              [
                124.1564574680001,
                12.85578225100005
              ],
              [
                124.15643841200006,
                12.85578689600004
              ],
              [
                124.15641459200003,
                12.855785347000051
              ],
              [
                124.15637648200004,
                12.85577915600004
              ],
              [
                124.1563447210001,
                12.85577760600006
              ],
              [
                124.15631613900007,
                12.85577296200006
              ],
              [
                124.15628279100008,
                12.855762124000023
              ],
              [
                124.15624944400008,
                12.855754384000022
              ],
              [
                124.15619386600008,
                12.85572806500005
              ],
              [
                124.15617481000004,
                12.85572342000006
              ],
              [
                124.1561668700001,
                12.85572342000006
              ],
              [
                124.15615099000001,
                12.855728064000061
              ],
              [
                124.15614146300004,
                12.855740451000031
              ],
              [
                124.15614146300004,
                12.855745094000042
              ],
              [
                124.15613352300011,
                12.855757479000033
              ],
              [
                124.15612399500003,
                12.85576522100007
              ],
              [
                124.15611129100012,
                12.855768316000024
              ],
              [
                124.156097,
                12.855768316000024
              ],
              [
                124.15607476700006,
                12.855763672000023
              ],
              [
                124.15606206400003,
                12.855759027000033
              ],
              [
                124.15601816700007,
                12.855767144000026
              ],
              [
                124.15599434700005,
                12.855767144000026
              ],
              [
                124.1559578240001,
                12.855762499000036
              ],
              [
                124.15594035700008,
                12.855762499000036
              ],
              [
                124.1559133610001,
                12.855767144000026
              ],
              [
                124.15589906900004,
                12.855774886000063
              ],
              [
                124.15588001300011,
                12.855788818000065
              ],
              [
                124.15584984200007,
                12.855805848000045
              ],
              [
                124.15584349000005,
                12.855810492000046
              ],
              [
                124.15583555,
                12.855821329000037
              ],
              [
                124.15583555,
                12.855835263000074
              ],
              [
                124.15583713800004,
                12.855841456000064
              ],
              [
                124.15584190200002,
                12.855846100000065
              ],
              [
                124.15584825300004,
                12.855849197000055
              ],
              [
                124.15586413300002,
                12.855847648000065
              ],
              [
                124.15587842500008,
                12.855850745000055
              ],
              [
                124.15588954000009,
                12.855856937000055
              ],
              [
                124.15590065700007,
                12.855866226000046
              ],
              [
                124.15593717800004,
                12.855928153000036
              ],
              [
                124.15595782300011,
                12.855949827000074
              ],
              [
                124.15597846700007,
                12.855962213000055
              ],
              [
                124.15598640500002,
                12.855965309000055
              ],
              [
                124.15601657800005,
                12.855973050000046
              ],
              [
                124.1560578650001,
                12.855986984000026
              ],
              [
                124.15606898100009,
                12.855994725000073
              ],
              [
                124.15608962300007,
                12.856013303000054
              ],
              [
                124.15614837900011,
                12.856053555000074
              ],
              [
                124.15616584700001,
                12.856062844000064
              ],
              [
                124.15619442900004,
                12.856073681000055
              ],
              [
                124.15622301400003,
                12.856090711000036
              ],
              [
                124.15623095400008,
                12.856093809000072
              ],
              [
                124.15624683400006,
                12.856106193000073
              ],
              [
                124.15625318500008,
                12.856109290000063
              ],
              [
                124.15626430000009,
                12.856126319000055
              ],
              [
                124.15626588900011,
                12.856140253000035
              ],
              [
                124.15625794900006,
                12.856180505000054
              ],
              [
                124.1562420680001,
                12.856213016000027
              ],
              [
                124.15623095300009,
                12.856226951000053
              ],
              [
                124.1562087210001,
                12.856247076000045
              ],
              [
                124.15620236900008,
                12.856248624000045
              ],
              [
                124.15619601700007,
                12.856247076000045
              ],
              [
                124.15615949300002,
                12.856233142000065
              ],
              [
                124.15611185500006,
                12.856211468000026
              ],
              [
                124.15610867900011,
                12.856208371000037
              ],
              [
                124.15609438700005,
                12.856202180000025
              ],
              [
                124.1560800950001,
                12.856192890000045
              ],
              [
                124.15604674800011,
                12.856175860000064
              ],
              [
                124.15603880800006,
                12.856174311000075
              ],
              [
                124.15602451600012,
                12.856168120000063
              ],
              [
                124.15601975200002,
                12.856168120000063
              ],
              [
                124.15599910800006,
                12.856157281000037
              ],
              [
                124.15598481600011,
                12.856152637000037
              ],
              [
                124.15596893800011,
                12.856144896000046
              ],
              [
                124.15594988200007,
                12.856132511000055
              ],
              [
                124.1559340020001,
                12.856112385000074
              ],
              [
                124.15590541900008,
                12.856082969000056
              ],
              [
                124.1558784240001,
                12.856064391000075
              ],
              [
                124.15586254400012,
                12.856061295000075
              ],
              [
                124.15585301500005,
                12.856061295000075
              ],
              [
                124.15583078500003,
                12.856065939000075
              ],
              [
                124.15581490500006,
                12.856073680000065
              ],
              [
                124.15581014100007,
                12.856078324000066
              ],
              [
                124.15578473200003,
                12.856092258000047
              ],
              [
                124.15574979700011,
                12.856104644000027
              ],
              [
                124.15573391800001,
                12.856118576000028
              ],
              [
                124.15573074200006,
                12.856127865000076
              ],
              [
                124.15573233000009,
                12.856143347000057
              ],
              [
                124.1557545610001,
                12.856174310000029
              ],
              [
                124.155767265,
                12.856188245000055
              ],
              [
                124.1557879080001,
                12.856219207000038
              ],
              [
                124.155800612,
                12.856242430000066
              ],
              [
                124.15584507500012,
                12.856290423000075
              ],
              [
                124.15591176900011,
                12.856338416000028
              ],
              [
                124.15591494400007,
                12.856346157000075
              ],
              [
                124.1559165330001,
                12.856353898000066
              ],
              [
                124.1559165330001,
                12.856372476000047
              ],
              [
                124.15591176900011,
                12.856392602000028
              ],
              [
                124.15590859300005,
                12.856398794000029
              ],
              [
                124.15589271300007,
                12.856412728000066
              ],
              [
                124.15588794900009,
                12.856420468000067
              ],
              [
                124.15588794900009,
                12.856435950000048
              ],
              [
                124.15589112500004,
                12.856451432000028
              ],
              [
                124.15589112500004,
                12.856473106000067
              ],
              [
                124.155889537,
                12.856479299000057
              ],
              [
                124.1558831850001,
                12.856494780000048
              ],
              [
                124.15587048100008,
                12.856499425000038
              ],
              [
                124.15586254100003,
                12.856499424000049
              ],
              [
                124.15585460200009,
                12.856496328000048
              ],
              [
                124.15584825000008,
                12.856491684000048
              ],
              [
                124.155838721,
                12.856482395000057
              ],
              [
                124.15583395800002,
                12.856474654000067
              ],
              [
                124.15582760600012,
                12.856446787000039
              ],
              [
                124.15581966700006,
                12.856432853000058
              ],
              [
                124.15580855100006,
                12.856420468000067
              ],
              [
                124.15579936900008,
                12.856379550000042
              ],
              [
                124.15579619300001,
                12.856373357000052
              ],
              [
                124.15576602100009,
                12.856356327000071
              ],
              [
                124.15575649400012,
                12.856354779000071
              ],
              [
                124.1556993260001,
                12.856360971000072
              ],
              [
                124.15566439100007,
                12.856360971000072
              ],
              [
                124.15564692300006,
                12.856356326000025
              ],
              [
                124.15562945600004,
                12.856347037000035
              ],
              [
                124.15561675200001,
                12.856336200000044
              ],
              [
                124.15560563600002,
                12.856320718000063
              ],
              [
                124.15559293100011,
                12.856289756000024
              ],
              [
                124.15558499300005,
                12.856261888000063
              ],
              [
                124.15556593600002,
                12.856223183000054
              ],
              [
                124.15555482100001,
                12.856212346000063
              ],
              [
                124.15553417800004,
                12.856196865000072
              ],
              [
                124.15550400600011,
                12.856176738000045
              ],
              [
                124.15548971400005,
                12.856168997000054
              ],
              [
                124.15546271900007,
                12.856145774000026
              ],
              [
                124.1554531920001,
                12.856134937000036
              ],
              [
                124.15543413500006,
                12.856121003000055
              ],
              [
                124.15537379400007,
                12.856085395000036
              ],
              [
                124.15534203400011,
                12.856069914000045
              ],
              [
                124.15532933100008,
                12.856059076000065
              ],
              [
                124.15532615500001,
                12.856054432000064
              ],
              [
                124.15532139100003,
                12.856034305000037
              ],
              [
                124.15531503900002,
                12.856021920000046
              ],
              [
                124.15529757200011,
                12.856006439000055
              ],
              [
                124.15527692800003,
                12.855998697000075
              ],
              [
                124.1552689880001,
                12.855997149000075
              ],
              [
                124.15525310900011,
                12.855997149000075
              ],
              [
                124.15522134900004,
                12.856009534000066
              ],
              [
                124.15520388200002,
                12.856014178000066
              ],
              [
                124.15518959000008,
                12.856021919000057
              ],
              [
                124.15518323800006,
                12.856023467000057
              ],
              [
                124.1551514780001,
                12.856026564000047
              ],
              [
                124.15512924600012,
                12.856023467000057
              ],
              [
                124.15511019200005,
                12.856012630000066
              ],
              [
                124.15508637200003,
                12.855989407000038
              ],
              [
                124.15507049300004,
                12.855956895000077
              ],
              [
                124.15505461300006,
                12.855918191000058
              ],
              [
                124.15504667400012,
                12.855908903000056
              ],
              [
                124.15502920600011,
                12.855898065000076
              ],
              [
                124.15499427100008,
                12.855888776000029
              ],
              [
                124.1549783910001,
                12.855890324000029
              ],
              [
                124.1549672760001,
                12.85589496800003
              ],
              [
                124.15495774700003,
                12.85589342000003
              ],
              [
                124.15494345500008,
                12.85588722700004
              ],
              [
                124.15493075200004,
                12.855879486000049
              ],
              [
                124.15491010900007,
                12.855871745000059
              ],
              [
                124.15490375700006,
                12.855867101000058
              ],
              [
                124.15485567300004,
                12.855848523000077
              ],
              [
                124.154831854,
                12.85584387800003
              ],
              [
                124.1548032710001,
                12.85583458900004
              ],
              [
                124.15478897900005,
                12.85583458900004
              ],
              [
                124.15475245500011,
                12.85585007000003
              ],
              [
                124.15474451500006,
                12.855851618000031
              ],
              [
                124.15473339900007,
                12.855857811000021
              ],
              [
                124.15472545900002,
                12.855857811000021
              ],
              [
                124.15470957900004,
                12.855854714000031
              ],
              [
                124.15469211100003,
                12.855845425000041
              ],
              [
                124.1546794080001,
                12.85583613700004
              ],
              [
                124.15466670300009,
                12.85582375000007
              ],
              [
                124.15464923600007,
                12.855805172000032
              ],
              [
                124.15463653300003,
                12.855785046000051
              ],
              [
                124.15461588900007,
                12.855758727000023
              ],
              [
                124.15460318500004,
                12.855747890000032
              ],
              [
                124.15458889400009,
                12.855732408000051
              ],
              [
                124.15456031000008,
                12.855710733000024
              ],
              [
                124.15454284200007,
                12.855702992000033
              ],
              [
                124.1545221990001,
                12.855698347000043
              ],
              [
                124.15449361500009,
                12.855696799000043
              ],
              [
                124.15447932200004,
                12.855693702000053
              ],
              [
                124.15444597600003,
                12.855693702000053
              ],
              [
                124.15440151300004,
                12.855689057000063
              ],
              [
                124.15438880800002,
                12.855684413000063
              ],
              [
                124.15436657700002,
                12.855664286000035
              ],
              [
                124.1543538730001,
                12.855661191000024
              ],
              [
                124.15433958100004,
                12.855661191000024
              ],
              [
                124.15432211400002,
                12.855665834000035
              ],
              [
                124.15429829300001,
                12.855682864000073
              ],
              [
                124.15427765000004,
                12.855715375000045
              ],
              [
                124.15427129800003,
                12.855718471000046
              ],
              [
                124.15426494600001,
                12.855716923000045
              ],
              [
                124.15425224300009,
                12.855709182000055
              ],
              [
                124.1542474790001,
                12.855702989000065
              ],
              [
                124.15423953900006,
                12.855687507000027
              ],
              [
                124.15423636300011,
                12.855676671000026
              ],
              [
                124.15422842300006,
                12.855664285000046
              ],
              [
                124.15421254400007,
                12.855658092000056
              ],
              [
                124.15419825200001,
                12.855654995000066
              ],
              [
                124.1541919010001,
                12.855651899000065
              ],
              [
                124.15417919700008,
                12.855641062000075
              ],
              [
                124.15416808100008,
                12.855619387000047
              ],
              [
                124.15416808200007,
                12.855596165000065
              ],
              [
                124.15417125800002,
                12.855582232000074
              ],
              [
                124.15417125800002,
                12.855555913000046
              ],
              [
                124.1541696700001,
                12.855549721000045
              ],
              [
                124.15416490600012,
                12.855543527000066
              ],
              [
                124.1541585550001,
                12.855540431000065
              ],
              [
                124.1541363230001,
                12.855534238000075
              ],
              [
                124.15412361900007,
                12.855528045000028
              ],
              [
                124.15411885500009,
                12.855523401000028
              ],
              [
                124.1541029760001,
                12.855497082000056
              ],
              [
                124.15408709700012,
                12.855495533000067
              ],
              [
                124.15406010100003,
                12.855500178000057
              ],
              [
                124.15404898500003,
                12.855507918000058
              ],
              [
                124.15404422100005,
                12.855514111000048
              ],
              [
                124.15403310500005,
                12.855534237000029
              ],
              [
                124.1540299290001,
                12.855560556000057
              ],
              [
                124.154025165,
                12.855577585000049
              ],
              [
                124.1540188130001,
                12.85559306700003
              ],
              [
                124.15401087300006,
                12.855603904000077
              ],
              [
                124.15399181700002,
                12.855613193000067
              ],
              [
                124.15398546500012,
                12.855614742000057
              ],
              [
                124.15397911200012,
                12.855619386000058
              ],
              [
                124.15397593700004,
                12.855625578000058
              ],
              [
                124.15397752500007,
                12.85564725200004
              ],
              [
                124.15398070100002,
                12.85565344500003
              ],
              [
                124.15398228900006,
                12.855667378000021
              ],
              [
                124.15398228800007,
                12.855673572000057
              ],
              [
                124.15397593600005,
                12.855685956000059
              ],
              [
                124.15379649700003,
                12.855674622000038
              ],
              [
                124.15381078900009,
                12.855600311000046
              ],
              [
                124.15382666900007,
                12.855549221000047
              ],
              [
                124.15383143400004,
                12.855535288000056
              ],
              [
                124.1538346100001,
                12.855530644000055
              ],
              [
                124.15383778600005,
                12.855516710000074
              ],
              [
                124.15384254900005,
                12.855491940000036
              ],
              [
                124.15384254900005,
                12.855465621000064
              ],
              [
                124.15381873100011,
                12.855417628000055
              ],
              [
                124.153813968,
                12.855409887000064
              ],
              [
                124.15379808800003,
                12.855395954000073
              ],
              [
                124.15379491100009,
                12.855388212000037
              ],
              [
                124.15379014900009,
                12.855382020000036
              ],
              [
                124.15378856000007,
                12.855374279000046
              ],
              [
                124.1537679160001,
                12.855351056000075
              ],
              [
                124.15375045000008,
                12.855340219000027
              ],
              [
                124.15374409800006,
                12.855340219000027
              ],
              [
                124.15373774600005,
                12.855341768000073
              ],
              [
                124.15373139400003,
                12.855346411000028
              ],
              [
                124.15371868900002,
                12.855371183000045
              ],
              [
                124.15371710200009,
                12.855377374000057
              ],
              [
                124.15371868900002,
                12.855389759000047
              ],
              [
                124.15373298100008,
                12.855422271000066
              ],
              [
                124.15373615700003,
                12.855433108000057
              ],
              [
                124.15373456900011,
                12.855448590000037
              ],
              [
                124.15372662900006,
                12.855451686000038
              ],
              [
                124.15372027700005,
                12.855451686000038
              ],
              [
                124.15369963400008,
                12.855442397000047
              ],
              [
                124.15367899000012,
                12.855437752000057
              ],
              [
                124.1536615230001,
                12.855436205000046
              ],
              [
                124.15358371200011,
                12.855448588000058
              ],
              [
                124.15355036500011,
                12.85545632800006
              ],
              [
                124.15354242500007,
                12.85545632800006
              ],
              [
                124.15352019400007,
                12.85545168300007
              ],
              [
                124.15350113800002,
                12.855443942000022
              ],
              [
                124.1534773190001,
                12.855428460000041
              ],
              [
                124.15345667600002,
                12.855431556000042
              ],
              [
                124.15344238300008,
                12.855439297000032
              ],
              [
                124.15342968000004,
                12.855448586000023
              ],
              [
                124.15337727600001,
                12.855513608000024
              ],
              [
                124.15336298400007,
                12.855538378000062
              ],
              [
                124.15336139600004,
                12.855544571000053
              ],
              [
                124.1533534560001,
                12.855580178000025
              ],
              [
                124.15335186700008,
                12.855601852000063
              ],
              [
                124.1533471030001,
                12.855621978000045
              ],
              [
                124.1533471030001,
                12.855629719000035
              ],
              [
                124.1533296340001,
                12.855699387000072
              ],
              [
                124.1533296340001,
                12.855707127000073
              ],
              [
                124.15333281000005,
                12.855714868000064
              ],
              [
                124.15333355300004,
                12.855743140000072
              ],
              [
                124.15333514100007,
                12.855749332000073
              ],
              [
                124.15336054800002,
                12.855775652000034
              ],
              [
                124.1533700760001,
                12.855792682000072
              ],
              [
                124.15337642700001,
                12.855812808000053
              ],
              [
                124.15337801400005,
                12.855865446000053
              ],
              [
                124.15338436600007,
                12.855893313000024
              ],
              [
                124.15338436600007,
                12.855899506000071
              ],
              [
                124.15339389300004,
                12.855932017000043
              ],
              [
                124.15339706800012,
                12.855961432000072
              ],
              [
                124.15339389100006,
                12.856051227000023
              ],
              [
                124.1533954780001,
                12.856060515000024
              ],
              [
                124.15339865400006,
                12.856139471000063
              ],
              [
                124.15340818000004,
                12.856195205000063
              ],
              [
                124.15342882300001,
                12.856267969000044
              ],
              [
                124.15343517500003,
                12.856297385000062
              ],
              [
                124.15343517400004,
                12.856314414000053
              ],
              [
                124.15342882200002,
                12.856348474000072
              ],
              [
                124.15341611800011,
                12.856379437000044
              ],
              [
                124.15340817800006,
                12.856391822000035
              ],
              [
                124.15340341300009,
                12.856410401000062
              ],
              [
                124.15340341300009,
                12.856425881000064
              ],
              [
                124.15341135100005,
                12.856473874000073
              ],
              [
                124.15341294000007,
                12.856514127000025
              ],
              [
                124.15341135100005,
                12.856520319000026
              ],
              [
                124.15338435600006,
                12.856543542000054
              ],
              [
                124.1533748280001,
                12.856557474000056
              ],
              [
                124.15335894800012,
                12.856588437000028
              ],
              [
                124.15335100700008,
                12.856611660000056
              ],
              [
                124.15334941900005,
                12.856620949000046
              ],
              [
                124.15334941900005,
                12.856661201000065
              ],
              [
                124.15335259300002,
                12.856685971000047
              ],
              [
                124.15335894600003,
                12.856713838000076
              ],
              [
                124.153378,
                12.856771121000065
              ],
              [
                124.15338276400007,
                12.856794344000036
              ],
              [
                124.15338117600004,
                12.856811373000028
              ],
              [
                124.15337641100007,
                12.856831499000066
              ],
              [
                124.15335735400004,
                12.856865558000038
              ],
              [
                124.15335576700011,
                12.856879492000076
              ],
              [
                124.15335735400004,
                12.856887232000076
              ],
              [
                124.15336688200011,
                12.856907360000037
              ],
              [
                124.15339546500002,
                12.856941420000055
              ],
              [
                124.15340975700008,
                12.856955352000057
              ],
              [
                124.15342881200002,
                12.856987864000075
              ],
              [
                124.1534383400001,
                12.857007990000056
              ],
              [
                124.15345739400004,
                12.857088496000074
              ],
              [
                124.1534605700001,
                12.857113267000045
              ],
              [
                124.15346692100002,
                12.857144229000028
              ],
              [
                124.15347486100006,
                12.857178289000046
              ],
              [
                124.15347962400006,
                12.857189126000037
              ],
              [
                124.15348597500008,
                12.857201513000064
              ],
              [
                124.15350757700003,
                12.857233585000074
              ],
              [
                124.1535282210001,
                12.857252163000055
              ],
              [
                124.15353933600011,
                12.857259905000035
              ],
              [
                124.15356950800003,
                12.857301705000054
              ],
              [
                124.15357585900006,
                12.857317187000035
              ],
              [
                124.1535837990001,
                12.857354343000054
              ],
              [
                124.1535837990001,
                12.857360536000044
              ],
              [
                124.15358062300004,
                12.857366728000045
              ],
              [
                124.1535726830001,
                12.857376017000036
              ],
              [
                124.15357109400009,
                12.857382211000072
              ],
              [
                124.15357268200012,
                12.857388403000073
              ],
              [
                124.15360285300005,
                12.857445685000073
              ],
              [
                124.15361555700008,
                12.857478197000034
              ],
              [
                124.15362032000007,
                12.857506064000063
              ],
              [
                124.15363937500001,
                12.857547865000072
              ],
              [
                124.153650491,
                12.857557154000062
              ],
              [
                124.15368542600004,
                12.85759740800006
              ],
              [
                124.1537330650001,
                12.857668623000052
              ],
              [
                124.153739416,
                12.857674816000042
              ],
              [
                124.15376482400006,
                12.85771042400006
              ],
              [
                124.15378546700003,
                12.857732098000042
              ],
              [
                124.15379340700008,
                12.857747580000023
              ],
              [
                124.15380611000012,
                12.85776615800006
              ],
              [
                124.1538219900001,
                12.857794025000032
              ],
              [
                124.15383151700007,
                12.85781415100007
              ],
              [
                124.15383628100005,
                12.85781879600006
              ],
              [
                124.153861688,
                12.857862146000059
              ],
              [
                124.15387439200003,
                12.85787453000006
              ],
              [
                124.15389662300004,
                12.85789156100003
              ],
              [
                124.15390615000001,
                12.857894657000031
              ],
              [
                124.15391885500003,
                12.857902398000022
              ],
              [
                124.15395220200003,
                12.857917880000059
              ],
              [
                124.15397125800007,
                12.85794110200004
              ],
              [
                124.15398078500004,
                12.857959681000068
              ],
              [
                124.15398237200009,
                12.857967421000069
              ],
              [
                124.15399825300005,
                12.85799064400004
              ],
              [
                124.15401572000007,
                12.857998386000077
              ],
              [
                124.15403001200002,
                12.85800148100003
              ],
              [
                124.15404271600005,
                12.85800148100003
              ],
              [
                124.15404748000003,
                12.858004578000077
              ],
              [
                124.15405224300002,
                12.858020059000069
              ],
              [
                124.15405224300002,
                12.85803554100005
              ],
              [
                124.15404906700007,
                12.85805102300003
              ],
              [
                124.15404906700007,
                12.858077342000058
              ],
              [
                124.15405383100006,
                12.85808972700005
              ],
              [
                124.15406177000011,
                12.85810056400004
              ],
              [
                124.15411893700002,
                12.85815165400004
              ],
              [
                124.1541395810001,
                12.85816403900003
              ],
              [
                124.15415546000008,
                12.858168684000077
              ],
              [
                124.15416340000002,
                12.858168684000077
              ],
              [
                124.15419674700001,
                12.858174878000057
              ],
              [
                124.15421103900007,
                12.858181070000057
              ],
              [
                124.15422533100002,
                12.858191907000048
              ],
              [
                124.15423803400006,
                12.858207389000029
              ],
              [
                124.15424121100011,
                12.858215130000076
              ],
              [
                124.15425073800009,
                12.858263124000075
              ],
              [
                124.15427296900009,
                12.858295635000047
              ],
              [
                124.15429202500002,
                12.858317309000029
              ],
              [
                124.15433172500002,
                12.858348273000047
              ],
              [
                124.15433807700003,
                12.858351370000037
              ],
              [
                124.15436666000005,
                12.858373044000075
              ],
              [
                124.15437142400003,
                12.858379237000065
              ],
              [
                124.15440159500008,
                12.858404009000026
              ],
              [
                124.15442541400012,
                12.858436519000065
              ],
              [
                124.15443176600002,
                12.858448905000046
              ],
              [
                124.154453998,
                12.858478321000064
              ],
              [
                124.15447781800003,
                12.858496900000034
              ],
              [
                124.15449687400007,
                12.858506188000035
              ],
              [
                124.15452545700009,
                12.858515477000026
              ],
              [
                124.15454768900008,
                12.858526316000052
              ],
              [
                124.15461597300009,
                12.858566568000072
              ],
              [
                124.15464932000009,
                12.858588243000042
              ],
              [
                124.15467587100011,
                12.858598779000033
              ],
              [
                124.15467904700006,
                12.858601875000033
              ],
              [
                124.1547092190001,
                12.858608068000024
              ],
              [
                124.15471715900003,
                12.858608068000024
              ],
              [
                124.1547536810001,
                12.85861735800006
              ],
              [
                124.15479497000001,
                12.858634388000041
              ],
              [
                124.15480132200003,
                12.858639033000031
              ],
              [
                124.15484737400004,
                12.85866225600006
              ],
              [
                124.15488548600001,
                12.85867464200004
              ],
              [
                124.15491565700006,
                12.85868702700003
              ],
              [
                124.15494583000009,
                12.858696316000021
              ],
              [
                124.15496170900008,
                12.858705605000068
              ],
              [
                124.15498076500012,
                12.858719539000049
              ],
              [
                124.15499188100011,
                12.85873037600004
              ],
              [
                124.15501570100002,
                12.858767533000048
              ],
              [
                124.15501728900006,
                12.858772178000038
              ],
              [
                124.15503158000001,
                12.85878920700003
              ],
              [
                124.15504587200007,
                12.858801593000067
              ],
              [
                124.1550585760001,
                12.858809333000067
              ],
              [
                124.15506969100011,
                12.858813978000057
              ],
              [
                124.15510462700001,
                12.858824815000048
              ],
              [
                124.15513162400009,
                12.858831009000028
              ],
              [
                124.15517291100002,
                12.858846490000076
              ],
              [
                124.15519514200003,
                12.858858875000067
              ],
              [
                124.15522055100007,
                12.858882098000038
              ],
              [
                124.15524754600006,
                12.858900676000076
              ],
              [
                124.15526025000008,
                12.858905321000066
              ],
              [
                124.1552999490001,
                12.858911514000056
              ],
              [
                124.1553285330001,
                12.858913062000056
              ],
              [
                124.15533329700008,
                12.858911514000056
              ],
              [
                124.15534600100011,
                12.858902225000065
              ],
              [
                124.15535870500003,
                12.858889840000074
              ],
              [
                124.15536505700004,
                12.858888292000074
              ],
              [
                124.15538411200009,
                12.858889840000074
              ],
              [
                124.15541904800011,
                12.858888292000074
              ],
              [
                124.15543175300002,
                12.858880552000073
              ],
              [
                124.15543810500003,
                12.858869714000036
              ],
              [
                124.15543651700011,
                12.858861974000035
              ],
              [
                124.15543334000006,
                12.858854234000034
              ],
              [
                124.15542540100012,
                12.858843396000054
              ],
              [
                124.15540317000011,
                12.858803143000046
              ],
              [
                124.1553968180001,
                12.858783017000064
              ],
              [
                124.1553968180001,
                12.858762891000026
              ],
              [
                124.15540158200008,
                12.858750507000025
              ],
              [
                124.15540634500007,
                12.858745862000035
              ],
              [
                124.15540952200001,
                12.858739669000045
              ],
              [
                124.1554079340001,
                12.858733476000054
              ],
              [
                124.15539523100006,
                12.858714898000073
              ],
              [
                124.15538252700003,
                12.858705609000026
              ],
              [
                124.15536823500008,
                12.858705609000026
              ],
              [
                124.15533647400002,
                12.858714898000073
              ],
              [
                124.15532059500003,
                12.858710253000027
              ],
              [
                124.15528566000012,
                12.858687030000056
              ],
              [
                124.15527613200004,
                12.858676193000065
              ],
              [
                124.15526978000003,
                12.858671548000075
              ],
              [
                124.15524437200008,
                12.858659163000027
              ],
              [
                124.155217375,
                12.858639037000046
              ],
              [
                124.15519990900009,
                12.858622007000065
              ],
              [
                124.15518561700003,
                12.858604977000027
              ],
              [
                124.15518244000009,
                12.858597236000037
              ],
              [
                124.15516497300007,
                12.858569369000065
              ],
              [
                124.15513797800008,
                12.858532213000046
              ],
              [
                124.1551046300001,
                12.858498153000028
              ],
              [
                124.15509827800008,
                12.858495056000038
              ],
              [
                124.1550935140001,
                12.858488864000037
              ],
              [
                124.15508716200009,
                12.858485767000047
              ],
              [
                124.1550823980001,
                12.858478026000057
              ],
              [
                124.15508081100006,
                12.858471835000046
              ],
              [
                124.15508557400005,
                12.858453256000075
              ],
              [
                124.155095103,
                12.858440871000028
              ],
              [
                124.15510621900012,
                12.858430033000047
              ],
              [
                124.15511257100002,
                12.858426937000047
              ],
              [
                124.15512051000007,
                12.858426937000047
              ],
              [
                124.1551332140001,
                12.858431582000037
              ],
              [
                124.1551443300001,
                12.858437775000027
              ],
              [
                124.15516179800011,
                12.858451708000075
              ],
              [
                124.15518720600005,
                12.858464094000055
              ],
              [
                124.15520785000001,
                12.858468739000045
              ],
              [
                124.15521579000006,
                12.858468739000045
              ],
              [
                124.15523802200005,
                12.858464094000055
              ],
              [
                124.15525231300012,
                12.858464095000045
              ],
              [
                124.15527295700008,
                12.858467191000045
              ],
              [
                124.15530471700004,
                12.858482673000026
              ],
              [
                124.15530948000003,
                12.858487318000073
              ],
              [
                124.15531742000007,
                12.858490415000063
              ],
              [
                124.15533806400003,
                12.858502799000064
              ],
              [
                124.15536347200009,
                12.858519830000034
              ],
              [
                124.15540158400006,
                12.858533763000025
              ],
              [
                124.15542699100001,
                12.858547697000063
              ],
              [
                124.15546351400008,
                12.858558534000053
              ],
              [
                124.1554984500001,
                12.858558534000053
              ],
              [
                124.15550321400008,
                12.858560083000043
              ],
              [
                124.15550956600009,
                12.858566275000044
              ],
              [
                124.15550956600009,
                12.858589498000072
              ],
              [
                124.15550639000003,
                12.858603431000063
              ],
              [
                124.1554984500001,
                12.858612721000043
              ],
              [
                124.15549209800008,
                12.858615816000054
              ],
              [
                124.15547304200004,
                12.858615816000054
              ],
              [
                124.15545081100004,
                12.858611172000053
              ],
              [
                124.15543493000007,
                12.858611171000064
              ],
              [
                124.15542222700003,
                12.858615816000054
              ],
              [
                124.15541905100008,
                12.858622008000054
              ],
              [
                124.1554254030001,
                12.858634394000035
              ],
              [
                124.15543493000007,
                12.858646779000026
              ],
              [
                124.15544445800003,
                12.858656068000073
              ],
              [
                124.15547463000007,
                12.858677743000044
              ],
              [
                124.15549368600011,
                12.858687032000034
              ],
              [
                124.15550003800001,
                12.858688580000035
              ],
              [
                124.15552226900002,
                12.858700967000061
              ],
              [
                124.15555720500004,
                12.858725737000043
              ],
              [
                124.1555873750001,
                12.858739670000034
              ],
              [
                124.15562072400007,
                12.858750508000071
              ],
              [
                124.15563819200008,
                12.858752056000071
              ],
              [
                124.155650895,
                12.858750508000071
              ],
              [
                124.15573188300004,
                12.858752056000071
              ],
              [
                124.15573982300009,
                12.858750508000071
              ],
              [
                124.1557572910001,
                12.858750508000071
              ],
              [
                124.15577793400007,
                12.85874586400007
              ],
              [
                124.15579222600002,
                12.858741219000024
              ],
              [
                124.155796989,
                12.858738123000023
              ],
              [
                124.15582557300002,
                12.858731930000033
              ],
              [
                124.15583351400005,
                12.858728834000033
              ],
              [
                124.15585574600004,
                12.858727286000033
              ],
              [
                124.15586844900008,
                12.858730383000022
              ],
              [
                124.1558748010001,
                12.858735027000023
              ],
              [
                124.15590656100005,
                12.858765990000052
              ],
              [
                124.15591767700005,
                12.858773732000031
              ],
              [
                124.15594784900009,
                12.858781472000032
              ],
              [
                124.15598278400012,
                12.85879540600007
              ],
              [
                124.15602248400012,
                12.858820177000041
              ],
              [
                124.1560272480001,
                12.858826369000042
              ],
              [
                124.15604630400003,
                12.858843399000023
              ],
              [
                124.15605106700002,
                12.858846495000023
              ],
              [
                124.15605741900004,
                12.85884804400007
              ],
              [
                124.15606694700011,
                12.85884804400007
              ],
              [
                124.1560717110001,
                12.85884649600007
              ],
              [
                124.15609711900004,
                12.858834110000032
              ],
              [
                124.15610982300007,
                12.858824821000042
              ],
              [
                124.1561225270001,
                12.858820177000041
              ],
              [
                124.15612887900011,
                12.85881862900004
              ],
              [
                124.1561511110001,
                12.85881862900004
              ],
              [
                124.15618128100004,
                12.858827918000031
              ],
              [
                124.1562352740001,
                12.85885268900006
              ],
              [
                124.15625433000002,
                12.85885268900006
              ],
              [
                124.15626068200004,
                12.85884804400007
              ],
              [
                124.15626703400005,
                12.858840304000068
              ],
              [
                124.15627973700009,
                12.858821727000077
              ],
              [
                124.15628767700002,
                12.85882017800003
              ],
              [
                124.15629720600009,
                12.858821727000077
              ],
              [
                124.15631785000005,
                12.858827919000078
              ],
              [
                124.15633055300009,
                12.858834111000021
              ],
              [
                124.15636390000009,
                12.85885578600005
              ],
              [
                124.15637978100006,
                12.85886352700004
              ],
              [
                124.15645124100001,
                12.858883653000078
              ],
              [
                124.1565004680001,
                12.858902231000059
              ],
              [
                124.15652111200006,
                12.858908424000049
              ],
              [
                124.15652746400008,
                12.858908424000049
              ],
              [
                124.15655922400003,
                12.858900684000048
              ],
              [
                124.1565909840001,
                12.858896039000058
              ],
              [
                124.15662909600007,
                12.858900684000048
              ],
              [
                124.1566529160001,
                12.858906876000049
              ],
              [
                124.15667197200003,
                12.858909973000038
              ],
              [
                124.15670214400006,
                12.858913069000039
              ],
              [
                124.15673866800012,
                12.858909973000038
              ],
              [
                124.15677807500003,
                12.85892080900004
              ],
              [
                124.15679713100008,
                12.858937839000077
              ],
              [
                124.156820949,
                12.85897189900004
              ],
              [
                124.1568320660001,
                12.85898273600003
              ],
              [
                124.15685112200003,
                12.85899512100002
              ],
              [
                124.1568654140001,
                12.858998219000057
              ],
              [
                124.15688129400007,
                12.858998219000057
              ],
              [
                124.15691623000009,
                12.858988929000077
              ],
              [
                124.15695751700002,
                12.85898428400003
              ],
              [
                124.15697339700012,
                12.85898428400003
              ],
              [
                124.15699562900011,
                12.858992025000077
              ],
              [
                124.15702262500008,
                12.859004410000068
              ],
              [
                124.15703691700003,
                12.859007507000058
              ],
              [
                124.15704485700007,
                12.859005959000058
              ],
              [
                124.15705914700004,
                12.858999766000068
              ],
              [
                124.15707820400007,
                12.85897964000003
              ],
              [
                124.15712492000011,
                12.858996097000045
              ],
              [
                124.15715191600009,
                12.859010031000025
              ],
              [
                124.15717103400004,
                12.859017021000057
              ],
              [
                124.15719002800006,
                12.859023964000073
              ],
              [
                124.15721226000005,
                12.859028609000063
              ],
              [
                124.15723290400001,
                12.859028609000063
              ],
              [
                124.15728689600007,
                12.859019320000073
              ],
              [
                124.15730277600005,
                12.859020868000073
              ],
              [
                124.15733294800009,
                12.859027060000074
              ],
              [
                124.1573504160001,
                12.859033253000064
              ],
              [
                124.15736470700006,
                12.859036349000064
              ],
              [
                124.15739170400002,
                12.859048734000055
              ],
              [
                124.15743299200005,
                12.859081246000073
              ],
              [
                124.15745522400005,
                12.859090535000064
              ],
              [
                124.15748222000002,
                12.859090535000064
              ],
              [
                124.15749810000011,
                12.859087439000064
              ],
              [
                124.15750445200001,
                12.859085890000074
              ],
              [
                124.15751715600004,
                12.859078149000027
              ],
              [
                124.15754097400009,
                12.859039445000064
              ],
              [
                124.1575473260001,
                12.859031704000074
              ],
              [
                124.15755526600003,
                12.859016222000037
              ],
              [
                124.15756161800005,
                12.859010030000036
              ],
              [
                124.1575647950001,
                12.859003838000035
              ],
              [
                124.15758226200012,
                12.858991452000055
              ],
              [
                124.1576156110001,
                12.858985259000065
              ],
              [
                124.15764895900008,
                12.858985259000065
              ],
              [
                124.15766483900006,
                12.858986807000065
              ],
              [
                124.15767277900011,
                12.858989903000065
              ],
              [
                124.1576886580001,
                12.858991451000065
              ],
              [
                124.15770930200006,
                12.858997644000056
              ],
              [
                124.15783316600005,
                12.859023963000027
              ],
              [
                124.15784904600002,
                12.859030155000028
              ],
              [
                124.1579205050001,
                12.859047184000076
              ],
              [
                124.15798243600011,
                12.859064214000057
              ],
              [
                124.1580269000001,
                12.859064214000057
              ],
              [
                124.15806501200007,
                12.859073504000037
              ],
              [
                124.15807136400008,
                12.859076599000048
              ],
              [
                124.15809677200002,
                12.859095177000029
              ]
            ]
          ],
          [
            [
              [
                124.15480037900011,
                12.854516276000027
              ],
              [
                124.15479750700001,
                12.85450787700006
              ],
              [
                124.1547730960001,
                12.85447427500003
              ],
              [
                124.15476448000004,
                12.854442075000065
              ],
              [
                124.15475729900004,
                12.854428074000054
              ],
              [
                124.15474437600005,
                12.85440847500007
              ],
              [
                124.1547285790001,
                12.854391674000055
              ],
              [
                124.15470847600011,
                12.854379073000075
              ],
              [
                124.15469267900005,
                12.854380473000049
              ],
              [
                124.15468262800005,
                12.854384673000027
              ],
              [
                124.15467688400008,
                12.854388873000062
              ],
              [
                124.15466396000011,
                12.854404273000057
              ],
              [
                124.15466108800001,
                12.85441127300004
              ],
              [
                124.1546567790001,
                12.854418274000068
              ],
              [
                124.15464816400004,
                12.85444347300006
              ],
              [
                124.15464241900008,
                12.854468674000032
              ],
              [
                124.15463523900007,
                12.854507874000035
              ],
              [
                124.15463523900007,
                12.854529280000065
              ],
              [
                124.15463523900007,
                12.854533074000074
              ],
              [
                124.15465390600002,
                12.854594676000033
              ],
              [
                124.154666829,
                12.854626876000054
              ],
              [
                124.15467401,
                12.854652077000026
              ],
              [
                124.1546797530001,
                12.854677277000064
              ],
              [
                124.1546797530001,
                12.854682877000073
              ],
              [
                124.15468262500008,
                12.854689876000066
              ],
              [
                124.15470272800007,
                12.854835478000041
              ],
              [
                124.15471995900009,
                12.854905479000024
              ],
              [
                124.15475442200011,
                12.854988080000055
              ],
              [
                124.15477883400001,
                12.855017480000072
              ],
              [
                124.15482765800004,
                12.855056682000054
              ],
              [
                124.15485494100005,
                12.855083281000077
              ],
              [
                124.1548807900001,
                12.855101482000066
              ],
              [
                124.15488653400007,
                12.855108483000038
              ],
              [
                124.15489227800003,
                12.855112682000026
              ],
              [
                124.15490232900004,
                12.855125282000074
              ],
              [
                124.15493392200005,
                12.855157483000028
              ],
              [
                124.1549626420001,
                12.855193884000073
              ],
              [
                124.154969821,
                12.855199484000025
              ],
              [
                124.15498849000005,
                12.855206484000064
              ],
              [
                124.15500572200006,
                12.855206484000064
              ],
              [
                124.15506316100004,
                12.855196684000077
              ],
              [
                124.15508470200007,
                12.855196684000077
              ],
              [
                124.15509331800001,
                12.855199485000071
              ],
              [
                124.15511485800005,
                12.855199485000071
              ],
              [
                124.15512491000004,
                12.855191085000058
              ],
              [
                124.15512921800007,
                12.85518548500005
              ],
              [
                124.15513639800008,
                12.855171485000028
              ],
              [
                124.15514357900008,
                12.855114084000036
              ],
              [
                124.15514357900008,
                12.855101484000045
              ],
              [
                124.15514070600011,
                12.855081884000072
              ],
              [
                124.15513639900007,
                12.855069284000024
              ],
              [
                124.15513352700009,
                12.855051083000035
              ],
              [
                124.15512921800007,
                12.855039883000074
              ],
              [
                124.15512491100003,
                12.855034283000066
              ],
              [
                124.15510768000001,
                12.85501888300007
              ],
              [
                124.15509188400006,
                12.85499928300004
              ],
              [
                124.15508326800011,
                12.854985284000065
              ],
              [
                124.15507321600012,
                12.854961482000022
              ],
              [
                124.15507034300003,
                12.854947482000057
              ],
              [
                124.15506890800009,
                12.854927883000073
              ],
              [
                124.15506460000006,
                12.854909682000027
              ],
              [
                124.15504449700006,
                12.854860682000037
              ],
              [
                124.15504162400009,
                12.85484948100003
              ],
              [
                124.15505024100003,
                12.854821481000045
              ],
              [
                124.15505024100003,
                12.854814482000052
              ],
              [
                124.15504449700006,
                12.854796281000063
              ],
              [
                124.15504018900003,
                12.854792081000028
              ],
              [
                124.15502726600005,
                12.854772481000055
              ],
              [
                124.15501003400004,
                12.85473748000004
              ],
              [
                124.15501003400004,
                12.854708080000023
              ],
              [
                124.15501290600002,
                12.854691280000054
              ],
              [
                124.15501003400004,
                12.854677279000043
              ],
              [
                124.15500429000008,
                12.854664679000052
              ],
              [
                124.15498705900006,
                12.854643679000048
              ],
              [
                124.15496551800004,
                12.854629679000027
              ],
              [
                124.15494828700002,
                12.854612878000069
              ],
              [
                124.1549367990001,
                12.854591878000065
              ],
              [
                124.15493249100007,
                12.854573678000065
              ],
              [
                124.15492387400002,
                12.85455687700005
              ],
              [
                124.1549095150001,
                12.854534477000072
              ],
              [
                124.1549035920001,
                12.854529280000065
              ],
              [
                124.15489515600007,
                12.854521877000025
              ],
              [
                124.15488366800002,
                12.854516277000073
              ],
              [
                124.15486643600002,
                12.854516277000073
              ],
              [
                124.15485063900007,
                12.854521876000035
              ],
              [
                124.15483762100007,
                12.854529280000065
              ],
              [
                124.15483340700007,
                12.854531676000022
              ],
              [
                124.1548204830001,
                12.854535876000057
              ],
              [
                124.15480468600003,
                12.854535876000057
              ],
              [
                124.15479894200007,
                12.854531676000022
              ],
              [
                124.15479730400011,
                12.854529280000065
              ],
              [
                124.15479607100008,
                12.854527476000044
              ],
              [
                124.15479750700001,
                12.854520476000062
              ],
              [
                124.15480037900011,
                12.854516276000027
              ]
            ]
          ]
        ]
      }
    }
  ]
}