{
  "type": "FeatureCollection",
  "name": "Donsol",
  "crs": {
    "type": "name",
    "properties": {
      "name": "urn:ogc:def:crs:OGC:1.3:CRS84"
    }
  },
  "features": [
    {
      "type": "Feature",
      "properties": {
        "ADM3_EN": "Donsol",
        "ADM3_PCODE": "PH0506207",
        "ADM2_EN": "Sorsogon",
        "ADM2_PCODE": "PH05062",
        "ADM1_EN": "Region V (Bicol Region)",
        "ADM1_PCODE": "PH05",
        "ADM0_EN": "Philippines (the)",
        "ADM0_PCODE": "PH",
        "date": "2022-11-09",
        "validOn": "2023-11-06",
        "validTo": null,
        "ADM3_REF": null,
        "ADM3ALT1EN": null,
        "Shape_Leng": 0.66534562783,
        "Shape_Area": 0.01276409634,
        "AREA_SQKM": 153.208548003
      },
      "geometry": {
        "type": "MultiPolygon",
        "coordinates": [
          [
            [
              [
                123.62025036800003,
                13.022980362000055
              ],
              [
                123.620212809,
                13.022906324000076
              ],
              [
                123.62018410600001,
                13.02282801900003
              ],
              [
                123.62016005900011,
                13.022752039000068
              ],
              [
                123.62014080400002,
                13.022689871000068
              ],
              [
                123.62012342700007,
                13.022593147000066
              ],
              [
                123.62015007900004,
                13.022503142000062
              ],
              [
                123.62025069600008,
                13.022359159000075
              ],
              [
                123.62044417000004,
                13.02222035400007
              ],
              [
                123.6205779600001,
                13.022118243000023
              ],
              [
                123.62077260800004,
                13.021960618000037
              ],
              [
                123.62094802100012,
                13.021857595000029
              ],
              [
                123.6211143920001,
                13.021753379000074
              ],
              [
                123.62119600100004,
                13.021620949000067
              ],
              [
                123.62126466400002,
                13.021524726000052
              ],
              [
                123.62141937700005,
                13.021402559000023
              ],
              [
                123.62160756700007,
                13.021304779000047
              ],
              [
                123.6217493690001,
                13.021251155000073
              ],
              [
                123.62184756700003,
                13.021190756000067
              ],
              [
                123.62187127600009,
                13.021142118000057
              ],
              [
                123.62184931900003,
                13.02107146800006
              ],
              [
                123.62178895500006,
                13.020993910000072
              ],
              [
                123.62170459600009,
                13.020896071000038
              ],
              [
                123.6216060370001,
                13.020798428000035
              ],
              [
                123.62151731200004,
                13.020733548000067
              ],
              [
                123.62136836600007,
                13.020689916000038
              ],
              [
                123.62124439400009,
                13.020704326000043
              ],
              [
                123.6211106610001,
                13.020737484000051
              ],
              [
                123.6210078150001,
                13.020789346000072
              ],
              [
                123.62083480100011,
                13.020841692000033
              ],
              [
                123.62054354100007,
                13.020911057000035
              ],
              [
                123.6203459730001,
                13.020963627000071
              ],
              [
                123.62021195700004,
                13.02095226800003
              ],
              [
                123.62011571900007,
                13.02087732900003
              ],
              [
                123.6199412520001,
                13.020635371000026
              ],
              [
                123.61986405000005,
                13.020546361000072
              ],
              [
                123.61982037500002,
                13.020419983000068
              ],
              [
                123.61989165500006,
                13.020300318000068
              ],
              [
                123.6200133530001,
                13.020257746000027
              ],
              [
                123.6200993120001,
                13.020245700000032
              ],
              [
                123.62020671000005,
                13.020228899000074
              ],
              [
                123.6203161630001,
                13.02019573900003
              ],
              [
                123.620372631,
                13.020139573000051
              ],
              [
                123.62037619500006,
                13.020046640000032
              ],
              [
                123.62035350300005,
                13.019942539000056
              ],
              [
                123.62033119300008,
                13.019864128000052
              ],
              [
                123.62025934300004,
                13.019797570000037
              ],
              [
                123.6201544590001,
                13.019766039000046
              ],
              [
                123.62007338800004,
                13.019727706000026
              ],
              [
                123.62002755300011,
                13.01961607000004
              ],
              [
                123.62007419300005,
                13.019531243000074
              ],
              [
                123.62015425400011,
                13.019489367000062
              ],
              [
                123.62029179600006,
                13.01946687700007
              ],
              [
                123.62047093700005,
                13.019515224000031
              ],
              [
                123.62063188700006,
                13.019605832000025
              ],
              [
                123.62075970900003,
                13.019650764000062
              ],
              [
                123.62094185500007,
                13.019680374000075
              ],
              [
                123.62101107,
                13.019670843000029
              ],
              [
                123.621058736,
                13.019638139000051
              ],
              [
                123.62107753100008,
                13.01957059800003
              ],
              [
                123.62105558200005,
                13.019459032000043
              ],
              [
                123.62102899500007,
                13.019347362000076
              ],
              [
                123.62098096900002,
                13.019279934000053
              ],
              [
                123.62093035100008,
                13.019172713000046
              ],
              [
                123.62087969800007,
                13.019088951000072
              ],
              [
                123.62085534000005,
                13.018995636000056
              ],
              [
                123.62090005400012,
                13.01877868500003
              ],
              [
                123.62089944700006,
                13.018677922000052
              ],
              [
                123.6208605700001,
                13.018577662000041
              ],
              [
                123.6208336730001,
                13.018461384000034
              ],
              [
                123.62080702100002,
                13.018377952000037
              ],
              [
                123.62079001600011,
                13.018306257000063
              ],
              [
                123.62083012500011,
                13.018225329000074
              ],
              [
                123.62086545200009,
                13.018160753000075
              ],
              [
                123.62094834800007,
                13.01813983900007
              ],
              [
                123.62105209600008,
                13.018150602000048
              ],
              [
                123.62119142400002,
                13.018149520000065
              ],
              [
                123.62126252000007,
                13.018176807000032
              ],
              [
                123.62134337100008,
                13.018245840000077
              ],
              [
                123.62144327800002,
                13.018305551000026
              ],
              [
                123.62149808900006,
                13.018344711000054
              ],
              [
                123.62165058700009,
                13.018346243000053
              ],
              [
                123.62188751800011,
                13.018459266000036
              ],
              [
                123.62196351300008,
                13.018477804000042
              ],
              [
                123.62201888600009,
                13.018440627000075
              ],
              [
                123.62205655500009,
                13.018383621000055
              ],
              [
                123.62209072500002,
                13.018244116000062
              ],
              [
                123.62211615300009,
                13.018098738000049
              ],
              [
                123.62214482700006,
                13.01794714600004
              ],
              [
                123.62212889600005,
                13.017842293000058
              ],
              [
                123.62211049900009,
                13.017771267000057
              ],
              [
                123.62209220000011,
                13.017708678000076
              ],
              [
                123.62211452800011,
                13.017643322000026
              ],
              [
                123.6221806750001,
                13.017580766000037
              ],
              [
                123.62223858400012,
                13.017540859000064
              ],
              [
                123.62231202700002,
                13.01752926000006
              ],
              [
                123.62240671600011,
                13.017514272000028
              ],
              [
                123.62246849700011,
                13.017488210000067
              ],
              [
                123.62250631400002,
                13.017430756000067
              ],
              [
                123.62253270600002,
                13.01737299000007
              ],
              [
                123.62252052400004,
                13.017277957000033
              ],
              [
                123.62245790200006,
                13.017137135000041
              ],
              [
                123.62241918300003,
                13.017059588000052
              ],
              [
                123.62238032000005,
                13.016933172000051
              ],
              [
                123.62238846000002,
                13.01674622400003
              ],
              [
                123.62245699100004,
                13.016632574000027
              ],
              [
                123.62256889500009,
                13.016609533000064
              ],
              [
                123.62267184200005,
                13.016634472000021
              ],
              [
                123.62274344100001,
                13.016693536000048
              ],
              [
                123.62274774700006,
                13.016770543000064
              ],
              [
                123.62271867200002,
                13.016868479000038
              ],
              [
                123.62268448700001,
                13.017139044000032
              ],
              [
                123.62269631200002,
                13.017274245000067
              ],
              [
                123.62272312700009,
                13.017429624000044
              ],
              [
                123.62279880800008,
                13.017566277000071
              ],
              [
                123.62288253600002,
                13.01769073500003
              ],
              [
                123.62297309700011,
                13.017760853000027
              ],
              [
                123.62308601100005,
                13.01775383000006
              ],
              [
                123.62321052900006,
                13.017628140000056
              ],
              [
                123.623302168,
                13.017482637000057
              ],
              [
                123.62339557100006,
                13.017344897000044
              ],
              [
                123.62351881300003,
                13.017221317000065
              ],
              [
                123.62359376800009,
                13.017115170000068
              ],
              [
                123.62362717100007,
                13.016960041000061
              ],
              [
                123.6236228140001,
                13.016841956000064
              ],
              [
                123.62360698300006,
                13.016752477000068
              ],
              [
                123.62366635100011,
                13.01667235900004
              ],
              [
                123.62379643300005,
                13.01658395100003
              ],
              [
                123.62388187700003,
                13.016524280000056
              ],
              [
                123.6240052610001,
                13.016520929000023
              ],
              [
                123.62406391500008,
                13.016475611000033
              ],
              [
                123.62420730000008,
                13.016376630000025
              ],
              [
                123.62433374000011,
                13.01632876900004
              ],
              [
                123.62445638400004,
                13.016318679000051
              ],
              [
                123.62451880700007,
                13.016326966000065
              ],
              [
                123.62458366600004,
                13.01641554300005
              ],
              [
                123.62464565500011,
                13.016489807000028
              ],
              [
                123.62472855300007,
                13.016543837000029
              ],
              [
                123.62488525900005,
                13.016568747000065
              ],
              [
                123.62505808200001,
                13.016573922000077
              ],
              [
                123.62524560400004,
                13.016563649000034
              ],
              [
                123.62540522800009,
                13.016516658000057
              ],
              [
                123.62552580600004,
                13.016455915000051
              ],
              [
                123.62563975900002,
                13.016341324000052
              ],
              [
                123.62572714700002,
                13.016229872000054
              ],
              [
                123.62574674300004,
                13.016093101000024
              ],
              [
                123.62568077300011,
                13.01594168500003
              ],
              [
                123.6256212620001,
                13.015868365000074
              ],
              [
                123.62554943000009,
                13.01575222100007
              ],
              [
                123.6255011940001,
                13.015649835000033
              ],
              [
                123.62544699800003,
                13.015555837000022
              ],
              [
                123.6253838780001,
                13.01547314100003
              ],
              [
                123.62529367000002,
                13.015376016000062
              ],
              [
                123.625210422,
                13.015304489000073
              ],
              [
                123.62517209000009,
                13.015224156000045
              ],
              [
                123.62519039200004,
                13.015143740000042
              ],
              [
                123.62522648200002,
                13.015066313000034
              ],
              [
                123.62533944600011,
                13.01503180900005
              ],
              [
                123.62543395600005,
                13.015063003000023
              ],
              [
                123.62551366500008,
                13.015139972000043
              ],
              [
                123.62560514600011,
                13.015222616000074
              ],
              [
                123.62571104400001,
                13.015262234000033
              ],
              [
                123.62582059400006,
                13.015293297000028
              ],
              [
                123.6260377530001,
                13.015201218000072
              ],
              [
                123.62641103700003,
                13.014960313000074
              ],
              [
                123.62653456900011,
                13.01488327800007
              ],
              [
                123.6265557800001,
                13.014834046000033
              ],
              [
                123.62653380800009,
                13.014762693000023
              ],
              [
                123.6264515790001,
                13.01467892900007
              ],
              [
                123.62638845400011,
                13.01456995600006
              ],
              [
                123.62639257600006,
                13.014450544000056
              ],
              [
                123.62641372500002,
                13.01436616500007
              ],
              [
                123.62651156200002,
                13.014241895000055
              ],
              [
                123.62661733900006,
                13.01409417900004
              ],
              [
                123.6269108240001,
                13.013766307000026
              ],
              [
                123.62708271300005,
                13.013628241000049
              ],
              [
                123.6272661270001,
                13.013560765000022
              ],
              [
                123.62742743600006,
                13.013422984000044
              ],
              [
                123.62750017100007,
                13.013277767000034
              ],
              [
                123.62757177000003,
                13.013050874000044
              ],
              [
                123.62766601800001,
                13.012912769000025
              ],
              [
                123.62783599400007,
                13.012786294000023
              ],
              [
                123.62792148500012,
                13.012786143000028
              ],
              [
                123.62801120300003,
                13.012776089000056
              ],
              [
                123.62807358100008,
                13.012665973000026
              ],
              [
                123.62803417400005,
                13.012597226000025
              ],
              [
                123.62796111600005,
                13.012579022000068
              ],
              [
                123.627842299,
                13.012603840000054
              ],
              [
                123.627673232,
                13.012676322000061
              ],
              [
                123.62762025300003,
                13.012683923000054
              ],
              [
                123.6275697960001,
                13.012613848000058
              ],
              [
                123.6275833840001,
                13.012509640000076
              ],
              [
                123.62764075300004,
                13.01240284000005
              ],
              [
                123.62774716900003,
                13.012362042000063
              ],
              [
                123.62790909900002,
                13.012320103000036
              ],
              [
                123.62805711700003,
                13.012322863000065
              ],
              [
                123.62824274400009,
                13.01239371500003
              ],
              [
                123.62844416400003,
                13.012440748000074
              ],
              [
                123.62850021300005,
                13.012419172000023
              ],
              [
                123.62853865800002,
                13.01235749500006
              ],
              [
                123.62858149400006,
                13.012243739000041
              ],
              [
                123.62864102900005,
                13.012073029000021
              ],
              [
                123.6286731560001,
                13.01194097900003
              ],
              [
                123.628677605,
                13.01184335000005
              ],
              [
                123.62863826800003,
                13.011800661000052
              ],
              [
                123.62857706900002,
                13.011793840000053
              ],
              [
                123.62843794000003,
                13.011839879000036
              ],
              [
                123.62832111000012,
                13.011861895000038
              ],
              [
                123.6282020640001,
                13.011850619000029
              ],
              [
                123.62815754000007,
                13.011758267000062
              ],
              [
                123.62823342500008,
                13.01154159300006
              ],
              [
                123.62823230700008,
                13.011346385000024
              ],
              [
                123.62822215500012,
                13.011134153000057
              ],
              [
                123.62822083100002,
                13.01092390100007
              ],
              [
                123.62823462400002,
                13.010739553000064
              ],
              [
                123.6283013100001,
                13.010503480000068
              ],
              [
                123.62837136900009,
                13.010327679000056
              ],
              [
                123.62840243000005,
                13.010109658000033
              ],
              [
                123.6283697130001,
                13.009966331000044
              ],
              [
                123.62828757000011,
                13.009893435000038
              ],
              [
                123.62816952800006,
                13.009858903000065
              ],
              [
                123.62805808600001,
                13.009849840000072
              ],
              [
                123.62794328400003,
                13.009837594000032
              ],
              [
                123.627844879,
                13.00984442400005
              ],
              [
                123.62778277100006,
                13.009895795000034
              ],
              [
                123.62780004700005,
                13.010007342000051
              ],
              [
                123.62785625800007,
                13.010077181000042
              ],
              [
                123.62792525700002,
                13.010111899000037
              ],
              [
                123.62795229400001,
                13.010232647000066
              ],
              [
                123.62791717300001,
                13.010350318000064
              ],
              [
                123.62781350500006,
                13.010466935000068
              ],
              [
                123.62771352400011,
                13.010553469000058
              ],
              [
                123.62762666900005,
                13.010590859000047
              ],
              [
                123.62754589600002,
                13.010581020000075
              ],
              [
                123.62745857000004,
                13.010520502000077
              ],
              [
                123.62737492100007,
                13.010450376000051
              ],
              [
                123.62727864300007,
                13.010358234000023
              ],
              [
                123.62722413900008,
                13.01024428900007
              ],
              [
                123.6271793410001,
                13.010155824000037
              ],
              [
                123.627201549,
                13.010032714000033
              ],
              [
                123.62725769700012,
                13.009919123000032
              ],
              [
                123.62738747500009,
                13.009877736000021
              ],
              [
                123.6275308910001,
                13.009804273000043
              ],
              [
                123.62757535300011,
                13.009705500000052
              ],
              [
                123.62753971500001,
                13.009624039000073
              ],
              [
                123.627497865,
                13.009572926000033
              ],
              [
                123.62737319300004,
                13.009543690000044
              ],
              [
                123.62729353600002,
                13.009498992000033
              ],
              [
                123.62730575700004,
                13.009378876000028
              ],
              [
                123.6274331410001,
                13.009223667000072
              ],
              [
                123.62766381900008,
                13.009045158000049
              ],
              [
                123.62802198100007,
                13.008919486000025
              ],
              [
                123.62825346600005,
                13.008832692000055
              ],
              [
                123.62854684900003,
                13.008803064000062
              ],
              [
                123.62892188400008,
                13.008814097000027
              ],
              [
                123.62924520800004,
                13.008891650000066
              ],
              [
                123.62958544900005,
                13.009052487000076
              ],
              [
                123.629885209,
                13.00919749700006
              ],
              [
                123.63028297800008,
                13.00934121000006
              ],
              [
                123.63059209800008,
                13.009489099000064
              ],
              [
                123.63084593600001,
                13.009548536000068
              ],
              [
                123.63107838400003,
                13.009506805000058
              ],
              [
                123.63112971800001,
                13.009476463000055
              ],
              [
                123.63119015200004,
                13.00942937700006
              ],
              [
                123.63116441900002,
                13.00923139400004
              ],
              [
                123.63093438700002,
                13.008924783000055
              ],
              [
                123.6307997240001,
                13.008661421000056
              ],
              [
                123.63057354600005,
                13.00836227600007
              ],
              [
                123.6303788130001,
                13.008054135000066
              ],
              [
                123.63031373000001,
                13.007815872000037
              ],
              [
                123.6302187550001,
                13.007656573000077
              ],
              [
                123.63005334900004,
                13.007549020000056
              ],
              [
                123.62978399500003,
                13.007477693000055
              ],
              [
                123.62961077200009,
                13.007457259000034
              ],
              [
                123.62940559000003,
                13.007410372000038
              ],
              [
                123.6292059540001,
                13.007336341000041
              ],
              [
                123.62911046700003,
                13.007282718000056
              ],
              [
                123.62903016100006,
                13.00721498200005
              ],
              [
                123.62899205400004,
                13.007118173000038
              ],
              [
                123.62897899400002,
                13.006996220000076
              ],
              [
                123.6289780300001,
                13.006836362000058
              ],
              [
                123.6289441350001,
                13.006709705000048
              ],
              [
                123.6288983070001,
                13.006552954000028
              ],
              [
                123.62886943900003,
                13.00645725000004
              ],
              [
                123.62883613600002,
                13.006387663000055
              ],
              [
                123.62879589200008,
                13.006320763000076
              ],
              [
                123.62876043800009,
                13.00623997300005
              ],
              [
                123.62877438600003,
                13.00615348100007
              ],
              [
                123.6288687230001,
                13.00606967300007
              ],
              [
                123.62903013500011,
                13.005857118000051
              ],
              [
                123.62919006700008,
                13.005661897000039
              ],
              [
                123.62936755400005,
                13.005449816000066
              ],
              [
                123.6295448410001,
                13.005214541000043
              ],
              [
                123.62973534000002,
                13.004992729000037
              ],
              [
                123.6298897910001,
                13.004858521000074
              ],
              [
                123.62993308400007,
                13.004749915000048
              ],
              [
                123.62990848800007,
                13.004608467000025
              ],
              [
                123.62985938400004,
                13.00439605300005
              ],
              [
                123.62980784400008,
                13.004233112000065
              ],
              [
                123.62975892000009,
                13.00411732200007
              ],
              [
                123.62972455400006,
                13.00401563400004
              ],
              [
                123.62971907600001,
                13.003878433000068
              ],
              [
                123.62969656300004,
                13.003724601000044
              ],
              [
                123.62965700900008,
                13.003556760000038
              ],
              [
                123.62967311500006,
                13.003280433000043
              ],
              [
                123.62966492200007,
                13.003112983000051
              ],
              [
                123.62966838000011,
                13.002961864000042
              ],
              [
                123.6296503430001,
                13.002819844000044
              ],
              [
                123.62960117900002,
                13.002656857000034
              ],
              [
                123.62953411100011,
                13.002464675000056
              ],
              [
                123.62944528300011,
                13.002292831000034
              ],
              [
                123.62937582900008,
                13.002154475000054
              ],
              [
                123.62929175800002,
                13.001963121000074
              ],
              [
                123.62921308900002,
                13.001783792000026
              ],
              [
                123.62913218400001,
                13.001559608000036
              ],
              [
                123.62907690500003,
                13.001356429000055
              ],
              [
                123.62902785200004,
                13.00117756000003
              ],
              [
                123.62901965800006,
                13.00099533100007
              ],
              [
                123.62903952200008,
                13.000855927000032
              ],
              [
                123.62908937100008,
                13.000707082000076
              ],
              [
                123.6291787240001,
                13.000585757000067
              ],
              [
                123.62924595800007,
                13.000490414000069
              ],
              [
                123.62926364500004,
                13.000420432000055
              ],
              [
                123.62923854600001,
                13.00036196600007
              ],
              [
                123.62917350200007,
                13.000280141000076
              ],
              [
                123.62910831600004,
                13.000177824000048
              ],
              [
                123.6290203000001,
                13.000057815000048
              ],
              [
                123.62895947800007,
                12.999978620000036
              ],
              [
                123.62885279600005,
                12.999856586000021
              ],
              [
                123.6287284550001,
                12.999779456000056
              ],
              [
                123.62855624200006,
                12.999666370000057
              ],
              [
                123.62840324100011,
                12.999527530000023
              ],
              [
                123.6282942580001,
                12.999428054000077
              ],
              [
                123.62819356200009,
                12.999358683000025
              ],
              [
                123.62805841700003,
                12.999267609000071
              ],
              [
                123.62796318900007,
                12.99919150900007
              ],
              [
                123.6278698540001,
                12.999121579000075
              ],
              [
                123.6278595120001,
                12.999038296000037
              ],
              [
                123.62791369600006,
                12.998978995000073
              ],
              [
                123.6280060570001,
                12.998936397000023
              ],
              [
                123.62813058200004,
                12.998917142000039
              ],
              [
                123.62830772300003,
                12.998937698000077
              ],
              [
                123.62846806700009,
                12.998956915000065
              ],
              [
                123.62862820300006,
                12.998960087000057
              ],
              [
                123.62872308400006,
                12.998962413000072
              ],
              [
                123.62883285300006,
                12.99895431400006
              ],
              [
                123.62895591200004,
                12.998932893000074
              ],
              [
                123.62910429200008,
                12.99888339000006
              ],
              [
                123.62920696200001,
                12.998817989000031
              ],
              [
                123.62924360300008,
                12.998736584000028
              ],
              [
                123.62925510800005,
                12.998623058000021
              ],
              [
                123.6292538240001,
                12.998486673000059
              ],
              [
                123.62928256900011,
                12.99837474800006
              ],
              [
                123.62933430100009,
                12.998286514000029
              ],
              [
                123.62939124500008,
                12.998226552000062
              ],
              [
                123.6294125070001,
                12.998158041000067
              ],
              [
                123.62939810600005,
                12.998068670000066
              ],
              [
                123.62943633300006,
                12.997947894000049
              ],
              [
                123.62947956300002,
                12.997789012000055
              ],
              [
                123.62952413500011,
                12.997636143000022
              ],
              [
                123.62953219400003,
                12.997580826000046
              ],
              [
                123.62953718100005,
                12.997503935000054
              ],
              [
                123.629457838,
                12.997371226000041
              ],
              [
                123.62938849500006,
                12.997223664000046
              ],
              [
                123.62934089400005,
                12.99713829600006
              ],
              [
                123.62931515100001,
                12.997046425000065
              ],
              [
                123.62931325200009,
                12.996955924000076
              ],
              [
                123.6293416530001,
                12.996840261000045
              ],
              [
                123.62945365300004,
                12.996647064000058
              ],
              [
                123.62955689500006,
                12.996390166000026
              ],
              [
                123.62961679500006,
                12.996229339000024
              ],
              [
                123.62965834700003,
                12.996101319000047
              ],
              [
                123.629660252,
                12.99596983500004
              ],
              [
                123.62964133300011,
                12.995846862000064
              ],
              [
                123.62954153800001,
                12.995594081000036
              ],
              [
                123.6294972070001,
                12.995514645000071
              ],
              [
                123.62946076000003,
                12.995439776000069
              ],
              [
                123.6294362860001,
                12.995390831000066
              ],
              [
                123.62945087300011,
                12.99532890300003
              ],
              [
                123.62954167900011,
                12.995220510000024
              ],
              [
                123.62966787200003,
                12.995122772000059
              ],
              [
                123.62994114600008,
                12.994927835000055
              ],
              [
                123.630045386,
                12.994890568000073
              ],
              [
                123.6301373770001,
                12.994840017000058
              ],
              [
                123.63015797500009,
                12.994758129000047
              ],
              [
                123.63011396500008,
                12.99463208000003
              ],
              [
                123.63013806900005,
                12.994538186000057
              ],
              [
                123.63021498600006,
                12.99450678200003
              ],
              [
                123.63034084300011,
                12.994539427000063
              ],
              [
                123.6305194140001,
                12.994557057000065
              ],
              [
                123.6307101210001,
                12.994542937000062
              ],
              [
                123.63091075700004,
                12.994524238000054
              ],
              [
                123.63104931600003,
                12.994498101000033
              ],
              [
                123.631154304,
                12.994445039000027
              ],
              [
                123.63125142700005,
                12.994383132000053
              ],
              [
                123.6313774680001,
                12.994325727000046
              ],
              [
                123.63165334200005,
                12.994249714000034
              ],
              [
                123.63181754700008,
                12.994218985000032
              ],
              [
                123.63199348000012,
                12.994209535000039
              ],
              [
                123.63213255800008,
                12.994222500000035
              ],
              [
                123.63225652100004,
                12.994247353000048
              ],
              [
                123.63234044900003,
                12.99431413900004
              ],
              [
                123.63242875700007,
                12.994392696000034
              ],
              [
                123.63253873200006,
                12.994398163000028
              ],
              [
                123.63263325700007,
                12.994342679000056
              ],
              [
                123.63271599400002,
                12.994216126000026
              ],
              [
                123.6329702380001,
                12.99381592800006
              ],
              [
                123.63319623200005,
                12.993542852000076
              ],
              [
                123.6332527300001,
                12.993429855000045
              ],
              [
                123.6332621460001,
                12.993241526000077
              ],
              [
                123.63321035600006,
                12.993147362000059
              ],
              [
                123.6331020670001,
                12.993100280000021
              ],
              [
                123.6329608210001,
                12.99300611600006
              ],
              [
                123.63291373900006,
                12.992935493000061
              ],
              [
                123.63289961400005,
                12.992784830000062
              ],
              [
                123.63289490600005,
                12.992605918000038
              ],
              [
                123.63295611300009,
                12.992351675000066
              ],
              [
                123.632998487,
                12.992201012000066
              ],
              [
                123.63301261100003,
                12.99191852000007
              ],
              [
                123.63301261100003,
                12.991725483000039
              ],
              [
                123.63299377900012,
                12.991377076000049
              ],
              [
                123.6329608210001,
                12.991212289000032
              ],
              [
                123.632847824,
                12.991019252000058
              ],
              [
                123.63265949600009,
                12.990859173000047
              ],
              [
                123.63250883300009,
                12.990717927000048
              ],
              [
                123.63239583600011,
                12.990600222000069
              ],
              [
                123.63235503200008,
                12.990474669000037
              ],
              [
                123.63234247600008,
                12.990383644000076
              ],
              [
                123.63229853300004,
                12.990204732000052
              ],
              [
                123.63230167200004,
                12.990028959000028
              ],
              [
                123.63227028400001,
                12.989947350000023
              ],
              [
                123.63214473200003,
                12.989868880000074
              ],
              [
                123.6319281540001,
                12.989828076000038
              ],
              [
                123.6317869080001,
                12.989787271000068
              ],
              [
                123.631664494,
                12.98968369000005
              ],
              [
                123.63142908400005,
                12.989526750000039
              ],
              [
                123.63118425700009,
                12.989445141000033
              ],
              [
                123.63111834200004,
                12.989347838000072
              ],
              [
                123.63109637100001,
                12.989106150000055
              ],
              [
                123.63114345300005,
                12.988886434000051
              ],
              [
                123.63127528300004,
                12.988732632000051
              ],
              [
                123.63142280600005,
                12.988581970000041
              ],
              [
                123.631673911,
                12.988352837000036
              ],
              [
                123.6317963240001,
                12.988249256000074
              ],
              [
                123.63186223900004,
                12.988111149000076
              ],
              [
                123.6319312930001,
                12.987976180000032
              ],
              [
                123.63211020500012,
                12.987712521000049
              ],
              [
                123.63233306000006,
                12.987477110000043
              ],
              [
                123.63247116700006,
                12.987339003000045
              ],
              [
                123.63261555300005,
                12.987178924000034
              ],
              [
                123.6326689120001,
                12.987094176000028
              ],
              [
                123.63274110500004,
                12.986962346000041
              ],
              [
                123.63271599400002,
                12.986858766000068
              ],
              [
                123.63260613600005,
                12.986767740000062
              ],
              [
                123.63243036300003,
                12.986645327000076
              ],
              [
                123.63228911700003,
                12.986569995000025
              ],
              [
                123.63216984200005,
                12.986504081000021
              ],
              [
                123.63196268100012,
                12.986469554000053
              ],
              [
                123.63170216000003,
                12.98644758200004
              ],
              [
                123.63144477800006,
                12.986497803000077
              ],
              [
                123.63094256900001,
                12.986654743000031
              ],
              [
                123.63070402000005,
                12.986739491000037
              ],
              [
                123.63052196900003,
                12.986698686000068
              ],
              [
                123.63041838900006,
                12.986645327000076
              ],
              [
                123.63022692200002,
                12.986526052000045
              ],
              [
                123.63006998100002,
                12.986441304000039
              ],
              [
                123.62997581700006,
                12.986359696000022
              ],
              [
                123.62983457100006,
                12.98625925400006
              ],
              [
                123.62972471300009,
                12.986152534000041
              ],
              [
                123.62966507500005,
                12.986052093000069
              ],
              [
                123.62955521700007,
                12.985841793000077
              ],
              [
                123.62950185800003,
                12.985706824000033
              ],
              [
                123.62947360800001,
                12.985518496000054
              ],
              [
                123.62937630500005,
                12.985261114000025
              ],
              [
                123.62933864000001,
                12.985072785000057
              ],
              [
                123.62926016900008,
                12.98494723300007
              ],
              [
                123.62919739300003,
                12.98483737500004
              ],
              [
                123.62908125800004,
                12.984805987000072
              ],
              [
                123.6290027870001,
                12.984727517000067
              ],
              [
                123.62901848100012,
                12.984558021000055
              ],
              [
                123.62911892300008,
                12.984350860000063
              ],
              [
                123.62923505900005,
                12.984153115000026
              ],
              [
                123.62938258300005,
                12.983927121000022
              ],
              [
                123.62956463400008,
                12.98351907700004
              ],
              [
                123.62980632200004,
                12.983183224000072
              ],
              [
                123.62990048600011,
                12.983007451000049
              ],
              [
                123.63001034400008,
                12.982759486000077
              ],
              [
                123.630060565,
                12.982618239000033
              ],
              [
                123.63011863500003,
                12.982573073000026
              ],
              [
                123.63019011900008,
                12.982517474000076
              ],
              [
                123.63034652500005,
                12.982343268000022
              ],
              [
                123.63047187300003,
                12.982198636000021
              ],
              [
                123.6305586530001,
                12.981957581000074
              ],
              [
                123.63070328600008,
                12.981706884000062
              ],
              [
                123.6310407630001,
                12.981475472000056
              ],
              [
                123.63143609200006,
                12.981340481000075
              ],
              [
                123.63187963300004,
                12.981301912000049
              ],
              [
                123.63216889900002,
                12.981379050000044
              ],
              [
                123.63253530200006,
                12.981542967000053
              ],
              [
                123.63290170500011,
                12.981533325000044
              ],
              [
                123.63332596100008,
                12.981533325000044
              ],
              [
                123.63362486900007,
                12.981542967000053
              ],
              [
                123.63405876700006,
                12.981677957000045
              ],
              [
                123.63439624400007,
                12.981880443000023
              ],
              [
                123.63440588600008,
                12.982092572000056
              ],
              [
                123.63426125300009,
                12.982372195000039
              ],
              [
                123.63423232700006,
                12.98267110300003
              ],
              [
                123.63427089600009,
                12.982989295000039
              ],
              [
                123.63446373900001,
                12.98309535900006
              ],
              [
                123.63463729900002,
                12.983056790000035
              ],
              [
                123.63488799600009,
                12.982902515000035
              ],
              [
                123.63515797700006,
                12.982603608000034
              ],
              [
                123.635399032,
                12.982275773000026
              ],
              [
                123.63564972800009,
                12.982005792000052
              ],
              [
                123.6359872050001,
                12.981774379000058
              ],
              [
                123.63626682800009,
                12.981658673000027
              ],
              [
                123.63665251600003,
                12.981658673000027
              ],
              [
                123.63681643300004,
                12.98175509500004
              ],
              [
                123.63683571800004,
                12.981919012000048
              ],
              [
                123.63677786400001,
                12.98206364500004
              ],
              [
                123.63668144300004,
                12.98221792000004
              ],
              [
                123.636633232,
                12.982468617000052
              ],
              [
                123.63667180000004,
                12.982565039000065
              ],
              [
                123.63686464400007,
                12.982700029000057
              ],
              [
                123.63714426800004,
                12.982912158000033
              ],
              [
                123.63751067100009,
                12.983114643000022
              ],
              [
                123.6376842300001,
                12.98310500100007
              ],
              [
                123.63775172500004,
                12.982844662000048
              ],
              [
                123.63776136800004,
                12.982536112000048
              ],
              [
                123.63776136800004,
                12.982237204000057
              ],
              [
                123.63778065200006,
                12.981764737000049
              ],
              [
                123.6376745880001,
                12.981504398000027
              ],
              [
                123.63743353300003,
                12.981340481000075
              ],
              [
                123.63717319400007,
                12.981128353000031
              ],
              [
                123.63688392900008,
                12.980935509000062
              ],
              [
                123.63665251600003,
                12.980877656000075
              ],
              [
                123.63641146100008,
                12.980733023000028
              ],
              [
                123.636324682,
                12.980588390000037
              ],
              [
                123.63634396600003,
                12.980472684000063
              ],
              [
                123.63646931400001,
                12.980424473000028
              ],
              [
                123.63682607500004,
                12.980491968000024
              ],
              [
                123.6370671300001,
                12.980578748000028
              ],
              [
                123.637240689,
                12.980694454000059
              ],
              [
                123.63741424900002,
                12.980858371000068
              ],
              [
                123.63760709300004,
                12.980954793000024
              ],
              [
                123.63775172500004,
                12.980906582000046
              ],
              [
                123.63785779000011,
                12.980733023000028
              ],
              [
                123.6381374130001,
                12.980463042000054
              ],
              [
                123.6384459630001,
                12.980318409000063
              ],
              [
                123.63868701800004,
                12.98036662000004
              ],
              [
                123.6389184300001,
                12.980443757000046
              ],
              [
                123.63929447600003,
                12.98052089500004
              ],
              [
                123.63965123600008,
                12.980540179000059
              ],
              [
                123.63976694300004,
                12.980405189000066
              ],
              [
                123.64006585100003,
                12.980106281000076
              ],
              [
                123.64021048300003,
                12.979682025000045
              ],
              [
                123.64021048300003,
                12.979479539000067
              ],
              [
                123.64033583200012,
                12.979325264000067
              ],
              [
                123.64052867600003,
                12.979325264000067
              ],
              [
                123.6407697300001,
                12.979363832000047
              ],
              [
                123.64101078500005,
                12.97945061200005
              ],
              [
                123.64121327100008,
                12.979469896000069
              ],
              [
                123.64140611500011,
                12.979421685000034
              ],
              [
                123.64179180200006,
                12.97929633700005
              ],
              [
                123.6420039300001,
                12.979412043000025
              ],
              [
                123.64219677400001,
                12.979547034000063
              ],
              [
                123.64233176500011,
                12.979556676000072
              ],
              [
                123.64248604000011,
                12.979412043000025
              ],
              [
                123.64273673700006,
                12.979103493000025
              ],
              [
                123.64298743400002,
                12.978785301000073
              ],
              [
                123.64302600200006,
                12.97841889800003
              ],
              [
                123.64294886500011,
                12.97823569600007
              ],
              [
                123.64301636000005,
                12.977994642000056
              ],
              [
                123.64331526800004,
                12.977975357000048
              ],
              [
                123.64350811200006,
                12.977975357000048
              ],
              [
                123.64372988200012,
                12.977811440000039
              ],
              [
                123.64361417600003,
                12.977628238000023
              ],
              [
                123.64319956200006,
                12.977319688000023
              ],
              [
                123.64285244300004,
                12.976683304000062
              ],
              [
                123.64264995700012,
                12.976287974000059
              ],
              [
                123.64261138800009,
                12.976056562000053
              ],
              [
                123.64265959900001,
                12.975834792000057
              ],
              [
                123.64298743400002,
                12.975873360000037
              ],
              [
                123.6430838550001,
                12.976075846000072
              ],
              [
                123.64330562600003,
                12.976239763000024
              ],
              [
                123.64342133200012,
                12.976307259000066
              ],
              [
                123.6435563230001,
                12.976230121000071
              ],
              [
                123.64345990100003,
                12.975863718000028
              ],
              [
                123.64331526800004,
                12.975449104000063
              ],
              [
                123.64321884600008,
                12.975101985000038
              ],
              [
                123.64347918500005,
                12.974619876000077
              ],
              [
                123.64343097400001,
                12.974475243000029
              ],
              [
                123.64341169000011,
                12.974195620000046
              ],
              [
                123.64359489100002,
                12.974060629000064
              ],
              [
                123.64392272600003,
                12.973915996000073
              ],
              [
                123.64442412000005,
                12.97366529900006
              ],
              [
                123.64486766000005,
                12.973433887000056
              ],
              [
                123.64504122000005,
                12.973144621000074
              ],
              [
                123.64527263200011,
                12.972990346000074
              ],
              [
                123.64543654900001,
                12.972845713000027
              ],
              [
                123.64547511800004,
                12.972730007000052
              ],
              [
                123.6454076230001,
                12.972662512000056
              ],
              [
                123.64530155900002,
                12.972566090000043
              ],
              [
                123.64535941200006,
                12.972431099000062
              ],
              [
                123.64559082400001,
                12.972382888000027
              ],
              [
                123.64585116300009,
                12.97231539300003
              ],
              [
                123.64616935600009,
                12.972209329000066
              ],
              [
                123.64626577700005,
                12.971929705000036
              ],
              [
                123.64613078700006,
                12.971669366000071
              ],
              [
                123.64569688800009,
                12.971370458000024
              ],
              [
                123.64538833800009,
                12.971216183000024
              ],
              [
                123.64502193500005,
                12.971090835000041
              ],
              [
                123.64454946800004,
                12.971081193000032
              ],
              [
                123.64369131300009,
                12.971351174000063
              ],
              [
                123.64331526800004,
                12.971466880000037
              ],
              [
                123.64291993800009,
                12.971544018000031
              ],
              [
                123.6427753050001,
                12.971486165000044
              ],
              [
                123.64271745200006,
                12.971370458000024
              ],
              [
                123.64273673700006,
                12.971167972000046
              ],
              [
                123.64284280100003,
                12.971081193000032
              ],
              [
                123.64304528700006,
                12.970936560000041
              ],
              [
                123.64315135100003,
                12.97080156900006
              ],
              [
                123.64307421300009,
                12.970570157000054
              ],
              [
                123.6429392230001,
                12.970348387000058
              ],
              [
                123.64266924100002,
                12.970088047000047
              ],
              [
                123.64237997600003,
                12.969991626000024
              ],
              [
                123.64210035200006,
                12.969904846000077
              ],
              [
                123.64192679300004,
                12.969779497000047
              ],
              [
                123.64177251800004,
                12.969538443000033
              ],
              [
                123.6415507480001,
                12.969200966000074
              ],
              [
                123.64140611500011,
                12.968940627000052
              ],
              [
                123.64120362900007,
                12.96883456300003
              ],
              [
                123.64074080400007,
                12.968612793000034
              ],
              [
                123.64056724400007,
                12.968477802000052
              ],
              [
                123.64049010700012,
                12.968284958000027
              ],
              [
                123.64053831800004,
                12.968140325000036
              ],
              [
                123.64085651000005,
                12.967986050000036
              ],
              [
                123.64102042700006,
                12.967851060000044
              ],
              [
                123.64112649100002,
                12.967658216000075
              ],
              [
                123.64113613300003,
                12.967494299000066
              ],
              [
                123.64100114300004,
                12.967378593000035
              ],
              [
                123.64078901500011,
                12.967388235000044
              ],
              [
                123.64053831800004,
                12.967561794000062
              ],
              [
                123.64036475800003,
                12.967677500000036
              ],
              [
                123.64024905200006,
                12.967552152000053
              ],
              [
                123.64028762100008,
                12.96731109700005
              ],
              [
                123.64044189600008,
                12.967079685000044
              ],
              [
                123.64056724400007,
                12.966857914000059
              ],
              [
                123.64051903300003,
                12.966607218000036
              ],
              [
                123.64036475800003,
                12.966433658000028
              ],
              [
                123.64019119900001,
                12.966269741000076
              ],
              [
                123.6398440800001,
                12.966115466000076
              ],
              [
                123.639564457,
                12.966019044000063
              ],
              [
                123.6393812550001,
                12.965951549000067
              ],
              [
                123.6393812550001,
                12.965806916000076
              ],
              [
                123.63958374100002,
                12.965739421000023
              ],
              [
                123.63992121800004,
                12.965720136000073
              ],
              [
                123.64012370400008,
                12.965662283000029
              ],
              [
                123.6401526300001,
                12.965344091000077
              ],
              [
                123.63990193300003,
                12.965170532000059
              ],
              [
                123.639718732,
                12.965180174000068
              ],
              [
                123.63954517200011,
                12.965218742000047
              ],
              [
                123.63927519100002,
                12.965266953000025
              ],
              [
                123.63903413600008,
                12.965266953000025
              ],
              [
                123.63880272400002,
                12.965257311000073
              ],
              [
                123.63869666000005,
                12.965151247000051
              ],
              [
                123.6387641550001,
                12.964919835000046
              ],
              [
                123.63881236600002,
                12.964620927000055
              ],
              [
                123.63892807200011,
                12.964206313000034
              ],
              [
                123.63909199000011,
                12.963425295000036
              ],
              [
                123.63923662200011,
                12.963029966000022
              ],
              [
                123.63949696100008,
                12.962634636000075
              ],
              [
                123.63979586900007,
                12.962335728000028
              ],
              [
                123.63991157600003,
                12.962152527000057
              ],
              [
                123.63993086000005,
                12.961950041000023
              ],
              [
                123.63992121800004,
                12.961660775000041
              ],
              [
                123.64001764000011,
                12.961332941000023
              ],
              [
                123.64040332700006,
                12.961072602000058
              ],
              [
                123.64078901500011,
                12.960773694000068
              ],
              [
                123.64109756500011,
                12.960494070000038
              ],
              [
                123.6413964730001,
                12.960310869000068
              ],
              [
                123.64152182100008,
                12.96014695200006
              ],
              [
                123.64150253700006,
                12.959925181000074
              ],
              [
                123.64129040800003,
                12.959828759000061
              ],
              [
                123.64087579400007,
                12.959828759000061
              ],
              [
                123.64083722600003,
                12.959635916000025
              ],
              [
                123.64101078500005,
                12.959279155000047
              ],
              [
                123.64102042700006,
                12.958980247000056
              ],
              [
                123.64102042700006,
                12.958681339000066
              ],
              [
                123.64086615200006,
                12.958440284000062
              ],
              [
                123.64075044600008,
                12.958276367000053
              ],
              [
                123.64068295100003,
                12.957948533000035
              ],
              [
                123.64067330800003,
                12.95768819400007
              ],
              [
                123.64062509700011,
                12.95742785400006
              ],
              [
                123.64031654700011,
                12.95727357900006
              ],
              [
                123.6399983550001,
                12.957196442000054
              ],
              [
                123.63977658500005,
                12.957302506000076
              ],
              [
                123.63963195200006,
                12.957611056000076
              ],
              [
                123.63939089700011,
                12.95772676200005
              ],
              [
                123.63915948500005,
                12.957630340000037
              ],
              [
                123.63900521000005,
                12.957398928000032
              ],
              [
                123.63888950400008,
                12.95722536900007
              ],
              [
                123.63865809100002,
                12.95726393700005
              ],
              [
                123.63843632100009,
                12.957437497000058
              ],
              [
                123.63825311900007,
                12.957408570000041
              ],
              [
                123.63823383500005,
                12.957196442000054
              ],
              [
                123.63839775200006,
                12.956714333000036
              ],
              [
                123.63847489000011,
                12.956367214000068
              ],
              [
                123.63853274300004,
                12.956145443000025
              ],
              [
                123.63849417400002,
                12.955682618000026
              ],
              [
                123.63853274300004,
                12.955190867000056
              ],
              [
                123.63856166900007,
                12.95481482200006
              ],
              [
                123.63849417400002,
                12.954650904000061
              ],
              [
                123.63804099100003,
                12.954766611000025
              ],
              [
                123.63792528500005,
                12.955210151000074
              ],
              [
                123.63779993600008,
                12.955509059000065
              ],
              [
                123.63769387200011,
                12.955701903000033
              ],
              [
                123.63749138600008,
                12.955624765000039
              ],
              [
                123.63744317500004,
                12.955393353000034
              ],
              [
                123.63743353300003,
                12.955142656000021
              ],
              [
                123.63744317500004,
                12.954824464000069
              ],
              [
                123.63751067100009,
                12.95450627200006
              ],
              [
                123.63756852400002,
                12.954149511000026
              ],
              [
                123.63775172500004,
                12.953763823000031
              ],
              [
                123.637906,
                12.953513126000075
              ],
              [
                123.6381374130001,
                12.953513126000075
              ],
              [
                123.63833308900007,
                12.953689083000029
              ],
              [
                123.63849952200007,
                12.953840127000035
              ],
              [
                123.63859569800002,
                12.95391169900006
              ],
              [
                123.63868362500011,
                12.953926876000025
              ],
              [
                123.63879906600005,
                12.953858358000048
              ],
              [
                123.63893652100012,
                12.953856193000036
              ],
              [
                123.63905213500004,
                12.953900700000077
              ],
              [
                123.63909427600004,
                12.95398416100005
              ],
              [
                123.63908280100009,
                12.95408132800003
              ],
              [
                123.63905360000001,
                12.954215482000052
              ],
              [
                123.63899650400003,
                12.95434201300003
              ],
              [
                123.63898106500005,
                12.954445097000075
              ],
              [
                123.63900323300004,
                12.954516900000044
              ],
              [
                123.63908093200007,
                12.954534017000071
              ],
              [
                123.63917614200011,
                12.954496648000031
              ],
              [
                123.6392355370001,
                12.954459478000047
              ],
              [
                123.63931640200008,
                12.954354315000046
              ],
              [
                123.63935129400011,
                12.954181491000043
              ],
              [
                123.63935309900012,
                12.954035732000023
              ],
              [
                123.63939687800007,
                12.953887595000026
              ],
              [
                123.63965941100003,
                12.953730126000039
              ],
              [
                123.63990960100011,
                12.953661329000056
              ],
              [
                123.640102769,
                12.953622107000058
              ],
              [
                123.64022322400001,
                12.95362202900003
              ],
              [
                123.64030105000006,
                12.953601196000022
              ],
              [
                123.64036471100007,
                12.953563458000076
              ],
              [
                123.64039839700001,
                12.953499098000066
              ],
              [
                123.64043192100007,
                12.953397033000044
              ],
              [
                123.64044855800012,
                12.95326835800006
              ],
              [
                123.64051105100009,
                12.953166693000071
              ],
              [
                123.6406142400001,
                12.953101128000071
              ],
              [
                123.64067173500007,
                12.95303860200005
              ],
              [
                123.64069884500009,
                12.952938603000064
              ],
              [
                123.64070268700004,
                12.952798696000059
              ],
              [
                123.640693757,
                12.952623346000053
              ],
              [
                123.64070243600008,
                12.952475005000053
              ],
              [
                123.64075044600008,
                12.952307853000036
              ],
              [
                123.64082249400008,
                12.951892675000067
              ],
              [
                123.64085651000005,
                12.951748606000024
              ],
              [
                123.64092025600007,
                12.951685396000073
              ],
              [
                123.64100114300004,
                12.951681110000038
              ],
              [
                123.64107024500004,
                12.951869669000075
              ],
              [
                123.64107024500004,
                12.951972519000037
              ],
              [
                123.64112167000008,
                12.952092510000057
              ],
              [
                123.6412073780001,
                12.952143935000038
              ],
              [
                123.64134451200005,
                12.952148221000073
              ],
              [
                123.64149450100001,
                12.952088225000068
              ],
              [
                123.64153307000004,
                12.951959663000025
              ],
              [
                123.64148593100003,
                12.951702537000074
              ],
              [
                123.64136593900002,
                12.95141970000003
              ],
              [
                123.64133165600003,
                12.951273996000054
              ],
              [
                123.6412545180001,
                12.95104258300006
              ],
              [
                123.6412096580001,
                12.950929116000054
              ],
              [
                123.64114803500001,
                12.95079520400003
              ],
              [
                123.6410906110001,
                12.950650206000034
              ],
              [
                123.64101024900003,
                12.950481194000076
              ],
              [
                123.64076598100007,
                12.950005512000075
              ],
              [
                123.64062027600005,
                12.949855523000053
              ],
              [
                123.64057313700005,
                12.949731246000056
              ],
              [
                123.64057313700005,
                12.949602683000023
              ],
              [
                123.64065456000003,
                12.949534117000042
              ],
              [
                123.6407916930001,
                12.949555544000077
              ],
              [
                123.64092025600007,
                12.94967553500004
              ],
              [
                123.64101024900003,
                12.949761244000058
              ],
              [
                123.64105738900003,
                12.949825525000051
              ],
              [
                123.64111738500003,
                12.94979124200006
              ],
              [
                123.64121166400002,
                12.94965839400004
              ],
              [
                123.64129737200005,
                12.949542687000076
              ],
              [
                123.64139593700008,
                12.949371271000075
              ],
              [
                123.64152021400002,
                12.949216996000075
              ],
              [
                123.64157163900006,
                12.949127002000068
              ],
              [
                123.6415630680001,
                12.949011296000037
              ],
              [
                123.64143022000007,
                12.94892130200003
              ],
              [
                123.64124594700002,
                12.948848450000071
              ],
              [
                123.64095025300003,
                12.94874988500004
              ],
              [
                123.64053028300009,
                12.948565612000039
              ],
              [
                123.64017887800003,
                12.94840705200005
              ],
              [
                123.64004174500008,
                12.948295631000065
              ],
              [
                123.6399860350001,
                12.948184210000022
              ],
              [
                123.63995603700005,
                12.948042791000034
              ],
              [
                123.63996032200009,
                12.947897087000058
              ],
              [
                123.63991318300009,
                12.94777281000006
              ],
              [
                123.63972033900006,
                12.94763996200004
              ],
              [
                123.63953606600012,
                12.947472831000027
              ],
              [
                123.63944607200006,
                12.947279987000059
              ],
              [
                123.63938179100012,
                12.946975723000037
              ],
              [
                123.63936464900007,
                12.946744310000042
              ],
              [
                123.63936464900007,
                12.946452902000033
              ],
              [
                123.63946749900003,
                12.94625148700004
              ],
              [
                123.63962606000007,
                12.946131496000021
              ],
              [
                123.63981033300001,
                12.946058643000072
              ],
              [
                123.63992175300007,
                12.946015789000057
              ],
              [
                123.64000317600005,
                12.945934366000074
              ],
              [
                123.64001603300005,
                12.945852943000034
              ],
              [
                123.64001603300005,
                12.945762950000073
              ],
              [
                123.63995175100001,
                12.945651529000031
              ],
              [
                123.63980604700009,
                12.945570106000048
              ],
              [
                123.63961320300007,
                12.945432973000038
              ],
              [
                123.63948464100008,
                12.945308695000051
              ],
              [
                123.63937322000004,
                12.945132993000072
              ],
              [
                123.63925322800003,
                12.944935864000058
              ],
              [
                123.63922751600012,
                12.944798731000049
              ],
              [
                123.63924465800005,
                12.944601602000034
              ],
              [
                123.63930465300007,
                12.94440447200003
              ],
              [
                123.63933036600008,
                12.944203058000028
              ],
              [
                123.63933036600008,
                12.943980216000057
              ],
              [
                123.63928322600009,
                12.943705950000037
              ],
              [
                123.63927894100004,
                12.943534533000047
              ],
              [
                123.6392018030001,
                12.943384543000036
              ],
              [
                123.63914180800009,
                12.943298835000064
              ],
              [
                123.63908181200009,
                12.943157416000076
              ],
              [
                123.638966105,
                12.943123133000029
              ],
              [
                123.63882468700001,
                12.943243125000038
              ],
              [
                123.63868326800002,
                12.943401685000026
              ],
              [
                123.63859756000011,
                12.943397400000038
              ],
              [
                123.63852899300002,
                12.943320262000043
              ],
              [
                123.63851613700001,
                12.943093135000026
              ],
              [
                123.63848185300003,
                12.942926004000071
              ],
              [
                123.63842614300006,
                12.942797441000039
              ],
              [
                123.63826758200003,
                12.942763158000048
              ],
              [
                123.6381090220001,
                12.942896006000069
              ],
              [
                123.63804902600009,
                12.943165987000043
              ],
              [
                123.63796331800006,
                12.94344453900004
              ],
              [
                123.63786475300003,
                12.94354310400007
              ],
              [
                123.637684766,
                12.943590243000074
              ],
              [
                123.63757334500008,
                12.943590243000074
              ],
              [
                123.63746192400004,
                12.943534533000047
              ],
              [
                123.6374447820001,
                12.943384543000036
              ],
              [
                123.63756477400011,
                12.943165987000043
              ],
              [
                123.63771904900011,
                12.942951716000039
              ],
              [
                123.63776190300007,
                12.942818868000074
              ],
              [
                123.63771047800003,
                12.942668879000053
              ],
              [
                123.63751763500011,
                12.942536031000031
              ],
              [
                123.63741049900011,
                12.942420324000068
              ],
              [
                123.63735478900003,
                12.942261764000023
              ],
              [
                123.63732907600001,
                12.942133202000036
              ],
              [
                123.63731193500007,
                12.942017495000073
              ],
              [
                123.63734621800006,
                12.94188893300003
              ],
              [
                123.637530491,
                12.94171751600004
              ],
              [
                123.63785618200006,
                12.94166180600007
              ],
              [
                123.63828043900003,
                12.941627522000033
              ],
              [
                123.63858898900003,
                12.941588954000053
              ],
              [
                123.63873040800001,
                12.941494674000069
              ],
              [
                123.638764691,
                12.941396110000028
              ],
              [
                123.63868326800002,
                12.941276118000076
              ],
              [
                123.6385847030001,
                12.941168983000068
              ],
              [
                123.63850328,
                12.94110041600004
              ],
              [
                123.63835329100004,
                12.941018993000057
              ],
              [
                123.63822472800007,
                12.941010422000033
              ],
              [
                123.63802759900011,
                12.940980424000031
              ],
              [
                123.6379076070001,
                12.940920429000073
              ],
              [
                123.63778333000005,
                12.940830435000066
              ],
              [
                123.63772762000008,
                12.940744726000048
              ],
              [
                123.63775761800002,
                12.940517599000032
              ],
              [
                123.63785189700002,
                12.940307614000062
              ],
              [
                123.63788189500008,
                12.94015762400005
              ],
              [
                123.63783047000004,
                12.939973351000049
              ],
              [
                123.63769762200002,
                12.939793364000025
              ],
              [
                123.63739335700006,
                12.939557666000042
              ],
              [
                123.6370890930001,
                12.93947195800007
              ],
              [
                123.63679339900011,
                12.93936910800005
              ],
              [
                123.6366734070001,
                12.939227689000063
              ],
              [
                123.63640771200005,
                12.93902627400007
              ],
              [
                123.63610773200003,
                12.93885485800007
              ],
              [
                123.63604773700001,
                12.938777720000076
              ],
              [
                123.6361034470001,
                12.938636301000031
              ],
              [
                123.63630057600005,
                12.938490597000055
              ],
              [
                123.63641628200003,
                12.938374891000024
              ],
              [
                123.63644628000009,
                12.93829346800004
              ],
              [
                123.63639914100008,
                12.938229187000047
              ],
              [
                123.63620629700006,
                12.938074912000047
              ],
              [
                123.63603488000001,
                12.937929208000071
              ],
              [
                123.63597059900007,
                12.93784778500003
              ],
              [
                123.63583775100005,
                12.937826358000052
              ],
              [
                123.63575632800007,
                12.937924922000036
              ],
              [
                123.63575632800007,
                12.938147764000064
              ],
              [
                123.63571347400011,
                12.938349178000067
              ],
              [
                123.63561490900008,
                12.93844774300004
              ],
              [
                123.63549491800006,
                12.938439172000074
              ],
              [
                123.63537492600005,
                12.93829346800004
              ],
              [
                123.63532778600006,
                12.938126337000028
              ],
              [
                123.63530207400004,
                12.937886353000067
              ],
              [
                123.63531921600008,
                12.937693510000031
              ],
              [
                123.63544777800007,
                12.93748781000005
              ],
              [
                123.63558491200001,
                12.937449241000024
              ],
              [
                123.63576489900004,
                12.937406387000067
              ],
              [
                123.63589774700006,
                12.937342105000027
              ],
              [
                123.63592774500012,
                12.937260682000044
              ],
              [
                123.63590631800002,
                12.937114978000068
              ],
              [
                123.63574347200006,
                12.936986416000025
              ],
              [
                123.63552920100005,
                12.93687071000005
              ],
              [
                123.63536207000004,
                12.936746432000064
              ],
              [
                123.63535349900008,
                12.936570730000028
              ],
              [
                123.63540920900004,
                12.936347889000047
              ],
              [
                123.63551634500004,
                12.936193614000047
              ],
              [
                123.63565347800011,
                12.935979343000042
              ],
              [
                123.63588060500001,
                12.935872207000045
              ],
              [
                123.63623200900008,
                12.935927918000061
              ],
              [
                123.63639485500005,
                12.936035053000069
              ],
              [
                123.63657055700003,
                12.936052195000059
              ],
              [
                123.63664769500008,
                12.935962201000052
              ],
              [
                123.63665626600005,
                12.935773643000061
              ],
              [
                123.63650627600009,
                12.935636509000062
              ],
              [
                123.63624486600008,
                12.935525089000066
              ],
              [
                123.63609059100008,
                12.935533659000043
              ],
              [
                123.63600488200007,
                12.935520803000031
              ],
              [
                123.63594488700005,
                12.93541795300007
              ],
              [
                123.63602630900004,
                12.93519511200003
              ],
              [
                123.636142016,
                12.934946557000046
              ],
              [
                123.63632628900007,
                12.934745143000043
              ],
              [
                123.63653627400004,
                12.934715145000041
              ],
              [
                123.63668197800007,
                12.934792282000046
              ],
              [
                123.63679768400004,
                12.934890847000077
              ],
              [
                123.63698624300002,
                12.934976555000048
              ],
              [
                123.6371362320001,
                12.935010839000029
              ],
              [
                123.63724765300003,
                12.934976555000048
              ],
              [
                123.637376216,
                12.934843707000027
              ],
              [
                123.6374576390001,
                12.934685147000039
              ],
              [
                123.6374919220001,
                12.93450944500006
              ],
              [
                123.63759048700001,
                12.93433802800007
              ],
              [
                123.63760762800007,
                12.934188039000048
              ],
              [
                123.63735907400007,
                12.934230893000063
              ],
              [
                123.63715766000007,
                12.934273747000077
              ],
              [
                123.63704623900003,
                12.93423946400003
              ],
              [
                123.63695196000003,
                12.93418375300007
              ],
              [
                123.63686625100001,
                12.934123757000066
              ],
              [
                123.63683625300007,
                12.934003766000046
              ],
              [
                123.63685339500012,
                12.933909486000061
              ],
              [
                123.63702481200005,
                12.933772353000052
              ],
              [
                123.637221941,
                12.933673789000068
              ],
              [
                123.63725622400011,
                12.933562368000025
              ],
              [
                123.63725622400011,
                12.93343380500005
              ],
              [
                123.63717908700005,
                12.933305243000063
              ],
              [
                123.63702481200005,
                12.93314239700004
              ],
              [
                123.63692196200009,
                12.933022405000031
              ],
              [
                123.63688767800011,
                12.932902413000022
              ],
              [
                123.63692624700002,
                12.93276528000007
              ],
              [
                123.63705909500004,
                12.932619576000036
              ],
              [
                123.63720908500011,
                12.932486728000072
              ],
              [
                123.63731622000012,
                12.932341024000038
              ],
              [
                123.6373376470001,
                12.93219960500005
              ],
              [
                123.63732479100008,
                12.931985334000046
              ],
              [
                123.63725193900007,
                12.93185677200006
              ],
              [
                123.63709337800003,
                12.931779634000065
              ],
              [
                123.63687910700003,
                12.931612503000053
              ],
              [
                123.63681911200001,
                12.931462513000042
              ],
              [
                123.63699909900004,
                12.93129538200003
              ],
              [
                123.63717051600008,
                12.931218245000025
              ],
              [
                123.63748335100001,
                12.931055399000059
              ],
              [
                123.63768905100005,
                12.930909695000025
              ],
              [
                123.63784332600005,
                12.930823986000064
              ],
              [
                123.63792903500007,
                12.930738278000035
              ],
              [
                123.63793760500005,
                12.930648284000029
              ],
              [
                123.63786475300003,
                12.930558290000022
              ],
              [
                123.63752620500009,
                12.930425443000047
              ],
              [
                123.63726908000001,
                12.930288309000048
              ],
              [
                123.63725622400011,
                12.930194030000052
              ],
              [
                123.63732479100008,
                12.930005472000062
              ],
              [
                123.637530491,
                12.92985548200005
              ],
              [
                123.63785618200006,
                12.92954693200005
              ],
              [
                123.63792474900004,
                12.929474080000034
              ],
              [
                123.63792474900004,
                12.929366945000027
              ],
              [
                123.63786903900007,
                12.92920409900006
              ],
              [
                123.63776190300007,
                12.929071251000039
              ],
              [
                123.63751334900007,
                12.929062680000072
              ],
              [
                123.63730764900004,
                12.929135532000032
              ],
              [
                123.63706338000009,
                12.929165530000034
              ],
              [
                123.63688767800011,
                12.929156959000068
              ],
              [
                123.63671626200005,
                12.929079822000062
              ],
              [
                123.63666483700001,
                12.928972686000066
              ],
              [
                123.63669054900004,
                12.928758415000061
              ],
              [
                123.63688339300006,
                12.928252736000047
              ],
              [
                123.63756477400011,
                12.92706567600004
              ],
              [
                123.63792474900004,
                12.926418578000039
              ],
              [
                123.63818616000003,
                12.926105742000061
              ],
              [
                123.63828472400007,
                12.925921469000059
              ],
              [
                123.638349005,
                12.925750053000058
              ],
              [
                123.63834472000008,
                12.925522926000042
              ],
              [
                123.6382761530001,
                12.925210090000064
              ],
              [
                123.63823329900004,
                12.92499581900006
              ],
              [
                123.63822472800007,
                12.924777263000067
              ],
              [
                123.63829329500004,
                12.92455013600005
              ],
              [
                123.63842614300006,
                12.924348721000058
              ],
              [
                123.6385375640001,
                12.924117309000053
              ],
              [
                123.63856756200005,
                12.923838757000055
              ],
              [
                123.63851185100009,
                12.92357306100007
              ],
              [
                123.63846471200009,
                12.923277367000026
              ],
              [
                123.63848613900007,
                12.923058811000033
              ],
              [
                123.63854613500007,
                12.922861682000075
              ],
              [
                123.63855470500005,
                12.922715977000053
              ],
              [
                123.63848613900007,
                12.922428855000021
              ],
              [
                123.63841328700005,
                12.922317434000036
              ],
              [
                123.6382761530001,
                12.922201727000072
              ],
              [
                123.6381690180001,
                12.922077450000074
              ],
              [
                123.63811759300006,
                12.921923175000074
              ],
              [
                123.63810045100001,
                12.921854609000036
              ],
              [
                123.63808759500012,
                12.921704619000025
              ],
              [
                123.63810473700005,
                12.921567486000072
              ],
              [
                123.63816044700002,
                12.92145606500003
              ],
              [
                123.63829758000008,
                12.921348929000033
              ],
              [
                123.63840471600008,
                12.921336073000077
              ],
              [
                123.63858041800006,
                12.921318932000077
              ],
              [
                123.63873469300006,
                12.921443209000074
              ],
              [
                123.63881611600004,
                12.92161034000003
              ],
              [
                123.63888468300001,
                12.921747473000039
              ],
              [
                123.63898753300009,
                12.921884607000038
              ],
              [
                123.63905609900007,
                12.921961744000043
              ],
              [
                123.63916323500007,
                12.921987457000057
              ],
              [
                123.63937750500008,
                12.921948888000031
              ],
              [
                123.63949321200005,
                12.921824611000034
              ],
              [
                123.639583205,
                12.921657479000032
              ],
              [
                123.63977604900003,
                12.921361786000034
              ],
              [
                123.63991318300009,
                12.921138944000063
              ],
              [
                123.64016602200002,
                12.920740400000057
              ],
              [
                123.64024744500011,
                12.920504702000073
              ],
              [
                123.64037172200005,
                12.920196152000074
              ],
              [
                123.64062884700002,
                12.919943313000033
              ],
              [
                123.64080883500003,
                12.919776181000032
              ],
              [
                123.64104024700009,
                12.919579052000074
              ],
              [
                123.64134022600001,
                12.919424777000074
              ],
              [
                123.641601637,
                12.919437634000076
              ],
              [
                123.6418373350001,
                12.919480488000033
              ],
              [
                123.64204732000007,
                12.919540484000038
              ],
              [
                123.64220159500007,
                12.919609050000076
              ],
              [
                123.64231730100005,
                12.919630477000055
              ],
              [
                123.6424887180001,
                12.919527627000036
              ],
              [
                123.64261728100007,
                12.919373352000036
              ],
              [
                123.64262156600012,
                12.91919336500007
              ],
              [
                123.64258299700009,
                12.91903909000007
              ],
              [
                123.64231730100005,
                12.918940525000039
              ],
              [
                123.64211588700005,
                12.918897671000025
              ],
              [
                123.64198303900002,
                12.918807677000075
              ],
              [
                123.64191447200005,
                12.918606263000072
              ],
              [
                123.64201303700008,
                12.91834056700003
              ],
              [
                123.64222730800009,
                12.91820343300003
              ],
              [
                123.64239872400003,
                12.91801487500004
              ],
              [
                123.64246729100012,
                12.917903454000054
              ],
              [
                123.642527287,
                12.91768918300005
              ],
              [
                123.64252300100009,
                12.917483483000069
              ],
              [
                123.64252300100009,
                12.91724778500003
              ],
              [
                123.64252005300011,
                12.91704925700003
              ],
              [
                123.64256585600003,
                12.916870669000048
              ],
              [
                123.6426558490001,
                12.91671210800007
              ],
              [
                123.64278012700004,
                12.916604973000062
              ],
              [
                123.64293440200004,
                12.916454983000051
              ],
              [
                123.64304153700004,
                12.916296423000063
              ],
              [
                123.64303725200011,
                12.916082152000058
              ],
              [
                123.64298582700008,
                12.915885023000044
              ],
              [
                123.64290868900002,
                12.915696465000053
              ],
              [
                123.64281869500007,
                12.915529333000052
              ],
              [
                123.64268584700005,
                12.915447910000069
              ],
              [
                123.64248443300005,
                12.915375058000052
              ],
              [
                123.64229587400007,
                12.915482194000049
              ],
              [
                123.64207731800002,
                12.915662181000073
              ],
              [
                123.64187590400002,
                12.915743604000056
              ],
              [
                123.64178591000007,
                12.91564932500006
              ],
              [
                123.64181162200009,
                12.915512192000051
              ],
              [
                123.64186733300005,
                12.915250781000054
              ],
              [
                123.64186733300005,
                12.915113648000045
              ],
              [
                123.64185876200008,
                12.914830810000069
              ],
              [
                123.64182019300006,
                12.914620825000043
              ],
              [
                123.64173877000007,
                12.914333702000022
              ],
              [
                123.64182019300006,
                12.913973727000041
              ],
              [
                123.64206874700005,
                12.913798025000062
              ],
              [
                123.64227016200005,
                12.913973727000041
              ],
              [
                123.64241586600008,
                12.91409371900005
              ],
              [
                123.642527287,
                12.914239423000026
              ],
              [
                123.64261728100007,
                12.91436798500007
              ],
              [
                123.64271584500011,
                12.91445369400003
              ],
              [
                123.6427972680001,
                12.914470835000031
              ],
              [
                123.64289583300001,
                12.91440226900005
              ],
              [
                123.6429643990001,
                12.914033723000045
              ],
              [
                123.64298582700008,
                12.91382373700003
              ],
              [
                123.6427629850001,
                12.913660892000053
              ],
              [
                123.64261299500004,
                12.913639464000028
              ],
              [
                123.64244157900009,
                12.913635179000039
              ],
              [
                123.64232587200001,
                12.913626608000072
              ],
              [
                123.64222730800009,
                12.91359661000007
              ],
              [
                123.64204303500003,
                12.913588039000047
              ],
              [
                123.64185447600005,
                12.913575183000034
              ],
              [
                123.64159735100009,
                12.913536614000066
              ],
              [
                123.64137022400007,
                12.913506617000053
              ],
              [
                123.64116452400003,
                12.913403767000034
              ],
              [
                123.64102310600003,
                12.913296631000037
              ],
              [
                123.64093739700002,
                12.913180925000063
              ],
              [
                123.64095882400011,
                12.913039506000075
              ],
              [
                123.64104024700009,
                12.912906658000054
              ],
              [
                123.64134451200005,
                12.912718100000063
              ],
              [
                123.64164020600003,
                12.912649533000035
              ],
              [
                123.64200018100007,
                12.912645248000047
              ],
              [
                123.64222730800009,
                12.912632391000045
              ],
              [
                123.64237729700005,
                12.912525256000038
              ],
              [
                123.64241158100003,
                12.912430977000042
              ],
              [
                123.64253585800009,
                12.912096714000029
              ],
              [
                123.64258299700009,
                12.911843875000045
              ],
              [
                123.64261299500004,
                12.911676743000044
              ],
              [
                123.64258728300001,
                12.911526754000022
              ],
              [
                123.64244157900009,
                12.911273914000049
              ],
              [
                123.64226159100008,
                12.911021075000065
              ],
              [
                123.64215874100012,
                12.910918225000046
              ],
              [
                123.64195304100008,
                12.910729666000066
              ],
              [
                123.64173877000007,
                12.910626816000047
              ],
              [
                123.64151164300006,
                12.910566821000032
              ],
              [
                123.64128880100009,
                12.91051968100004
              ],
              [
                123.64122452000004,
                12.910416831000077
              ],
              [
                123.64126308900006,
                12.910241129000042
              ],
              [
                123.64142164900011,
                12.909898295000062
              ],
              [
                123.64153307000004,
                12.909709737000071
              ],
              [
                123.64164877600001,
                12.909469754000042
              ],
              [
                123.64178591000007,
                12.909139777000064
              ],
              [
                123.64176448300009,
                12.908968360000074
              ],
              [
                123.6416830600001,
                12.908809800000029
              ],
              [
                123.64147736000007,
                12.908655525000029
              ],
              [
                123.64102739100008,
                12.908432683000058
              ],
              [
                123.64070169900003,
                12.908338404000062
              ],
              [
                123.640213162,
                12.90830840600006
              ],
              [
                123.63976747800007,
                12.908449825000048
              ],
              [
                123.63950606800006,
                12.908561245000044
              ],
              [
                123.63900467400003,
                12.90867266600003
              ],
              [
                123.63867469700006,
                12.90865123900005
              ],
              [
                123.63849471000003,
                12.908526962000053
              ],
              [
                123.63845185500008,
                12.908411256000022
              ],
              [
                123.63845185500008,
                12.908196985000075
              ],
              [
                123.63843899900007,
                12.907991285000037
              ],
              [
                123.63842614300006,
                12.907794156000023
              ],
              [
                123.63832757800003,
                12.907687020000026
              ],
              [
                123.63813902000004,
                12.907627025000068
              ],
              [
                123.63728193700001,
                12.90757560000003
              ],
              [
                123.63681054100005,
                12.907669879000025
              ],
              [
                123.63642913900003,
                12.907948431000023
              ],
              [
                123.6361034470001,
                12.908218412000053
              ],
              [
                123.63563633700005,
                12.908454110000037
              ],
              [
                123.63525064900011,
                12.908544104000043
              ],
              [
                123.63500638000005,
                12.90859981400007
              ],
              [
                123.63473639900008,
                12.908762660000036
              ],
              [
                123.6346078360001,
                12.908929791000048
              ],
              [
                123.634599266,
                12.909075495000025
              ],
              [
                123.63477068200007,
                12.90925119800005
              ],
              [
                123.63494638400005,
                12.909341191000067
              ],
              [
                123.6351306570001,
                12.909534035000036
              ],
              [
                123.63518636800006,
                12.909709737000071
              ],
              [
                123.63513494300003,
                12.909808302000044
              ],
              [
                123.6349163860001,
                12.909864012000071
              ],
              [
                123.63465497600009,
                12.909941150000066
              ],
              [
                123.63438499500012,
                12.910069712000052
              ],
              [
                123.63398645100006,
                12.910318266000047
              ],
              [
                123.6335879070001,
                12.91055396400003
              ],
              [
                123.63341649100005,
                12.910575391000066
              ],
              [
                123.63318936300004,
                12.91049825400006
              ],
              [
                123.63300080500005,
                12.910301125000046
              ],
              [
                123.63277367800004,
                12.909941150000066
              ],
              [
                123.63265368600003,
                12.909431185000074
              ],
              [
                123.63246512800004,
                12.90899407300003
              ],
              [
                123.63238370500005,
                12.908706950000067
              ],
              [
                123.63204743400001,
                12.90828938900006
              ],
              [
                123.63141670100003,
                12.908055052000066
              ],
              [
                123.63074226200001,
                12.907932243000062
              ],
              [
                123.62984476800011,
                12.90781013000003
              ],
              [
                123.62871891500004,
                12.907624235000071
              ],
              [
                123.62768047000009,
                12.907493243000033
              ],
              [
                123.62694148900005,
                12.907614769000077
              ],
              [
                123.62637335800002,
                12.907647715000053
              ],
              [
                123.62602132800009,
                12.907592291000071
              ],
              [
                123.62595323000005,
                12.907304601000021
              ],
              [
                123.62600465500009,
                12.907218448000037
              ],
              [
                123.62615767900002,
                12.907027971000048
              ],
              [
                123.62627122900005,
                12.906662717000074
              ],
              [
                123.62628254000003,
                12.905810508000059
              ],
              [
                123.62603268500004,
                12.90537901700003
              ],
              [
                123.62547387200004,
                12.904839896000055
              ],
              [
                123.62503348200005,
                12.904316102000053
              ],
              [
                123.62488810900004,
                12.903733455000065
              ],
              [
                123.62488810900004,
                12.902692099000035
              ],
              [
                123.62471455000002,
                12.901759217000063
              ],
              [
                123.6247796350001,
                12.900978200000054
              ],
              [
                123.62499658400009,
                12.90028396300005
              ],
              [
                123.62510505800003,
                12.899719895000032
              ],
              [
                123.62564743100006,
                12.899199216000056
              ],
              [
                123.62645014400005,
                12.898656843000026
              ],
              [
                123.62739836100002,
                12.89836381300006
              ],
              [
                123.6283812590001,
                12.898398607000047
              ],
              [
                123.62908700900005,
                12.898551922000024
              ],
              [
                123.62998641600007,
                12.899069047000069
              ],
              [
                123.63050709400011,
                12.899850064000077
              ],
              [
                123.63074573800009,
                12.900500912000041
              ],
              [
                123.63100607700005,
                12.900761251000063
              ],
              [
                123.63180879000004,
                12.900609386000042
              ],
              [
                123.6322860780001,
                12.90028396300005
              ],
              [
                123.63258980700004,
                12.899915149000037
              ],
              [
                123.63293692600007,
                12.899264301000073
              ],
              [
                123.63313218000008,
                12.898613454000042
              ],
              [
                123.63313218000008,
                12.89778904600007
              ],
              [
                123.6325030270001,
                12.897615487000053
              ],
              [
                123.63176540000006,
                12.89768057200007
              ],
              [
                123.63118633800002,
                12.897571324000069
              ],
              [
                123.63015997500008,
                12.897116504000053
              ],
              [
                123.62846777100003,
                12.896292097000071
              ],
              [
                123.62708229300006,
                12.895671045000029
              ],
              [
                123.62694272400006,
                12.895989030000067
              ],
              [
                123.6269239400001,
                12.895984046000024
              ],
              [
                123.62686587700011,
                12.895960772000024
              ],
              [
                123.62682147900011,
                12.895949142000063
              ],
              [
                123.62679757,
                12.895939167000051
              ],
              [
                123.62677878300008,
                12.895927525000047
              ],
              [
                123.62675999800001,
                12.895919212000024
              ],
              [
                123.62673096700007,
                12.895909240000037
              ],
              [
                123.62670193800011,
                12.895902596000042
              ],
              [
                123.62668315400003,
                12.895895947000042
              ],
              [
                123.62667461700005,
                12.895895951000057
              ],
              [
                123.62663875800001,
                12.89588931000003
              ],
              [
                123.62663192900004,
                12.895889313000055
              ],
              [
                123.62661997500004,
                12.895885990000068
              ],
              [
                123.62661143800005,
                12.895885994000025
              ],
              [
                123.62655337900003,
                12.895869377000054
              ],
              [
                123.62648507000006,
                12.895841115000053
              ],
              [
                123.62645091600007,
                12.895829481000021
              ],
              [
                123.62643896400004,
                12.895827822000058
              ],
              [
                123.62631943000008,
                12.89579292600007
              ],
              [
                123.62628015300004,
                12.89577963000005
              ],
              [
                123.6262545400001,
                12.895774648000042
              ],
              [
                123.6262425860001,
                12.895769661000031
              ],
              [
                123.62622209500012,
                12.895764677000045
              ],
              [
                123.62620843500008,
                12.895763019000071
              ],
              [
                123.62618111400002,
                12.895756375000076
              ],
              [
                123.62613671600002,
                12.895743080000045
              ],
              [
                123.62601547200006,
                12.895701528000075
              ],
              [
                123.62590105700008,
                12.895659973000022
              ],
              [
                123.62583275200006,
                12.895640032000074
              ],
              [
                123.62581567500001,
                12.895633383000074
              ],
              [
                123.62570126700007,
                12.895605142000022
              ],
              [
                123.62563467400003,
                12.89559352200007
              ],
              [
                123.62552368800004,
                12.895580258000052
              ],
              [
                123.62543831300002,
                12.895566983000037
              ],
              [
                123.62540245700006,
                12.895565335000072
              ],
              [
                123.62534611000001,
                12.895558703000063
              ],
              [
                123.62524707800003,
                12.895550427000046
              ],
              [
                123.62517707000006,
                12.89554047300004
              ],
              [
                123.62513096500004,
                12.895528844000069
              ],
              [
                123.62510193900005,
                12.895528857000045
              ],
              [
                123.62503941500006,
                12.895533878000037
              ],
              [
                123.62493355100003,
                12.895523941000022
              ],
              [
                123.62486184200009,
                12.895527302000062
              ],
              [
                123.62474744700012,
                12.895527354000023
              ],
              [
                123.62465865800004,
                12.895517408000046
              ],
              [
                123.62464841300005,
                12.89551741300005
              ],
              [
                123.62459889600007,
                12.895510778000073
              ],
              [
                123.62458694700001,
                12.895515776000025
              ],
              [
                123.62453401900007,
                12.895519129000036
              ],
              [
                123.62448962700012,
                12.895517485000028
              ],
              [
                123.62438718800001,
                12.895525853000038
              ],
              [
                123.62435475000007,
                12.895532525000021
              ],
              [
                123.62423865700009,
                12.895550885000034
              ],
              [
                123.62419085700003,
                12.89556422100003
              ],
              [
                123.6241703720001,
                12.895572552000033
              ],
              [
                123.62413964400002,
                12.895580887000051
              ],
              [
                123.624055988,
                12.895592575000023
              ],
              [
                123.62401330800003,
                12.895602580000059
              ],
              [
                123.62399111600007,
                12.895610912000052
              ],
              [
                123.6239689250001,
                12.895622572000036
              ],
              [
                123.62386991400001,
                12.895657567000057
              ],
              [
                123.6238596710001,
                12.895659236000029
              ],
              [
                123.62379651000003,
                12.895685894000053
              ],
              [
                123.62375895700006,
                12.895704218000049
              ],
              [
                123.62373506000006,
                12.89571920800006
              ],
              [
                123.62372652500005,
                12.895722540000065
              ],
              [
                123.62362923400008,
                12.895784164000077
              ],
              [
                123.6235746110001,
                12.895814146000077
              ],
              [
                123.62348925900005,
                12.895849135000049
              ],
              [
                123.62347048200002,
                12.895859130000076
              ],
              [
                123.62345853200009,
                12.89586246400006
              ],
              [
                123.62344146200007,
                12.895870793000029
              ],
              [
                123.62343292600008,
                12.895872461000067
              ],
              [
                123.62340561300005,
                12.895882459000063
              ],
              [
                123.62338854000006,
                12.895885796000073
              ],
              [
                123.62337829800003,
                12.895890793000035
              ],
              [
                123.62336976200004,
                12.895892461000074
              ],
              [
                123.62334415600003,
                12.89590245900007
              ],
              [
                123.62331513900006,
                12.89592077900005
              ],
              [
                123.62331001900009,
                12.895925775000023
              ],
              [
                123.6232724670001,
                12.895947428000056
              ],
              [
                123.623258813,
                12.895957420000059
              ],
              [
                123.62324003600008,
                12.89596741400004
              ],
              [
                123.62323321000008,
                12.895974075000026
              ],
              [
                123.62321614000007,
                12.895984068000075
              ],
              [
                123.623170049,
                12.896002396000029
              ],
              [
                123.62312396000004,
                12.896024053000076
              ],
              [
                123.62310518400011,
                12.89603571200007
              ],
              [
                123.62309835700012,
                12.896042373000057
              ],
              [
                123.62305397900002,
                12.896072350000054
              ],
              [
                123.62302155000009,
                12.896097330000032
              ],
              [
                123.62301130800006,
                12.89610232800004
              ],
              [
                123.622985706,
                12.896120647000032
              ],
              [
                123.62293302100011,
                12.896153877000074
              ],
              [
                123.62291253600006,
                12.896160543000065
              ],
              [
                123.62288863700007,
                12.896172204000038
              ],
              [
                123.62285450000002,
                12.896195520000049
              ],
              [
                123.62284255100008,
                12.89620218300007
              ],
              [
                123.62282035900012,
                12.896210514000074
              ],
              [
                123.62278793000007,
                12.896235494000052
              ],
              [
                123.62276915400003,
                12.896247152000058
              ],
              [
                123.62273160500001,
                12.896277127000076
              ],
              [
                123.62271965700006,
                12.896283789000051
              ],
              [
                123.6227077100001,
                12.896293781000054
              ],
              [
                123.62269576100005,
                12.89630044300003
              ],
              [
                123.62268040000004,
                12.896312100000046
              ],
              [
                123.62265309200006,
                12.896335413000031
              ],
              [
                123.62261042800003,
                12.896378704000028
              ],
              [
                123.62258141300003,
                12.89640201800006
              ],
              [
                123.62256775800006,
                12.89641034500005
              ],
              [
                123.6225489850001,
                12.896428661000073
              ],
              [
                123.62252679700009,
                12.896446979000075
              ],
              [
                123.62247047000005,
                12.896481954000024
              ],
              [
                123.6224431600001,
                12.896500274000061
              ],
              [
                123.6224363340001,
                12.896506934000058
              ],
              [
                123.62238854200007,
                12.896538578000047
              ],
              [
                123.62237488800008,
                12.896550234000074
              ],
              [
                123.62236294200011,
                12.896563554000068
              ],
              [
                123.62231686100006,
                12.896601854000039
              ],
              [
                123.6222571290001,
                12.896658467000066
              ],
              [
                123.6222212880001,
                12.896688441000038
              ],
              [
                123.62221446,
                12.896691772000054
              ],
              [
                123.6221991000001,
                12.89670675800005
              ],
              [
                123.6221632590001,
                12.896736732000022
              ],
              [
                123.62213424300012,
                12.896756716000027
              ],
              [
                123.62211034500001,
                12.896768377000058
              ],
              [
                123.62210351600004,
                12.89677004400005
              ],
              [
                123.62207791100002,
                12.896783370000037
              ],
              [
                123.62206596400006,
                12.89679336100005
              ],
              [
                123.62204377500007,
                12.896806686000048
              ],
              [
                123.62201305400004,
                12.89683332900006
              ],
              [
                123.62199769100005,
                12.896841657000039
              ],
              [
                123.62198403800005,
                12.896853313000065
              ],
              [
                123.62197721000007,
                12.89685664500007
              ],
              [
                123.62194990300009,
                12.896881622000024
              ],
              [
                123.6219430750001,
                12.89688495400003
              ],
              [
                123.62190040700011,
                12.896919923000041
              ],
              [
                123.62189358100011,
                12.896928248000052
              ],
              [
                123.62186798000005,
                12.896949895000034
              ],
              [
                123.62184408900009,
                12.896974871000054
              ],
              [
                123.62180483200007,
                12.897003182000049
              ],
              [
                123.62178312500009,
                12.897032595000042
              ],
              [
                123.62175752500002,
                12.897057571000062
              ],
              [
                123.62173021600006,
                12.897079220000023
              ],
              [
                123.62168584900007,
                12.897134163000032
              ],
              [
                123.62167561100011,
                12.89714914600006
              ],
              [
                123.62163124300002,
                12.897202425000046
              ],
              [
                123.62161759300011,
                12.897222403000058
              ],
              [
                123.62161076900009,
                12.897235720000026
              ],
              [
                123.62158517400007,
                12.897270683000045
              ],
              [
                123.62155786900007,
                12.897298988000045
              ],
              [
                123.62151862000007,
                12.897345607000034
              ],
              [
                123.62146912900005,
                12.897397223000041
              ],
              [
                123.6214588900001,
                12.897408878000022
              ],
              [
                123.62145547800003,
                12.89741553600004
              ],
              [
                123.62142817100005,
                12.89744051300005
              ],
              [
                123.62141110700009,
                12.89746049300004
              ],
              [
                123.62136844100007,
                12.89750212000007
              ],
              [
                123.62132747900012,
                12.897535424000068
              ],
              [
                123.62126603200011,
                12.897578724000027
              ],
              [
                123.62120458400011,
                12.897617030000049
              ],
              [
                123.6211550810001,
                12.897642017000067
              ],
              [
                123.62112606000005,
                12.897653680000076
              ],
              [
                123.62109704200009,
                12.897668671000076
              ],
              [
                123.62108679900007,
                12.897672004000071
              ],
              [
                123.62104412500003,
                12.89769532400004
              ],
              [
                123.6209997420001,
                12.897716979000052
              ],
              [
                123.62094341300008,
                12.897748626000066
              ],
              [
                123.62091269000007,
                12.897770276000074
              ],
              [
                123.62087684800008,
                12.897798585000032
              ],
              [
                123.62084612300009,
                12.89781690600006
              ],
              [
                123.62080686200011,
                12.897836895000069
              ],
              [
                123.62072492200002,
                12.897868553000023
              ],
              [
                123.62069419600004,
                12.89788354500007
              ],
              [
                123.62065493300008,
                12.897898541000075
              ],
              [
                123.6206037180001,
                12.897913542000026
              ],
              [
                123.62057298800005,
                12.897920213000077
              ],
              [
                123.62053713400007,
                12.89792355700007
              ],
              [
                123.62048128000004,
                12.897950494000042
              ],
              [
                123.62037544200007,
                12.897997142000065
              ],
              [
                123.62033447100009,
                12.89801213800007
              ],
              [
                123.62032422700008,
                12.89801380700004
              ],
              [
                123.6202832570001,
                12.898030468000059
              ],
              [
                123.62026959900004,
                12.898033803000033
              ],
              [
                123.62019448700005,
                12.898063794000052
              ],
              [
                123.62014327000009,
                12.898075466000023
              ],
              [
                123.62013473400009,
                12.898078799000075
              ],
              [
                123.62003230000005,
                12.89810048000004
              ],
              [
                123.61999645000003,
                12.898112146000074
              ],
              [
                123.61998620600002,
                12.898113814000055
              ],
              [
                123.61988719200008,
                12.898147144000063
              ],
              [
                123.61976256500009,
                12.898175492000064
              ],
              [
                123.61968916100011,
                12.898207146000061
              ],
              [
                123.61962258300002,
                12.898230475000048
              ],
              [
                123.61958502800007,
                12.898245470000063
              ],
              [
                123.61957137000002,
                12.898248805000037
              ],
              [
                123.61955600600004,
                12.898255469000048
              ],
              [
                123.61945016300001,
                12.898288801000035
              ],
              [
                123.61942796900007,
                12.898293803000058
              ],
              [
                123.61936138500005,
                12.898303818000045
              ],
              [
                123.61931870400008,
                12.898312158000067
              ],
              [
                123.6192674880001,
                12.898325495000051
              ],
              [
                123.61925553900005,
                12.89833049300006
              ],
              [
                123.6191445720001,
                12.898362163000058
              ],
              [
                123.61913262100006,
                12.898363833000076
              ],
              [
                123.61907116200007,
                12.898378838000042
              ],
              [
                123.61900116900006,
                12.898402169000065
              ],
              [
                123.6188133710001,
                12.898437201000036
              ],
              [
                123.61878605600009,
                12.898445534000075
              ],
              [
                123.61875703300007,
                12.898452204000023
              ],
              [
                123.61870581900007,
                12.898470534000069
              ],
              [
                123.61868703900006,
                12.898473870000032
              ],
              [
                123.61866484300003,
                12.89847388000004
              ],
              [
                123.6186252010001,
                12.89847756200004
              ],
              [
                123.61859106100007,
                12.898495885000045
              ],
              [
                123.61855520900008,
                12.898504222000042
              ],
              [
                123.61850057400011,
                12.898509239000077
              ],
              [
                123.6184800850001,
                12.89850924700005
              ],
              [
                123.61844593400008,
                12.898504269000057
              ],
              [
                123.61840495600006,
                12.898504287000037
              ],
              [
                123.61834349300011,
                12.898512635000031
              ],
              [
                123.61831958900007,
                12.89851264500004
              ],
              [
                123.61830763600005,
                12.898509322000052
              ],
              [
                123.61829909900007,
                12.898509326000067
              ],
              [
                123.61826324000003,
                12.89850268400005
              ],
              [
                123.61824958300008,
                12.898507683000048
              ],
              [
                123.61823934400002,
                12.898519337000039
              ],
              [
                123.61821203000011,
                12.898530999000059
              ],
              [
                123.6181642250001,
                12.898536013000069
              ],
              [
                123.6180686130001,
                12.898541047000037
              ],
              [
                123.61795422400007,
                12.898557739000069
              ],
              [
                123.61787910600003,
                12.898576079000065
              ],
              [
                123.61787057100003,
                12.898579411000071
              ],
              [
                123.6178313040001,
                12.898586085000034
              ],
              [
                123.6177732540001,
                12.898589439000034
              ],
              [
                123.617735691,
                12.898589455000035
              ],
              [
                123.61761959300009,
                12.898601155000051
              ],
              [
                123.61752056300008,
                12.898599533000038
              ],
              [
                123.61744543400005,
                12.898592908000069
              ],
              [
                123.61739762700006,
                12.898592928000028
              ],
              [
                123.61735664800005,
                12.89858795200007
              ],
              [
                123.61729403600009,
                12.89859130700006
              ],
              [
                123.61727354800007,
                12.89859464400007
              ],
              [
                123.61722404000011,
                12.898609644000032
              ],
              [
                123.61718135700005,
                12.89861632000003
              ],
              [
                123.61711648500011,
                12.898636319000047
              ],
              [
                123.61702941300007,
                12.898651335000068
              ],
              [
                123.6169935590001,
                12.89865467900006
              ],
              [
                123.6169747780001,
                12.898654687000032
              ],
              [
                123.61696453400009,
                12.89865635600006
              ],
              [
                123.6169064820001,
                12.898656381000023
              ],
              [
                123.61689111600003,
                12.89865805100004
              ],
              [
                123.61684843000012,
                12.89865474100003
              ],
              [
                123.61672037400001,
                12.89865313100006
              ],
              [
                123.61671183700003,
                12.898654799000042
              ],
              [
                123.61667598300005,
                12.898656478000078
              ],
              [
                123.61666061800008,
                12.898659813000052
              ],
              [
                123.61662476400011,
                12.898663157000044
              ],
              [
                123.6166042750001,
                12.898663166000063
              ],
              [
                123.61652744600008,
                12.898673184000074
              ],
              [
                123.6164915920001,
                12.898674864000043
              ],
              [
                123.61644037200006,
                12.898679878000053
              ],
              [
                123.616387443,
                12.898679901000037
              ],
              [
                123.6163550010001,
                12.898676586000022
              ],
              [
                123.61631572600004,
                12.89866661700006
              ],
              [
                123.61630377300003,
                12.898664957000051
              ],
              [
                123.61625937100007,
                12.898643340000035
              ],
              [
                123.61625424800002,
                12.898641678000047
              ],
              [
                123.61624058900009,
                12.89864168400004
              ],
              [
                123.61620815100002,
                12.898646690000021
              ],
              [
                123.61619961500003,
                12.898650022000027
              ],
              [
                123.61618595900006,
                12.898656685000049
              ],
              [
                123.61615694300008,
                12.898678334000067
              ],
              [
                123.61613133700007,
                12.89868999500004
              ],
              [
                123.61611426500008,
                12.89869333100006
              ],
              [
                123.61604576900004,
                12.89869668800003
              ],
              [
                123.61599967100005,
                12.898703364000028
              ],
              [
                123.61594674500009,
                12.898713373000021
              ],
              [
                123.61587161900002,
                12.898713404000034
              ],
              [
                123.61572990900004,
                12.898725114000058
              ],
              [
                123.61560185300004,
                12.898725168000055
              ],
              [
                123.61556429200004,
                12.898730177000061
              ],
              [
                123.6154942930001,
                12.898741856000072
              ],
              [
                123.61546356300005,
                12.898748526000077
              ],
              [
                123.6154328340001,
                12.898758525000062
              ],
              [
                123.61542088300007,
                12.898760194000033
              ],
              [
                123.615371374,
                12.898773530000028
              ],
              [
                123.61531333100004,
                12.898791861000063
              ],
              [
                123.61527065300004,
                12.898808522000024
              ],
              [
                123.61522114400009,
                12.898821858000076
              ],
              [
                123.61520748600003,
                12.898823528000037
              ],
              [
                123.6151409040001,
                12.898840199000063
              ],
              [
                123.61512724700003,
                12.898845197000071
              ],
              [
                123.61504871300008,
                12.898860209000077
              ],
              [
                123.61495822600011,
                12.898870232000036
              ],
              [
                123.61494286000004,
                12.898873567000066
              ],
              [
                123.61487456800012,
                12.89888191700004
              ],
              [
                123.61482847000002,
                12.898885265000047
              ],
              [
                123.61475847000008,
                12.898893616000066
              ],
              [
                123.61469188600006,
                12.89890529400003
              ],
              [
                123.61463042600008,
                12.898920298000064
              ],
              [
                123.6145365320001,
                12.898950295000077
              ],
              [
                123.6145109260001,
                12.898960292000027
              ],
              [
                123.61446995100005,
                12.898966966000046
              ],
              [
                123.61442385500004,
                12.898976971000025
              ],
              [
                123.61439824900003,
                12.898986968000031
              ],
              [
                123.61438800700012,
                12.898993629000074
              ],
              [
                123.61432688700006,
                12.89901618600004
              ],
              [
                123.61425347400007,
                12.899031195000077
              ],
              [
                123.61417664800001,
                12.899049535000074
              ],
              [
                123.61408104100008,
                12.899067882000054
              ],
              [
                123.61402470200005,
                12.899081220000028
              ],
              [
                123.61393763400008,
                12.899104557000044
              ],
              [
                123.61392568400004,
                12.899109554000063
              ],
              [
                123.61381130100006,
                12.899139559000048
              ],
              [
                123.61376691300006,
                12.899149564000027
              ],
              [
                123.61375325400002,
                12.899151234000044
              ],
              [
                123.61374471800002,
                12.89915456600005
              ],
              [
                123.61373106000008,
                12.899156236000067
              ],
              [
                123.61371569500011,
                12.899161235000065
              ],
              [
                123.6136064320001,
                12.899184581000043
              ],
              [
                123.6135620440001,
                12.899196249000056
              ],
              [
                123.61346132100005,
                12.899227912000072
              ],
              [
                123.6134391270001,
                12.899232915000027
              ],
              [
                123.6132991290001,
                12.899254608000035
              ],
              [
                123.61328717900005,
                12.899257942000077
              ],
              [
                123.61324791100003,
                12.899262951000026
              ],
              [
                123.61323425300009,
                12.899266285000067
              ],
              [
                123.6131984000001,
                12.899271293000027
              ],
              [
                123.61318644900007,
                12.899274626000022
              ],
              [
                123.61317279000002,
                12.899274632000072
              ],
              [
                123.61313352200011,
                12.899279641000021
              ],
              [
                123.61312157000009,
                12.899279646000025
              ],
              [
                123.61305840000011,
                12.89928799300003
              ],
              [
                123.61302596300004,
                12.899296328000048
              ],
              [
                123.61297986600005,
                12.899303004000046
              ],
              [
                123.61296962300003,
                12.899306337000041
              ],
              [
                123.61295767100012,
                12.899306342000045
              ],
              [
                123.61293547600008,
                12.899309680000044
              ],
              [
                123.61291840400008,
                12.899314680000032
              ],
              [
                123.61288425700002,
                12.899316358000021
              ],
              [
                123.61287742600007,
                12.899314696000033
              ],
              [
                123.61284361900005,
                12.899317965000023
              ],
              [
                123.61281459300005,
                12.899317977000067
              ],
              [
                123.61278556500008,
                12.899314660000073
              ],
              [
                123.61274629400009,
                12.899314677000064
              ],
              [
                123.61260629500009,
                12.899338035000028
              ],
              [
                123.61259776000009,
                12.899341367000034
              ],
              [
                123.61253971300005,
                12.899354705000064
              ],
              [
                123.61250556900006,
                12.899364705000039
              ],
              [
                123.61246459400002,
                12.899371379000058
              ],
              [
                123.61242362000007,
                12.899381382000058
              ],
              [
                123.61236727900007,
                12.899389726000038
              ],
              [
                123.61233313100001,
                12.899391405000074
              ],
              [
                123.61221361200012,
                12.899389789000054
              ],
              [
                123.6121350740001,
                12.899396478000028
              ],
              [
                123.61207873300009,
                12.899404823000054
              ],
              [
                123.612025807,
                12.899414830000069
              ],
              [
                123.61199166400002,
                12.899424830000044
              ],
              [
                123.6119114280001,
                12.899454820000074
              ],
              [
                123.61183972600008,
                12.89947482100007
              ],
              [
                123.61181070100008,
                12.899478161000047
              ],
              [
                123.61178680000012,
                12.89948316400006
              ],
              [
                123.6117646030001,
                12.899483173000021
              ],
              [
                123.61168586000008,
                12.899493190000044
              ],
              [
                123.61130171400009,
                12.899544940000055
              ],
              [
                123.61098927800003,
                12.899591666000049
              ],
              [
                123.61040717500009,
                12.899597795000034
              ],
              [
                123.61022670600005,
                12.899585554000055
              ],
              [
                123.60964723200004,
                12.899517180000032
              ],
              [
                123.60897817700004,
                12.899506888000076
              ],
              [
                123.60870387000011,
                12.89950699700006
              ],
              [
                123.60846024900002,
                12.899522925000042
              ],
              [
                123.60823108200009,
                12.899577547000035
              ],
              [
                123.60806687600007,
                12.899614553000049
              ],
              [
                123.60801206600001,
                12.89963920100007
              ],
              [
                123.60794170200006,
                12.899679688000049
              ],
              [
                123.60779374700007,
                12.899743073000025
              ],
              [
                123.60743468100009,
                12.899882181000066
              ],
              [
                123.60681048300012,
                12.900080913000068
              ],
              [
                123.60666792600011,
                12.900110873000074
              ],
              [
                123.60659574200008,
                12.900116179000065
              ],
              [
                123.60653799900001,
                12.900132033000034
              ],
              [
                123.60640085600005,
                12.900158473000033
              ],
              [
                123.60634671900004,
                12.900163771000052
              ],
              [
                123.60615723400008,
                12.90017264000005
              ],
              [
                123.60559460900004,
                12.900266087000034
              ],
              [
                123.60544122600004,
                12.900297809000051
              ],
              [
                123.60537321100003,
                12.900299593000057
              ],
              [
                123.60536238200007,
                12.900297838000029
              ],
              [
                123.60533891800003,
                12.900289051000073
              ],
              [
                123.6053335040001,
                12.900289053000051
              ],
              [
                123.60529018800003,
                12.900278515000025
              ],
              [
                123.60528116300009,
                12.900275001000068
              ],
              [
                123.60525408600006,
                12.90025742000006
              ],
              [
                123.60523242800002,
                12.900252151000075
              ],
              [
                123.60521257300002,
                12.90024160400003
              ],
              [
                123.60519993800006,
                12.900236332000077
              ],
              [
                123.60519632800003,
                12.900236333000066
              ],
              [
                123.60518008300005,
                12.900227544000074
              ],
              [
                123.60511690200008,
                12.900181831000054
              ],
              [
                123.60510607200001,
                12.900176558000055
              ],
              [
                123.60509524000008,
                12.900167767000028
              ],
              [
                123.60508260600011,
                12.900162494000028
              ],
              [
                123.6050645580001,
                12.90015898300004
              ],
              [
                123.60504651100007,
                12.900158990000023
              ],
              [
                123.60502124700008,
                12.900162518000059
              ],
              [
                123.604985155,
                12.900164291000067
              ],
              [
                123.60497974300006,
                12.900167811000074
              ],
              [
                123.60497071900011,
                12.900167814000042
              ],
              [
                123.60492921700006,
                12.90017838500006
              ],
              [
                123.60491658500007,
                12.90018014900005
              ],
              [
                123.60490208600004,
                12.900187222000056
              ],
              [
                123.604887716,
                12.900194233000036
              ],
              [
                123.60486065900011,
                12.90022590700005
              ],
              [
                123.6048498350001,
                12.900236465000035
              ],
              [
                123.60483901500004,
                12.900257579000026
              ],
              [
                123.60483360400008,
                12.900264617000062
              ],
              [
                123.60483180200004,
                12.90027165400005
              ],
              [
                123.60481016300002,
                12.900313881000045
              ],
              [
                123.60479934900002,
                12.90034730800005
              ],
              [
                123.60479034100001,
                12.900387770000066
              ],
              [
                123.60478493100004,
                12.900396568000076
              ],
              [
                123.6047831300001,
                12.90040536400005
              ],
              [
                123.60422521800001,
                12.900595557000031
              ],
              [
                123.60375967400012,
                12.900732940000069
              ],
              [
                123.602905802,
                12.900961154000072
              ],
              [
                123.60210641600008,
                12.901153192000038
              ],
              [
                123.60134812900003,
                12.901350468000032
              ],
              [
                123.60066243800009,
                12.90154949500004
              ],
              [
                123.60015701200007,
                12.901684967000051
              ],
              [
                123.59906530900003,
                12.901984405000064
              ],
              [
                123.59869122600003,
                12.902061938000031
              ],
              [
                123.59809488400003,
                12.902121958000066
              ],
              [
                123.5975787750001,
                12.902183708000052
              ],
              [
                123.59727740800008,
                12.902211959000056
              ],
              [
                123.59703197300007,
                12.902220851000038
              ],
              [
                123.59667155700004,
                12.902214783000034
              ],
              [
                123.59627336500012,
                12.902159419000043
              ],
              [
                123.59610262800004,
                12.902113237000037
              ],
              [
                123.59608523700001,
                12.902107078000029
              ],
              [
                123.59604729400007,
                12.902088598000034
              ],
              [
                123.59601409200002,
                12.902068575000044
              ],
              [
                123.59599669900001,
                12.902054712000051
              ],
              [
                123.59596981900006,
                12.902026984000031
              ],
              [
                123.59594609800001,
                12.901994632000026
              ],
              [
                123.59593186300003,
                12.90196535900003
              ],
              [
                123.59592711500011,
                12.901943789000029
              ],
              [
                123.59592393000003,
                12.90186058300003
              ],
              [
                123.59591759500006,
                12.901815900000031
              ],
              [
                123.59591126400005,
                12.901788166000074
              ],
              [
                123.59589859800008,
                12.901715749000061
              ],
              [
                123.5958811910001,
                12.901647956000033
              ],
              [
                123.59588118900001,
                12.90164025200005
              ],
              [
                123.59587327600002,
                12.901604814000052
              ],
              [
                123.59587169000008,
                12.90158632500004
              ],
              [
                123.59587010900009,
                12.901584784000022
              ],
              [
                123.59586851300003,
                12.90153239500006
              ],
              [
                123.59587166900008,
                12.901510823000024
              ],
              [
                123.59586533600009,
                12.901475385000026
              ],
              [
                123.59586533000004,
                12.901452272000029
              ],
              [
                123.59586690700007,
                12.901438404000032
              ],
              [
                123.59587322400012,
                12.901416830000073
              ],
              [
                123.59587638000005,
                12.901396798000064
              ],
              [
                123.59587795800007,
                12.901384471000028
              ],
              [
                123.59587795000004,
                12.901358276000053
              ],
              [
                123.59587320500009,
                12.901345950000064
              ],
              [
                123.59585106700001,
                12.901318221000054
              ],
              [
                123.59583841900007,
                12.901313601000027
              ],
              [
                123.59582577200001,
                12.901310523000063
              ],
              [
                123.59581944900003,
                12.901310525000042
              ],
              [
                123.59580206200008,
                12.90131669300007
              ],
              [
                123.59579258000008,
                12.90132285900006
              ],
              [
                123.59578783900008,
                12.901329023000073
              ],
              [
                123.59577836000005,
                12.901349057000061
              ],
              [
                123.59577836200003,
                12.901356761000045
              ],
              [
                123.5957736250001,
                12.901376794000043
              ],
              [
                123.59577362900006,
                12.90139066100005
              ],
              [
                123.59577047100004,
                12.901404530000036
              ],
              [
                123.59577048500012,
                12.901455378000037
              ],
              [
                123.59576890800008,
                12.90147078700005
              ],
              [
                123.59576417200003,
                12.901492361000066
              ],
              [
                123.59576576200004,
                12.901524718000076
              ],
              [
                123.59575944500011,
                12.901549373000023
              ],
              [
                123.59575945200004,
                12.901572486000077
              ],
              [
                123.59576103400002,
                12.901578649000044
              ],
              [
                123.59575947500002,
                12.901658774000055
              ],
              [
                123.59576105700012,
                12.90166339600006
              ],
              [
                123.59576106600002,
                12.901695754000059
              ],
              [
                123.59575475500003,
                12.901740441000072
              ],
              [
                123.59574686000008,
                12.901771260000032
              ],
              [
                123.5957484490001,
                12.901800536000053
              ],
              [
                123.59575635700003,
                12.901815942000042
              ],
              [
                123.59576584500007,
                12.901828266000052
              ],
              [
                123.595776913,
                12.901839050000035
              ],
              [
                123.59578956400003,
                12.901855996000052
              ],
              [
                123.59579747300006,
                12.901874484000075
              ],
              [
                123.5958022210001,
                12.901897595000037
              ],
              [
                123.59580697400008,
                12.901934575000041
              ],
              [
                123.59580855600007,
                12.90193765600003
              ],
              [
                123.59580855900003,
                12.901948442000048
              ],
              [
                123.59581014000003,
                12.901951523000037
              ],
              [
                123.59580540600007,
                12.901982342000053
              ],
              [
                123.59579908700005,
                12.90199621100004
              ],
              [
                123.59577854600002,
                12.902028574000042
              ],
              [
                123.59575291100009,
                12.90206457100004
              ],
              [
                123.59574005700006,
                12.902079594000043
              ],
              [
                123.5957297760001,
                12.90208960900003
              ],
              [
                123.59570664300009,
                12.902107133000072
              ],
              [
                123.5956578140001,
                12.902129657000046
              ],
              [
                123.59565010300003,
                12.902137168000024
              ],
              [
                123.59563468200008,
                12.902147181000032
              ],
              [
                123.59561925900005,
                12.902162204000035
              ],
              [
                123.59561668600008,
                12.902172221000058
              ],
              [
                123.59561154300002,
                12.902182238000023
              ],
              [
                123.59559354800001,
                12.90220477300005
              ],
              [
                123.5955729860001,
                12.902219794000075
              ],
              [
                123.59555499700002,
                12.902227301000039
              ],
              [
                123.59553957900005,
                12.902229800000043
              ],
              [
                123.59551388300008,
                12.902229791000025
              ],
              [
                123.59551131500007,
                12.902227285000038
              ],
              [
                123.59549076100006,
                12.90222226800006
              ],
              [
                123.59546250200003,
                12.902207230000045
              ],
              [
                123.595449658,
                12.902197207000029
              ],
              [
                123.59543681800005,
                12.902177165000069
              ],
              [
                123.59542397400003,
                12.90216964700005
              ],
              [
                123.5953494800001,
                12.902112013000021
              ],
              [
                123.59534177400008,
                12.902104497000039
              ],
              [
                123.59532636000006,
                12.902096977000042
              ],
              [
                123.59528269500004,
                12.902054382000074
              ],
              [
                123.595267282,
                12.90204185400006
              ],
              [
                123.59525444000008,
                12.90202682100005
              ],
              [
                123.59524416900001,
                12.902009285000076
              ],
              [
                123.5952364630001,
                12.902001768000048
              ],
              [
                123.59520050800006,
                12.901954167000042
              ],
              [
                123.59517996600005,
                12.90191909500004
              ],
              [
                123.59516969300012,
                12.901906568000072
              ],
              [
                123.5951568480001,
                12.901899049000065
              ],
              [
                123.59514400400008,
                12.901889026000049
              ],
              [
                123.59512601800009,
                12.901886515000058
              ],
              [
                123.5951131710001,
                12.901886510000054
              ],
              [
                123.59509261100004,
                12.901896521000026
              ],
              [
                123.59508489900008,
                12.901904032000061
              ],
              [
                123.59507718700002,
                12.901914048000037
              ],
              [
                123.5950669,
                12.901936586000033
              ],
              [
                123.59506175800004,
                12.901944098000058
              ],
              [
                123.59504633600011,
                12.901959120000072
              ],
              [
                123.59502063700006,
                12.901966625000057
              ],
              [
                123.5950026480001,
                12.901974132000078
              ],
              [
                123.5949898,
                12.901974128000063
              ],
              [
                123.59497181200004,
                12.90197913000003
              ],
              [
                123.59495896400006,
                12.901979126000072
              ],
              [
                123.59490911500006,
                12.90198719700004
              ],
              [
                123.59481660200004,
                12.90201840900005
              ],
              [
                123.59467629200003,
                12.902108872000042
              ],
              [
                123.5945645160001,
                12.90217150500007
              ],
              [
                123.59453797300012,
                12.90218271200007
              ],
              [
                123.59433373200011,
                12.902268951000053
              ],
              [
                123.59430994700006,
                12.902273595000054
              ],
              [
                123.59426475900011,
                12.902292156000044
              ],
              [
                123.59423383800004,
                12.902299120000066
              ],
              [
                123.59422432400004,
                12.902299123000034
              ],
              [
                123.59419578300003,
                12.902306086000067
              ],
              [
                123.59417913800007,
                12.902324639000028
              ],
              [
                123.59416724700009,
                12.902333917000021
              ],
              [
                123.59415773300009,
                12.902336238000032
              ],
              [
                123.59414822000008,
                12.902340878000075
              ],
              [
                123.59411492000004,
                12.902343205000022
              ],
              [
                123.59410540600004,
                12.902345527000023
              ],
              [
                123.5940982730001,
                12.902352484000062
              ],
              [
                123.59409351800002,
                12.902361760000076
              ],
              [
                123.59409274200004,
                12.902362138000058
              ],
              [
                123.59408400500001,
                12.902366400000062
              ],
              [
                123.594077061,
                12.902366402000041
              ],
              [
                123.59400313200001,
                12.902366422000057
              ],
              [
                123.5939293890001,
                12.902347894000059
              ],
              [
                123.59391273800009,
                12.902343261000055
              ],
              [
                123.59390322200011,
                12.902338627000063
              ],
              [
                123.593893707,
                12.902338629000042
              ],
              [
                123.59388419200002,
                12.902336313000035
              ],
              [
                123.59387467600004,
                12.902331679000042
              ],
              [
                123.59385564600007,
                12.902327047000028
              ],
              [
                123.59382471900005,
                12.90231082500003
              ],
              [
                123.59378835600012,
                12.90230632500004
              ],
              [
                123.59375495000006,
                12.902313827000057
              ],
              [
                123.59372668500009,
                12.90231381600006
              ],
              [
                123.59371640600011,
                12.902316317000043
              ],
              [
                123.59369327600007,
                12.902328832000023
              ],
              [
                123.59367014700001,
                12.902336337000065
              ],
              [
                123.59365986900002,
                12.90233633300005
              ],
              [
                123.59363674600002,
                12.902328811000075
              ],
              [
                123.59361362300001,
                12.90232379300005
              ],
              [
                123.59360334500002,
                12.902323789000036
              ],
              [
                123.59358650100012,
                12.902332949000026
              ],
              [
                123.593576987,
                12.902335270000037
              ],
              [
                123.59356747400011,
                12.902342228000066
              ],
              [
                123.59356033900008,
                12.902344549000077
              ],
              [
                123.59354131400005,
                12.902356147000035
              ],
              [
                123.59353180200003,
                12.902365423000049
              ],
              [
                123.59352467200006,
                12.902386292000074
              ],
              [
                123.59352469700002,
                12.902472079000063
              ],
              [
                123.59351994500003,
                12.902488310000024
              ],
              [
                123.59350567900003,
                12.902506862000052
              ],
              [
                123.59347952000007,
                12.902527736000025
              ],
              [
                123.59345812000004,
                12.902553246000025
              ],
              [
                123.59344147400009,
                12.902569481000057
              ],
              [
                123.59343196200007,
                12.902576439000029
              ],
              [
                123.59341055800007,
                12.902588038000033
              ],
              [
                123.59339866900007,
                12.902601952000055
              ],
              [
                123.59338915700005,
                12.902611229000058
              ],
              [
                123.59338202300012,
                12.902615868000055
              ],
              [
                123.5933540630001,
                12.902645031000077
              ],
              [
                123.5933540640001,
                12.902649668000038
              ],
              [
                123.59334455100009,
                12.902654308000024
              ],
              [
                123.59332790400003,
                12.902665905000049
              ],
              [
                123.5933207710001,
                12.902675182000053
              ],
              [
                123.59329461200002,
                12.902696056000025
              ],
              [
                123.59327558500001,
                12.902705336000054
              ],
              [
                123.59325417900004,
                12.902709979000065
              ],
              [
                123.59324466600003,
                12.902714618000061
              ],
              [
                123.59317806900003,
                12.90273086700006
              ],
              [
                123.59316617600007,
                12.902730870000028
              ],
              [
                123.5931447690001,
                12.902735513000039
              ],
              [
                123.59313287600003,
                12.902735517000053
              ],
              [
                123.59312098400005,
                12.902737839000054
              ],
              [
                123.59310433600001,
                12.902744799000061
              ],
              [
                123.59309720200008,
                12.902751757000033
              ],
              [
                123.59309006900003,
                12.902761033000047
              ],
              [
                123.5930805590001,
                12.90277958400003
              ],
              [
                123.5930781830001,
                12.902788859000054
              ],
              [
                123.59307819000003,
                12.90281204400003
              ],
              [
                123.59308057200008,
                12.90282363600005
              ],
              [
                123.59308057700002,
                12.902839866000022
              ],
              [
                123.59309248400007,
                12.902890871000068
              ],
              [
                123.59309724500008,
                12.902902463000032
              ],
              [
                123.59310200800007,
                12.902921010000057
              ],
              [
                123.59311628900002,
                12.902953466000042
              ],
              [
                123.59311867000008,
                12.902962739000031
              ],
              [
                123.5931186790001,
                12.902995199000031
              ],
              [
                123.59310917000005,
                12.90301375000007
              ],
              [
                123.59308301300007,
                12.90303926100006
              ],
              [
                123.59303307100004,
                12.903071735000026
              ],
              [
                123.59302117900006,
                12.903076375000069
              ],
              [
                123.59298788400008,
                12.903094933000034
              ],
              [
                123.59297123600004,
                12.903101893000041
              ],
              [
                123.59295221000002,
                12.903113491000056
              ],
              [
                123.59294032200012,
                12.903132043000028
              ],
              [
                123.592937946,
                12.903141318000053
              ],
              [
                123.59293796800011,
                12.903215511000042
              ],
              [
                123.59292370600008,
                12.903247975000056
              ],
              [
                123.59291419600004,
                12.903264207000063
              ],
              [
                123.59290706100012,
                12.90326884600006
              ],
              [
                123.592803591,
                12.903413226000055
              ],
              [
                123.59264190500005,
                12.903626578000058
              ],
              [
                123.592308107,
                12.904019491000042
              ],
              [
                123.59216306300004,
                12.904202697000073
              ],
              [
                123.59202414300012,
                12.904384720000053
              ],
              [
                123.59194094100008,
                12.90456559100005
              ],
              [
                123.59184823300006,
                12.904776605000052
              ],
              [
                123.59176504800007,
                12.90500733600004
              ],
              [
                123.59171514400009,
                12.905176605000065
              ],
              [
                123.59168188800004,
                12.905336594000062
              ],
              [
                123.59167241500006,
                12.905484984000054
              ],
              [
                123.59168909000005,
                12.905573084000025
              ],
              [
                123.59168909400012,
                12.905586996000068
              ],
              [
                123.59169385500002,
                12.905598587000043
              ],
              [
                123.59169386200006,
                12.905621773000064
              ],
              [
                123.59169862700003,
                12.905649594000067
              ],
              [
                123.59169863000011,
                12.905661187000021
              ],
              [
                123.59170339100001,
                12.905672778000053
              ],
              [
                123.5917081550001,
                12.905695963000028
              ],
              [
                123.59170815900006,
                12.905709874000024
              ],
              [
                123.59172006100005,
                12.905742330000066
              ],
              [
                123.59173195900007,
                12.90575855700007
              ],
              [
                123.59173909700007,
                12.905765511000027
              ],
              [
                123.59174861300005,
                12.905770145000076
              ],
              [
                123.59176526700003,
                12.905784052000058
              ],
              [
                123.59177137400002,
                12.905814812000074
              ],
              [
                123.5912240560001,
                12.906016856000065
              ],
              [
                123.5901476570001,
                12.906414213000062
              ],
              [
                123.59014556000011,
                12.906401970000047
              ],
              [
                123.5901413690001,
                12.906389727000033
              ],
              [
                123.59013718100005,
                12.906383606000077
              ],
              [
                123.59013717800008,
                12.906375444000048
              ],
              [
                123.59011832400006,
                12.906330554000021
              ],
              [
                123.59011622800006,
                12.906320351000033
              ],
              [
                123.59003664000011,
                12.90620201400003
              ],
              [
                123.5900094100001,
                12.906151005000027
              ],
              [
                123.58998218400006,
                12.90611632100007
              ],
              [
                123.58996962000003,
                12.90610612100005
              ],
              [
                123.58992983000007,
                12.906061237000074
              ],
              [
                123.58990888700009,
                12.906034715000033
              ],
              [
                123.58989422600007,
                12.906012271000066
              ],
              [
                123.58987956400006,
                12.905983706000029
              ],
              [
                123.58986280800002,
                12.905957182000066
              ],
              [
                123.58986071200002,
                12.905949020000037
              ],
              [
                123.58985233400006,
                12.905932697000026
              ],
              [
                123.58985023700006,
                12.905920454000068
              ],
              [
                123.58983976200011,
                12.905893928000069
              ],
              [
                123.58983766500012,
                12.905883725000024
              ],
              [
                123.58982719300002,
                12.905865362000043
              ],
              [
                123.58982509900011,
                12.905865363000032
              ],
              [
                123.58981672100003,
                12.905853121000064
              ],
              [
                123.58979159400008,
                12.90583476200004
              ],
              [
                123.58978112600005,
                12.90583272400005
              ],
              [
                123.58974134900006,
                12.905832734000057
              ],
              [
                123.58972460100006,
                12.905836820000047
              ],
              [
                123.58968273100004,
                12.905836831000045
              ],
              [
                123.58967226200002,
                12.905834793000054
              ],
              [
                123.5896617950001,
                12.905834796000022
              ],
              [
                123.58964504500011,
                12.905828678000034
              ],
              [
                123.58962829100005,
                12.905808276000073
              ],
              [
                123.58960734400011,
                12.905767469000068
              ],
              [
                123.58960524800011,
                12.90575930700004
              ],
              [
                123.58959896400006,
                12.905747064000025
              ],
              [
                123.58958849200008,
                12.90573074200006
              ],
              [
                123.58955018800009,
                12.905700510000031
              ],
              [
                123.58952505400009,
                12.905659703000026
              ],
              [
                123.58951039400006,
                12.905641341000035
              ],
              [
                123.58950411300009,
                12.905637261000038
              ],
              [
                123.58947479300002,
                12.905602578000071
              ],
              [
                123.5894475660001,
                12.905561772000055
              ],
              [
                123.58944128000007,
                12.905541367000069
              ],
              [
                123.58943499200006,
                12.905514840000023
              ],
              [
                123.58943498800011,
                12.905502596000076
              ],
              [
                123.5894328930001,
                12.905496474000074
              ],
              [
                123.58943288600005,
                12.90546994600004
              ],
              [
                123.58942869300006,
                12.905449540000063
              ],
              [
                123.58941193400005,
                12.905408732000069
              ],
              [
                123.58940983200011,
                12.905378123000048
              ],
              [
                123.58940354900005,
                12.905372002000036
              ],
              [
                123.58939936000002,
                12.905363841000053
              ],
              [
                123.58937423000009,
                12.905335278000052
              ],
              [
                123.58935119500006,
                12.905312837000054
              ],
              [
                123.58932606300004,
                12.90527815300004
              ],
              [
                123.5893197790001,
                12.905265910000026
              ],
              [
                123.58931349600005,
                12.905257749000043
              ],
              [
                123.58929883300004,
                12.905227143000047
              ],
              [
                123.58927788900007,
                12.905194498000071
              ],
              [
                123.58926951,
                12.90517817500006
              ],
              [
                123.58926322700006,
                12.905170014000078
              ],
              [
                123.58924857000011,
                12.905161856000063
              ],
              [
                123.58924228800004,
                12.90515573500005
              ],
              [
                123.58923181900002,
                12.905151657000033
              ],
              [
                123.5892108700001,
                12.905148764000046
              ],
              [
                123.5891951540001,
                12.905160686000045
              ],
              [
                123.58917245100008,
                12.905174313000032
              ],
              [
                123.5891357800001,
                12.90520837300005
              ],
              [
                123.58913054200002,
                12.905216887000051
              ],
              [
                123.58912006900005,
                12.905240726000045
              ],
              [
                123.58911308900008,
                12.90526456300006
              ],
              [
                123.58911134200002,
                12.90526626600007
              ],
              [
                123.58910959900004,
                12.905276482000033
              ],
              [
                123.58910610700002,
                12.905283293000025
              ],
              [
                123.58909563600002,
                12.90531734700005
              ],
              [
                123.58909389200005,
                12.905327563000071
              ],
              [
                123.5890921460001,
                12.905329266000024
              ],
              [
                123.58908342200004,
                12.90536161600005
              ],
              [
                123.58907818500006,
                12.90537183300006
              ],
              [
                123.58906946000002,
                12.905404184000076
              ],
              [
                123.58905375100005,
                12.905443347000073
              ],
              [
                123.58903280200002,
                12.905485916000032
              ],
              [
                123.58901477000006,
                12.905507445000069
              ],
              [
                123.58899556400002,
                12.905538096000043
              ],
              [
                123.58899032600004,
                12.905543205000072
              ],
              [
                123.58897112200009,
                12.905578963000039
              ],
              [
                123.58896588900006,
                12.905604503000063
              ],
              [
                123.58896240400009,
                12.905636853000033
              ],
              [
                123.58895717200005,
                12.905664095000077
              ],
              [
                123.58895717400003,
                12.905672608000032
              ],
              [
                123.58895368300011,
                12.905682824000053
              ],
              [
                123.5889519430001,
                12.905706660000021
              ],
              [
                123.58895019900001,
                12.905715173000033
              ],
              [
                123.5889467070001,
                12.905721984000024
              ],
              [
                123.588944964,
                12.905732200000045
              ],
              [
                123.58894147900003,
                12.905762847000062
              ],
              [
                123.58892925700002,
                12.905781578000074
              ],
              [
                123.58890481000003,
                12.905805420000036
              ],
              [
                123.58888385300008,
                12.90581734400007
              ],
              [
                123.58887686700007,
                12.905819048000069
              ],
              [
                123.58885066700009,
                12.905819055000052
              ],
              [
                123.58884193200004,
                12.905815652000058
              ],
              [
                123.58881573200006,
                12.905813956000031
              ],
              [
                123.588806997,
                12.905810553000038
              ],
              [
                123.58877905000008,
                12.905807156000037
              ],
              [
                123.58865328900004,
                12.90580718800004
              ],
              [
                123.58864281000001,
                12.905810596000038
              ],
              [
                123.58862709000005,
                12.905810600000052
              ],
              [
                123.58860263800011,
                12.905815714000028
              ],
              [
                123.58858517100009,
                12.905817421000052
              ],
              [
                123.58849085100007,
                12.905817445000025
              ],
              [
                123.58846464900012,
                12.905812345000072
              ],
              [
                123.58845591500005,
                12.905808942000021
              ],
              [
                123.58843669800001,
                12.905797029000041
              ],
              [
                123.58840175400007,
                12.905757879000078
              ],
              [
                123.58838428000001,
                12.905730643000027
              ],
              [
                123.58837379400006,
                12.905708512000047
              ],
              [
                123.58837204600002,
                12.905701703000034
              ],
              [
                123.58834583200007,
                12.90565063300005
              ],
              [
                123.5883353480001,
                12.905637015000025
              ],
              [
                123.588321371,
                12.905623398000046
              ],
              [
                123.5882672140001,
                12.905585956000039
              ],
              [
                123.58824625000011,
                12.905574043000058
              ],
              [
                123.58822703500005,
                12.90556553500005
              ],
              [
                123.5882183010001,
                12.905563835000066
              ],
              [
                123.58820083400008,
                12.90556384000007
              ],
              [
                123.5881589170001,
                12.905575768000062
              ],
              [
                123.58814319900011,
                12.905584285000032
              ],
              [
                123.58813446900001,
                12.905596205000052
              ],
              [
                123.58813447300008,
                12.905611528000065
              ],
              [
                123.58813796900006,
                12.90562174300004
              ],
              [
                123.58815719200004,
                12.905657491000056
              ],
              [
                123.58816069000011,
                12.905674516000033
              ],
              [
                123.58816070000012,
                12.905708567000033
              ],
              [
                123.58815720900009,
                12.905718783000054
              ],
              [
                123.58815721200006,
                12.905728999000075
              ],
              [
                123.5881484890001,
                12.905769862000056
              ],
              [
                123.58814325300011,
                12.90578178100003
              ],
              [
                123.58811532200002,
                12.905841378000048
              ],
              [
                123.58810659400001,
                12.905863513000043
              ],
              [
                123.58809262700004,
                12.905883947000063
              ],
              [
                123.58808214900012,
                12.905894165000063
              ],
              [
                123.58807167300006,
                12.905907789000025
              ],
              [
                123.588071678,
                12.905926517000069
              ],
              [
                123.58808216300008,
                12.905943539000077
              ],
              [
                123.58808915000009,
                12.90594694300006
              ],
              [
                123.588117097,
                12.905946936000078
              ],
              [
                123.5881363100001,
                12.905945228000064
              ],
              [
                123.58815726900002,
                12.905940115000021
              ],
              [
                123.588172987,
                12.905933301000061
              ],
              [
                123.58820267800002,
                12.905924780000078
              ],
              [
                123.58822712900007,
                12.905912856000043
              ],
              [
                123.58828651100009,
                12.905895815000065
              ],
              [
                123.58829349700011,
                12.905892409000046
              ],
              [
                123.5883196960001,
                12.905887294000024
              ],
              [
                123.58833366800002,
                12.905882183000074
              ],
              [
                123.58834240100009,
                12.905882181000038
              ],
              [
                123.58837209300009,
                12.905877065000027
              ],
              [
                123.5884192530001,
                12.90587705300004
              ],
              [
                123.58846117600001,
                12.905885555000054
              ],
              [
                123.58857296300005,
                12.905885526000077
              ],
              [
                123.58858519000012,
                12.905887226000061
              ],
              [
                123.58863759100007,
                12.905887212000039
              ],
              [
                123.58864981800002,
                12.905888912000023
              ],
              [
                123.58870745800004,
                12.905888897000068
              ],
              [
                123.58871444600004,
                12.905892300000062
              ],
              [
                123.58872317900011,
                12.905892298000026
              ],
              [
                123.5887511300001,
                12.905905911000048
              ],
              [
                123.58876336000003,
                12.905917826000064
              ],
              [
                123.58877034700004,
                12.905921229000057
              ],
              [
                123.58877733600002,
                12.905928037000024
              ],
              [
                123.58879131600008,
                12.905953572000044
              ],
              [
                123.58880703900002,
                12.905962081000041
              ],
              [
                123.58881752200011,
                12.905972293000048
              ],
              [
                123.58882276400004,
                12.90598080500007
              ],
              [
                123.58883150400004,
                12.906006341000023
              ],
              [
                123.588831507,
                12.906014853000045
              ],
              [
                123.58883850000007,
                12.906038687000034
              ],
              [
                123.58884199500005,
                12.906045497000036
              ],
              [
                123.58884899000009,
                12.906076141000028
              ],
              [
                123.58884900800001,
                12.906140838000056
              ],
              [
                123.58884377200002,
                12.906154460000039
              ],
              [
                123.58883780400004,
                12.906207103000042
              ],
              [
                123.58883256800004,
                12.906220724000036
              ],
              [
                123.58882034700002,
                12.906242861000067
              ],
              [
                123.58881860500003,
                12.906261589000053
              ],
              [
                123.58881337100001,
                12.906283724000048
              ],
              [
                123.58879416800005,
                12.906321185000024
              ],
              [
                123.58878719300003,
                12.906363751000072
              ],
              [
                123.58877672200003,
                12.90639950800005
              ],
              [
                123.58876624900006,
                12.906425049000063
              ],
              [
                123.58876101700002,
                12.906455696000023
              ],
              [
                123.58875578300001,
                12.906476128000065
              ],
              [
                123.5887557850001,
                12.906482938000067
              ],
              [
                123.58873832800009,
                12.906520399000044
              ],
              [
                123.58872785200003,
                12.906535725000026
              ],
              [
                123.58870341600004,
                12.906600428000047
              ],
              [
                123.5886999270001,
                12.90661575200005
              ],
              [
                123.58869994100007,
                12.906666829000073
              ],
              [
                123.5886894780001,
                12.90672982600006
              ],
              [
                123.58868598600009,
                12.906736637000051
              ],
              [
                123.58867376300009,
                12.90674855800006
              ],
              [
                123.58866503100012,
                12.906753668000022
              ],
              [
                123.58865804400011,
                12.906755372000077
              ],
              [
                123.58863359600002,
                12.906774107000047
              ],
              [
                123.58861263800009,
                12.906782625000062
              ],
              [
                123.58859866500006,
                12.90678433100004
              ],
              [
                123.5885899330001,
                12.906789441000058
              ],
              [
                123.58858993500007,
                12.90679795400007
              ],
              [
                123.58859343300003,
                12.906814978000057
              ],
              [
                123.58859344100006,
                12.906843922000064
              ],
              [
                123.58859169700008,
                12.906854137000039
              ],
              [
                123.5885917170001,
                12.906925645000058
              ],
              [
                123.58858299300005,
                12.906963103000066
              ],
              [
                123.58858299600001,
                12.906971616000021
              ],
              [
                123.58858824200001,
                12.906993748000048
              ],
              [
                123.58859174200006,
                12.907017844000052
              ],
              [
                123.58860922600002,
                12.907080834000055
              ],
              [
                123.58860923800012,
                12.90712680300004
              ],
              [
                123.58860749700011,
                12.907148937000045
              ],
              [
                123.58860401100003,
                12.90717277300007
              ],
              [
                123.58859353900004,
                12.90720512400003
              ],
              [
                123.58858656300004,
                12.907244285000047
              ],
              [
                123.58858658000008,
                12.907307279000065
              ],
              [
                123.58857960300008,
                12.907341332000044
              ],
              [
                123.58857786200008,
                12.907365169000059
              ],
              [
                123.58857437200004,
                12.907377087000043
              ],
              [
                123.588574375,
                12.907387303000064
              ],
              [
                123.58856565500002,
                12.907434976000047
              ],
              [
                123.5885656580001,
                12.907446894000032
              ],
              [
                123.58856042500008,
                12.907474136000076
              ],
              [
                123.58855868400008,
                12.907492865000052
              ],
              [
                123.58855170200002,
                12.907511595000074
              ],
              [
                123.58854646800012,
                12.907533729000022
              ],
              [
                123.58853948500007,
                12.907549054000071
              ],
              [
                123.58852214600006,
                12.907624504000069
              ],
              [
                123.58851865500003,
                12.90763301800007
              ],
              [
                123.5885186590001,
                12.907646638000074
              ],
              [
                123.58851168600006,
                12.907701122000049
              ],
              [
                123.588511691,
                12.907718147000026
              ],
              [
                123.58850471300002,
                12.907748795000032
              ],
              [
                123.58850471500011,
                12.907759011000053
              ],
              [
                123.58849773300005,
                12.907776038000065
              ],
              [
                123.58846630800008,
                12.907832230000054
              ],
              [
                123.58845059200007,
                12.907850963000044
              ],
              [
                123.58844535300011,
                12.907854369000063
              ],
              [
                123.58839647200011,
                12.907949725000037
              ],
              [
                123.58828477800012,
                12.908301280000046
              ],
              [
                123.58804912000005,
                12.908842742000047
              ],
              [
                123.58795137900006,
                12.909116878000077
              ],
              [
                123.5879066330001,
                12.909189119000075
              ],
              [
                123.58769806600003,
                12.909625819000041
              ],
              [
                123.58727733400008,
                12.91047317400006
              ],
              [
                123.58709573600004,
                12.910882598000057
              ],
              [
                123.586951741,
                12.911117976000071
              ],
              [
                123.58668136100005,
                12.91161366700004
              ],
              [
                123.58637668100005,
                12.912079991000041
              ],
              [
                123.58620907900001,
                12.912403519000065
              ],
              [
                123.5858554570001,
                12.912914697000076
              ],
              [
                123.5856275970001,
                12.913304179000022
              ],
              [
                123.58550537100007,
                12.913481276000027
              ],
              [
                123.58486186100004,
                12.914269642000022
              ],
              [
                123.58434038400003,
                12.914973850000024
              ],
              [
                123.58412323100004,
                12.915182091000077
              ],
              [
                123.58374482400006,
                12.915685326000073
              ],
              [
                123.58363305700004,
                12.915784101000042
              ],
              [
                123.58345894800004,
                12.915982467000049
              ],
              [
                123.58305841300012,
                12.916450745000077
              ],
              [
                123.58282259900011,
                12.916710391000038
              ],
              [
                123.58255018700004,
                12.917042453000022
              ],
              [
                123.58247553900003,
                12.917156439000053
              ],
              [
                123.58216645100003,
                12.917519156000026
              ],
              [
                123.58187020100002,
                12.917884410000056
              ],
              [
                123.58165540200002,
                12.918109198000025
              ],
              [
                123.58136204100003,
                12.918502556000021
              ],
              [
                123.5810762210001,
                12.91877233100007
              ],
              [
                123.58073219700009,
                12.919145269000069
              ],
              [
                123.58046313700004,
                12.919519560000026
              ],
              [
                123.57989286700001,
                12.920199063000041
              ],
              [
                123.57971078300011,
                12.92039141600003
              ],
              [
                123.57958750000012,
                12.920535677000032
              ],
              [
                123.57948582100005,
                12.920635276000041
              ],
              [
                123.57947924600012,
                12.92064382500007
              ],
              [
                123.57946390300003,
                12.920658787000036
              ],
              [
                123.5794222620001,
                12.920716492000054
              ],
              [
                123.57940911100002,
                12.920729316000063
              ],
              [
                123.57939376900003,
                12.920750689000045
              ],
              [
                123.57938281200006,
                12.920767786000056
              ],
              [
                123.57937185500009,
                12.920789157000058
              ],
              [
                123.57918092000011,
                12.920957388000033
              ],
              [
                123.57908447700004,
                12.921049296000035
              ],
              [
                123.57906474800006,
                12.921059985000056
              ],
              [
                123.57904063700005,
                12.92107922200006
              ],
              [
                123.57901433100005,
                12.921092050000027
              ],
              [
                123.57900556300001,
                12.921098462000032
              ],
              [
                123.57899679400009,
                12.921100601000035
              ],
              [
                123.5789770660001,
                12.921113427000023
              ],
              [
                123.5789441820001,
                12.921121982000045
              ],
              [
                123.57892226100012,
                12.921130535000032
              ],
              [
                123.57891129900008,
                12.921132674000035
              ],
              [
                123.5788806060001,
                12.921132681000074
              ],
              [
                123.57886306900002,
                12.921141233000071
              ],
              [
                123.57885430100009,
                12.921147646000065
              ],
              [
                123.57884772600005,
                12.921156195000037
              ],
              [
                123.57883896100009,
                12.921175428000026
              ],
              [
                123.57883896300007,
                12.921183976000066
              ],
              [
                123.57883458300012,
                12.921203209000055
              ],
              [
                123.57883460200003,
                12.921280135000075
              ],
              [
                123.57883022500005,
                12.921312189000048
              ],
              [
                123.57882584200001,
                12.921320738000077
              ],
              [
                123.5788236520001,
                12.92132928600006
              ],
              [
                123.57881488500004,
                12.921339972000055
              ],
              [
                123.57880611900009,
                12.921354932000042
              ],
              [
                123.57879954400005,
                12.921361344000047
              ],
              [
                123.57853215700004,
                12.92169903000007
              ],
              [
                123.57828651200009,
                12.921990536000067
              ],
              [
                123.5779774660001,
                12.922330369000065
              ],
              [
                123.57770787100003,
                12.922614633000023
              ],
              [
                123.57753817700006,
                12.922791061000055
              ],
              [
                123.57718309900008,
                12.923165092000033
              ],
              [
                123.57717871600005,
                12.923171503000049
              ],
              [
                123.57715022200011,
                12.923199289000024
              ],
              [
                123.57714583900008,
                12.92320570000004
              ],
              [
                123.577130495,
                12.923218525000038
              ],
              [
                123.57712611200009,
                12.923224937000043
              ],
              [
                123.57710200100007,
                12.92324631100007
              ],
              [
                123.57709542500004,
                12.923254859000053
              ],
              [
                123.57706692900001,
                12.923274098000036
              ],
              [
                123.57702966200009,
                12.92329120100004
              ],
              [
                123.57701650900003,
                12.923295478000057
              ],
              [
                123.57701212500001,
                12.923299752000048
              ],
              [
                123.57698581800003,
                12.923306169000057
              ],
              [
                123.5769726640001,
                12.923306172000025
              ],
              [
                123.57694416400011,
                12.923312589000034
              ],
              [
                123.5769156660001,
                12.923323279000044
              ],
              [
                123.57689593700002,
                12.923336105000033
              ],
              [
                123.57687661400007,
                12.923345973000039
              ],
              [
                123.57686565600011,
                12.923360934000073
              ],
              [
                123.57685689000004,
                12.923378030000038
              ],
              [
                123.57683278000002,
                12.923405815000024
              ],
              [
                123.57683058900011,
                12.923412226000039
              ],
              [
                123.5768130570001,
                12.923440010000036
              ],
              [
                123.57676703000004,
                12.923497715000053
              ],
              [
                123.57674292000002,
                12.92352550000004
              ],
              [
                123.57673853500012,
                12.923527638000053
              ],
              [
                123.57672319300002,
                12.923544736000053
              ],
              [
                123.57669469700011,
                12.923570385000062
              ],
              [
                123.5766749710001,
                12.923591758000043
              ],
              [
                123.5766552450001,
                12.923615268000049
              ],
              [
                123.57662455900004,
                12.923647328000072
              ],
              [
                123.57661140800008,
                12.923664426000073
              ],
              [
                123.5765960650001,
                12.92367938700005
              ],
              [
                123.5765763390001,
                12.923705034000022
              ],
              [
                123.57656099700012,
                12.923722132000023
              ],
              [
                123.57653688500011,
                12.92374350600005
              ],
              [
                123.57653250100009,
                12.92374350700004
              ],
              [
                123.57651935000001,
                12.923758468000074
              ],
              [
                123.57649962100004,
                12.923771294000062
              ],
              [
                123.57647551000002,
                12.923794804000067
              ],
              [
                123.5764667420001,
                12.923799080000038
              ],
              [
                123.57645139800002,
                12.92381404200006
              ],
              [
                123.57643386200004,
                12.923824730000035
              ],
              [
                123.57642509400011,
                12.923833279000064
              ],
              [
                123.57639878900011,
                12.923850380000033
              ],
              [
                123.57639440600008,
                12.923856791000048
              ],
              [
                123.5763768700001,
                12.923869617000037
              ],
              [
                123.57636810100007,
                12.923873892000074
              ],
              [
                123.57635495000011,
                12.923886716000027
              ],
              [
                123.57633741300003,
                12.923897404000058
              ],
              [
                123.57632426200007,
                12.923910229000057
              ],
              [
                123.57631768800002,
                12.923923051000031
              ],
              [
                123.5763154980001,
                12.92393159900007
              ],
              [
                123.57631550000008,
                12.92394228300003
              ],
              [
                123.57633523400011,
                12.923950826000066
              ],
              [
                123.57635496600005,
                12.923955096000043
              ],
              [
                123.57639004500004,
                12.92395508800007
              ],
              [
                123.57639662300005,
                12.923959360000026
              ],
              [
                123.57639881900002,
                12.92397645400007
              ],
              [
                123.57639005800002,
                12.924012783000023
              ],
              [
                123.5763703340001,
                12.924042703000055
              ],
              [
                123.57633526200004,
                12.924070490000076
              ],
              [
                123.57631334300004,
                12.924091864000047
              ],
              [
                123.5762776150001,
                12.924132254000028
              ],
              [
                123.57624034900005,
                12.924155768000048
              ],
              [
                123.57623596600001,
                12.924162179000064
              ],
              [
                123.57620527600011,
                12.924181418000046
              ],
              [
                123.57619212400004,
                12.924192105000031
              ],
              [
                123.57617239500007,
                12.924202794000053
              ],
              [
                123.57614389300011,
                12.924202801000035
              ],
              [
                123.5761351220001,
                12.924196392000056
              ],
              [
                123.5761109980001,
                12.924166481000043
              ],
              [
                123.57610222700009,
                12.924160073000053
              ],
              [
                123.57608738800002,
                12.924119254000061
              ],
              [
                123.57607881900003,
                12.924119250000047
              ],
              [
                123.57605596600001,
                12.924127592000048
              ],
              [
                123.57604453800002,
                12.924135938000063
              ],
              [
                123.57603310600007,
                12.924149852000028
              ],
              [
                123.57602167300001,
                12.924169334000055
              ],
              [
                123.57598452200011,
                12.924213859000076
              ],
              [
                123.57597023100004,
                12.924236123000071
              ],
              [
                123.57597308100003,
                12.924250043000029
              ],
              [
                123.57595022300006,
                12.92426673600005
              ],
              [
                123.57593307700006,
                12.924286215000052
              ],
              [
                123.57591021100006,
                12.924322395000047
              ],
              [
                123.57586735500001,
                12.924352998000074
              ],
              [
                123.57583878100002,
                12.924378040000022
              ],
              [
                123.57581592600002,
                12.92439194900004
              ],
              [
                123.5757987820001,
                12.924405860000036
              ],
              [
                123.57577021300006,
                12.924422551000077
              ],
              [
                123.57574164100004,
                12.924444809000022
              ],
              [
                123.57572735400004,
                12.924458721000065
              ],
              [
                123.5757016340001,
                12.924489332000064
              ],
              [
                123.57568734200004,
                12.924514380000062
              ],
              [
                123.5756244690001,
                12.924595083000042
              ],
              [
                123.5756101830001,
                12.924606212000072
              ],
              [
                123.57559303800008,
                12.92462290700007
              ],
              [
                123.57556160900003,
                12.92464794700004
              ],
              [
                123.57551875600006,
                12.924670199000047
              ],
              [
                123.57547875500006,
                12.924703587000067
              ],
              [
                123.57541874700007,
                12.924764804000063
              ],
              [
                123.57536730800007,
                12.924826025000073
              ],
              [
                123.57534730700002,
                12.924842719000026
              ],
              [
                123.57532158600009,
                12.924876114000028
              ],
              [
                123.57530729900009,
                12.92489002700006
              ],
              [
                123.57528157900003,
                12.92492063700007
              ],
              [
                123.57527015000005,
                12.92492898300003
              ],
              [
                123.5752615770001,
                12.924940115000027
              ],
              [
                123.57524443300008,
                12.924954026000023
              ],
              [
                123.57521013600001,
                12.92500412000004
              ],
              [
                123.57519869900011,
                12.92503195300003
              ],
              [
                123.57517011000004,
                12.925090400000045
              ],
              [
                123.57512724800006,
                12.925132139000027
              ],
              [
                123.57497559500007,
                12.925300648000075
              ],
              [
                123.57492517800006,
                12.925336985000058
              ],
              [
                123.574885719,
                12.925356226000076
              ],
              [
                123.5748851730001,
                12.925356682000029
              ],
              [
                123.57487037500005,
                12.925369050000029
              ],
              [
                123.57484845400006,
                12.925384013000041
              ],
              [
                123.57483311100009,
                12.925398974000075
              ],
              [
                123.57480011700011,
                12.925439149000056
              ],
              [
                123.5747846800001,
                12.925454202000026
              ],
              [
                123.57475821500009,
                12.925475708000022
              ],
              [
                123.5747361650001,
                12.92551011300003
              ],
              [
                123.5747339610001,
                12.92551871300003
              ],
              [
                123.57471632300008,
                12.92555741700005
              ],
              [
                123.57471412100006,
                12.925572467000052
              ],
              [
                123.57469648300003,
                12.92560687100007
              ],
              [
                123.57468545800009,
                12.925624073000051
              ],
              [
                123.57467884200003,
                12.925630525000031
              ],
              [
                123.5746678160001,
                12.925645577000068
              ],
              [
                123.57464135100008,
                12.925667083000064
              ],
              [
                123.57462811800008,
                12.925675686000034
              ],
              [
                123.57460827000011,
                12.92569504100004
              ],
              [
                123.57460165500004,
                12.92570579200003
              ],
              [
                123.57459945000005,
                12.925710092000031
              ],
              [
                123.57459365700004,
                12.925737679000065
              ],
              [
                123.57459366000012,
                12.925750579000066
              ],
              [
                123.5745826320001,
                12.925757032000035
              ],
              [
                123.57457822200001,
                12.925763483000026
              ],
              [
                123.57456057800005,
                12.925774237000041
              ],
              [
                123.574509852,
                12.925812948000043
              ],
              [
                123.57450102900009,
                12.925815100000023
              ],
              [
                123.57437090700012,
                12.925920480000059
              ],
              [
                123.57396323700004,
                12.926230911000061
              ],
              [
                123.5738507530001,
                12.926301887000022
              ],
              [
                123.57370519000006,
                12.926407270000027
              ],
              [
                123.57355300600011,
                12.926499755000066
              ],
              [
                123.57352212700005,
                12.92651481200005
              ],
              [
                123.57351330400002,
                12.92651696400003
              ],
              [
                123.57349345400007,
                12.926527718000045
              ],
              [
                123.57348022100007,
                12.926538471000072
              ],
              [
                123.57347139800004,
                12.926542773000051
              ],
              [
                123.5734625770001,
                12.926551375000031
              ],
              [
                123.57343390500012,
                12.926568581000026
              ],
              [
                123.5734206730001,
                12.926583634000053
              ],
              [
                123.57340082400003,
                12.926598689000059
              ],
              [
                123.57338979700012,
                12.92660944100004
              ],
              [
                123.57334128500008,
                12.926682551000056
              ],
              [
                123.57323323500009,
                12.926839524000059
              ],
              [
                123.57312958900002,
                12.926962096000068
              ],
              [
                123.57301711700006,
                12.927080370000056
              ],
              [
                123.572920081,
                12.927174991000072
              ],
              [
                123.57285830400008,
                12.92720672300004
              ],
              [
                123.57284066000011,
                12.927221777000057
              ],
              [
                123.57283183700008,
                12.927223929000036
              ],
              [
                123.57281198700002,
                12.927236833000052
              ],
              [
                123.57277449100002,
                12.927256192000073
              ],
              [
                123.57275905100005,
                12.927260495000041
              ],
              [
                123.57273919700003,
                12.927260500000045
              ],
              [
                123.57272816800003,
                12.927262652000024
              ],
              [
                123.57270390500003,
                12.927269108000075
              ],
              [
                123.57269508200011,
                12.927273410000055
              ],
              [
                123.57268185100008,
                12.927290612000036
              ],
              [
                123.57267744300009,
                12.927307813000027
              ],
              [
                123.57266862400002,
                12.927327165000065
              ],
              [
                123.57265318800012,
                12.927348668000036
              ],
              [
                123.57262010500006,
                12.927372326000068
              ],
              [
                123.57259804900002,
                12.927383080000027
              ],
              [
                123.57258040400006,
                12.927393834000043
              ],
              [
                123.5725627600001,
                12.927406738000059
              ],
              [
                123.57255173400006,
                12.92741964000004
              ],
              [
                123.57253409000009,
                12.927432544000055
              ],
              [
                123.57252085700009,
                12.927445447000025
              ],
              [
                123.5725164480001,
                12.927454048000072
              ],
              [
                123.57248998500006,
                12.92748845400007
              ],
              [
                123.57245911700011,
                12.92754866000007
              ],
              [
                123.57245250100004,
                12.92755511100006
              ],
              [
                123.57243265600005,
                12.927589515000022
              ],
              [
                123.5724260400001,
                12.927595967000059
              ],
              [
                123.57241281100005,
                12.927622245000066
              ],
              [
                123.57241060700005,
                12.927630845000067
              ],
              [
                123.57241060900003,
                12.927639445000068
              ],
              [
                123.57239958700006,
                12.927673847000051
              ],
              [
                123.57239958900004,
                12.927682447000052
              ],
              [
                123.57238195000002,
                12.92771685100007
              ],
              [
                123.57236871900011,
                12.927731903000051
              ],
              [
                123.57234445800009,
                12.927749109000047
              ],
              [
                123.57232460700004,
                12.927757713000062
              ],
              [
                123.57231578400001,
                12.927759865000041
              ],
              [
                123.57230255000002,
                12.927766318000067
              ],
              [
                123.57229372800009,
                12.927772770000047
              ],
              [
                123.57226947100003,
                12.927807175000055
              ],
              [
                123.57226506400002,
                12.927824376000046
              ],
              [
                123.57225844800007,
                12.927830827000037
              ],
              [
                123.57225624400007,
                12.927839427000038
              ],
              [
                123.57224521800003,
                12.927856630000065
              ],
              [
                123.57222978100003,
                12.927873833000035
              ],
              [
                123.57221875500011,
                12.927888885000073
              ],
              [
                123.57213274500009,
                12.927970603000063
              ],
              [
                123.57212833500012,
                12.927979204000053
              ],
              [
                123.57212171900005,
                12.927985656000033
              ],
              [
                123.5721128990001,
                12.928000707000024
              ],
              [
                123.57208643600006,
                12.928030813000078
              ],
              [
                123.57208423200007,
                12.928039413000022
              ],
              [
                123.57208423400004,
                12.928050163000023
              ],
              [
                123.57206128300004,
                12.928064775000053
              ],
              [
                123.57206697700008,
                12.928103750000048
              ],
              [
                123.57207838400006,
                12.928139945000055
              ],
              [
                123.57209550400012,
                12.92817614200004
              ],
              [
                123.5721154900001,
                12.92819285400003
              ],
              [
                123.5721383340001,
                12.928203999000061
              ],
              [
                123.57214689900002,
                12.928212355000028
              ],
              [
                123.57214687600003,
                12.928259679000064
              ],
              [
                123.57214115600004,
                12.928276380000057
              ],
              [
                123.57214114700002,
                12.928295866000042
              ],
              [
                123.57213542000011,
                12.92832648600006
              ],
              [
                123.57212683800003,
                12.92835432000004
              ],
              [
                123.57209539500002,
                12.928407198000059
              ],
              [
                123.57207824000011,
                12.928443379000043
              ],
              [
                123.572078239,
                12.928446163000046
              ],
              [
                123.5720553750001,
                12.928476775000036
              ],
              [
                123.572009653,
                12.928524079000056
              ],
              [
                123.57198392600003,
                12.928568608000035
              ],
              [
                123.57197820100009,
                12.928593659000057
              ],
              [
                123.5719781890001,
                12.928618714000038
              ],
              [
                123.57198104000008,
                12.92862985000005
              ],
              [
                123.57199816000002,
                12.928666047000036
              ],
              [
                123.57200385700003,
                12.92869945600006
              ],
              [
                123.57200383800011,
                12.928738429000077
              ],
              [
                123.5719952390001,
                12.92880245200007
              ],
              [
                123.57198094400007,
                12.928833068000074
              ],
              [
                123.57196094100004,
                12.92885254500004
              ],
              [
                123.57193522700004,
                12.928869237000072
              ],
              [
                123.57191808200002,
                12.928885932000071
              ],
              [
                123.57190665100006,
                12.928899846000036
              ],
              [
                123.57189236400006,
                12.928910974000075
              ],
              [
                123.57188378900003,
                12.92892488900003
              ],
              [
                123.57187235900005,
                12.928936019000048
              ],
              [
                123.57186092200004,
                12.928961069000025
              ],
              [
                123.57184842900006,
                12.92900181300007
              ],
              [
                123.57184844400001,
                12.929068462000032
              ],
              [
                123.57185065200008,
                12.929077061000044
              ],
              [
                123.57185065400006,
                12.929085661000045
              ],
              [
                123.5718550680001,
                12.929096410000056
              ],
              [
                123.57185727700005,
                12.929107159000068
              ],
              [
                123.57186610400004,
                12.929124357000035
              ],
              [
                123.57187934400008,
                12.929141554000068
              ],
              [
                123.57189037800003,
                12.929160901000046
              ],
              [
                123.57190582300007,
                12.929175947000033
              ],
              [
                123.57191023700011,
                12.929184546000045
              ],
              [
                123.57194995200007,
                12.92922538700003
              ],
              [
                123.57195436600011,
                12.929231836000042
              ],
              [
                123.571963191,
                12.929238284000064
              ],
              [
                123.57196760400006,
                12.929244733000075
              ],
              [
                123.57198525400008,
                12.929257629000062
              ],
              [
                123.57198966800001,
                12.929264077000028
              ],
              [
                123.57200069900011,
                12.92927052500005
              ],
              [
                123.57200511200006,
                12.92927697400006
              ],
              [
                123.57201393700007,
                12.929283422000026
              ],
              [
                123.57202055700009,
                12.929292020000048
              ],
              [
                123.57203820600012,
                12.929302766000035
              ],
              [
                123.5720470330001,
                12.929313514000057
              ],
              [
                123.57205365100003,
                12.929317812000022
              ],
              [
                123.57207130300003,
                12.929335008000066
              ],
              [
                123.57208233500012,
                12.929347905000043
              ],
              [
                123.57208233600011,
                12.929350055000043
              ],
              [
                123.57208895500003,
                12.929356504000054
              ],
              [
                123.57212646800008,
                12.929412395000043
              ],
              [
                123.57212867600003,
                12.929420994000054
              ],
              [
                123.57213309000008,
                12.929429593000066
              ],
              [
                123.5721397100001,
                12.929438191000031
              ],
              [
                123.57215074400006,
                12.929459689000055
              ],
              [
                123.57215736400008,
                12.929468287000077
              ],
              [
                123.5721706060001,
                12.929494084000055
              ],
              [
                123.57218384600003,
                12.929513430000043
              ],
              [
                123.57219710000004,
                12.929546884000047
              ],
              [
                123.57219710100003,
                12.929551184000047
              ],
              [
                123.57220151500007,
                12.929557633000059
              ],
              [
                123.57220372300003,
                12.92956623200007
              ],
              [
                123.57221034200006,
                12.929574831000025
              ],
              [
                123.57221036900012,
                12.929688780000049
              ],
              [
                123.57220816400002,
                12.92969523000005
              ],
              [
                123.5722081670001,
                12.929705980000051
              ],
              [
                123.5722015560001,
                12.929733931000044
              ],
              [
                123.572197146,
                12.929742532000034
              ],
              [
                123.57219494300011,
                12.929755433000025
              ],
              [
                123.57218833000002,
                12.929774784000074
              ],
              [
                123.57218392300001,
                12.929794135000066
              ],
              [
                123.57217951200005,
                12.929798436000056
              ],
              [
                123.57217730800005,
                12.929809186000057
              ],
              [
                123.57216187300003,
                12.929834989000028
              ],
              [
                123.57215746400004,
                12.929845740000076
              ],
              [
                123.57207367600006,
                12.930002707000028
              ],
              [
                123.57197003300007,
                12.930148928000051
              ],
              [
                123.5715392840001,
                12.930702232000044
              ],
              [
                123.5715194390001,
                12.930734486000063
              ],
              [
                123.57149297400008,
                12.93076244100007
              ],
              [
                123.5714885640001,
                12.93077104200006
              ],
              [
                123.57144225000002,
                12.930814052000073
              ],
              [
                123.57140255000002,
                12.930842010000049
              ],
              [
                123.57138931800012,
                12.930857063000076
              ],
              [
                123.57134741400012,
                12.930891472000042
              ],
              [
                123.5713363860001,
                12.930897924000021
              ],
              [
                123.57132977000003,
                12.930906526000058
              ],
              [
                123.57130771400011,
                12.930919430000074
              ],
              [
                123.57129448100011,
                12.930930183000044
              ],
              [
                123.5712834520001,
                12.930934485000023
              ],
              [
                123.57125477900001,
                12.930951691000075
              ],
              [
                123.57119964200001,
                12.930996853000067
              ],
              [
                123.57119082000008,
                12.931005455000047
              ],
              [
                123.57118641000011,
                12.931014056000038
              ],
              [
                123.57117097300011,
                12.931029109000065
              ],
              [
                123.57114230500008,
                12.931069965000063
              ],
              [
                123.57112466500007,
                12.931100068000035
              ],
              [
                123.57111030200008,
                12.93113939500006
              ],
              [
                123.57111030500005,
                12.93115014500006
              ],
              [
                123.57110369100008,
                12.931167346000052
              ],
              [
                123.57110149200003,
                12.931197446000056
              ],
              [
                123.57108606400004,
                12.931257650000077
              ],
              [
                123.57108165400007,
                12.931266250000022
              ],
              [
                123.57106842200005,
                12.931283453000049
              ],
              [
                123.5710353390001,
                12.931309260000035
              ],
              [
                123.57089858900008,
                12.931390990000068
              ],
              [
                123.57081037400008,
                12.931485609000049
              ],
              [
                123.5707442150001,
                12.931571622000035
              ],
              [
                123.57069137200006,
                12.931708651000065
              ],
              [
                123.57056346200011,
                12.931861328000025
              ],
              [
                123.57040687900007,
                12.932031211000037
              ],
              [
                123.57019503100003,
                12.932311238000068
              ],
              [
                123.57003535100012,
                12.932527570000047
              ],
              [
                123.56984348600008,
                12.93276196000005
              ],
              [
                123.56965108800011,
                12.932926977000022
              ],
              [
                123.5694415700001,
                12.933137721000037
              ],
              [
                123.5692180750001,
                12.933425181000075
              ],
              [
                123.56906369700005,
                12.933597213000041
              ],
              [
                123.56860163600004,
                12.933992229000069
              ],
              [
                123.56830173100002,
                12.934327990000043
              ],
              [
                123.56782168600012,
                12.934731858000077
              ],
              [
                123.56730124800004,
                12.935173139000028
              ],
              [
                123.56684833000008,
                12.935532927000054
              ],
              [
                123.56664542200008,
                12.935730767000052
              ],
              [
                123.56642487600004,
                12.935965159000034
              ],
              [
                123.56622419700011,
                12.936261896000076
              ],
              [
                123.56596617600007,
                12.936625934000062
              ],
              [
                123.5655844370001,
                12.937173715000029
              ],
              [
                123.56558065400009,
                12.937173716000075
              ],
              [
                123.56529072300009,
                12.937562383000056
              ],
              [
                123.5650681950001,
                12.937865029000022
              ],
              [
                123.5648541380001,
                12.938156154000069
              ],
              [
                123.5645056510001,
                12.93853406200003
              ],
              [
                123.56431550100001,
                12.938713372000052
              ],
              [
                123.5641796760001,
                12.938829519000024
              ],
              [
                123.5638746520001,
                12.939054129000056
              ],
              [
                123.56356536700002,
                12.939249766000046
              ],
              [
                123.56299408200005,
                12.939652225000032
              ],
              [
                123.5626958470001,
                12.939869988000055
              ],
              [
                123.56248061400004,
                12.940053378000073
              ],
              [
                123.56199649200005,
                12.940458184000022
              ],
              [
                123.56155449500011,
                12.940796370000044
              ],
              [
                123.56122434100007,
                12.941122380000024
              ],
              [
                123.56068724700003,
                12.941638526000077
              ],
              [
                123.56038842900011,
                12.941913601000067
              ],
              [
                123.5600436630001,
                12.942319057000077
              ],
              [
                123.559689993,
                12.942692260000058
              ],
              [
                123.55968581400009,
                12.942698372000052
              ],
              [
                123.55965028900005,
                12.942728936000037
              ],
              [
                123.55962103200011,
                12.942745240000022
              ],
              [
                123.55961476300001,
                12.942753389000075
              ],
              [
                123.55960222500005,
                12.94276357800004
              ],
              [
                123.559587598,
                12.942779878000067
              ],
              [
                123.55955207300008,
                12.94280840500005
              ],
              [
                123.55951237200009,
                12.942853230000026
              ],
              [
                123.5594998360001,
                12.942873603000066
              ],
              [
                123.55948729900001,
                12.942889902000047
              ],
              [
                123.55946640200011,
                12.942906204000053
              ],
              [
                123.55943505900007,
                12.94293880400005
              ],
              [
                123.55943088000004,
                12.942946953000046
              ],
              [
                123.55940789700003,
                12.942977515000052
              ],
              [
                123.55938909000008,
                12.942995852000024
              ],
              [
                123.55938491200004,
                12.943004002000066
              ],
              [
                123.55936401500003,
                12.943020303000026
              ],
              [
                123.55935147800005,
                12.943034565000062
              ],
              [
                123.55930341300007,
                12.943069207000065
              ],
              [
                123.55929714500007,
                12.94307735600006
              ],
              [
                123.55928251700004,
                12.943089582000027
              ],
              [
                123.55927624900005,
                12.94309773200007
              ],
              [
                123.5592574420001,
                12.94311607000003
              ],
              [
                123.55923863700002,
                12.943140519000053
              ],
              [
                123.55923027900008,
                12.943148669000038
              ],
              [
                123.55918222200012,
                12.943211829000063
              ],
              [
                123.55915923700002,
                12.943236279000075
              ],
              [
                123.55914461000009,
                12.943254616000047
              ],
              [
                123.55913207300011,
                12.943266841000025
              ],
              [
                123.55912789400008,
                12.943274990000077
              ],
              [
                123.5591090900001,
                12.943301476000045
              ],
              [
                123.55910282100001,
                12.943307589000028
              ],
              [
                123.55909655300002,
                12.943317775000025
              ],
              [
                123.55909028400004,
                12.943321851000064
              ],
              [
                123.55905685400012,
                12.943368711000062
              ],
              [
                123.55904849500007,
                12.943374824000045
              ],
              [
                123.559023421,
                12.943405386000052
              ],
              [
                123.55901924300008,
                12.943413535000047
              ],
              [
                123.55900043600002,
                12.943431873000065
              ],
              [
                123.55898371800004,
                12.943444099000033
              ],
              [
                123.55896909100011,
                12.943458362000058
              ],
              [
                123.55895237200002,
                12.943468551000024
              ],
              [
                123.5589272950001,
                12.943486891000077
              ],
              [
                123.55891893500007,
                12.943488930000058
              ],
              [
                123.55886459900012,
                12.943515424000054
              ],
              [
                123.55883742900005,
                12.943523579000043
              ],
              [
                123.55879804200003,
                12.943555824000043
              ],
              [
                123.5587562500001,
                12.943598612000073
              ],
              [
                123.55873117300007,
                12.94361695200007
              ],
              [
                123.5587081860001,
                12.943637328000023
              ],
              [
                123.55868310800008,
                12.943651593000027
              ],
              [
                123.55864340300002,
                12.943682158000058
              ],
              [
                123.5586350430001,
                12.94368623400004
              ],
              [
                123.55862250700011,
                12.943702534000067
              ],
              [
                123.55860161100009,
                12.943724946000032
              ],
              [
                123.55859325200004,
                12.943731059000072
              ],
              [
                123.55857026600006,
                12.943753472000026
              ],
              [
                123.55855563700004,
                12.943763661000048
              ],
              [
                123.55852638100009,
                12.94378811200005
              ],
              [
                123.55849712300005,
                12.943804416000035
              ],
              [
                123.55849085400007,
                12.943810528000029
              ],
              [
                123.558436518,
                12.943839060000073
              ],
              [
                123.55842815900007,
                12.943847210000058
              ],
              [
                123.55841980000002,
                12.94385128600004
              ],
              [
                123.55841353100004,
                12.943857399000024
              ],
              [
                123.55840517100012,
                12.943861475000062
              ],
              [
                123.55838009400009,
                12.94387981400007
              ],
              [
                123.55834456700006,
                12.943900193000047
              ],
              [
                123.55832575900001,
                12.943914457000062
              ],
              [
                123.55827978200011,
                12.943936875000077
              ],
              [
                123.55824425300011,
                12.94395114300005
              ],
              [
                123.55823589200008,
                12.943951145000028
              ],
              [
                123.55822335300002,
                12.943957259000058
              ],
              [
                123.55813974700004,
                12.943957280000063
              ],
              [
                123.55812720600011,
                12.94395524500004
              ],
              [
                123.55809794000004,
                12.94394099300007
              ],
              [
                123.55805404400007,
                12.943930819000059
              ],
              [
                123.55803314100001,
                12.943922676000057
              ],
              [
                123.55800387700003,
                12.943916571000045
              ],
              [
                123.55798924500004,
                12.943910464000055
              ],
              [
                123.55798297400008,
                12.943910465000044
              ],
              [
                123.55796416200008,
                12.943906396000045
              ],
              [
                123.55795580000006,
                12.943902324000021
              ],
              [
                123.55791817500005,
                12.94389011100003
              ],
              [
                123.55788052300011,
                12.943887566000058
              ],
              [
                123.55786380200004,
                12.943887570000072
              ],
              [
                123.5578512620001,
                12.943891648000033
              ],
              [
                123.55784290100007,
                12.943891650000069
              ],
              [
                123.55781573000002,
                12.943897767000067
              ],
              [
                123.55780737100008,
                12.943901843000049
              ],
              [
                123.55778438100003,
                12.943907960000047
              ],
              [
                123.5577718400001,
                12.94391
              ],
              [
                123.55776139000011,
                12.943914077000045
              ],
              [
                123.55772377300002,
                12.943934456000022
              ],
              [
                123.55771541400009,
                12.943940569000063
              ],
              [
                123.55770287700011,
                12.943956868000043
              ],
              [
                123.55767572000002,
                12.944017986000063
              ],
              [
                123.55766527900005,
                12.944058729000062
              ],
              [
                123.55766528200002,
                12.94406891400007
              ],
              [
                123.55766110700006,
                12.944091323000066
              ],
              [
                123.55766111100002,
                12.944105582000077
              ],
              [
                123.5576548460001,
                12.944127991000073
              ],
              [
                123.5576527610001,
                12.944150399000023
              ],
              [
                123.55764440700011,
                12.944176882000022
              ],
              [
                123.55763605100003,
                12.94419318100006
              ],
              [
                123.557625604,
                12.94420744200005
              ],
              [
                123.55761724500007,
                12.944213556000022
              ],
              [
                123.55761306600004,
                12.944219668000073
              ],
              [
                123.55759425800011,
                12.94423189400004
              ],
              [
                123.55758380800012,
                12.944235971000069
              ],
              [
                123.55757544900007,
                12.944242084000052
              ],
              [
                123.55756918000009,
                12.944250234000037
              ],
              [
                123.5575420130001,
                12.944268573000045
              ],
              [
                123.55753156500009,
                12.944280798000023
              ],
              [
                123.55752947500002,
                12.944280799000069
              ],
              [
                123.55751275900002,
                12.944303210000044
              ],
              [
                123.55750649100003,
                12.944309323000027
              ],
              [
                123.5574772330001,
                12.944327663000024
              ],
              [
                123.55745842200008,
                12.94432970400004
              ],
              [
                123.55745006300003,
                12.944333780000022
              ],
              [
                123.5574375220001,
                12.944333783000047
              ],
              [
                123.557427071,
                12.944335823000074
              ],
              [
                123.55742080200002,
                12.944339898000067
              ],
              [
                123.55740826200008,
                12.944341938000036
              ],
              [
                123.55737273300008,
                12.944358243000067
              ],
              [
                123.55735601300012,
                12.94436435800003
              ],
              [
                123.55734556300001,
                12.944366398000057
              ],
              [
                123.55733929400003,
                12.944370473000049
              ],
              [
                123.55728913300004,
                12.944380670000044
              ],
              [
                123.55727659200011,
                12.944380673000069
              ],
              [
                123.55724942100005,
                12.944386791000056
              ],
              [
                123.5572264330001,
                12.94439901800007
              ],
              [
                123.55721598200012,
                12.944399021000038
              ],
              [
                123.55719925900007,
                12.944392914000048
              ],
              [
                123.557192987,
                12.944384767000031
              ],
              [
                123.55717207500004,
                12.94434199400007
              ],
              [
                123.55715744000008,
                12.944329776000075
              ],
              [
                123.55714071700004,
                12.944321631000037
              ],
              [
                123.55711772500001,
                12.944317563000027
              ],
              [
                123.5571093640001,
                12.944317565000063
              ],
              [
                123.55708427900004,
                12.944305348000057
              ],
              [
                123.55706755500012,
                12.944293130000062
              ],
              [
                123.5570591930001,
                12.944289058000038
              ],
              [
                123.55705083200007,
                12.944287023000072
              ],
              [
                123.55699439800003,
                12.944287036000048
              ],
              [
                123.55697349800005,
                12.944291115000055
              ],
              [
                123.55694841900004,
                12.944303343000058
              ],
              [
                123.556933791,
                12.944313532000024
              ],
              [
                123.55690871500008,
                12.944340019000038
              ],
              [
                123.55688782400011,
                12.94437872800006
              ],
              [
                123.55688573600003,
                12.94439095100006
              ],
              [
                123.5568815580001,
                12.944397063000054
              ],
              [
                123.55687947000001,
                12.94440724900005
              ],
              [
                123.556873203,
                12.944421509000051
              ],
              [
                123.55686485100011,
                12.944454104000044
              ],
              [
                123.55686485300009,
                12.94446225200005
              ],
              [
                123.55686276400002,
                12.944470401000046
              ],
              [
                123.55686277300003,
                12.944505030000073
              ],
              [
                123.55670812400001,
                12.944596733000026
              ],
              [
                123.55658877100007,
                12.944662728000026
              ],
              [
                123.55636099000003,
                12.94484815100003
              ],
              [
                123.5562544280001,
                12.94499687900003
              ],
              [
                123.55617569600008,
                12.945131657000047
              ],
              [
                123.55616942900008,
                12.945145917000048
              ],
              [
                123.5561631600001,
                12.945154067000033
              ],
              [
                123.556154805,
                12.945178514000077
              ],
              [
                123.55614853700001,
                12.945186663000072
              ],
              [
                123.5561318230001,
                12.945217223000043
              ],
              [
                123.55610883500003,
                12.94523556200005
              ],
              [
                123.55609838600003,
                12.945243712000035
              ],
              [
                123.55606076800007,
                12.945264092000059
              ],
              [
                123.55605658900004,
                12.945268167000052
              ],
              [
                123.55601688000002,
                12.945286509000027
              ],
              [
                123.55600016000005,
                12.945292624000047
              ],
              [
                123.55597089800006,
                12.94529263100003
              ],
              [
                123.55595208500006,
                12.945286525000029
              ],
              [
                123.55589982400011,
                12.945258018000061
              ],
              [
                123.5558794000001,
                12.945243808000043
              ],
              [
                123.55587055700005,
                12.945237655000028
              ],
              [
                123.55584547300009,
                12.945231549000027
              ],
              [
                123.55581620900011,
                12.94522137100006
              ],
              [
                123.55579948500008,
                12.945211190000066
              ],
              [
                123.55578067200008,
                12.945205083000076
              ],
              [
                123.55576813100004,
                12.945203049000042
              ],
              [
                123.55572841800006,
                12.945203058000061
              ],
              [
                123.55570751700009,
                12.945207137000068
              ],
              [
                123.55569079700001,
                12.94521325200003
              ],
              [
                123.555669899,
                12.945225479000044
              ],
              [
                123.55565945100011,
                12.945237704000021
              ],
              [
                123.55565109100007,
                12.94524178000006
              ],
              [
                123.55561556400005,
                12.94526623300004
              ],
              [
                123.55559466700004,
                12.945284571000059
              ],
              [
                123.55558421800004,
                12.945290684000042
              ],
              [
                123.55555914100012,
                12.945313098000042
              ],
              [
                123.5555486940001,
                12.94532532200003
              ],
              [
                123.55554033400006,
                12.945331435000071
              ],
              [
                123.5555215280001,
                12.945351810000034
              ],
              [
                123.55548600700001,
                12.945400707000033
              ],
              [
                123.55547347200002,
                12.945425154000077
              ],
              [
                123.55546720300003,
                12.94543126700006
              ],
              [
                123.55545884600008,
                12.94544552800005
              ],
              [
                123.55543377200001,
                12.945476089000067
              ],
              [
                123.55542750400002,
                12.945486276000054
              ],
              [
                123.55541496600006,
                12.945498501000031
              ],
              [
                123.55539825100004,
                12.945524986000066
              ],
              [
                123.555377356,
                12.945553510000025
              ],
              [
                123.5553501920001,
                12.945586108000043
              ],
              [
                123.55534183300006,
                12.945592221000027
              ],
              [
                123.55533556500006,
                12.94560240800007
              ],
              [
                123.55532929600008,
                12.945608520000064
              ],
              [
                123.55531467100002,
                12.94563296800004
              ],
              [
                123.55530213300005,
                12.945647230000077
              ],
              [
                123.55528750700012,
                12.945669641000052
              ],
              [
                123.5552373490001,
                12.945692060000056
              ],
              [
                123.55520808900008,
                12.945702252000046
              ],
              [
                123.55518301000006,
                12.94571448000005
              ],
              [
                123.55515793200004,
                12.945730782000055
              ],
              [
                123.55514748200005,
                12.945734858000037
              ],
              [
                123.55514330400001,
                12.945743007000033
              ],
              [
                123.55514121600004,
                12.94575319300003
              ],
              [
                123.5551412210001,
                12.945771526000044
              ],
              [
                123.55514331200004,
                12.945777637000049
              ],
              [
                123.5551495850001,
                12.945785784000066
              ],
              [
                123.55518721500005,
                12.945814293000069
              ],
              [
                123.55520393800009,
                12.94582243800005
              ],
              [
                123.5552206640001,
                12.945842804000051
              ],
              [
                123.55523530200003,
                12.945871319000048
              ],
              [
                123.55524784700003,
                12.945887613000025
              ],
              [
                123.55527084300002,
                12.945903904000033
              ],
              [
                123.55527711500008,
                12.94591001300006
              ],
              [
                123.55529592700009,
                12.945914083000048
              ],
              [
                123.5553042890001,
                12.945918155000072
              ],
              [
                123.55531474000009,
                12.945920190000038
              ],
              [
                123.55533146300002,
                12.945926297000028
              ],
              [
                123.55535863800003,
                12.945938513000044
              ],
              [
                123.55536908900001,
                12.945940548000067
              ],
              [
                123.55541507800001,
                12.945960907000028
              ],
              [
                123.55544225100004,
                12.94596701200004
              ],
              [
                123.55549032500005,
                12.945967001000042
              ],
              [
                123.55550913600007,
                12.945964960000026
              ],
              [
                123.5555279460001,
                12.945960881000076
              ],
              [
                123.5555467580001,
                12.945960877000061
              ],
              [
                123.55555511700004,
                12.945956801000023
              ],
              [
                123.55556347800007,
                12.945954762000042
              ],
              [
                123.55557392800006,
                12.945954760000063
              ],
              [
                123.55559900800006,
                12.945946606000064
              ],
              [
                123.5556115490001,
                12.945946603000039
              ],
              [
                123.5556366300001,
                12.94594048600004
              ],
              [
                123.55566171100008,
                12.945938443000045
              ],
              [
                123.5556763410001,
                12.945934366000074
              ],
              [
                123.55575158700003,
                12.945934348000037
              ],
              [
                123.5557683080001,
                12.945930271000066
              ],
              [
                123.55577875800009,
                12.94593026800004
              ],
              [
                123.55578711800001,
                12.94592822900006
              ],
              [
                123.55584072700003,
                12.945927967000046
              ],
              [
                123.55585864200009,
                12.945936692000032
              ],
              [
                123.55588775600006,
                12.945958507000057
              ],
              [
                123.55590119200008,
                12.94596505100003
              ],
              [
                123.55593030600005,
                12.945986866000055
              ],
              [
                123.55594598400012,
                12.94600213800004
              ],
              [
                123.55595718300003,
                12.94601741100007
              ],
              [
                123.5559661420001,
                12.946023955000044
              ],
              [
                123.555977342,
                12.946041411000067
              ],
              [
                123.55597958300007,
                12.946050139000022
              ],
              [
                123.55597958500005,
                12.946061050000026
              ],
              [
                123.55597734900005,
                12.946071962000076
              ],
              [
                123.55596167800002,
                12.946082876000048
              ],
              [
                123.55594376700003,
                12.946091609000064
              ],
              [
                123.55585420900002,
                12.946121186000028
              ],
              [
                123.55548256100008,
                12.946317671000031
              ],
              [
                123.55520962500009,
                12.946434650000072
              ],
              [
                123.55484021000007,
                12.946620224000071
              ],
              [
                123.55469468800004,
                12.94670972800003
              ],
              [
                123.55431408200002,
                12.946906213000034
              ],
              [
                123.55418494100002,
                12.946953363000034
              ],
              [
                123.55395881100003,
                12.947060343000032
              ],
              [
                123.55374611200011,
                12.947145497000065
              ],
              [
                123.55348640200009,
                12.947274306000054
              ],
              [
                123.55335117600009,
                12.94734881900007
              ],
              [
                123.55326386000002,
                12.947401212000045
              ],
              [
                123.55317878100004,
                12.947438329000022
              ],
              [
                123.55309146000002,
                12.947464535000051
              ],
              [
                123.55298622900011,
                12.947503838000046
              ],
              [
                123.55269964600006,
                12.94762610600003
              ],
              [
                123.5525429280001,
                12.947717793000038
              ],
              [
                123.55245560600008,
                12.947739634000072
              ],
              [
                123.5523190240001,
                12.947761486000047
              ],
              [
                123.55222038900001,
                12.947821556000065
              ],
              [
                123.55178827500004,
                12.94801805000003
              ],
              [
                123.55133824200004,
                12.94817744900007
              ],
              [
                123.55101359500009,
                12.948304086000064
              ],
              [
                123.55068884000002,
                12.948439247000067
              ],
              [
                123.55029477700009,
                12.948581175000072
              ],
              [
                123.549934301,
                12.948705636000057
              ],
              [
                123.54983801800006,
                12.948707839000065
              ],
              [
                123.54954918900012,
                12.948803916000031
              ],
              [
                123.54916589600009,
                12.948933883000052
              ],
              [
                123.54887482600009,
                12.94902559600007
              ],
              [
                123.54870689600011,
                12.949058363000063
              ],
              [
                123.54847914200002,
                12.94914761900003
              ],
              [
                123.54830001500011,
                12.949180389000048
              ],
              [
                123.548149996,
                12.949200059000077
              ],
              [
                123.54803580700002,
                12.949239362000071
              ],
              [
                123.54780295500007,
                12.949337608000064
              ],
              [
                123.54761185400002,
                12.949401246000036
              ],
              [
                123.5476073750001,
                12.949401247000026
              ],
              [
                123.54759394200005,
                12.94940779600006
              ],
              [
                123.54758722400004,
                12.949407798000038
              ],
              [
                123.54753348700001,
                12.949423084000045
              ],
              [
                123.54749318400002,
                12.949431821000076
              ],
              [
                123.54748422800003,
                12.94943618700006
              ],
              [
                123.54744616300002,
                12.949442741000041
              ],
              [
                123.54740809700002,
                12.94944274900007
              ],
              [
                123.54738346700003,
                12.949447118000023
              ],
              [
                123.54737003200012,
                12.949447121000048
              ],
              [
                123.5473140580001,
                12.949468954000054
              ],
              [
                123.54728494900007,
                12.949473325000042
              ],
              [
                123.54727599400007,
                12.949477691000027
              ],
              [
                123.54699054900004,
                12.949549760000025
              ],
              [
                123.54656064400001,
                12.949634952000054
              ],
              [
                123.54609586900006,
                12.949715784000034
              ],
              [
                123.54563596800006,
                12.949803162000023
              ],
              [
                123.5453986220001,
                12.949829394000062
              ],
              [
                123.54538071000002,
                12.949835944000029
              ],
              [
                123.54535831900012,
                12.949840313000038
              ],
              [
                123.54534264600011,
                12.949846863000062
              ],
              [
                123.54530234200001,
                12.94985123500004
              ],
              [
                123.54529338600003,
                12.949855601000024
              ],
              [
                123.54527995300009,
                12.949866514000064
              ],
              [
                123.5452687610001,
                12.949883974000045
              ],
              [
                123.54523293800003,
                12.949903621000033
              ],
              [
                123.54514561100007,
                12.949903638000023
              ],
              [
                123.54512321900006,
                12.949901460000035
              ],
              [
                123.54510082600007,
                12.949897099000054
              ],
              [
                123.54508963100011,
                12.949897102000023
              ],
              [
                123.54507843400006,
                12.949894922000055
              ],
              [
                123.54506723800012,
                12.949890559000039
              ],
              [
                123.54505828000003,
                12.949884014000077
              ],
              [
                123.54501125700006,
                12.949881841000035
              ],
              [
                123.54499557500003,
                12.94984256400005
              ],
              [
                123.54507169500005,
                12.949785812000073
              ],
              [
                123.54515900700005,
                12.949711600000057
              ],
              [
                123.54521721800006,
                12.949676674000045
              ],
              [
                123.54534036200005,
                12.949624277000055
              ],
              [
                123.54534707800008,
                12.949617729000067
              ],
              [
                123.54535155400004,
                12.949609
              ],
              [
                123.54535379200001,
                12.949600271000065
              ],
              [
                123.54535378600008,
                12.94957190200006
              ],
              [
                123.54534930600005,
                12.949563174000048
              ],
              [
                123.54533810700002,
                12.949545718000024
              ],
              [
                123.54531347200009,
                12.949523901000077
              ],
              [
                123.54530227500004,
                12.94951953900005
              ],
              [
                123.54529555700003,
                12.94951954000004
              ],
              [
                123.54528436200007,
                12.949523906000024
              ],
              [
                123.54526869000006,
                12.949534821000043
              ],
              [
                123.54525973500006,
                12.949539187000028
              ],
              [
                123.54523510800004,
                12.949558831000047
              ],
              [
                123.5452216760001,
                12.949571927000022
              ],
              [
                123.54519705200005,
                12.949606847000041
              ],
              [
                123.54516570800001,
                12.949628675000042
              ],
              [
                123.54515675200003,
                12.949633041000027
              ],
              [
                123.545132125,
                12.949650504000033
              ],
              [
                123.54511869100008,
                12.949657053000067
              ],
              [
                123.54510078100009,
                12.949670150000031
              ],
              [
                123.54505152400009,
                12.949691981000058
              ],
              [
                123.54504256700011,
                12.94969416500004
              ],
              [
                123.54502689600008,
                12.949705079000069
              ],
              [
                123.54499555000007,
                12.949720360000072
              ],
              [
                123.54498211700002,
                12.949729092000041
              ],
              [
                123.54495748700003,
                12.94973346100005
              ],
              [
                123.5449530090001,
                12.949735644000043
              ],
              [
                123.54493061800008,
                12.949735648000058
              ],
              [
                123.54492390000007,
                12.949733467000044
              ],
              [
                123.5448869710001,
                12.94973234500003
              ],
              [
                123.54486681900005,
                12.94973671300005
              ],
              [
                123.54482651400008,
                12.949736721000022
              ],
              [
                123.54480412300006,
                12.949741089000042
              ],
              [
                123.54478397200012,
                12.949747640000055
              ],
              [
                123.54470113100001,
                12.949786935000077
              ],
              [
                123.54466307100006,
                12.949819676000061
              ],
              [
                123.54465187800008,
                12.94983495300005
              ],
              [
                123.54464068700008,
                12.949854595000033
              ],
              [
                123.54462053800012,
                12.949876421000056
              ],
              [
                123.5446115850001,
                12.949893881000037
              ],
              [
                123.54459144900011,
                12.949974626000028
              ],
              [
                123.54455786900007,
                12.950011730000028
              ],
              [
                123.54454219700006,
                12.950022644000057
              ],
              [
                123.54453324100007,
                12.950027010000042
              ],
              [
                123.54452428500008,
                12.950029194000024
              ],
              [
                123.54450413200004,
                12.950029198000038
              ],
              [
                123.54449517500007,
                12.950027017000025
              ],
              [
                123.5444391960001,
                12.950027028000022
              ],
              [
                123.544430239,
                12.950024847000066
              ],
              [
                123.54439441200009,
                12.950024854000048
              ],
              [
                123.54436978100011,
                12.95002267700005
              ],
              [
                123.54435186600006,
                12.950016133000076
              ],
              [
                123.54430450400002,
                12.950017229000025
              ],
              [
                123.54429122500005,
                12.950020467000058
              ],
              [
                123.5441949530001,
                12.950020485000039
              ],
              [
                123.54418167500012,
                12.950023723000072
              ],
              [
                123.54415179700004,
                12.950023729000065
              ],
              [
                123.54413851900006,
                12.950026966000053
              ],
              [
                123.54412524000008,
                12.950026969000021
              ],
              [
                123.5441119620001,
                12.950033442000063
              ],
              [
                123.54409868400012,
                12.95003668000004
              ],
              [
                123.54405553100003,
                12.95005610000004
              ],
              [
                123.54404225300004,
                12.950059338000074
              ],
              [
                123.5439990960001,
                12.950059346000046
              ],
              [
                123.54398581600003,
                12.950056113000073
              ],
              [
                123.54395261700006,
                12.950046413000052
              ],
              [
                123.5439393370001,
                12.950039945000071
              ],
              [
                123.54392273700012,
                12.950036713000031
              ],
              [
                123.54389285700006,
                12.950020542000061
              ],
              [
                123.54386961700004,
                12.95001407500007
              ],
              [
                123.54386629700002,
                12.95001084100005
              ],
              [
                123.54383641600009,
                12.949994670000024
              ],
              [
                123.54380321400004,
                12.949972029000037
              ],
              [
                123.5437932540001,
                12.949968795000075
              ],
              [
                123.54377997300003,
                12.949959092000029
              ],
              [
                123.54376669300007,
                12.949952624000048
              ],
              [
                123.54371689100003,
                12.949920280000072
              ],
              [
                123.54369032900001,
                12.949900873000047
              ],
              [
                123.54359072800003,
                12.949855597000067
              ],
              [
                123.54352023600006,
                12.949825843000042
              ],
              [
                123.54351534400007,
                12.949823778000052
              ],
              [
                123.54349780000007,
                12.94981950700003
              ],
              [
                123.54346490300009,
                12.949802416000068
              ],
              [
                123.54343420000009,
                12.949791736000066
              ],
              [
                123.54338814400012,
                12.949768236000068
              ],
              [
                123.54336840700012,
                12.949761828000021
              ],
              [
                123.54334867000011,
                12.949757557000055
              ],
              [
                123.54334209000001,
                12.949753284000053
              ],
              [
                123.543333318,
                12.949751149000065
              ],
              [
                123.54332454700011,
                12.949751150000054
              ],
              [
                123.54331577500011,
                12.949749015000066
              ],
              [
                123.5432741090001,
                12.949749022000049
              ],
              [
                123.5432653370001,
                12.94974688700006
              ],
              [
                123.54325656600008,
                12.94974688800005
              ],
              [
                123.54324340700009,
                12.949742617000027
              ],
              [
                123.54323463500009,
                12.949738344000025
              ],
              [
                123.54321050900012,
                12.949719114000061
              ],
              [
                123.54320612200002,
                12.949710566000022
              ],
              [
                123.54320173300005,
                12.949693470000057
              ],
              [
                123.54320173100007,
                12.949684922000074
              ],
              [
                123.54319734400008,
                12.949676374000035
              ],
              [
                123.5431819910001,
                12.949665691000064
              ],
              [
                123.5431644460001,
                12.94965714600005
              ],
              [
                123.5431534820001,
                12.949655011000061
              ],
              [
                123.5429692780001,
                12.949655044000053
              ],
              [
                123.54294296400008,
                12.949659323000049
              ],
              [
                123.54292322800006,
                12.949659327000063
              ],
              [
                123.54289252900003,
                12.949663607000048
              ],
              [
                123.54284209200011,
                12.949663616000066
              ],
              [
                123.54281139300008,
                12.94966789600005
              ],
              [
                123.54278727100007,
                12.949667900000065
              ],
              [
                123.54274513300004,
                12.949674816000027
              ],
              [
                123.54274293800006,
                12.949676956000076
              ],
              [
                123.54272097900002,
                12.949681240000075
              ],
              [
                123.54271219600002,
                12.949685522000038
              ],
              [
                123.54254969600004,
                12.949685551000073
              ],
              [
                123.5425211480001,
                12.949681276000035
              ],
              [
                123.54249259900007,
                12.94967272100007
              ],
              [
                123.54248161900011,
                12.949672723000049
              ],
              [
                123.54247283500001,
                12.949670584000046
              ],
              [
                123.54245526700004,
                12.949670587000071
              ],
              [
                123.54243550300009,
                12.949666311000044
              ],
              [
                123.54220493000003,
                12.949666352000065
              ],
              [
                123.54219614600004,
                12.949668493000047
              ],
              [
                123.54214344400009,
                12.949670643000047
              ],
              [
                123.54213466200008,
                12.949674925000068
              ],
              [
                123.54212587800009,
                12.949674926000057
              ],
              [
                123.54211489900001,
                12.949679208000077
              ],
              [
                123.54208854900003,
                12.949685633000058
              ],
              [
                123.5420665900001,
                12.949687777000065
              ],
              [
                123.54197875300008,
                12.949687793000066
              ],
              [
                123.54193702900011,
                12.949679240000023
              ],
              [
                123.54192385300007,
                12.949679242000059
              ],
              [
                123.54190408900001,
                12.949674966000032
              ],
              [
                123.54189091400008,
                12.949674968000068
              ],
              [
                123.54182064000008,
                12.949653580000074
              ],
              [
                123.54179648400009,
                12.949649304000047
              ],
              [
                123.54174808000005,
                12.94965359400004
              ],
              [
                123.54172612100001,
                12.949657878000039
              ],
              [
                123.5417019680001,
                12.949670723000054
              ],
              [
                123.54166463900003,
                12.949681430000055
              ],
              [
                123.54165805200012,
                12.94968571100003
              ],
              [
                123.54164707300004,
                12.949687853000057
              ],
              [
                123.54159656600007,
                12.949687862000076
              ],
              [
                123.5415548420001,
                12.949683589000074
              ],
              [
                123.54153288200007,
                12.949679313000047
              ],
              [
                123.54151970700002,
                12.949679315000026
              ],
              [
                123.54148676600005,
                12.949672901000042
              ],
              [
                123.54147359100011,
                12.949672903000021
              ],
              [
                123.54141869000011,
                12.949662212000021
              ],
              [
                123.54139233700005,
                12.949653656000066
              ],
              [
                123.54131328400001,
                12.949653670000032
              ],
              [
                123.5411595710001,
                12.949668678000023
              ],
              [
                123.54049078900005,
                12.949596032000045
              ],
              [
                123.5401506710001,
                12.94956695600007
              ],
              [
                123.53981028800001,
                12.949492110000051
              ],
              [
                123.53967719700006,
                12.949498554000058
              ],
              [
                123.53946858100005,
                12.949487889000068
              ],
              [
                123.53912220600012,
                12.949440865000042
              ],
              [
                123.53908926400004,
                12.94942375000005
              ],
              [
                123.5390760890001,
                12.94942375200003
              ],
              [
                123.53906730500012,
                12.949421614000073
              ],
              [
                123.53893115700009,
                12.949421636000068
              ],
              [
                123.53884163300006,
                12.949406671000077
              ],
              [
                123.53849484000011,
                12.949297585000068
              ],
              [
                123.53816022900003,
                12.949166612000056
              ],
              [
                123.53773108700011,
                12.949093920000053
              ],
              [
                123.53752466000003,
                12.949042591000023
              ],
              [
                123.53680502400005,
                12.948705633000031
              ],
              [
                123.53620626700001,
                12.948410397000032
              ],
              [
                123.53571923800007,
                12.94811908400004
              ],
              [
                123.5356401790001,
                12.948084855000047
              ],
              [
                123.53557429000011,
                12.94801852200004
              ],
              [
                123.53556989800006,
                12.948016383000038
              ],
              [
                123.53556330900005,
                12.94800996400005
              ],
              [
                123.53552597100008,
                12.947967168000048
              ],
              [
                123.53546448000009,
                12.94793293600003
              ],
              [
                123.53545350000002,
                12.947928657000034
              ],
              [
                123.53544471600003,
                12.94792865900007
              ],
              [
                123.5354315400001,
                12.947924380000075
              ],
              [
                123.53540957900009,
                12.947913683000024
              ],
              [
                123.53539200900002,
                12.947896565000065
              ],
              [
                123.53538322500003,
                12.947892287000059
              ],
              [
                123.53537004700001,
                12.947877308000045
              ],
              [
                123.53535906600007,
                12.947870890000047
              ],
              [
                123.53535028100009,
                12.947860190000029
              ],
              [
                123.5353349070001,
                12.947847352000053
              ],
              [
                123.53531514000008,
                12.947825955000042
              ],
              [
                123.53527341300003,
                12.947791720000055
              ],
              [
                123.53526023500001,
                12.947778881000033
              ],
              [
                123.53523388200006,
                12.947766045000037
              ],
              [
                123.53522509800007,
                12.947763906000034
              ],
              [
                123.5352075290001,
                12.947753208000051
              ],
              [
                123.53520313600006,
                12.947746789000064
              ],
              [
                123.5352031330001,
                12.94772752800003
              ],
              [
                123.53520972000001,
                12.947721107000064
              ],
              [
                123.53522728500002,
                12.947710404000077
              ],
              [
                123.53525363400001,
                12.947697559000062
              ],
              [
                123.53528656900005,
                12.947674014000029
              ],
              [
                123.53530193800009,
                12.94766117100005
              ],
              [
                123.53531950400009,
                12.947652608000055
              ],
              [
                123.53532828700008,
                12.947650466000027
              ],
              [
                123.53533487400011,
                12.947644045000061
              ],
              [
                123.53534365700011,
                12.947641904000022
              ],
              [
                123.53536561700002,
                12.947646181000039
              ],
              [
                123.53537220600003,
                12.947650460000034
              ],
              [
                123.53538318800008,
                12.947665439000048
              ],
              [
                123.53540515000009,
                12.947684696000067
              ],
              [
                123.53546005100009,
                12.947708228000067
              ],
              [
                123.53547981600002,
                12.947714645000076
              ],
              [
                123.53549957900009,
                12.94771464200005
              ],
              [
                123.53551055800006,
                12.947712501000069
              ],
              [
                123.53552812500004,
                12.94770821800006
              ],
              [
                123.53553471200007,
                12.947701797000036
              ],
              [
                123.53553690600006,
                12.947693236000077
              ],
              [
                123.53553690400008,
                12.947682536000059
              ],
              [
                123.53553251100004,
                12.947673976000033
              ],
              [
                123.53553251000005,
                12.947665416000063
              ],
              [
                123.5355303120001,
                12.947656856000037
              ],
              [
                123.53553030600006,
                12.947620474000075
              ],
              [
                123.53554128300004,
                12.947603352000044
              ],
              [
                123.53557421800008,
                12.94758194600007
              ],
              [
                123.53559178300009,
                12.947566963000043
              ],
              [
                123.53560276000007,
                12.94755198100006
              ],
              [
                123.53560934500001,
                12.947532719000037
              ],
              [
                123.53560933400001,
                12.947464237000077
              ],
              [
                123.53560713600007,
                12.947453536000069
              ],
              [
                123.53560713400009,
                12.947436416000073
              ],
              [
                123.53560274000006,
                12.947427856000047
              ],
              [
                123.53559834600003,
                12.947410736000052
              ],
              [
                123.53557857700002,
                12.947374358000047
              ],
              [
                123.53555661400003,
                12.947355101000028
              ],
              [
                123.5355368490001,
                12.947342263000053
              ],
              [
                123.53551269400009,
                12.947342267000067
              ],
              [
                123.535501715,
                12.947344409000038
              ],
              [
                123.53547536600001,
                12.947357253000064
              ],
              [
                123.53545121200011,
                12.947361537000063
              ],
              [
                123.5354358410001,
                12.947367960000065
              ],
              [
                123.53539851500011,
                12.94739364700007
              ],
              [
                123.53533044700009,
                12.947423618000073
              ],
              [
                123.53530190300012,
                12.947440743000072
              ],
              [
                123.53525579200004,
                12.947462151000025
              ],
              [
                123.53522724700008,
                12.947472856000047
              ],
              [
                123.5351833310001,
                12.94748570300004
              ],
              [
                123.53513721700006,
                12.947485710000024
              ],
              [
                123.53510427800006,
                12.947481435000043
              ],
              [
                123.53509549400007,
                12.947477156000048
              ],
              [
                123.53508671000009,
                12.947475017000045
              ],
              [
                123.53505156900007,
                12.947436501000027
              ],
              [
                123.5350152740001,
                12.947405660000072
              ],
              [
                123.53501307600004,
                12.947394960000054
              ],
              [
                123.53500868300011,
                12.947386401000074
              ],
              [
                123.53500209100002,
                12.94735858100006
              ],
              [
                123.53499769700011,
                12.947350021000034
              ],
              [
                123.53497573400011,
                12.947324343000048
              ],
              [
                123.53487689400004,
                12.947172413000033
              ],
              [
                123.53470557700007,
                12.946939171000054
              ],
              [
                123.53461992100006,
                12.946842881000066
              ],
              [
                123.534503674,
                12.946656396000037
              ],
              [
                123.53437408100001,
                12.946438127000022
              ],
              [
                123.53423789800001,
                12.946198460000062
              ],
              [
                123.5341583500001,
                12.946008362000043
              ],
              [
                123.53415834900011,
                12.946004018000053
              ],
              [
                123.53414943300004,
                12.945986646000051
              ],
              [
                123.53414497300002,
                12.94596927300006
              ],
              [
                123.53413605700007,
                12.945954073000053
              ],
              [
                123.53410485200004,
                12.945912817000021
              ],
              [
                123.53410262200009,
                12.94590413000003
              ],
              [
                123.53409147700006,
                12.945884587000023
              ],
              [
                123.53408479100005,
                12.945875901000022
              ],
              [
                123.53407587400011,
                12.945858529000077
              ],
              [
                123.5340691880001,
                12.94585201500007
              ],
              [
                123.53406473000007,
                12.94584332900007
              ],
              [
                123.53406472800009,
                12.945832471000074
              ],
              [
                123.53406918200005,
                12.945821612000032
              ],
              [
                123.53407586600008,
                12.945812924000052
              ],
              [
                123.53408700600005,
                12.945804235000026
              ],
              [
                123.53410705700003,
                12.94578468700007
              ],
              [
                123.53412042200011,
                12.945758624000064
              ],
              [
                123.53412710300006,
                12.945734734000041
              ],
              [
                123.53413378700009,
                12.945728218000056
              ],
              [
                123.53414269900009,
                12.945723873000077
              ],
              [
                123.53415606600004,
                12.945708669000055
              ],
              [
                123.53415829300002,
                12.945699982000065
              ],
              [
                123.53415828900006,
                12.945680437000021
              ],
              [
                123.5341515990001,
                12.945652206000034
              ],
              [
                123.53414268200004,
                12.945632662000037
              ],
              [
                123.53414045200009,
                12.945623976000036
              ],
              [
                123.53414045000011,
                12.94560877400005
              ],
              [
                123.53413153300005,
                12.945589231000042
              ],
              [
                123.53412484600005,
                12.945580545000041
              ],
              [
                123.53411593200008,
                12.945574032000025
              ],
              [
                123.5341070180001,
                12.945571861000076
              ],
              [
                123.53409587600004,
                12.945571863000055
              ],
              [
                123.53408696400004,
                12.945576208000034
              ],
              [
                123.53407359700009,
                12.945591412000056
              ],
              [
                123.53406245500003,
                12.94559358600003
              ],
              [
                123.53404462700007,
                12.945584902000064
              ],
              [
                123.53403571100012,
                12.945569702000057
              ],
              [
                123.53403570400008,
                12.945530612000027
              ],
              [
                123.53404683100007,
                12.945452429000056
              ],
              [
                123.53404682400003,
                12.945411167000032
              ],
              [
                123.53404905000002,
                12.945400308000046
              ],
              [
                123.53404904700005,
                12.94538076300006
              ],
              [
                123.53406908800002,
                12.945306922000043
              ],
              [
                123.53407354400008,
                12.945300406000058
              ],
              [
                123.53407353600005,
                12.945261316000028
              ],
              [
                123.53406907200008,
                12.945218581000063
              ],
              [
                123.53406238200012,
                12.94518817900007
              ],
              [
                123.53406237800004,
                12.945168633000037
              ],
              [
                123.53405792,
                12.945159948000025
              ],
              [
                123.53405569000006,
                12.945151261000035
              ],
              [
                123.53402225500008,
                12.94509697500007
              ],
              [
                123.533995505,
                12.945040515000073
              ],
              [
                123.53399104400012,
                12.945020971000076
              ],
              [
                123.53399103800007,
                12.944988396000042
              ],
              [
                123.53399549200003,
                12.944971021000072
              ],
              [
                123.53399548900006,
                12.944957991000024
              ],
              [
                123.53399103000004,
                12.944942790000027
              ],
              [
                123.53399102800006,
                12.944931932000031
              ],
              [
                123.53398656800005,
                12.94491455900004
              ],
              [
                123.53397988000006,
                12.944899358000043
              ],
              [
                123.53395982200004,
                12.944877645000076
              ],
              [
                123.53394422100007,
                12.94486678900006
              ],
              [
                123.53393530700009,
                12.944858104000048
              ],
              [
                123.5339219330001,
                12.944840733000035
              ],
              [
                123.53391078700008,
                12.944814675000032
              ],
              [
                123.53388849800001,
                12.944782103000023
              ],
              [
                123.53388181100001,
                12.944773418000068
              ],
              [
                123.53385506900008,
                12.944756049000034
              ],
              [
                123.53384392400005,
                12.944738677000032
              ],
              [
                123.5338439190001,
                12.944710445000055
              ],
              [
                123.53384837300007,
                12.94469958600007
              ],
              [
                123.5338483700001,
                12.944680041000026
              ],
              [
                123.53384836700002,
                12.94466483900004
              ],
              [
                123.53384390500003,
                12.944636608000053
              ],
              [
                123.53383944500001,
                12.944614892000061
              ],
              [
                123.5338349860001,
                12.94460620600006
              ],
              [
                123.53381938600012,
                12.944593179000037
              ],
              [
                123.533812699,
                12.944584493000036
              ],
              [
                123.53381269500005,
                12.944562776000055
              ],
              [
                123.53381714900001,
                12.944545402000074
              ],
              [
                123.53383051600008,
                12.944528026000057
              ],
              [
                123.53384388300003,
                12.94451499400003
              ],
              [
                123.53386170700003,
                12.944501961000071
              ],
              [
                123.53386616300008,
                12.94449544500003
              ],
              [
                123.5338928970001,
                12.944467208000049
              ],
              [
                123.53395528200008,
                12.944421592000026
              ],
              [
                123.53395973700003,
                12.944412905000036
              ],
              [
                123.53395973500005,
                12.944404218000045
              ],
              [
                123.53397087100007,
                12.944371154000066
              ],
              [
                123.53399983200006,
                12.944329886000048
              ],
              [
                123.53400205900004,
                12.944323371000053
              ],
              [
                123.534015425,
                12.944301652000036
              ],
              [
                123.53401765100011,
                12.944292964000056
              ],
              [
                123.53402656100002,
                12.944275589000029
              ],
              [
                123.53403547000005,
                12.944249528000057
              ],
              [
                123.53403545600008,
                12.94417351800007
              ],
              [
                123.53403099500008,
                12.944151802000022
              ],
              [
                123.53403099200011,
                12.944136600000036
              ],
              [
                123.53402430300002,
                12.944110541000043
              ],
              [
                123.53401538600008,
                12.944090998000036
              ],
              [
                123.53400869900008,
                12.944082312000035
              ],
              [
                123.53399978300001,
                12.944064940000032
              ],
              [
                123.53387941800008,
                12.943867338000075
              ],
              [
                123.53380140100012,
                12.943724364000047
              ],
              [
                123.53358738200006,
                12.943161115000066
              ],
              [
                123.53356063100011,
                12.943100313000059
              ],
              [
                123.53354188100002,
                12.943031835000056
              ],
              [
                123.53352495500008,
                12.94297001700005
              ],
              [
                123.5335048710001,
                12.942809316000023
              ],
              [
                123.5335026250001,
                12.942709419000039
              ],
              [
                123.53350707900006,
                12.942698560000053
              ],
              [
                123.53352712900005,
                12.942672496000057
              ],
              [
                123.53354718000003,
                12.94265077600005
              ],
              [
                123.53355609200003,
                12.942644259000076
              ],
              [
                123.53358283000011,
                12.942633396000076
              ],
              [
                123.53359397100007,
                12.94263339400004
              ],
              [
                123.53360511300002,
                12.942635564000057
              ],
              [
                123.53360511400001,
                12.942644251000047
              ],
              [
                123.53360957300004,
                12.942652937000048
              ],
              [
                123.5336207150001,
                12.94265727800007
              ],
              [
                123.53363854100007,
                12.942657275000045
              ],
              [
                123.53365413800009,
                12.942652929000076
              ],
              [
                123.53366305000009,
                12.942646412000045
              ],
              [
                123.53367641800003,
                12.942633380000075
              ],
              [
                123.5336808730001,
                12.942624692000038
              ],
              [
                123.53368086500006,
                12.942581259000065
              ],
              [
                123.53366972100002,
                12.942566059000058
              ],
              [
                123.53365189300007,
                12.94255954700003
              ],
              [
                123.53361401200004,
                12.942559553000024
              ],
              [
                123.53358727500006,
                12.942570416000024
              ],
              [
                123.53357836200007,
                12.942572590000054
              ],
              [
                123.53356944900008,
                12.942572591000044
              ],
              [
                123.5335605350001,
                12.942570421000028
              ],
              [
                123.53356053200002,
                12.942550876000041
              ],
              [
                123.5335649860001,
                12.942540017000056
              ],
              [
                123.53357167000001,
                12.942531329000076
              ],
              [
                123.53359617800004,
                12.942513951000024
              ],
              [
                123.53360286100008,
                12.942507435000039
              ],
              [
                123.53363627600004,
                12.942455309000024
              ],
              [
                123.53363850300002,
                12.942446622000034
              ],
              [
                123.53363849700008,
                12.942416218000062
              ],
              [
                123.53364072200009,
                12.942396673000076
              ],
              [
                123.5336496320001,
                12.942377126000054
              ],
              [
                123.53365408800005,
                12.942372782000064
              ],
              [
                123.53366522800002,
                12.942366265000032
              ],
              [
                123.53366968300008,
                12.942357577000053
              ],
              [
                123.533698651,
                12.942357572000049
              ],
              [
                123.53371647800009,
                12.94236191300007
              ],
              [
                123.53372761900005,
                12.942361911000035
              ],
              [
                123.53373653300002,
                12.94236408100005
              ],
              [
                123.53374767500009,
                12.942368422000072
              ],
              [
                123.53377664400011,
                12.942374932000064
              ],
              [
                123.53378555800009,
                12.942379274000075
              ],
              [
                123.53379447200007,
                12.942381444000034
              ],
              [
                123.53380561400002,
                12.94238795700005
              ],
              [
                123.53381452800011,
                12.942390128000056
              ],
              [
                123.53382121300001,
                12.942394470000067
              ],
              [
                123.53386577900005,
                12.942394462000038
              ],
              [
                123.53388137700006,
                12.942392288000065
              ],
              [
                123.53390588700006,
                12.942385768000065
              ],
              [
                123.53390811500003,
                12.94238359600007
              ],
              [
                123.53391702800002,
                12.942381423000029
              ],
              [
                123.53392594000002,
                12.94237707800005
              ],
              [
                123.53393708200008,
                12.94237707600007
              ],
              [
                123.53394599400008,
                12.942372731000034
              ],
              [
                123.53395490700007,
                12.942372730000045
              ],
              [
                123.53397050400008,
                12.94236404000003
              ],
              [
                123.53398482800003,
                12.94234117800005
              ],
              [
                123.53400487800002,
                12.942315114000053
              ],
              [
                123.53400933300009,
                12.942306427000062
              ],
              [
                123.53402047200007,
                12.94229122300004
              ],
              [
                123.5340516650001,
                12.94227601600005
              ],
              [
                123.53406280500008,
                12.942267327000025
              ],
              [
                123.53407171800006,
                12.942262982000045
              ],
              [
                123.53410068000005,
                12.94223257300007
              ],
              [
                123.53410959200005,
                12.942228228000033
              ],
              [
                123.53412518900006,
                12.942217367000069
              ],
              [
                123.53414301300006,
                12.942208677000053
              ],
              [
                123.53415192500006,
                12.942202161000068
              ],
              [
                123.53416529200001,
                12.942186956000057
              ],
              [
                123.53417420200003,
                12.94216958100003
              ],
              [
                123.53417642900001,
                12.94216089400004
              ],
              [
                123.53417642000011,
                12.942113117000076
              ],
              [
                123.53417419000004,
                12.942104431000075
              ],
              [
                123.534169732,
                12.942095745000074
              ],
              [
                123.53417195500003,
                12.942065341000045
              ],
              [
                123.53418309300002,
                12.942047965000029
              ],
              [
                123.53420537200009,
                12.942028416000028
              ],
              [
                123.53421651300005,
                12.942021899000054
              ],
              [
                123.53423210800008,
                12.942008867000027
              ],
              [
                123.53425215900006,
                12.941984974000036
              ],
              [
                123.53426106800009,
                12.941967599000066
              ],
              [
                123.53426329500007,
                12.94195674100007
              ],
              [
                123.5342632930001,
                12.941948054000022
              ],
              [
                123.53426552000008,
                12.941939367000032
              ],
              [
                123.53426551600012,
                12.941919822000045
              ],
              [
                123.5342677430001,
                12.941911135000055
              ],
              [
                123.53426773900003,
                12.941889418000073
              ],
              [
                123.53427219200012,
                12.941872043000046
              ],
              [
                123.53427664700007,
                12.941863356000056
              ],
              [
                123.53428110300001,
                12.94185684000007
              ],
              [
                123.53429447000008,
                12.941843808000044
              ],
              [
                123.53430338200008,
                12.941839463000065
              ],
              [
                123.53433234600004,
                12.941815569000028
              ],
              [
                123.53434125800004,
                12.941811224000048
              ],
              [
                123.53434794200007,
                12.941804708000063
              ],
              [
                123.53435908000006,
                12.941787333000036
              ],
              [
                123.53436353300003,
                12.941769958000066
              ],
              [
                123.53436353100005,
                12.94175910000007
              ],
              [
                123.5343546150001,
                12.941741728000068
              ],
              [
                123.53433455700008,
                12.94172218600005
              ],
              [
                123.53434569500007,
                12.941702639000027
              ],
              [
                123.53435014800004,
                12.941685265000046
              ],
              [
                123.53435237400004,
                12.941674406000061
              ],
              [
                123.53435236700011,
                12.941635316000031
              ],
              [
                123.53435682000008,
                12.94161794200005
              ],
              [
                123.53437687100006,
                12.941596221000054
              ],
              [
                123.53440361000003,
                12.94159187300005
              ],
              [
                123.53441252300001,
                12.94159187200006
              ],
              [
                123.53442143500001,
                12.941587527000024
              ],
              [
                123.53443926000011,
                12.941583180000066
              ],
              [
                123.53445485600002,
                12.941567976000044
              ],
              [
                123.53446376600004,
                12.941550601000074
              ],
              [
                123.53446376400007,
                12.941541914000027
              ],
              [
                123.53446821500006,
                12.94151314100003
              ],
              [
                123.5344592990001,
                12.941493597000033
              ],
              [
                123.53445929500003,
                12.941476224000041
              ],
              [
                123.53446820500005,
                12.941458849000071
              ],
              [
                123.5344682000001,
                12.941432788000043
              ],
              [
                123.53445928400004,
                12.941413245000035
              ],
              [
                123.53445482400002,
                12.941395872000044
              ],
              [
                123.53445482200004,
                12.941387185000053
              ],
              [
                123.53445927700011,
                12.941376326000068
              ],
              [
                123.53452388200003,
                12.941295962000027
              ],
              [
                123.53453056600006,
                12.941289446000042
              ],
              [
                123.53454170400005,
                12.941269899000076
              ],
              [
                123.53454615600003,
                12.941246009000054
              ],
              [
                123.53454615300006,
                12.941228636000062
              ],
              [
                123.53454837900006,
                12.941217777000077
              ],
              [
                123.53455283300002,
                12.941202574000044
              ],
              [
                123.53456397100001,
                12.941185199000074
              ],
              [
                123.5345840220001,
                12.941167822000068
              ],
              [
                123.5345929340001,
                12.941163477000032
              ],
              [
                123.53462413000011,
                12.941161300000033
              ],
              [
                123.5346419550001,
                12.941156953000075
              ],
              [
                123.53465754800004,
                12.941128719000062
              ],
              [
                123.53465977500002,
                12.941120032000072
              ],
              [
                123.53465977100007,
                12.941098315000033
              ],
              [
                123.53465754000001,
                12.941087457000037
              ],
              [
                123.53465753400008,
                12.94105488100007
              ],
              [
                123.53465976100006,
                12.941046194000023
              ],
              [
                123.53467312700002,
                12.941028819000053
              ],
              [
                123.53467981100005,
                12.941024474000073
              ],
              [
                123.53470655000001,
                12.941017954000074
              ],
              [
                123.53471323300005,
                12.941011438000032
              ],
              [
                123.53471323100007,
                12.941000580000036
              ],
              [
                123.53471100100012,
                12.940991893000046
              ],
              [
                123.53470431400001,
                12.94098103600004
              ],
              [
                123.53470430900006,
                12.940950632000067
              ],
              [
                123.53471098800003,
                12.940922399000044
              ],
              [
                123.53471767200006,
                12.940913711000064
              ],
              [
                123.53473326400001,
                12.940885477000052
              ],
              [
                123.5347555410001,
                12.940850726000065
              ],
              [
                123.53476222400002,
                12.940844210000023
              ],
              [
                123.53477336200001,
                12.940824663000058
              ],
              [
                123.53478004600004,
                12.940818146000026
              ],
              [
                123.53478672800009,
                12.940807287000041
              ],
              [
                123.53480009600003,
                12.940796426000077
              ],
              [
                123.53480900600005,
                12.940781223000045
              ],
              [
                123.53480900400007,
                12.940770364000059
              ],
              [
                123.5348067750001,
                12.940763850000053
              ],
              [
                123.53479563100007,
                12.940748650000046
              ],
              [
                123.53479117200004,
                12.940739964000045
              ],
              [
                123.53479117000006,
                12.94072910500006
              ],
              [
                123.53480230700006,
                12.940703043000042
              ],
              [
                123.534808988,
                12.940680135000036
              ],
              [
                123.53480898700002,
                12.940675791000047
              ],
              [
                123.53482012500001,
                12.940656244000024
              ],
              [
                123.53482680800005,
                12.940647556000044
              ],
              [
                123.5348401760001,
                12.940636695000023
              ],
              [
                123.534858,
                12.940628006000054
              ],
              [
                123.53487805400005,
                12.940623659000039
              ],
              [
                123.53489810700012,
                12.940617140000029
              ],
              [
                123.5349159320001,
                12.940606279000065
              ],
              [
                123.5349270700001,
                12.940588903000048
              ],
              [
                123.53493375200003,
                12.940573700000073
              ],
              [
                123.53493820500012,
                12.940556326000035
              ],
              [
                123.53493820100005,
                12.940534609000053
              ],
              [
                123.53493151500004,
                12.940528095000047
              ],
              [
                123.53491145800001,
                12.940515068000025
              ],
              [
                123.53490922800006,
                12.940506382000024
              ],
              [
                123.53490922600008,
                12.940495524000028
              ],
              [
                123.53491813500011,
                12.940475977000062
              ],
              [
                123.5349359600001,
                12.940465115000052
              ],
              [
                123.53496046700002,
                12.94044556600005
              ],
              [
                123.53496269200002,
                12.94042819200007
              ],
              [
                123.534958232,
                12.940408648000073
              ],
              [
                123.53494931400007,
                12.940384761000075
              ],
              [
                123.53494930800002,
                12.940352185000052
              ],
              [
                123.5349559870001,
                12.940321780000033
              ],
              [
                123.53496044200006,
                12.940310921000048
              ],
              [
                123.53497603500011,
                12.940284858000041
              ],
              [
                123.5350139090001,
                12.940250105000075
              ],
              [
                123.53502282000011,
                12.940239245000043
              ],
              [
                123.53502504700009,
                12.940230557000064
              ],
              [
                123.53503618600007,
                12.940217525000037
              ],
              [
                123.53504509600009,
                12.940200150000067
              ],
              [
                123.53505177900001,
                12.94019146200003
              ],
              [
                123.5350562320001,
                12.940174088000049
              ],
              [
                123.53505622700004,
                12.940145856000072
              ],
              [
                123.53505176600004,
                12.940124140000023
              ],
              [
                123.53505176400006,
                12.940113282000027
              ],
              [
                123.53504953400011,
                12.940102424000031
              ],
              [
                123.53504952500009,
                12.940056818000073
              ],
              [
                123.53504729600002,
                12.940048132000072
              ],
              [
                123.53504729400004,
                12.94003727300003
              ],
              [
                123.53504283500001,
                12.940028587000029
              ],
              [
                123.53504060500006,
                12.940019901000028
              ],
              [
                123.5350316890001,
                12.940002529000026
              ],
              [
                123.53502054500007,
                12.939987329000076
              ],
              [
                123.53501163100009,
                12.939980816000059
              ],
              [
                123.53496483100002,
                12.939952592000054
              ],
              [
                123.53494700400006,
                12.939943909000021
              ],
              [
                123.5349380890001,
                12.939937395000072
              ],
              [
                123.53492026100002,
                12.93992871200004
              ],
              [
                123.53490020600009,
                12.939922200000069
              ],
              [
                123.53488237800002,
                12.939913517000036
              ],
              [
                123.53487346400004,
                12.939911347000077
              ],
              [
                123.53485563700008,
                12.939902663000055
              ],
              [
                123.53483558100004,
                12.939896152000074
              ],
              [
                123.53482666800005,
                12.939893981000068
              ],
              [
                123.53481775400007,
                12.939893983000047
              ],
              [
                123.53477764400009,
                12.93988530300004
              ],
              [
                123.53474485400011,
                12.939885718000028
              ],
              [
                123.53468469100005,
                12.939890072000026
              ],
              [
                123.53455321500007,
                12.939853176000042
              ],
              [
                123.53441951100001,
                12.939811937000059
              ],
              [
                123.53430808900009,
                12.93977069500005
              ],
              [
                123.53422786200008,
                12.939718588000062
              ],
              [
                123.53422117600007,
                12.939712075000045
              ],
              [
                123.5341899770001,
                12.939692535000063
              ],
              [
                123.53418106200002,
                12.939683850000051
              ],
              [
                123.53412089200003,
                12.93964911300003
              ],
              [
                123.53411420600003,
                12.939640428000075
              ],
              [
                123.53409414900011,
                12.939627401000052
              ],
              [
                123.53404734800006,
                12.939583976000051
              ],
              [
                123.53401168800008,
                12.939542720000077
              ],
              [
                123.53400723000004,
                12.939534034000076
              ],
              [
                123.53399385700004,
                12.939518834000069
              ],
              [
                123.53396000200007,
                12.939497325000048
              ],
              [
                123.5339310280001,
                12.939462583000022
              ],
              [
                123.53392657000006,
                12.939453897000021
              ],
              [
                123.53391765600009,
                12.939449555000067
              ],
              [
                123.53390428400007,
                12.93943435600005
              ],
              [
                123.53387085500003,
                12.939408301000071
              ],
              [
                123.53384634000008,
                12.939386589000037
              ],
              [
                123.53380399800005,
                12.939358364000043
              ],
              [
                123.53374828100004,
                12.93930191000004
              ],
              [
                123.53370816600011,
                12.939269341000056
              ],
              [
                123.53369702100008,
                12.939249798000048
              ],
              [
                123.53369033500007,
                12.939241113000037
              ],
              [
                123.5336769600001,
                12.939215055000034
              ],
              [
                123.53366804400002,
                12.939195511000037
              ],
              [
                123.53366581400007,
                12.939186825000036
              ],
              [
                123.53364352300002,
                12.939141223000036
              ],
              [
                123.53363683300006,
                12.939115164000043
              ],
              [
                123.53360785400002,
                12.93905219000004
              ],
              [
                123.53359670700002,
                12.939019617000042
              ],
              [
                123.53359670500004,
                12.939008759000046
              ],
              [
                123.53359001500007,
                12.938980528000059
              ],
              [
                123.53358555700004,
                12.938971842000058
              ],
              [
                123.53358109800001,
                12.938954469000066
              ],
              [
                123.53356772300003,
                12.938928411000063
              ],
              [
                123.53356772200004,
                12.938919725000062
              ],
              [
                123.53355657600002,
                12.93889366600007
              ],
              [
                123.53355657000009,
                12.93886326300003
              ],
              [
                123.53355211100006,
                12.938845890000039
              ],
              [
                123.53354765200004,
                12.938835032000043
              ],
              [
                123.53352074500003,
                12.938794336000058
              ],
              [
                123.53350737000005,
                12.938768278000055
              ],
              [
                123.53349622100006,
                12.93872484600007
              ],
              [
                123.53348953300008,
                12.938707474000068
              ],
              [
                123.53348507400005,
                12.938690101000077
              ],
              [
                123.53348061500003,
                12.938681415000076
              ],
              [
                123.53347838600007,
                12.938672729000075
              ],
              [
                123.53347838400009,
                12.938664042000028
              ],
              [
                123.53346055200007,
                12.938631470000075
              ],
              [
                123.53345609200005,
                12.938614097000027
              ],
              [
                123.53344494600003,
                12.938588039000024
              ],
              [
                123.53344271600008,
                12.938579352000033
              ],
              [
                123.5334427140001,
                12.938566322000042
              ],
              [
                123.53343825500008,
                12.938555465000036
              ],
              [
                123.53343602400003,
                12.93853592000005
              ],
              [
                123.53343601400002,
                12.93848379900004
              ],
              [
                123.53343378400007,
                12.938472941000043
              ],
              [
                123.53343378200009,
                12.938462083000047
              ],
              [
                123.53342932200007,
                12.938444710000056
              ],
              [
                123.5334293190001,
                12.938427337000064
              ],
              [
                123.53340925100008,
                12.93834915900004
              ],
              [
                123.53340033400002,
                12.938331788000028
              ],
              [
                123.53339810500006,
                12.938323101000037
              ],
              [
                123.53339141800006,
                12.93831224400003
              ],
              [
                123.53338250000002,
                12.938284014000033
              ],
              [
                123.53336912500004,
                12.938255784000035
              ],
              [
                123.53335352200008,
                12.938227555000026
              ],
              [
                123.53334460700012,
                12.938216698000076
              ],
              [
                123.53334237800004,
                12.938210183000024
              ],
              [
                123.5333200880001,
                12.938171097000065
              ],
              [
                123.53331339800002,
                12.938138522000031
              ],
              [
                123.53330893900011,
                12.93812983600003
              ],
              [
                123.53330002000007,
                12.938092919000042
              ],
              [
                123.53329333400006,
                12.93808423400003
              ],
              [
                123.53327773,
                12.938053833000026
              ],
              [
                123.53323969900009,
                12.937998332000063
              ],
              [
                123.53323078200003,
                12.937976616000071
              ],
              [
                123.53322632400011,
                12.937970102000065
              ],
              [
                123.53321740400008,
                12.93792884100003
              ],
              [
                123.53321517000006,
                12.937902782000037
              ],
              [
                123.53320402100007,
                12.937859350000053
              ],
              [
                123.5332040190001,
                12.937848491000068
              ],
              [
                123.53319286900012,
                12.937800716000027
              ],
              [
                123.53318172400009,
                12.93778117200003
              ],
              [
                123.5331661240001,
                12.937768145000064
              ],
              [
                123.53315498200004,
                12.937761632000047
              ],
              [
                123.53314161000003,
                12.937748604000035
              ],
              [
                123.53310372500005,
                12.937722550000046
              ],
              [
                123.53309481100007,
                12.937718208000035
              ],
              [
                123.53307698200001,
                12.937700838000069
              ],
              [
                123.53304578100006,
                12.937674783000034
              ],
              [
                123.53303686800007,
                12.937670441000023
              ],
              [
                123.53303018200006,
                12.937663927000074
              ],
              [
                123.53302126800008,
                12.937659585000063
              ],
              [
                123.53301458200008,
                12.937653071000057
              ],
              [
                123.53297446500005,
                12.937607473000071
              ],
              [
                123.53296109200005,
                12.937587930000063
              ],
              [
                123.53294994600003,
                12.93756187100007
              ],
              [
                123.53293657400002,
                12.937546672000053
              ],
              [
                123.53292766000004,
                12.937542330000042
              ],
              [
                123.53291428800003,
                12.93752930200003
              ],
              [
                123.53285857500009,
                12.937490221000076
              ],
              [
                123.53280732000007,
                12.93746199800006
              ],
              [
                123.53278503700005,
                12.937455487000022
              ],
              [
                123.53277835100005,
                12.937451144000022
              ],
              [
                123.53275829600011,
                12.937444633000041
              ],
              [
                123.53268252900011,
                12.93740772700005
              ],
              [
                123.53263127600007,
                12.93739036200003
              ],
              [
                123.53261122100002,
                12.93738819400005
              ],
              [
                123.5325822530001,
                12.937381684000059
              ],
              [
                123.53256442700001,
                12.937381687000027
              ],
              [
                123.53253545900009,
                12.937375177000035
              ],
              [
                123.5325265460001,
                12.937375178000025
              ],
              [
                123.532517632,
                12.93737083600007
              ],
              [
                123.53250871900002,
                12.93737083800005
              ],
              [
                123.53249980600003,
                12.937368668000033
              ],
              [
                123.53248866400008,
                12.937364326000022
              ],
              [
                123.53243043200007,
                12.937349398000038
              ],
              [
                123.53239923600006,
                12.937347232000036
              ],
              [
                123.53239032300007,
                12.937345062000077
              ],
              [
                123.5323413000001,
                12.937342898000054
              ],
              [
                123.53233015900003,
                12.937340728000038
              ],
              [
                123.5321162460001,
                12.937340764000055
              ],
              [
                123.53210510500003,
                12.937345109000034
              ],
              [
                123.53208505100008,
                12.937345113000049
              ],
              [
                123.53207168200004,
                12.937349458000028
              ],
              [
                123.53205162800009,
                12.937349462000043
              ],
              [
                123.53200260800008,
                12.937358156000073
              ],
              [
                123.53198923900004,
                12.937358159000041
              ],
              [
                123.53198032600005,
                12.937362504000077
              ],
              [
                123.53197141300006,
                12.937362505000067
              ],
              [
                123.53194913200002,
                12.937366852000025
              ],
              [
                123.53192907800008,
                12.937373370000046
              ],
              [
                123.5318689180001,
                12.937386410000045
              ],
              [
                123.53184663700006,
                12.937392929000055
              ],
              [
                123.53183549500011,
                12.937392931000034
              ],
              [
                123.53179984500002,
                12.937399452000022
              ],
              [
                123.53140098800009,
                12.937399518000063
              ],
              [
                123.5313920750001,
                12.937397347000058
              ],
              [
                123.53123167500007,
                12.937397374000057
              ],
              [
                123.53122276200008,
                12.93739520400004
              ],
              [
                123.53121162100001,
                12.937395206000076
              ],
              [
                123.53119156600007,
                12.937390865000054
              ],
              [
                123.53118265300009,
                12.937390867000033
              ],
              [
                123.53115591200003,
                12.937380013000052
              ],
              [
                123.53113808500007,
                12.93737567200003
              ],
              [
                123.53112025700011,
                12.937366988000065
              ],
              [
                123.53111134400001,
                12.937364818000049
              ],
              [
                123.53108683100004,
                12.937351792000072
              ],
              [
                123.53108237300012,
                12.937343106000071
              ],
              [
                123.53104448700003,
                12.93731053700003
              ],
              [
                123.53101551700001,
                12.937293168000053
              ],
              [
                123.53097763400001,
                12.93727797200006
              ],
              [
                123.53095980600006,
                12.937264945000038
              ],
              [
                123.53094643400004,
                12.937251917000026
              ],
              [
                123.53093751800009,
                12.937236717000076
              ],
              [
                123.53093083200008,
                12.93723020300007
              ],
              [
                123.53092637400005,
                12.937221517000069
              ],
              [
                123.53091968900003,
                12.937215003000063
              ],
              [
                123.53088626100009,
                12.937191120000023
              ],
              [
                123.53086620500005,
                12.937180265000052
              ],
              [
                123.53083277700011,
                12.937158553000074
              ],
              [
                123.53082386400001,
                12.937154211000063
              ],
              [
                123.53081495000004,
                12.937152041000047
              ],
              [
                123.53079266800012,
                12.937152045000062
              ],
              [
                123.53077261400006,
                12.937154220000025
              ],
              [
                123.53071468200005,
                12.937167259000034
              ],
              [
                123.53068571500012,
                12.937169436000033
              ],
              [
                123.53066566100006,
                12.937173782000059
              ],
              [
                123.53063669500011,
                12.937175958000068
              ],
              [
                123.53061441300008,
                12.937180305000027
              ],
              [
                123.53057876100002,
                12.937180311000077
              ],
              [
                123.53056984800003,
                12.937182484000061
              ],
              [
                123.530538653,
                12.93718466100006
              ],
              [
                123.5305319690001,
                12.937186834000045
              ],
              [
                123.53051191500003,
                12.93718683700007
              ],
              [
                123.53050300200005,
                12.93719118200005
              ],
              [
                123.53049408900006,
                12.937191183000039
              ],
              [
                123.53048517700006,
                12.937195528000075
              ],
              [
                123.53047180800002,
                12.937195530000054
              ],
              [
                123.53041164700005,
                12.937204227000052
              ],
              [
                123.53040273400006,
                12.937208571000042
              ],
              [
                123.5303826810001,
                12.937212918000057
              ],
              [
                123.53036708400009,
                12.937219435000031
              ],
              [
                123.53035594300002,
                12.937219437000067
              ],
              [
                123.5303158370001,
                12.93723247400004
              ],
              [
                123.53029355500007,
                12.937236821000056
              ],
              [
                123.53026236000005,
                12.937238997000065
              ],
              [
                123.53024453500007,
                12.937243343000034
              ],
              [
                123.5302333940001,
                12.93724334500007
              ],
              [
                123.53021334000005,
                12.937247692000028
              ],
              [
                123.53019774200004,
                12.937247694000064
              ],
              [
                123.53018214500003,
                12.937252040000033
              ],
              [
                123.53017100400007,
                12.937252042000068
              ],
              [
                123.53016209100008,
                12.937254215000053
              ],
              [
                123.53014203700002,
                12.937254218000021
              ],
              [
                123.53012866800009,
                12.937256392000052
              ],
              [
                123.53003731000001,
                12.937256407000064
              ],
              [
                123.53001948300005,
                12.937252066000042
              ],
              [
                123.53001057000006,
                12.937252067000031
              ],
              [
                123.53000165700007,
                12.937249897000072
              ],
              [
                123.5299927430001,
                12.937243384000055
              ],
              [
                123.52998382900012,
                12.93724121300005
              ],
              [
                123.52993690100004,
                12.937234706000027
              ],
              [
                123.52993467300007,
                12.937232534000032
              ],
              [
                123.52986782500011,
                12.937232545000029
              ],
              [
                123.52983885800006,
                12.937236893000033
              ],
              [
                123.5298277170001,
                12.93723689500007
              ],
              [
                123.5298098930001,
                12.937245584000038
              ],
              [
                123.52978984000003,
                12.937252102000059
              ],
              [
                123.52976756100009,
                12.937273823000055
              ],
              [
                123.52976087800005,
                12.93728468200004
              ],
              [
                123.5297564220001,
                12.93728902600003
              ],
              [
                123.52973860200007,
                12.937323776000028
              ],
              [
                123.52971855100009,
                12.937345496000034
              ],
              [
                123.52970072900007,
                12.937369387000047
              ],
              [
                123.52969627400012,
                12.937378075000026
              ],
              [
                123.52969404700002,
                12.937386762000074
              ],
              [
                123.5296873640001,
                12.937395450000054
              ],
              [
                123.52968513700011,
                12.937404137000044
              ],
              [
                123.52967400000011,
                12.937430199000062
              ],
              [
                123.52966731700008,
                12.937438886000052
              ],
              [
                123.52966063300005,
                12.937443231000032
              ],
              [
                123.52964058200007,
                12.937464951000038
              ],
              [
                123.52963167000007,
                12.937469296000074
              ],
              [
                123.52962275800007,
                12.937477984000054
              ],
              [
                123.52961162000008,
                12.93749318700003
              ],
              [
                123.52958488900003,
                12.937545312000054
              ],
              [
                123.52955147400007,
                12.937593094000022
              ],
              [
                123.52954479000005,
                12.937599610000063
              ],
              [
                123.52953365000008,
                12.937606127000038
              ],
              [
                123.52952919400002,
                12.937612643000023
              ],
              [
                123.52951137000002,
                12.937621332000049
              ],
              [
                123.52946903700001,
                12.93764739900007
              ],
              [
                123.52945344200009,
                12.93766043200003
              ],
              [
                123.52939855400007,
                12.937688985000023
              ],
              [
                123.52938518700012,
                12.93770636100004
              ],
              [
                123.52935845700006,
                12.937758485000074
              ],
              [
                123.52932281300002,
                12.937808439000037
              ],
              [
                123.5292893940001,
                12.93783884800007
              ],
              [
                123.52928493900004,
                12.937845364000054
              ],
              [
                123.52926934300001,
                12.937856225000075
              ],
              [
                123.52925597500007,
                12.937869257000045
              ],
              [
                123.52923815100007,
                12.937882290000061
              ],
              [
                123.529215872,
                12.937901838000073
              ],
              [
                123.52921141700006,
                12.937908354000058
              ],
              [
                123.52918913700012,
                12.937927903000059
              ],
              [
                123.52918245400008,
                12.937936591000039
              ],
              [
                123.52913789400009,
                12.937967001000061
              ],
              [
                123.52911338500007,
                12.937977863000071
              ],
              [
                123.52910447300007,
                12.937984380000046
              ],
              [
                123.52909556000009,
                12.93798655300003
              ],
              [
                123.52906214000006,
                12.938010447000067
              ],
              [
                123.52904654400004,
                12.938019136000037
              ],
              [
                123.52900198400005,
                12.938051718000054
              ],
              [
                123.52899307200005,
                12.938056063000033
              ],
              [
                123.52895965200003,
                12.938079956000024
              ],
              [
                123.52895074000003,
                12.93808864500005
              ],
              [
                123.52892623200012,
                12.938101678000066
              ],
              [
                123.52891954800009,
                12.93810819500004
              ],
              [
                123.5288928120001,
                12.938127744000042
              ],
              [
                123.5288839000001,
                12.938132089000021
              ],
              [
                123.52886830400007,
                12.938145121000048
              ],
              [
                123.52885716500009,
                12.93816032500007
              ],
              [
                123.52884379800003,
                12.93817335700004
              ],
              [
                123.52878141500003,
                12.938223316000062
              ],
              [
                123.52877473100011,
                12.938232003000053
              ],
              [
                123.52875913600008,
                12.938247208000064
              ],
              [
                123.5287569090001,
                12.938255895000054
              ],
              [
                123.52875245400003,
                12.938264582000045
              ],
              [
                123.52873017600007,
                12.938294989000042
              ],
              [
                123.52870789600001,
                12.938312366000048
              ],
              [
                123.52868059900004,
                12.93832449100006
              ],
              [
                123.52867837200006,
                12.938331007000045
              ],
              [
                123.52865609300011,
                12.938350555000056
              ],
              [
                123.52864941000007,
                12.938361415000031
              ],
              [
                123.5286293580001,
                12.938380963000043
              ],
              [
                123.52862267500007,
                12.938389651000023
              ],
              [
                123.52856029200007,
                12.938439609000056
              ],
              [
                123.5285491520001,
                12.938452641000026
              ],
              [
                123.5285402400001,
                12.938459158000057
              ],
              [
                123.52851350700007,
                12.938493909000044
              ],
              [
                123.52850236900008,
                12.938513455000077
              ],
              [
                123.52849122900011,
                12.938526487000047
              ],
              [
                123.52846003800005,
                12.938552552000033
              ],
              [
                123.52843330200005,
                12.938572102000023
              ],
              [
                123.52842439000005,
                12.93857644600007
              ],
              [
                123.52839097000003,
                12.93860034000005
              ],
              [
                123.52834640800006,
                12.938622063000025
              ],
              [
                123.52832858400006,
                12.938635096000041
              ],
              [
                123.52830407800002,
                12.938665504000028
              ],
              [
                123.52829739600008,
                12.938682878000066
              ],
              [
                123.5282951690001,
                12.938693737000051
              ],
              [
                123.52828848600006,
                12.938704596000036
              ],
              [
                123.52828180300003,
                12.938711112000021
              ],
              [
                123.52826620700012,
                12.938721973000042
              ],
              [
                123.52824838100003,
                12.938726319000068
              ],
              [
                123.52823055700003,
                12.938735009000027
              ],
              [
                123.52821050400007,
                12.938748042000043
              ],
              [
                123.5281993640001,
                12.938752387000022
              ],
              [
                123.52814143500007,
                12.93879148600007
              ],
              [
                123.52812138500008,
                12.938815377000026
              ],
              [
                123.52810578900005,
                12.938828410000042
              ],
              [
                123.5281013340001,
                12.938837097000032
              ],
              [
                123.52808796600004,
                12.938850129000059
              ],
              [
                123.52807682700006,
                12.938865333000024
              ],
              [
                123.52807237200011,
                12.938874020000071
              ],
              [
                123.528052322,
                12.938897912000073
              ],
              [
                123.52804118300003,
                12.938915287000043
              ],
              [
                123.52801444900001,
                12.938943523000034
              ],
              [
                123.52799885200011,
                12.938954384000056
              ],
              [
                123.52799216900007,
                12.93896090000004
              ],
              [
                123.5279476070001,
                12.938982624000062
              ],
              [
                123.52793201100008,
                12.938993484000036
              ],
              [
                123.52791418800007,
                12.939017376000038
              ],
              [
                123.52790305000008,
                12.939034751000065
              ],
              [
                123.5279008230001,
                12.939043438000056
              ],
              [
                123.52788745600003,
                12.939060813000026
              ],
              [
                123.52786740500005,
                12.939080362000027
              ],
              [
                123.52786294900011,
                12.939086877000022
              ],
              [
                123.52784471600012,
                12.939102392000052
              ],
              [
                123.52784471700011,
                12.939104564000047
              ],
              [
                123.5278268940001,
                12.939128456000049
              ],
              [
                123.52781798400008,
                12.939148002000024
              ],
              [
                123.52781130100004,
                12.939156690000061
              ],
              [
                123.52780461600003,
                12.939161034000051
              ],
              [
                123.5277979330001,
                12.939169722000031
              ],
              [
                123.5277645110001,
                12.939187101000073
              ],
              [
                123.52774891500007,
                12.939197961000048
              ],
              [
                123.52774223100005,
                12.939204478000022
              ],
              [
                123.52772663700011,
                12.939228368000045
              ],
              [
                123.52772441200011,
                12.939247914000077
              ],
              [
                123.52771772800008,
                12.939256602000057
              ],
              [
                123.52771773200004,
                12.939278319000039
              ],
              [
                123.52770882300001,
                12.939304380000067
              ],
              [
                123.5276820900001,
                12.93934564600005
              ],
              [
                123.52767317700011,
                12.939349991000029
              ],
              [
                123.52765758100008,
                12.939363024000045
              ],
              [
                123.52764198500006,
                12.939371713000071
              ],
              [
                123.52760633500009,
                12.939389092000056
              ],
              [
                123.5275974220001,
                12.93939126500004
              ],
              [
                123.52757291300009,
                12.939404298000056
              ],
              [
                123.52753949300006,
                12.939426020000042
              ],
              [
                123.5274860180001,
                12.939449917000047
              ],
              [
                123.52746819200001,
                12.939454263000073
              ],
              [
                123.52745928000002,
                12.939458607000063
              ],
              [
                123.52745036700003,
                12.939458609000042
              ],
              [
                123.52743254200004,
                12.939469470000063
              ],
              [
                123.52742363000004,
                12.939471643000047
              ],
              [
                123.52741471700006,
                12.939475987000037
              ],
              [
                123.52740580400007,
                12.939478161000068
              ],
              [
                123.52738129300008,
                12.939478164000036
              ],
              [
                123.52736346800009,
                12.939482510000062
              ],
              [
                123.52735232700002,
                12.93948251200004
              ],
              [
                123.52733450200003,
                12.939491201000067
              ],
              [
                123.52731667600005,
                12.939495547000035
              ],
              [
                123.52730999200003,
                12.939499892000072
              ],
              [
                123.52729885100007,
                12.939499893000061
              ],
              [
                123.52726097100003,
                12.93950641400005
              ],
              [
                123.527245375,
                12.939515103000076
              ],
              [
                123.52723200900004,
                12.939541165000037
              ],
              [
                123.52722978200006,
                12.939549852000027
              ],
              [
                123.52722532700011,
                12.939558540000064
              ],
              [
                123.52721864400007,
                12.939567227000055
              ],
              [
                123.52720527600002,
                12.939578088000076
              ],
              [
                123.52718077000009,
                12.939608495000073
              ],
              [
                123.52717631400003,
                12.939617182000063
              ],
              [
                123.52717631900009,
                12.93964975800003
              ],
              [
                123.52717854900004,
                12.939658444000031
              ],
              [
                123.52718300700008,
                12.939667130000032
              ],
              [
                123.52718300800007,
                12.939675817000023
              ],
              [
                123.52717855300011,
                12.93968450400007
              ],
              [
                123.52717186900009,
                12.939691020000055
              ],
              [
                123.52715627300006,
                12.939699709000024
              ],
              [
                123.52714958900003,
                12.939706225000066
              ],
              [
                123.52714513400008,
                12.939714913000046
              ],
              [
                123.5271429070001,
                12.939723600000036
              ],
              [
                123.52714291100006,
                12.939747488000023
              ],
              [
                123.52716296800008,
                12.93976703100003
              ],
              [
                123.52716742600012,
                12.939775717000032
              ],
              [
                123.52716742900009,
                12.939797433000024
              ],
              [
                123.52715908300002,
                12.939846316000057
              ],
              [
                123.52715908800008,
                12.93987671900004
              ],
              [
                123.52714795300005,
                12.939922327000033
              ],
              [
                123.52713458800008,
                12.939950561000046
              ],
              [
                123.5271323610001,
                12.939959248000036
              ],
              [
                123.52712790600003,
                12.939967935000027
              ],
              [
                123.52711008300003,
                12.939991826000039
              ],
              [
                123.52709448700011,
                12.94000268700006
              ],
              [
                123.52708334800002,
                12.940017890000036
              ],
              [
                123.52707443600002,
                12.940024407000067
              ],
              [
                123.52706775200011,
                12.940033095000047
              ],
              [
                123.52706106800008,
                12.940037439000037
              ],
              [
                123.52705661300001,
                12.940046126000027
              ],
              [
                123.52703879,
                12.940065674000039
              ],
              [
                123.52702319500008,
                12.940087393000056
              ],
              [
                123.52700983000011,
                12.940115627000068
              ],
              [
                123.5270098310001,
                12.940124314000059
              ],
              [
                123.52700537600003,
                12.94013300100005
              ],
              [
                123.52700537700002,
                12.94014168800004
              ],
              [
                123.52700092200007,
                12.940150376000076
              ],
              [
                123.52698978600006,
                12.940185124000038
              ],
              [
                123.5269764190001,
                12.940202500000055
              ],
              [
                123.52695859700009,
                12.940230734000068
              ],
              [
                123.52695191400005,
                12.940237250000052
              ],
              [
                123.52691404100005,
                12.940287204000072
              ],
              [
                123.52690958500011,
                12.940295892000051
              ],
              [
                123.526889535,
                12.940321955000059
              ],
              [
                123.52688730800003,
                12.940328470000054
              ],
              [
                123.52687839600003,
                12.940334987000028
              ],
              [
                123.52686057300002,
                12.94035887800004
              ],
              [
                123.52683607000006,
                12.940408830000024
              ],
              [
                123.52682938800001,
                12.940426205000051
              ],
              [
                123.52682270700006,
                12.940454437000028
              ],
              [
                123.52682271600008,
                12.940508729000044
              ],
              [
                123.5268160390001,
                12.940558679000048
              ],
              [
                123.52681604200006,
                12.94058039600003
              ],
              [
                123.52681159000008,
                12.940612008000073
              ],
              [
                123.52681161800001,
                12.94079008600005
              ],
              [
                123.52681384700008,
                12.94079877300004
              ],
              [
                123.52681385100004,
                12.940820490000021
              ],
              [
                123.52681608000012,
                12.940829176000022
              ],
              [
                123.5268160820001,
                12.94083786300007
              ],
              [
                123.52683168900012,
                12.94090083900005
              ],
              [
                123.52683614700004,
                12.940909525000052
              ],
              [
                123.5268495250001,
                12.940965987000027
              ],
              [
                123.52685398300002,
                12.940974673000028
              ],
              [
                123.52685398900007,
                12.941009420000057
              ],
              [
                123.52684953800008,
                12.941048511000076
              ],
              [
                123.526842858,
                12.941076744000043
              ],
              [
                123.52684286300007,
                12.941111491000072
              ],
              [
                123.52684509300002,
                12.941122349000068
              ],
              [
                123.52684509500011,
                12.941133207000064
              ],
              [
                123.5268517830001,
                12.94115275200005
              ],
              [
                123.5268718420001,
                12.941183152000065
              ],
              [
                123.52688744200009,
                12.941200523000077
              ],
              [
                123.52689858800011,
                12.941225553000038
              ],
              [
                123.52690527400011,
                12.941236411000034
              ],
              [
                123.52691418800009,
                12.941240753000045
              ],
              [
                123.5269208740001,
                12.941249439000046
              ],
              [
                123.52692533400011,
                12.941266811000048
              ],
              [
                123.52692979200003,
                12.941275498000039
              ],
              [
                123.52693647800004,
                12.94128418300005
              ],
              [
                123.52694539200002,
                12.941290697000056
              ],
              [
                123.52697213200008,
                12.941297208000037
              ],
              [
                123.52697213500005,
                12.941314582000075
              ],
              [
                123.52696990800007,
                12.941323269000065
              ],
              [
                123.52696099800005,
                12.941340644000036
              ],
              [
                123.52696099900004,
                12.941351502000032
              ],
              [
                123.52694986400002,
                12.941392766000035
              ],
              [
                123.52694540900006,
                12.941401453000026
              ],
              [
                123.52694318200008,
                12.941410140000073
              ],
              [
                123.52693649800005,
                12.941418828000053
              ],
              [
                123.52693427200006,
                12.941427515000044
              ],
              [
                123.52692758800004,
                12.941436203000023
              ],
              [
                123.52692536100005,
                12.94144489000007
              ],
              [
                123.52690531100006,
                12.941470953000021
              ],
              [
                123.52689194300001,
                12.941483985000048
              ],
              [
                123.5268763470001,
                12.941494846000069
              ],
              [
                123.526847384,
                12.941529597000056
              ],
              [
                123.5268295620001,
                12.941553488000068
              ],
              [
                123.52681396800006,
                12.941581722000024
              ],
              [
                123.52679614500005,
                12.94160344200003
              ],
              [
                123.52678500600007,
                12.941620817000057
              ],
              [
                123.52676941000004,
                12.941633849000027
              ],
              [
                123.52675158600005,
                12.941644710000048
              ],
              [
                123.52674267300006,
                12.941646883000033
              ],
              [
                123.52672707700003,
                12.94165991500006
              ],
              [
                123.5267270810001,
                12.941688147000036
              ],
              [
                123.526724854,
                12.941696834000027
              ],
              [
                123.52671817100008,
                12.941705522000063
              ],
              [
                123.52671148700006,
                12.941709866000053
              ],
              [
                123.52671149000003,
                12.94172941200003
              ],
              [
                123.5267137190001,
                12.94173809800003
              ],
              [
                123.52672263300008,
                12.941742440000041
              ],
              [
                123.52674045900005,
                12.941742437000073
              ],
              [
                123.52674491700009,
                12.941751124000064
              ],
              [
                123.52674046400011,
                12.941772841000045
              ],
              [
                123.52672487100006,
                12.941805419000048
              ],
              [
                123.52672264400007,
                12.941816277000044
              ],
              [
                123.5267092790001,
                12.941842339000061
              ],
              [
                123.526707052,
                12.941853198000047
              ],
              [
                123.52668923100009,
                12.94189011900005
              ],
              [
                123.52668923800002,
                12.941931381000074
              ],
              [
                123.52669369500006,
                12.94193789600007
              ],
              [
                123.52669592500001,
                12.941946582000071
              ],
              [
                123.52670038300005,
                12.941955268000072
              ],
              [
                123.52671375500006,
                12.941972640000074
              ],
              [
                123.52672267100002,
                12.941990012000076
              ],
              [
                123.52674495800011,
                12.94201656100006
              ],
              [
                123.52674941700002,
                12.94202959100005
              ],
              [
                123.52674942700003,
                12.942094741000062
              ],
              [
                123.52674720000005,
                12.942105600000048
              ],
              [
                123.52673829200012,
                12.942140348000066
              ],
              [
                123.52673161000007,
                12.942157723000037
              ],
              [
                123.52671155900009,
                12.942181614000049
              ],
              [
                123.52670710400002,
                12.942190302000029
              ],
              [
                123.52668705200006,
                12.94220550700004
              ],
              [
                123.52667813900007,
                12.94220985100003
              ],
              [
                123.5266491750001,
                12.942233744000077
              ],
              [
                123.52663580800004,
                12.942251119000048
              ],
              [
                123.5266202150001,
                12.942281525000055
              ],
              [
                123.52658902900009,
                12.942351024000061
              ],
              [
                123.52657789300008,
                12.942387944000075
              ],
              [
                123.52656452800011,
                12.942418349000036
              ],
              [
                123.52655561900008,
                12.942446583000049
              ],
              [
                123.52655562000007,
                12.942450926000049
              ],
              [
                123.52652889,
                12.94251390900007
              ],
              [
                123.52652443700003,
                12.942533454000056
              ],
              [
                123.52651998200008,
                12.942544314000031
              ],
              [
                123.52651998300007,
                12.942550829000027
              ],
              [
                123.52651107200006,
                12.942568203000064
              ],
              [
                123.5265043920001,
                12.942598608000026
              ],
              [
                123.52649993700004,
                12.942607295000073
              ],
              [
                123.52649548300008,
                12.942629013000044
              ],
              [
                123.52649102900011,
                12.942642043000035
              ],
              [
                123.5264910300001,
                12.942650730000025
              ],
              [
                123.52648434900004,
                12.942672448000053
              ],
              [
                123.52648212200006,
                12.942685478000044
              ],
              [
                123.52648212400004,
                12.94269633700003
              ],
              [
                123.5264754430001,
                12.942724570000053
              ],
              [
                123.52647544500007,
                12.942735428000049
              ],
              [
                123.52646876600011,
                12.942772348000062
              ],
              [
                123.5264687670001,
                12.942783206000058
              ],
              [
                123.52646208800002,
                12.942817954000077
              ],
              [
                123.526462089,
                12.942824469000072
              ],
              [
                123.52645763500004,
                12.942841843000053
              ],
              [
                123.52645763700002,
                12.942852702000039
              ],
              [
                123.52644873100007,
                12.942902652000043
              ],
              [
                123.52644874300006,
                12.942985176000036
              ],
              [
                123.52645320400006,
                12.943011554000066
              ],
              [
                123.5264576620001,
                12.943020240000067
              ],
              [
                123.52645766400008,
                12.943031098000063
              ],
              [
                123.52646658000003,
                12.94305498600005
              ],
              [
                123.52646658200001,
                12.94306367300004
              ],
              [
                123.52646881100009,
                12.943072359000041
              ],
              [
                123.52648218600007,
                12.94310058900004
              ],
              [
                123.52648887400005,
                12.943126648000032
              ],
              [
                123.52648887600003,
                12.943139678000023
              ],
              [
                123.52649779600006,
                12.943178768000053
              ],
              [
                123.52649779700005,
                12.943187454000054
              ],
              [
                123.5265067140001,
                12.943213513000046
              ],
              [
                123.52650671600009,
                12.943224372000032
              ],
              [
                123.52651340500006,
                12.943252603000076
              ],
              [
                123.52651340700004,
                12.943263461000072
              ],
              [
                123.52651563600011,
                12.943272148000062
              ],
              [
                123.52651564100006,
                12.943302551000045
              ],
              [
                123.52651787200011,
                12.94331775300003
              ],
              [
                123.52651789200002,
                12.94345022500005
              ],
              [
                123.52652012200008,
                12.94346325500004
              ],
              [
                123.52652012600004,
                12.943489315000022
              ],
              [
                123.52652235700009,
                12.94350234500007
              ],
              [
                123.52652235900007,
                12.94351537500006
              ],
              [
                123.52652681900008,
                12.943537091000053
              ],
              [
                123.52652682000007,
                12.943545778000043
              ],
              [
                123.52653573900011,
                12.943587039000022
              ],
              [
                123.52653575400007,
                12.943684765000057
              ],
              [
                123.52652907400011,
                12.943712997000034
              ],
              [
                123.5265290750001,
                12.943723856000076
              ],
              [
                123.52652462000003,
                12.943732543000067
              ],
              [
                123.52652016700006,
                12.943752089000043
              ],
              [
                123.52651571100012,
                12.943760776000033
              ],
              [
                123.526513485,
                12.943771635000076
              ],
              [
                123.52650902900007,
                12.943780323000055
              ],
              [
                123.52650680200009,
                12.943789010000046
              ],
              [
                123.52648898200005,
                12.943825931000049
              ],
              [
                123.52648229800002,
                12.943834619000029
              ],
              [
                123.52646447600011,
                12.943865025000036
              ],
              [
                123.52644442500002,
                12.943891088000044
              ],
              [
                123.52643105700008,
                12.94390412000007
              ],
              [
                123.52642437400004,
                12.943914979000056
              ],
              [
                123.52641769000002,
                12.94392149500004
              ],
              [
                123.52641078400006,
                12.943953472000032
              ],
              [
                123.52640193700006,
                12.943976477000035
              ],
              [
                123.52640046300007,
                12.943986542000061
              ],
              [
                123.526397513,
                12.943992293000065
              ],
              [
                123.52639161600007,
                12.944016736000037
              ],
              [
                123.52638866600012,
                12.944021049000071
              ],
              [
                123.5263886670001,
                12.944026800000074
              ],
              [
                123.52637392200006,
                12.944069935000073
              ],
              [
                123.52637392200006,
                12.94407424800005
              ],
              [
                123.52636507600005,
                12.944105879000062
              ],
              [
                123.52635917700002,
                12.944118820000028
              ],
              [
                123.526359178,
                12.944124571000032
              ],
              [
                123.52635033000001,
                12.944146138000065
              ],
              [
                123.52634148100003,
                12.94415907900003
              ],
              [
                123.52625068200007,
                12.94437957100007
              ],
              [
                123.5261887470001,
                12.944539169000052
              ],
              [
                123.52605601500011,
                12.944791897000073
              ],
              [
                123.5259837540001,
                12.94496156100007
              ],
              [
                123.52570252800001,
                12.945569650000039
              ],
              [
                123.52562731000012,
                12.945693307000056
              ],
              [
                123.52555799000004,
                12.945801147000054
              ],
              [
                123.52547686600008,
                12.945894612000075
              ],
              [
                123.5253750920001,
                12.946002457000077
              ],
              [
                123.52528659100005,
                12.946093047000033
              ],
              [
                123.52521082100009,
                12.94620678900003
              ],
              [
                123.52512232200002,
                12.946316070000023
              ],
              [
                123.52501612600008,
                12.946456983000076
              ],
              [
                123.52498367600003,
                12.946491494000043
              ],
              [
                123.52497777600001,
                12.946501559000069
              ],
              [
                123.52496597600009,
                12.946511625000028
              ],
              [
                123.52492909800003,
                12.946536072000072
              ],
              [
                123.5249040220001,
                12.946554766000077
              ],
              [
                123.52487747200007,
                12.946584962000031
              ],
              [
                123.52485387200011,
                12.946606531000043
              ],
              [
                123.52484649700011,
                12.94661803400004
              ],
              [
                123.52483617200005,
                12.946629538000025
              ],
              [
                123.52480224900012,
                12.946676988000036
              ],
              [
                123.52479340000002,
                12.946694242000035
              ],
              [
                123.52479045100006,
                12.946705744000042
              ],
              [
                123.52478160200008,
                12.946722998000041
              ],
              [
                123.52476390600009,
                12.946767571000066
              ],
              [
                123.52474178200009,
                12.946799204000058
              ],
              [
                123.52473735700005,
                12.946803518000024
              ],
              [
                123.52473145700003,
                12.946806394000077
              ],
              [
                123.52471896500003,
                12.946818552000025
              ],
              [
                123.52470126600008,
                12.94684587200004
              ],
              [
                123.52469536600006,
                12.946851623000043
              ],
              [
                123.52468651700008,
                12.946868877000043
              ],
              [
                123.52465849300006,
                12.946912014000077
              ],
              [
                123.52464079600009,
                12.946953711000049
              ],
              [
                123.52463194600011,
                12.946962338000048
              ],
              [
                123.52460834400006,
                12.946976719000077
              ],
              [
                123.52460244400004,
                12.946978158000036
              ],
              [
                123.52458474200012,
                12.946991100000048
              ],
              [
                123.52456704200006,
                12.947009793000063
              ],
              [
                123.524555243,
                12.947025610000026
              ],
              [
                123.52453901900003,
                12.947055805000048
              ],
              [
                123.52451984800007,
                12.947103253000023
              ],
              [
                123.52451542300003,
                12.947109004000026
              ],
              [
                123.52450657600002,
                12.947137760000032
              ],
              [
                123.52450657700001,
                12.947143511000036
              ],
              [
                123.52450068000007,
                12.947167954000065
              ],
              [
                123.52449773,
                12.947173705000068
              ],
              [
                123.52449330500008,
                12.947178019000035
              ],
              [
                123.52448445700009,
                12.947201024000037
              ],
              [
                123.52407389400003,
                12.947107628000026
              ],
              [
                123.5240768430001,
                12.94710331500005
              ],
              [
                123.52409069400005,
                12.94709294100005
              ],
              [
                123.52409069400005,
                12.947089403000064
              ],
              [
                123.52409613800012,
                12.947084095000037
              ],
              [
                123.52409976700005,
                12.947077019000062
              ],
              [
                123.5241106520001,
                12.947039869000037
              ],
              [
                123.52411065100011,
                12.947031024000069
              ],
              [
                123.52411246500003,
                12.947023948000037
              ],
              [
                123.52411246000008,
                12.946986800000047
              ],
              [
                123.52411064300009,
                12.946972649000031
              ],
              [
                123.52410519500006,
                12.946954960000028
              ],
              [
                123.52410519400007,
                12.946949653000047
              ],
              [
                123.52409611500002,
                12.946924889000059
              ],
              [
                123.52409429800002,
                12.946916044000034
              ],
              [
                123.52409429600004,
                12.94689835500003
              ],
              [
                123.52409248000004,
                12.946891279000056
              ],
              [
                123.52408884800002,
                12.946884204000071
              ],
              [
                123.52407432700011,
                12.946877130000075
              ],
              [
                123.52406706600004,
                12.946875362000071
              ],
              [
                123.5240616210001,
                12.946878901000048
              ],
              [
                123.52405980700007,
                12.946885977000022
              ],
              [
                123.52405436200002,
                12.94689128400006
              ],
              [
                123.52404528700004,
                12.946891286000039
              ],
              [
                123.52403802600008,
                12.946885980000047
              ],
              [
                123.5240235010001,
                12.946859447000065
              ],
              [
                123.52401805300008,
                12.946838221000064
              ],
              [
                123.52401805200009,
                12.946831145000033
              ],
              [
                123.52401441900008,
                12.946816994000073
              ],
              [
                123.52401078800006,
                12.946809918000042
              ],
              [
                123.52401078700007,
                12.946802843000057
              ],
              [
                123.52400533900004,
                12.946781616000067
              ],
              [
                123.52399807600011,
                12.94676746500005
              ],
              [
                123.52395995400002,
                12.946728110000038
              ],
              [
                123.52394543100002,
                12.946717498000055
              ],
              [
                123.52391457200008,
                12.946699813000066
              ],
              [
                123.52390004900008,
                12.946683894000046
              ],
              [
                123.52389278600003,
                12.94666974300003
              ],
              [
                123.52389096900004,
                12.946653823000076
              ],
              [
                123.523887338,
                12.946646747000045
              ],
              [
                123.52388370500012,
                12.946632596000029
              ],
              [
                123.52387099700002,
                12.946613139000021
              ],
              [
                123.52385647500012,
                12.946604297000022
              ],
              [
                123.52382380300003,
                12.946604301000036
              ],
              [
                123.52380565200008,
                12.946602535000068
              ],
              [
                123.52379839100001,
                12.94659899800007
              ],
              [
                123.52378749800005,
                12.94658838600003
              ],
              [
                123.52378386700002,
                12.946581310000056
              ],
              [
                123.52376207500004,
                12.946507017000044
              ],
              [
                123.5237529960001,
                12.946482253000056
              ],
              [
                123.5237275830001,
                12.946468105000065
              ],
              [
                123.52372032000005,
                12.946453954000049
              ],
              [
                123.52371487200003,
                12.946432727000058
              ],
              [
                123.5237094250001,
                12.946418576000042
              ],
              [
                123.52369671600002,
                12.946399120000024
              ],
              [
                123.5236912690001,
                12.946384969000064
              ],
              [
                123.52369126300005,
                12.946342514000037
              ],
              [
                123.52369489000012,
                12.946326593000038
              ],
              [
                123.52369488900001,
                12.946319517000063
              ],
              [
                123.52372392300003,
                12.946264675000066
              ],
              [
                123.52373480800009,
                12.94622752600003
              ],
              [
                123.52374388100009,
                12.94620629700006
              ],
              [
                123.52374387900011,
                12.946197452000035
              ],
              [
                123.52373661600006,
                12.946176226000034
              ],
              [
                123.52372027600006,
                12.946149694000042
              ],
              [
                123.52370938400009,
                12.946135543000025
              ],
              [
                123.52369304500007,
                12.946119625000051
              ],
              [
                123.52367126200011,
                12.94610547600007
              ],
              [
                123.52364403500007,
                12.946101942000041
              ],
              [
                123.52362225500008,
                12.946110790000034
              ],
              [
                123.52360229100009,
                12.946123175000025
              ],
              [
                123.52359140200008,
                12.946135560000073
              ],
              [
                123.52358958800005,
                12.946142636000047
              ],
              [
                123.52358233000007,
                12.946156788000053
              ],
              [
                123.5235768870001,
                12.946170941000048
              ],
              [
                123.5235696310001,
                12.946201014000053
              ],
              [
                123.52356963200009,
                12.946209859000021
              ],
              [
                123.52356600500002,
                12.946231087000058
              ],
              [
                123.52356601100007,
                12.946270004000041
              ],
              [
                123.52356964300009,
                12.946284155000058
              ],
              [
                123.52356964400008,
                12.946291231000032
              ],
              [
                123.52357327600009,
                12.946307151000042
              ],
              [
                123.52357327800007,
                12.946315996000067
              ],
              [
                123.52359143800004,
                12.946383213000047
              ],
              [
                123.52360233200011,
                12.946406208000042
              ],
              [
                123.5236295630001,
                12.946439815000076
              ],
              [
                123.52366042400001,
                12.946468114000027
              ],
              [
                123.52366224100001,
                12.946476958000062
              ],
              [
                123.52366300100005,
                12.946522365000021
              ],
              [
                123.52366737500006,
                12.946562802000074
              ],
              [
                123.52367174500012,
                12.946581957000035
              ],
              [
                123.5236717470001,
                12.946594727000047
              ],
              [
                123.523678302,
                12.946618138000076
              ],
              [
                123.52367830300011,
                12.946626651000031
              ],
              [
                123.52368267200006,
                12.946635164000043
              ],
              [
                123.523687042,
                12.946652190000066
              ],
              [
                123.52369359500005,
                12.946660703000077
              ],
              [
                123.52369796500011,
                12.946677729000044
              ],
              [
                123.52372418000004,
                12.946734480000032
              ],
              [
                123.52373728500004,
                12.946747249000055
              ],
              [
                123.52376349300005,
                12.946760015000052
              ],
              [
                123.52378314900011,
                12.946766397000033
              ],
              [
                123.52385084900004,
                12.946772773000077
              ],
              [
                123.52386613700003,
                12.946779156000048
              ],
              [
                123.52388142600012,
                12.946791924000024
              ],
              [
                123.5238945320001,
                12.946808949000058
              ],
              [
                123.52389890100005,
                12.946817461000023
              ],
              [
                123.52390327100011,
                12.946836616000041
              ],
              [
                123.52390327600006,
                12.946868541000072
              ],
              [
                123.52389890900008,
                12.946877055000073
              ],
              [
                123.52389672700008,
                12.946885569000074
              ],
              [
                123.52386834300012,
                12.946928139000022
              ],
              [
                123.52386616000001,
                12.946936653000023
              ],
              [
                123.52385961000004,
                12.946947296000076
              ],
              [
                123.52382468300004,
                12.947045204000062
              ],
              [
                123.52380285800007,
                12.94714311100006
              ],
              [
                123.5237591990001,
                12.947266561000049
              ],
              [
                123.52375643800008,
                12.947273419000055
              ],
              [
                123.5236949350001,
                12.947426194000059
              ],
              [
                123.5236469030001,
                12.947526234000065
              ],
              [
                123.5235966890001,
                12.947641172000033
              ],
              [
                123.52357049800003,
                12.947745465000025
              ],
              [
                123.52355303800005,
                12.947828473000072
              ],
              [
                123.523531219,
                12.947957033000023
              ],
              [
                123.52349847500011,
                12.948059198000067
              ],
              [
                123.52346354100007,
                12.948118797000063
              ],
              [
                123.52341332200001,
                12.948193297000046
              ],
              [
                123.5232102550001,
                12.948433828000077
              ],
              [
                123.52310981000005,
                12.948529617000077
              ],
              [
                123.52304211800003,
                12.94858922000003
              ],
              [
                123.52282102200002,
                12.948843397000076
              ],
              [
                123.52269312100009,
                12.948967475000075
              ],
              [
                123.52254899900004,
                12.949088811000024
              ],
              [
                123.52242453300005,
                12.949203759000056
              ],
              [
                123.52218869700005,
                12.949380443000052
              ],
              [
                123.5219934480001,
                12.949524426000039
              ],
              [
                123.52180128300006,
                12.949656410000046
              ],
              [
                123.52163750200009,
                12.949741565000068
              ],
              [
                123.52159601200003,
                12.94977136700004
              ],
              [
                123.52147591200003,
                12.949867158000075
              ],
              [
                123.52142131900007,
                12.949901219000026
              ],
              [
                123.52134594200004,
                12.94994259400005
              ],
              [
                123.52132847200005,
                12.94995536600004
              ],
              [
                123.52129789900005,
                12.949968140000067
              ],
              [
                123.52127824500008,
                12.949978784000052
              ],
              [
                123.52124330400011,
                12.949987302000068
              ],
              [
                123.521225834,
                12.949993690000042
              ],
              [
                123.52119089400003,
                12.950012849000075
              ],
              [
                123.5211210120001,
                12.950040527000056
              ],
              [
                123.52109480700005,
                12.95004691500003
              ],
              [
                123.52108607200012,
                12.950051173000077
              ],
              [
                123.52106641700004,
                12.950055432000056
              ],
              [
                123.52102055800003,
                12.950076722000063
              ],
              [
                123.52097033100006,
                12.950093755000069
              ],
              [
                123.52096377900011,
                12.950098012000069
              ],
              [
                123.52095504400006,
                12.950100142000053
              ],
              [
                123.52092883900002,
                12.950112915000034
              ],
              [
                123.52091136900003,
                12.95011717400007
              ],
              [
                123.5209026340001,
                12.95012143200006
              ],
              [
                123.5208720600001,
                12.950127821000024
              ],
              [
                123.52084803800005,
                12.950134209000055
              ],
              [
                123.52081746500005,
                12.95014485400003
              ],
              [
                123.52078907500004,
                12.95015124300005
              ],
              [
                123.52074758200001,
                12.95015763300006
              ],
              [
                123.5207366630001,
                12.95015763500004
              ],
              [
                123.52072574400006,
                12.950161893000029
              ],
              [
                123.52069298600009,
                12.95016402500005
              ],
              [
                123.52066459600007,
                12.95017041400007
              ],
              [
                123.52062747000002,
                12.950174675000028
              ],
              [
                123.52059252900006,
                12.950183193000044
              ],
              [
                123.52055758900008,
                12.950198096000065
              ],
              [
                123.52052920000006,
                12.950206613000034
              ],
              [
                123.52051172900008,
                12.950208743000076
              ],
              [
                123.52048552400004,
                12.950221517000045
              ],
              [
                123.5204767890001,
                12.95022364600004
              ],
              [
                123.52046587000007,
                12.950230032000036
              ],
              [
                123.52042437800003,
                12.950247064000052
              ],
              [
                123.52032610300012,
                12.950247077000029
              ],
              [
                123.52030863300001,
                12.950251335000075
              ],
              [
                123.52027369100006,
                12.950251340000023
              ],
              [
                123.5202081760001,
                12.95026624600007
              ],
              [
                123.52019944100005,
                12.95027050400006
              ],
              [
                123.5201776020001,
                12.950272635000033
              ],
              [
                123.52016013200011,
                12.950279022000075
              ],
              [
                123.52015358000006,
                12.950279023000064
              ],
              [
                123.52014266100002,
                12.950281153000049
              ],
              [
                123.5201317420001,
                12.950285411000038
              ],
              [
                123.52011427200011,
                12.950287541000023
              ],
              [
                123.52009243400005,
                12.950296058000049
              ],
              [
                123.52008151500002,
                12.950298187000044
              ],
              [
                123.52006186100004,
                12.950306703000024
              ],
              [
                123.52004657300006,
                12.95030670500006
              ],
              [
                123.52000937500009,
                12.950315017000037
              ],
              [
                123.5200071920001,
                12.950317146000032
              ],
              [
                123.51999627200007,
                12.950317147000021
              ],
              [
                123.51998753700002,
                12.950321405000068
              ],
              [
                123.51997006600004,
                12.950325664000047
              ],
              [
                123.51993294100009,
                12.950332054000057
              ],
              [
                123.51992420600004,
                12.950336311000058
              ],
              [
                123.51989581600003,
                12.950344828000027
              ],
              [
                123.51988489700011,
                12.950351215000069
              ],
              [
                123.51983903700011,
                12.950361862000022
              ],
              [
                123.51981283200007,
                12.95037463500006
              ],
              [
                123.51977570600002,
                12.950383153000075
              ],
              [
                123.51976042000001,
                12.95038954000006
              ],
              [
                123.51972766200004,
                12.950395929000024
              ],
              [
                123.51969272200006,
                12.95040870400004
              ],
              [
                123.51966214900006,
                12.95042573400002
              ],
              [
                123.51965123000002,
                12.950427864000062
              ],
              [
                123.51964467900007,
                12.950432121000063
              ],
              [
                123.51959881900007,
                12.950447025000074
              ],
              [
                123.5195791650001,
                12.950459798000054
              ],
              [
                123.51956387900009,
                12.950466185000039
              ],
              [
                123.51954422600011,
                12.950485342000036
              ],
              [
                123.51953549200005,
                12.950491728000031
              ],
              [
                123.51951584000005,
                12.950521528000024
              ],
              [
                123.51949182200008,
                12.950553456000023
              ],
              [
                123.5194547000001,
                12.950589642000068
              ],
              [
                123.51944596500005,
                12.950593900000058
              ],
              [
                123.5194372310001,
                12.950602414000059
              ],
              [
                123.51941757800012,
                12.950617315000045
              ],
              [
                123.51940884300006,
                12.950621573000035
              ],
              [
                123.51938045400004,
                12.950640731000021
              ],
              [
                123.51937390400008,
                12.950647117000074
              ],
              [
                123.51935206600001,
                12.950659890000054
              ],
              [
                123.51934333200006,
                12.950668404000055
              ],
              [
                123.51926253300007,
                12.950713109000048
              ],
              [
                123.51924288000009,
                12.950728010000034
              ],
              [
                123.5192254100001,
                12.950736525000025
              ],
              [
                123.51919483800009,
                12.950755684000057
              ],
              [
                123.51917955300007,
                12.950768456000048
              ],
              [
                123.51916426600008,
                12.950776971000039
              ],
              [
                123.51915771600011,
                12.950783357000034
              ],
              [
                123.5191424300001,
                12.950794
              ],
              [
                123.51913587900003,
                12.950802515000078
              ],
              [
                123.5191271440001,
                12.950806772000021
              ],
              [
                123.51911404300006,
                12.950821672000075
              ],
              [
                123.5190441630001,
                12.950862119000021
              ],
              [
                123.51903106100008,
                12.950874891000069
              ],
              [
                123.51899830600007,
                12.950900435000051
              ],
              [
                123.518986702,
                12.950925749000021
              ],
              [
                123.51898015100005,
                12.950930007000068
              ],
              [
                123.51897578400008,
                12.950938521000069
              ],
              [
                123.51896268300004,
                12.950953421000065
              ],
              [
                123.51893211100003,
                12.950976836000052
              ],
              [
                123.51889717300003,
                12.95100876600003
              ],
              [
                123.51887533700005,
                12.951038565000033
              ],
              [
                123.51884913600009,
                12.951085392000039
              ],
              [
                123.518825117,
                12.951115192000032
              ],
              [
                123.51877489200001,
                12.951153508000061
              ],
              [
                123.51874213600001,
                12.951168410000037
              ],
              [
                123.5187312170001,
                12.951174796000032
              ],
              [
                123.51871593200008,
                12.951187568000023
              ],
              [
                123.51869409500011,
                12.951208854000072
              ],
              [
                123.51868099400008,
                12.951225882000074
              ],
              [
                123.51867225900003,
                12.951234397000064
              ],
              [
                123.51867007600003,
                12.95124078200007
              ],
              [
                123.51864387300009,
                12.951268454000058
              ],
              [
                123.5186220380001,
                12.951296125000056
              ],
              [
                123.51861548600004,
                12.951300382000056
              ],
              [
                123.51861330300005,
                12.951304639000057
              ],
              [
                123.51860456800011,
                12.951311025000052
              ],
              [
                123.5185892830001,
                12.951325925000049
              ],
              [
                123.51857399700009,
                12.951336569000034
              ],
              [
                123.51856744600002,
                12.951345083000035
              ],
              [
                123.51855434400011,
                12.951353598000026
              ],
              [
                123.51854342600006,
                12.951364241000022
              ],
              [
                123.51850848600009,
                12.951387657000055
              ],
              [
                123.51849975100004,
                12.951391914000055
              ],
              [
                123.51848446600002,
                12.951406815000041
              ],
              [
                123.51845781500003,
                12.951442926000027
              ],
              [
                123.51844253000002,
                12.951455698000075
              ],
              [
                123.51843161200009,
                12.951468469000076
              ],
              [
                123.51835736400005,
                12.95151317400007
              ],
              [
                123.51834862900012,
                12.951515303000065
              ],
              [
                123.51833115900001,
                12.951528075000056
              ],
              [
                123.51831150700002,
                12.951553618000048
              ],
              [
                123.51826783400008,
                12.951602575000038
              ],
              [
                123.51821105800002,
                12.951647277000063
              ],
              [
                123.51820669100005,
                12.95165366200007
              ],
              [
                123.51817175200006,
                12.951677078000046
              ],
              [
                123.5181499150001,
                12.951696236000032
              ],
              [
                123.518145548,
                12.951702621000038
              ],
              [
                123.51811716100008,
                12.951732421000031
              ],
              [
                123.51808222500006,
                12.951792019000038
              ],
              [
                123.51807130700001,
                12.951802662000034
              ],
              [
                123.51804947200003,
                12.951832461000038
              ],
              [
                123.51803418600002,
                12.951845233000029
              ],
              [
                123.51800673700006,
                12.951878859000033
              ],
              [
                123.51800018600011,
                12.951883117000023
              ],
              [
                123.51799363500004,
                12.951891631000024
              ],
              [
                123.51797834900003,
                12.951900146000071
              ],
              [
                123.5179696130001,
                12.951902276000055
              ],
              [
                123.517939038,
                12.951902279000024
              ],
              [
                123.51793030400006,
                12.95191079400007
              ],
              [
                123.51792593700009,
                12.951919308000072
              ],
              [
                123.5179084670001,
                12.951929952000057
              ],
              [
                123.51789754800006,
                12.951934210000047
              ],
              [
                123.5178778930001,
                12.951938469000027
              ],
              [
                123.51786479100008,
                12.951946984000074
              ],
              [
                123.51785824000001,
                12.951957626000024
              ],
              [
                123.51785824500007,
                12.951998065000055
              ],
              [
                123.51786043000004,
                12.952008706000072
              ],
              [
                123.51787353500004,
                12.952023603000043
              ],
              [
                123.5178779040001,
                12.952032116000055
              ],
              [
                123.51788008900007,
                12.952040629000066
              ],
              [
                123.5178757220001,
                12.952049143000067
              ],
              [
                123.51786698800004,
                12.952057658000058
              ],
              [
                123.51785170200003,
                12.952068301000054
              ],
              [
                123.5178407840001,
                12.95208320100005
              ],
              [
                123.51782113100012,
                12.952104487000042
              ],
              [
                123.51778400800004,
                12.952132160000076
              ],
              [
                123.51777308900012,
                12.952136417000077
              ],
              [
                123.5177599860001,
                12.952144932000067
              ],
              [
                123.51772941500008,
                12.952170476000049
              ],
              [
                123.51771631300005,
                12.952187504000051
              ],
              [
                123.51770102800003,
                12.952202405000037
              ],
              [
                123.51766827400002,
                12.952247104000037
              ],
              [
                123.51762460100008,
                12.952291804000026
              ],
              [
                123.5176049480001,
                12.952308833000075
              ],
              [
                123.51757874300006,
                12.952325863000056
              ],
              [
                123.51757219300009,
                12.952332248000062
              ],
              [
                123.5175241500001,
                12.952359922000028
              ],
              [
                123.51750668000011,
                12.952372694000076
              ],
              [
                123.51749794500006,
                12.952376952000066
              ],
              [
                123.51748047500007,
                12.952389724000057
              ],
              [
                123.51746737400003,
                12.952404624000053
              ],
              [
                123.51744117100009,
                12.952438680000057
              ],
              [
                123.51743025300004,
                12.952455708000059
              ],
              [
                123.51742588700006,
                12.95246847900006
              ],
              [
                123.51741715300011,
                12.952483378000068
              ],
              [
                123.51741278700001,
                12.95250040600007
              ],
              [
                123.51740842100003,
                12.952508919000024
              ],
              [
                123.51740187200005,
                12.952536589000033
              ],
              [
                123.51739750600007,
                12.95254723100004
              ],
              [
                123.51739095500011,
                12.952557873000046
              ],
              [
                123.5173909560001,
                12.952562130000047
              ],
              [
                123.51736693700002,
                12.952600443000051
              ],
              [
                123.51735383500011,
                12.952608958000042
              ],
              [
                123.51734510100005,
                12.952619600000048
              ],
              [
                123.51730361000011,
                12.952651530000026
              ],
              [
                123.51729924300002,
                12.952657916000021
              ],
              [
                123.51728395700002,
                12.952672816000074
              ],
              [
                123.51725599500003,
                12.952711480000062
              ],
              [
                123.51722979100009,
                12.952741280000055
              ],
              [
                123.51721887400004,
                12.952756180000051
              ],
              [
                123.51720358800003,
                12.952768952000042
              ],
              [
                123.51719266900011,
                12.952781723000044
              ],
              [
                123.5171620970001,
                12.952807267000026
              ],
              [
                123.5171599140001,
                12.952813652000032
              ],
              [
                123.51714681200008,
                12.952828552000028
              ],
              [
                123.5171424450001,
                12.95283706600003
              ],
              [
                123.51711842600002,
                12.952871122000033
              ],
              [
                123.51710750900008,
                12.95289027900003
              ],
              [
                123.51710095800001,
                12.952898793000031
              ],
              [
                123.51708348800003,
                12.952911565000022
              ],
              [
                123.51707693700007,
                12.952920079000023
              ],
              [
                123.5170703870001,
                12.95293497800003
              ],
              [
                123.51706165300004,
                12.952945621000026
              ],
              [
                123.51705073500011,
                12.952964777000034
              ],
              [
                123.51703981900005,
                12.952996704000043
              ],
              [
                123.51703545300006,
                12.953005218000044
              ],
              [
                123.51703545400005,
                12.953015859000061
              ],
              [
                123.51702016900003,
                12.953035016000058
              ],
              [
                123.51701143500009,
                12.953049916000055
              ],
              [
                123.51696557700006,
                12.953088231000038
              ],
              [
                123.51694592400008,
                12.953111645000035
              ],
              [
                123.51693719000002,
                12.953124416000037
              ],
              [
                123.51692408800011,
                12.953135059000033
              ],
              [
                123.51690443500001,
                12.953156345000025
              ],
              [
                123.51689788400006,
                12.953160602000025
              ],
              [
                123.5168913330001,
                12.953169116000026
              ],
              [
                123.51688478200003,
                12.953173374000073
              ],
              [
                123.51687168,
                12.953190402000075
              ],
              [
                123.51686076200008,
                12.953198917000066
              ],
              [
                123.5168563950001,
                12.953205302000072
              ],
              [
                123.51683674100002,
                12.953222331000063
              ],
              [
                123.51683019100005,
                12.953230845000064
              ],
              [
                123.51680835400009,
                12.953252131000056
              ],
              [
                123.51680398700012,
                12.953260645000057
              ],
              [
                123.51676249800005,
                12.953305345000047
              ],
              [
                123.51673411000002,
                12.953333016000045
              ],
              [
                123.5167210080001,
                12.95334365900004
              ],
              [
                123.5167035390001,
                12.953362816000038
              ],
              [
                123.51666859900001,
                12.953390489000071
              ],
              [
                123.51662274400007,
                12.953452216000073
              ],
              [
                123.51659167600008,
                12.953488636000031
              ],
              [
                123.51659386000006,
                12.953490764000037
              ],
              [
                123.51658949300008,
                12.953499278000038
              ],
              [
                123.51658075800003,
                12.953503536000028
              ],
              [
                123.51657420700008,
                12.953509922000023
              ],
              [
                123.5165545530001,
                12.953522694000071
              ],
              [
                123.51653708300012,
                12.953537594000068
              ],
              [
                123.51651742900003,
                12.953550367000048
              ],
              [
                123.51651306200006,
                12.953556752000054
              ],
              [
                123.51649777600005,
                12.95357165200005
              ],
              [
                123.51646720400004,
                12.953592939000032
              ],
              [
                123.51645846800011,
                12.953597197000022
              ],
              [
                123.51644973400005,
                12.953607840000075
              ],
              [
                123.51644318300009,
                12.953612097000075
              ],
              [
                123.51642353000011,
                12.953637639000021
              ],
              [
                123.51640606,
                12.953652540000064
              ],
              [
                123.51638640800002,
                12.953675954000062
              ],
              [
                123.51637549000009,
                12.95369511000007
              ],
              [
                123.51634491900006,
                12.953724910000062
              ],
              [
                123.51634273500008,
                12.953729167000063
              ],
              [
                123.5163230820001,
                12.953746196000054
              ],
              [
                123.51631653100003,
                12.95375683900005
              ],
              [
                123.51630779700008,
                12.953765353000051
              ],
              [
                123.51629032800008,
                12.95379302300006
              ],
              [
                123.51628814500009,
                12.95380153700006
              ],
              [
                123.51628377800012,
                12.953810051000062
              ],
              [
                123.5162510240001,
                12.953850493000061
              ],
              [
                123.51624010500007,
                12.953856879000057
              ],
              [
                123.51622263600007,
                12.953873908000048
              ],
              [
                123.51617896100004,
                12.953905838000026
              ],
              [
                123.51615930600008,
                12.953912225000067
              ],
              [
                123.51614402000007,
                12.953922868000063
              ],
              [
                123.51612655000008,
                12.953929255000048
              ],
              [
                123.51611126400007,
                12.95394202700004
              ],
              [
                123.51609379500007,
                12.953965441000037
              ],
              [
                123.51608506000002,
                12.953971826000043
              ],
              [
                123.51606540800003,
                12.95399949700004
              ],
              [
                123.51606322500004,
                12.954005882000047
              ],
              [
                123.51606104200005,
                12.954016524000053
              ],
              [
                123.51606104500001,
                12.954044193000072
              ],
              [
                123.51605886200002,
                12.954052706000027
              ],
              [
                123.51604794400009,
                12.954067606000024
              ],
              [
                123.51604139400001,
                12.95407824800003
              ],
              [
                123.51603921100002,
                12.954086762000031
              ],
              [
                123.51602464900009,
                12.954107688000022
              ],
              [
                123.51601591700012,
                12.954135357000041
              ],
              [
                123.51600281600008,
                12.954160899000044
              ],
              [
                123.51597442800005,
                12.954192827000043
              ],
              [
                123.51596132700001,
                12.954209855000045
              ],
              [
                123.51595695900005,
                12.95421198400004
              ],
              [
                123.51593512300008,
                12.954246040000044
              ],
              [
                123.51592638800003,
                12.95425242600004
              ],
              [
                123.51592202200004,
                12.95426094000004
              ],
              [
                123.51588926600004,
                12.954292869000028
              ],
              [
                123.51586961300006,
                12.954316283000026
              ],
              [
                123.51583467600005,
                12.954363110000031
              ],
              [
                123.51581065800008,
                12.954409936000047
              ],
              [
                123.515804107,
                12.954418450000048
              ],
              [
                123.51580410800011,
                12.95442696400005
              ],
              [
                123.51578882400008,
                12.954454634000058
              ],
              [
                123.51578664100009,
                12.954465276000064
              ],
              [
                123.51577790700003,
                12.954484432000072
              ],
              [
                123.51577572400004,
                12.954492945000027
              ],
              [
                123.51576699100008,
                12.954509973000029
              ],
              [
                123.51575607300003,
                12.954529129000036
              ],
              [
                123.51573423700006,
                12.95455892800004
              ],
              [
                123.5157276860001,
                12.954565314000035
              ],
              [
                123.51570366500005,
                12.954582343000027
              ],
              [
                123.51568837900004,
                12.954597243000023
              ],
              [
                123.51567746,
                12.954603630000065
              ],
              [
                123.5156468880001,
                12.954627045000052
              ],
              [
                123.51561194700002,
                12.954644075000033
              ],
              [
                123.515568271,
                12.954671748000067
              ],
              [
                123.51552896400005,
                12.954699421000043
              ],
              [
                123.51552241200011,
                12.954701550000038
              ],
              [
                123.51549620700007,
                12.954716451000024
              ],
              [
                123.51548747100003,
                12.954718580000076
              ],
              [
                123.51544379500001,
                12.954737740000041
              ],
              [
                123.51541322100002,
                12.954746257000068
              ],
              [
                123.51539356700005,
                12.954756900000064
              ],
              [
                123.51538046400003,
                12.954765415000054
              ],
              [
                123.51535644300009,
                12.95478457300004
              ],
              [
                123.51534770800004,
                12.954788830000041
              ],
              [
                123.51534115700008,
                12.954795216000036
              ],
              [
                123.5153367900001,
                12.954803730000037
              ],
              [
                123.51532805700003,
                12.954831399000057
              ],
              [
                123.5152974880001,
                12.954882483000063
              ],
              [
                123.51528875300005,
                12.95489312500007
              ],
              [
                123.5152800190001,
                12.954908025000066
              ],
              [
                123.51523853000003,
                12.95495485300006
              ],
              [
                123.51523197800009,
                12.954959110000061
              ],
              [
                123.515225428,
                12.954967624000062
              ],
              [
                123.515188555,
                12.95499693000005
              ],
              [
                123.51518637100003,
                12.955001186000061
              ],
              [
                123.51516671800005,
                12.955022472000053
              ],
              [
                123.51515579900001,
                12.955030986000054
              ],
              [
                123.51515361600002,
                12.955035243000054
              ],
              [
                123.51513833000001,
                12.95504588700004
              ],
              [
                123.51512086000002,
                12.955065044000037
              ],
              [
                123.5150924720001,
                12.95509058700003
              ],
              [
                123.51507500200012,
                12.955103359000077
              ],
              [
                123.51506626700007,
                12.955111873000021
              ],
              [
                123.51505098100006,
                12.955120388000068
              ],
              [
                123.51502040800005,
                12.95514167400006
              ],
              [
                123.51501604100008,
                12.955148060000056
              ],
              [
                123.51497673300003,
                12.955175732000043
              ],
              [
                123.51497236600005,
                12.955182118000039
              ],
              [
                123.51493305800011,
                12.955209790000026
              ],
              [
                123.51492214000007,
                12.955220433000022
              ],
              [
                123.5149177720001,
                12.955222562000074
              ],
              [
                123.514898119,
                12.955243848000066
              ],
              [
                123.51484134100008,
                12.955284292000044
              ],
              [
                123.51479766600005,
                12.955320478000033
              ],
              [
                123.51478238100003,
                12.95533537800003
              ],
              [
                123.51475836000009,
                12.955363049000027
              ],
              [
                123.51474089100009,
                12.955386463000025
              ],
              [
                123.51471468700004,
                12.955416262000028
              ],
              [
                123.51467538200006,
                12.955467347000024
              ],
              [
                123.51466883100011,
                12.95547798900003
              ],
              [
                123.51464699400003,
                12.955501403000028
              ],
              [
                123.51461642400011,
                12.955543973000033
              ],
              [
                123.51458803600008,
                12.955575901000032
              ],
              [
                123.5145836690001,
                12.955584415000033
              ],
              [
                123.51452907600003,
                12.955637629000023
              ],
              [
                123.51451815700011,
                12.95564614400007
              ],
              [
                123.51451160700003,
                12.955654658000071
              ],
              [
                123.51448103400003,
                12.955675945000053
              ],
              [
                123.5144570120001,
                12.95569510200005
              ],
              [
                123.51444827700004,
                12.95569936000004
              ],
              [
                123.51439805100006,
                12.955744060000029
              ],
              [
                123.51436966100005,
                12.955756834000056
              ],
              [
                123.51430445300002,
                12.955774172000076
              ],
              [
                123.51427039600003,
                12.955795140000077
              ],
              [
                123.51424888600002,
                12.955805625000039
              ],
              [
                123.51421796600005,
                12.95580128100005
              ],
              [
                123.51421079600004,
                12.955803029000037
              ],
              [
                123.5141588140001,
                12.955834482000057
              ],
              [
                123.51414268100007,
                12.955841472000031
              ],
              [
                123.51409607800008,
                12.955879912000057
              ],
              [
                123.5140907010001,
                12.955886900000053
              ],
              [
                123.5140835310001,
                12.955892142000039
              ],
              [
                123.51404589200001,
                12.955935822000072
              ],
              [
                123.51404410000009,
                12.955941063000068
              ],
              [
                123.51401183700011,
                12.955974260000062
              ],
              [
                123.51397419600005,
                12.956002216000059
              ],
              [
                123.51392579800006,
                12.956026681000026
              ],
              [
                123.51386485300009,
                12.956052893000049
              ],
              [
                123.51384155100004,
                12.956066872000065
              ],
              [
                123.51382900400006,
                12.956077355000048
              ],
              [
                123.51382362700008,
                12.956084344000033
              ],
              [
                123.51381645700008,
                12.956089586000076
              ],
              [
                123.513812873,
                12.956096574000071
              ],
              [
                123.51379494900004,
                12.956114046000039
              ],
              [
                123.51378419500008,
                12.956129771000064
              ],
              [
                123.51375372500002,
                12.956162967000068
              ],
              [
                123.51374476400008,
                12.956176944000049
              ],
              [
                123.51373580200004,
                12.956187427000032
              ],
              [
                123.51372146300002,
                12.95619965800006
              ],
              [
                123.51370891600004,
                12.95621363500004
              ],
              [
                123.51370353900006,
                12.956217130000027
              ],
              [
                123.51369816200008,
                12.956225866000068
              ],
              [
                123.51368920000004,
                12.956229361000055
              ],
              [
                123.51368382300006,
                12.95623634900005
              ],
              [
                123.51367486000004,
                12.956241591000037
              ],
              [
                123.51364976600007,
                12.956262558000049
              ],
              [
                123.51361571000007,
                12.956287020000048
              ],
              [
                123.51358344500011,
                12.95630624100005
              ],
              [
                123.51357089900011,
                12.956316725000022
              ],
              [
                123.51355476600008,
                12.956327209000051
              ],
              [
                123.51354401200001,
                12.956339439000033
              ],
              [
                123.51351354100007,
                12.956363901000032
              ],
              [
                123.51350816400009,
                12.956370889000027
              ],
              [
                123.51347720600006,
                12.956397646000028
              ],
              [
                123.51345031900007,
                12.956411625000044
              ],
              [
                123.51341805400011,
                12.956432593000045
              ],
              [
                123.51341267600003,
                12.956434341000033
              ],
              [
                123.51337861900004,
                12.956458803000032
              ],
              [
                123.51336427900003,
                12.956465793000064
              ],
              [
                123.51335890200005,
                12.95647103400006
              ],
              [
                123.5133122960001,
                12.95649200400004
              ],
              [
                123.51329616300006,
                12.956497247000073
              ],
              [
                123.51329078600008,
                12.956497248000062
              ],
              [
                123.51327823800011,
                12.956505984000046
              ],
              [
                123.51319220800008,
                12.956624790000035
              ],
              [
                123.51316890700002,
                12.956654492000041
              ],
              [
                123.51315994600009,
                12.956668469000022
              ],
              [
                123.51315636200002,
                12.956677204000073
              ],
              [
                123.5131420240001,
                12.956698170000038
              ],
              [
                123.513124102,
                12.956733112000052
              ],
              [
                123.51310617900003,
                12.956755825000073
              ],
              [
                123.51309542500007,
                12.956773296000051
              ],
              [
                123.51308825600006,
                12.956778538000037
              ],
              [
                123.51306854000006,
                12.956802998000057
              ],
              [
                123.51304882300008,
                12.956818723000026
              ],
              [
                123.5130434460001,
                12.956825712000068
              ],
              [
                123.51297891800004,
                12.956871141000022
              ],
              [
                123.51295203100005,
                12.956892109000023
              ],
              [
                123.51293231500006,
                12.956913075000045
              ],
              [
                123.51291439200008,
                12.956935788000067
              ],
              [
                123.5128821290001,
                12.95697073100007
              ],
              [
                123.51287854500004,
                12.956977720000054
              ],
              [
                123.51286958300011,
                12.956988203000037
              ],
              [
                123.51284628200005,
                12.957012663000057
              ],
              [
                123.51281939700004,
                12.957044112000062
              ],
              [
                123.512810435,
                12.957058089000043
              ],
              [
                123.51280864400007,
                12.957065078000028
              ],
              [
                123.51279609700009,
                12.957080802000064
              ],
              [
                123.51278713500005,
                12.957087791000049
              ],
              [
                123.51275588600004,
                12.957146557000044
              ],
              [
                123.51274154900011,
                12.957183245000067
              ],
              [
                123.51272900300012,
                12.957197223000037
              ],
              [
                123.51271108100002,
                12.957230418000051
              ],
              [
                123.51269495000008,
                12.957249636000029
              ],
              [
                123.51268240400009,
                12.957270602000051
              ],
              [
                123.51267702700011,
                12.957275843000048
              ],
              [
                123.51264118200004,
                12.957335245000024
              ],
              [
                123.51262863600004,
                12.957352717000049
              ],
              [
                123.51261608900006,
                12.95736669400003
              ],
              [
                123.51259099800006,
                12.957410372000027
              ],
              [
                123.51257845200007,
                12.957426096000063
              ],
              [
                123.51257486700001,
                12.957433084000058
              ],
              [
                123.51256949000003,
                12.957438326000045
              ],
              [
                123.51252289100012,
                12.95750821100006
              ],
              [
                123.51247091300002,
                12.957574603000069
              ],
              [
                123.51244582200002,
                12.957618280000077
              ],
              [
                123.51244044600003,
                12.957634004000056
              ],
              [
                123.51243506900005,
                12.957640992000051
              ],
              [
                123.51243327700001,
                12.957647980000047
              ],
              [
                123.51240997900004,
                12.957693405000043
              ],
              [
                123.5123938480001,
                12.957714371000066
              ],
              [
                123.51235016500004,
                12.957754383000065
              ],
              [
                123.51234120300012,
                12.957768360000046
              ],
              [
                123.51232865600002,
                12.957780591000073
              ],
              [
                123.5123143190001,
                12.957810291000044
              ],
              [
                123.5123089440001,
                12.957829509000021
              ],
              [
                123.51230356600001,
                12.957834750000075
              ],
              [
                123.51229102000002,
                12.957853969000041
              ],
              [
                123.51212612200004,
                12.95804615700007
              ],
              [
                123.51191815700008,
                12.958278234000034
              ],
              [
                123.51175505200001,
                12.958480903000066
              ],
              [
                123.51173175200006,
                12.958515846000068
              ],
              [
                123.51172637500008,
                12.958521087000065
              ],
              [
                123.51171562200011,
                12.95854205300003
              ],
              [
                123.51169232200004,
                12.958578742000043
              ],
              [
                123.51167260800003,
                12.958617178000054
              ],
              [
                123.5116564760001,
                12.958634650000022
              ],
              [
                123.51165109900012,
                12.958638144000076
              ],
              [
                123.51161368800001,
                12.958682260000046
              ],
              [
                123.51161010400006,
                12.958694489000038
              ],
              [
                123.51160293500004,
                12.958708466000076
              ],
              [
                123.51154916300004,
                12.958762629000034
              ],
              [
                123.511506144,
                12.958797574000073
              ],
              [
                123.51150076700003,
                12.958806310000057
              ],
              [
                123.51147029600008,
                12.958844747000057
              ],
              [
                123.51146671200001,
                12.958853482000052
              ],
              [
                123.51145775100008,
                12.958867459000032
              ],
              [
                123.51144699800011,
                12.958890171000064
              ],
              [
                123.51144520600008,
                12.958897160000049
              ],
              [
                123.5114398290001,
                12.958904148000045
              ],
              [
                123.5114344530001,
                12.958918125000025
              ],
              [
                123.51142549100007,
                12.958932102000063
              ],
              [
                123.5114075680001,
                12.958954814000037
              ],
              [
                123.51138964400002,
                12.958974033000061
              ],
              [
                123.51136634200009,
                12.958995
              ],
              [
                123.51134841800001,
                12.959015966000038
              ],
              [
                123.51133407900011,
                12.959029943000075
              ],
              [
                123.51132332500003,
                12.959045668000044
              ],
              [
                123.51128210000002,
                12.959096335000027
              ],
              [
                123.51126596900008,
                12.959119048000048
              ],
              [
                123.51125700800003,
                12.959134771000038
              ],
              [
                123.5112480460001,
                12.959145254000077
              ],
              [
                123.51124446200004,
                12.959153990000061
              ],
              [
                123.51122474600004,
                12.959180197000023
              ],
              [
                123.51121399200008,
                12.959192427000062
              ],
              [
                123.51118531200007,
                12.959215141000072
              ],
              [
                123.51117814300005,
                12.959225624000055
              ],
              [
                123.5111745590001,
                12.95923261200005
              ],
              [
                123.51116739200006,
                12.959260565000022
              ],
              [
                123.51115663900009,
                12.95929026500005
              ],
              [
                123.511145886,
                12.959312977000025
              ],
              [
                123.51113213500003,
                12.959325921000072
              ],
              [
                123.51111242000002,
                12.959362610000028
              ],
              [
                123.5111106280001,
                12.959369598000023
              ],
              [
                123.51110525100012,
                12.959376587000065
              ],
              [
                123.51109808300009,
                12.959397551000052
              ],
              [
                123.51108733,
                12.959422010000026
              ],
              [
                123.51108195300003,
                12.959430746000066
              ],
              [
                123.51107478500012,
                12.959453458000041
              ],
              [
                123.5110676160001,
                12.959462193000036
              ],
              [
                123.51106582400007,
                12.959469181000031
              ],
              [
                123.51106224000011,
                12.959474423000074
              ],
              [
                123.51105686500011,
                12.959498881000059
              ],
              [
                123.51104969500011,
                12.95951111100004
              ],
              [
                123.5110496960001,
                12.959518099000036
              ],
              [
                123.5110371510001,
                12.959542558000066
              ],
              [
                123.51102102000004,
                12.959568765000029
              ],
              [
                123.5110048900001,
                12.959600212000055
              ],
              [
                123.51100309800006,
                12.95960720000005
              ],
              [
                123.51099592900005,
                12.959615936000034
              ],
              [
                123.51099413700001,
                12.95962292400003
              ],
              [
                123.51098338300005,
                12.959638648000066
              ],
              [
                123.51095829200005,
                12.959682326000063
              ],
              [
                123.51095291400009,
                12.95968756700006
              ],
              [
                123.51094216000001,
                12.959703292000029
              ],
              [
                123.51093857600006,
                12.959712027000023
              ],
              [
                123.51093499100011,
                12.959715521000021
              ],
              [
                123.51091886100005,
                12.959743475000039
              ],
              [
                123.51090989900001,
                12.959755705000077
              ],
              [
                123.51089197700003,
                12.959788900000035
              ],
              [
                123.51088839300007,
                12.959799382000028
              ],
              [
                123.51087763900011,
                12.959816853000063
              ],
              [
                123.51085971900011,
                12.959867518000067
              ],
              [
                123.5108418000001,
                12.959928664000074
              ],
              [
                123.51083104800011,
                12.959958364000045
              ],
              [
                123.51082208600008,
                12.959974088000024
              ],
              [
                123.51080057800004,
                12.96000553600004
              ],
              [
                123.51079520100006,
                12.960012525000025
              ],
              [
                123.51078121600005,
                12.96002425200004
              ],
              [
                123.5107776320001,
                12.960029494000025
              ],
              [
                123.51077584000006,
                12.960038229000077
              ],
              [
                123.51076867100005,
                12.960052205000068
              ],
              [
                123.5107650870001,
                12.960066182000048
              ],
              [
                123.51076150500012,
                12.960088893000034
              ],
              [
                123.51075792100005,
                12.960097628000028
              ],
              [
                123.51075792300003,
                12.960115098000074
              ],
              [
                123.5107507560001,
                12.960143051000045
              ],
              [
                123.51074538000012,
                12.960160521000034
              ],
              [
                123.51072566700009,
                12.960209439000039
              ],
              [
                123.51071849900006,
                12.960237392000067
              ],
              [
                123.51068982400011,
                12.960293298000067
              ],
              [
                123.51068624000004,
                12.96030378100005
              ],
              [
                123.51068624100003,
                12.960312515000055
              ],
              [
                123.51068086500004,
                12.960328239000035
              ],
              [
                123.51067548700007,
                12.960333481000077
              ],
              [
                123.51066294100008,
                12.960352699000055
              ],
              [
                123.51064681000003,
                12.960371917000032
              ],
              [
                123.51063426600001,
                12.960410352000054
              ],
              [
                123.5106199280001,
                12.960436559000073
              ],
              [
                123.51061276000007,
                12.96045577600006
              ],
              [
                123.5106073820001,
                12.960462765000045
              ],
              [
                123.51059842300003,
                12.960490718000074
              ],
              [
                123.51059483800009,
                12.96049770600007
              ],
              [
                123.51057871100011,
                12.960555358000022
              ],
              [
                123.51056795800002,
                12.960576323000055
              ],
              [
                123.51056437500006,
                12.960592047000034
              ],
              [
                123.51054824500011,
                12.960628735000057
              ],
              [
                123.5105410760001,
                12.960640965000039
              ],
              [
                123.51052494400005,
                12.960658437000063
              ],
              [
                123.51051777400005,
                12.96066367800006
              ],
              [
                123.51048730100001,
                12.960677658000066
              ],
              [
                123.510480131,
                12.960679406000054
              ],
              [
                123.51046579000001,
                12.960688142000038
              ],
              [
                123.51042951700003,
                12.960717527000043
              ],
              [
                123.51042164900002,
                12.960732866000058
              ],
              [
                123.5104118160001,
                12.96076354400003
              ],
              [
                123.51040591500009,
                12.960776966000026
              ],
              [
                123.51039608300005,
                12.960819147000052
              ],
              [
                123.51038624900002,
                12.96084215600007
              ],
              [
                123.51038231600012,
                12.960857495000027
              ],
              [
                123.51037641500011,
                12.96086516500003
              ],
              [
                123.5103705140001,
                12.960880504000045
              ],
              [
                123.51035084400007,
                12.960913100000027
              ],
              [
                123.51033510900004,
                12.96094953000005
              ],
              [
                123.51032724000004,
                12.960959118000062
              ],
              [
                123.51030757100011,
                12.960997466000038
              ],
              [
                123.51028593300009,
                12.961028145000057
              ],
              [
                123.51027413000008,
                12.961039650000032
              ],
              [
                123.51024265500007,
                12.961076082000034
              ],
              [
                123.51023478600007,
                12.961081835000073
              ],
              [
                123.51022888500006,
                12.961089505000075
              ],
              [
                123.51022101600006,
                12.961095258000057
              ],
              [
                123.51021511500005,
                12.96110292800006
              ],
              [
                123.51020724600005,
                12.961108681000042
              ],
              [
                123.51018954100005,
                12.96112785500003
              ],
              [
                123.51017970600003,
                12.961143195000034
              ],
              [
                123.51015806900011,
                12.961183461000076
              ],
              [
                123.51013840000007,
                12.961225643000034
              ],
              [
                123.51013053400004,
                12.961252487000024
              ],
              [
                123.51012660000004,
                12.961260156000037
              ],
              [
                123.51012070000002,
                12.961285082000074
              ],
              [
                123.51012071000002,
                12.961361774000068
              ],
              [
                123.5101239280001,
                12.961396899000022
              ],
              [
                123.51011803200004,
                12.96144483200004
              ],
              [
                123.510112133,
                12.961471675000041
              ],
              [
                123.51011214000005,
                12.961529194000036
              ],
              [
                123.51011017400003,
                12.961540698000022
              ],
              [
                123.51011017700012,
                12.961571374000073
              ],
              [
                123.5101042770001,
                12.961586713000031
              ],
              [
                123.51010034400008,
                12.961603970000056
              ],
              [
                123.51008657600005,
                12.961636565000049
              ],
              [
                123.51006887300002,
                12.961667244000068
              ],
              [
                123.51005313600001,
                12.961688336000066
              ],
              [
                123.51004920200012,
                12.961696006000068
              ],
              [
                123.5100202220001,
                12.961729830000024
              ],
              [
                123.51000251900007,
                12.961760509000044
              ],
              [
                123.50998481800002,
                12.961808444000042
              ],
              [
                123.50997301600012,
                12.96183145200007
              ],
              [
                123.5099572790001,
                12.961854462000076
              ],
              [
                123.50994744500008,
                12.961881305000077
              ],
              [
                123.50994351100007,
                12.96188705700007
              ],
              [
                123.50994154600005,
                12.961906231000057
              ],
              [
                123.50993368000002,
                12.96193882600005
              ],
              [
                123.50991991100011,
                12.961963752000031
              ],
              [
                123.5099100750001,
                12.961979092000036
              ],
              [
                123.5099041740001,
                12.961984844000028
              ],
              [
                123.50989237200008,
                12.962007853000046
              ],
              [
                123.50989040600007,
                12.962017440000068
              ],
              [
                123.50988253800006,
                12.962034696000046
              ],
              [
                123.50987270500002,
                12.962067292000029
              ],
              [
                123.50987272000009,
                12.962193834000061
              ],
              [
                123.50987468800008,
                12.962201503000074
              ],
              [
                123.5098746970001,
                12.962276278000047
              ],
              [
                123.50987273100009,
                12.96228203000004
              ],
              [
                123.50987273200008,
                12.962293533000036
              ],
              [
                123.50986683300005,
                12.962323876000028
              ],
              [
                123.50986683400004,
                12.962337297000033
              ],
              [
                123.50986880200003,
                12.962344966000046
              ],
              [
                123.509868804,
                12.962362222000024
              ],
              [
                123.5098727410001,
                12.96237756000005
              ],
              [
                123.50987274300007,
                12.962389063000046
              ],
              [
                123.50987471100007,
                12.962396732000059
              ],
              [
                123.50987472300005,
                12.962498349000043
              ],
              [
                123.50987866000003,
                12.962515605000021
              ],
              [
                123.5098806310001,
                12.962544364000053
              ],
              [
                123.50988850600004,
                12.962588461000053
              ],
              [
                123.50988852800003,
                12.962776356000063
              ],
              [
                123.509884596,
                12.962801281000054
              ],
              [
                123.50987672800011,
                12.962818538000022
              ],
              [
                123.5098767290001,
                12.962824290000071
              ],
              [
                123.50987082900008,
                12.96283962900003
              ],
              [
                123.50985902700006,
                12.962866473000076
              ],
              [
                123.50985902800005,
                12.962874142000032
              ],
              [
                123.50985312700004,
                12.962889481000047
              ],
              [
                123.50984722800001,
                12.962912489000075
              ],
              [
                123.5098354270001,
                12.962943167000049
              ],
              [
                123.50982755900009,
                12.962958506000064
              ],
              [
                123.50982362600007,
                12.962973845000022
              ],
              [
                123.50981182400005,
                12.962998772000049
              ],
              [
                123.50980985800004,
                12.963006441000061
              ],
              [
                123.50980395700003,
                12.963016028000027
              ],
              [
                123.50980002300003,
                12.963029450000022
              ],
              [
                123.50979608900002,
                12.963037119000035
              ],
              [
                123.50977051600012,
                12.963067727000066
              ],
              [
                123.5097705170001,
                12.963071562000039
              ],
              [
                123.5097626490001,
                12.963088818000074
              ],
              [
                123.50973314300006,
                12.963142506000054
              ],
              [
                123.50972527500005,
                12.963150176000056
              ],
              [
                123.50971150500004,
                12.963171268000053
              ],
              [
                123.50969576700004,
                12.96319044300003
              ],
              [
                123.50968593200002,
                12.963207700000055
              ],
              [
                123.50968003100002,
                12.963213452000048
              ],
              [
                123.50966232700011,
                12.963244131000067
              ],
              [
                123.50964855900008,
                12.96327672700005
              ],
              [
                123.50964265800008,
                12.963286314000072
              ],
              [
                123.50963675700007,
                12.96330357000005
              ],
              [
                123.50962102200003,
                12.963338083000053
              ],
              [
                123.50961905500003,
                12.963345753000056
              ],
              [
                123.50960922000002,
                12.963364927000043
              ],
              [
                123.509603319,
                12.963370679000036
              ],
              [
                123.50959545100011,
                12.96338793600006
              ],
              [
                123.50957578000009,
                12.963418615000023
              ],
              [
                123.50956004200009,
                12.963433955000028
              ],
              [
                123.50955610800008,
                12.96344162500003
              ],
              [
                123.50952660100006,
                12.963476139000022
              ],
              [
                123.50949709500003,
                12.963522158000046
              ],
              [
                123.50948922700002,
                12.963537497000061
              ],
              [
                123.50946365400011,
                12.963573928000073
              ],
              [
                123.50945972000011,
                12.963583515000039
              ],
              [
                123.50944398400009,
                12.963608442000066
              ],
              [
                123.50941251000006,
                12.963652543000023
              ],
              [
                123.50940070700005,
                12.963667883000028
              ],
              [
                123.50938890400005,
                12.96367938800006
              ],
              [
                123.50936726500004,
                12.963708150000059
              ],
              [
                123.50936333100003,
                12.963715819000072
              ],
              [
                123.50934759400002,
                12.963734994000049
              ],
              [
                123.509339726,
                12.963750333000064
              ],
              [
                123.509333824,
                12.963758003000066
              ],
              [
                123.50931415500008,
                12.963796351000042
              ],
              [
                123.50928862600006,
                12.963831010000035
              ],
              [
                123.50928272400006,
                12.963836762000028
              ],
              [
                123.50925715100004,
                12.96387702900006
              ],
              [
                123.50925124900004,
                12.963882781000052
              ],
              [
                123.50922567700002,
                12.963923048000026
              ],
              [
                123.50920994100011,
                12.963955644000066
              ],
              [
                123.5092079740001,
                12.963963313000022
              ],
              [
                123.5092020730001,
                12.963972900000044
              ],
              [
                123.50919420600007,
                12.963993991000052
              ],
              [
                123.50917650200006,
                12.964026588000024
              ],
              [
                123.50916666600006,
                12.964040010000076
              ],
              [
                123.50915486400004,
                12.964063019000037
              ],
              [
                123.50915289800002,
                12.96407068800005
              ],
              [
                123.50911945700011,
                12.964122459000066
              ],
              [
                123.50909781700011,
                12.964139717000023
              ],
              [
                123.50908011000001,
                12.964145471000052
              ],
              [
                123.50903092400006,
                12.964145476000056
              ],
              [
                123.50902108600008,
                12.964143560000025
              ],
              [
                123.5090033780001,
                12.964137810000068
              ],
              [
                123.50899354100011,
                12.964132059000065
              ],
              [
                123.50898763700002,
                12.964126308000061
              ],
              [
                123.50897780000003,
                12.96412439200003
              ],
              [
                123.50896993000003,
                12.964120558000047
              ],
              [
                123.50893254800008,
                12.964122480000071
              ],
              [
                123.50891680900008,
                12.964126316000034
              ],
              [
                123.50890107000009,
                12.964132069000073
              ],
              [
                123.5088872990001,
                12.964141657000027
              ],
              [
                123.50887943000009,
                12.964143576000026
              ],
              [
                123.5088656590001,
                12.96415891600003
              ],
              [
                123.50886172500009,
                12.964166585000044
              ],
              [
                123.50886172600008,
                12.964176172000066
              ],
              [
                123.50886566200006,
                12.964183840000032
              ],
              [
                123.50886566400004,
                12.96420301300003
              ],
              [
                123.50886369800003,
                12.964210683000033
              ],
              [
                123.50885976400002,
                12.964218352000046
              ],
              [
                123.50884009100002,
                12.96423369300004
              ],
              [
                123.50880467800005,
                12.964241366000067
              ],
              [
                123.50879090600006,
                12.96424711900005
              ],
              [
                123.50875155800009,
                12.964252875000057
              ],
              [
                123.5086217060001,
                12.964254807000032
              ],
              [
                123.50858235800001,
                12.964262480000059
              ],
              [
                123.50857448800002,
                12.964262481000048
              ],
              [
                123.50856268400003,
                12.964266317000067
              ],
              [
                123.50854694500003,
                12.964268236000066
              ],
              [
                123.50852530400005,
                12.964275907000058
              ],
              [
                123.50851546700005,
                12.964277826000057
              ],
              [
                123.50847415200008,
                12.96429508600005
              ],
              [
                123.50845054500007,
                12.964308509000034
              ],
              [
                123.50843284000007,
                12.964327684000068
              ],
              [
                123.50842300400006,
                12.964341106000063
              ],
              [
                123.50840923300007,
                12.964352612000027
              ],
              [
                123.50839743000006,
                12.964366034000022
              ],
              [
                123.50838804800003,
                12.964392936000024
              ],
              [
                123.5083919860001,
                12.964415943000063
              ],
              [
                123.50839198800008,
                12.964435116000061
              ],
              [
                123.50839592500006,
                12.96445045400003
              ],
              [
                123.50839592800003,
                12.964477296000041
              ],
              [
                123.508403799,
                12.964490716000057
              ],
              [
                123.50845889000004,
                12.964511801000072
              ],
              [
                123.50847659900012,
                12.964523303000021
              ],
              [
                123.50848643600011,
                12.964527136000072
              ],
              [
                123.50849824200009,
                12.964536721000059
              ],
              [
                123.50850808100006,
                12.964548224000055
              ],
              [
                123.50851595100005,
                12.964552058000038
              ],
              [
                123.50853759600011,
                12.96457889800007
              ],
              [
                123.50853759800009,
                12.964598071000069
              ],
              [
                123.50853563200008,
                12.964605740000025
              ],
              [
                123.50852973000008,
                12.964613410000027
              ],
              [
                123.50851005700008,
                12.964628751000078
              ],
              [
                123.50848841600009,
                12.964640257000042
              ],
              [
                123.50848448200009,
                12.964647926000055
              ],
              [
                123.50847071100009,
                12.964659432000076
              ],
              [
                123.5084471030001,
                12.96467285500006
              ],
              [
                123.50817084200003,
                12.964923507000037
              ],
              [
                123.50799575400004,
                12.965069240000048
              ],
              [
                123.507687712,
                12.965357704000041
              ],
              [
                123.50750868900002,
                12.965514942000027
              ],
              [
                123.50682356400011,
                12.96604449800003
              ],
              [
                123.50679011800003,
                12.966065592000064
              ],
              [
                123.50678421700002,
                12.966071344000056
              ],
              [
                123.50677634700003,
                12.966075180000075
              ],
              [
                123.50675470700003,
                12.966092438000032
              ],
              [
                123.50673896700005,
                12.966100109000024
              ],
              [
                123.50673306600004,
                12.966105861000074
              ],
              [
                123.50669962100005,
                12.96612887200007
              ],
              [
                123.50667011000007,
                12.966144213000064
              ],
              [
                123.50666420800007,
                12.966149966000046
              ],
              [
                123.50664453400009,
                12.966157637000038
              ],
              [
                123.5066228930001,
                12.966171060000022
              ],
              [
                123.5065835480001,
                12.96620749300007
              ],
              [
                123.5065619080001,
                12.96623433800005
              ],
              [
                123.5065560060001,
                12.966238173000022
              ],
              [
                123.50655010500009,
                12.966247760000044
              ],
              [
                123.50653830100009,
                12.96626118200004
              ],
              [
                123.50652453100008,
                12.966284191000057
              ],
              [
                123.50649699000007,
                12.966312953000056
              ],
              [
                123.50647338200008,
                12.96633021100007
              ],
              [
                123.50646157800008,
                12.966341716000045
              ],
              [
                123.5064084600001,
                12.966378150000025
              ],
              [
                123.5064005910001,
                12.966381986000044
              ],
              [
                123.50633960400012,
                12.966428007000047
              ],
              [
                123.50628845500012,
                12.966479779000053
              ],
              [
                123.50625107600001,
                12.966508542000042
              ],
              [
                123.50624517500012,
                12.966516212000045
              ],
              [
                123.50622353500012,
                12.966535387000022
              ],
              [
                123.50621566500001,
                12.966539222000051
              ],
              [
                123.50616648200003,
                12.966575656000032
              ],
              [
                123.50614348300007,
                12.966585031000022
              ],
              [
                123.50613954800008,
                12.966585032000069
              ],
              [
                123.50611200500009,
                12.966606125000055
              ],
              [
                123.50610807100009,
                12.966611877000048
              ],
              [
                123.50608052900009,
                12.966634887000055
              ],
              [
                123.5060706910001,
                12.966636806000054
              ],
              [
                123.5060470840001,
                12.96665598100003
              ],
              [
                123.5060274110001,
                12.966675156000065
              ],
              [
                123.5060116730001,
                12.966694330000053
              ],
              [
                123.50600183600011,
                12.966702001000044
              ],
              [
                123.5059880660001,
                12.96671734000006
              ],
              [
                123.50595265600009,
                12.966763359000026
              ],
              [
                123.50593888500009,
                12.96677869900003
              ],
              [
                123.50592118100008,
                12.966813212000034
              ],
              [
                123.50589954200007,
                12.966841973000044
              ],
              [
                123.50589167300006,
                12.966855395000039
              ],
              [
                123.50587987000006,
                12.966868817000034
              ],
              [
                123.50585626300006,
                12.96689374500005
              ],
              [
                123.50583462300006,
                12.966912920000027
              ],
              [
                123.50582085200006,
                12.966924425000059
              ],
              [
                123.50579330900007,
                12.966943600000036
              ],
              [
                123.50578740700007,
                12.966951270000038
              ],
              [
                123.50575396300007,
                12.966980033000027
              ],
              [
                123.50572445300008,
                12.96700112600007
              ],
              [
                123.50572051900008,
                12.967006878000063
              ],
              [
                123.50571265000008,
                12.967012631000046
              ],
              [
                123.5056733030001,
                12.967037560000051
              ],
              [
                123.5056516620001,
                12.967054817000076
              ],
              [
                123.50563592300011,
                12.96706440500003
              ],
              [
                123.505612315,
                12.967075911000052
              ],
              [
                123.505604446,
                12.967081664000034
              ],
              [
                123.50557296800002,
                12.967097005000028
              ],
              [
                123.50555132700003,
                12.967112346000022
              ],
              [
                123.50551984900005,
                12.967129605000025
              ],
              [
                123.50549008500002,
                12.967143425000074
              ],
              [
                123.50545467300003,
                12.967168353000034
              ],
              [
                123.50544483600004,
                12.967172189000053
              ],
              [
                123.50543893400004,
                12.967177941000045
              ],
              [
                123.50543106400005,
                12.967181777000064
              ],
              [
                123.50539761900006,
                12.96720478800006
              ],
              [
                123.50536810900007,
                12.967220129000054
              ],
              [
                123.50536220700008,
                12.967225881000047
              ],
              [
                123.5053267940001,
                12.967246975000023
              ],
              [
                123.5053169570001,
                12.967250811000042
              ],
              [
                123.5053110550001,
                12.967256563000035
              ],
              [
                123.50529925100011,
                12.967262316000074
              ],
              [
                123.50528744700011,
                12.967271904000029
              ],
              [
                123.505263839,
                12.96728532700007
              ],
              [
                123.50523236200002,
                12.96731025500003
              ],
              [
                123.50520875300003,
                12.967325596000023
              ],
              [
                123.50517924400003,
                12.96734860600003
              ],
              [
                123.50516940700004,
                12.96735244100006
              ],
              [
                123.50515563500005,
                12.967362029000071
              ],
              [
                123.50513399400006,
                12.967371618000072
              ],
              [
                123.50512612500006,
                12.967377370000065
              ],
              [
                123.50510054900008,
                12.967390794000039
              ],
              [
                123.50505923500009,
                12.967421474000048
              ],
              [
                123.5050474310001,
                12.96742722700003
              ],
              [
                123.5050356270001,
                12.967436815000042
              ],
              [
                123.5050198880001,
                12.967446403000054
              ],
              [
                123.5050120190001,
                12.967454073000056
              ],
              [
                123.50497660700012,
                12.967479001000072
              ],
              [
                123.50496480200002,
                12.967484754000054
              ],
              [
                123.504958901,
                12.967490507000036
              ],
              [
                123.50494119400003,
                12.967502012000068
              ],
              [
                123.50491365100004,
                12.967517353000062
              ],
              [
                123.50488020700004,
                12.967542281000021
              ],
              [
                123.50486446800005,
                12.96754995200007
              ],
              [
                123.50485069600006,
                12.967559539000035
              ],
              [
                123.50484282700006,
                12.967567209000038
              ],
              [
                123.50482315300007,
                12.96757488000003
              ],
              [
                123.50481331700007,
                12.967582550000031
              ],
              [
                123.50480544700008,
                12.967584468000041
              ],
              [
                123.50479364300008,
                12.967594056000053
              ],
              [
                123.5047779040001,
                12.967603644000064
              ],
              [
                123.504730687,
                12.96762665600005
              ],
              [
                123.50471494900012,
                12.967638161000025
              ],
              [
                123.50465396000004,
                12.967674595000062
              ],
              [
                123.50463035200005,
                12.967686101000027
              ],
              [
                123.50462248300005,
                12.967691854000066
              ],
              [
                123.50457113000004,
                12.967715106000071
              ],
              [
                123.50456129400004,
                12.967722776000073
              ],
              [
                123.50452588000007,
                12.967736200000047
              ],
              [
                123.50450227100009,
                12.967741954000076
              ],
              [
                123.50448456400011,
                12.96775154200003
              ],
              [
                123.50447472700012,
                12.96775346100003
              ],
              [
                123.50445898800001,
                12.967763049000041
              ],
              [
                123.50443931300003,
                12.967768802000023
              ],
              [
                123.50442947600004,
                12.967774555000062
              ],
              [
                123.50440193200006,
                12.967784144000063
              ],
              [
                123.50437635600008,
                12.967795650000028
              ],
              [
                123.50436258400009,
                12.967799486000047
              ],
              [
                123.50431536700012,
                12.967822498000032
              ],
              [
                123.50430356200002,
                12.967826334000051
              ],
              [
                123.50427995400003,
                12.967843592000065
              ],
              [
                123.50420912800007,
                12.967881944000055
              ],
              [
                123.5041560090001,
                12.967918378000036
              ],
              [
                123.50412846600011,
                12.96793371900003
              ],
              [
                123.50412256400011,
                12.967939471000022
              ],
              [
                123.50411469500011,
                12.967943306000052
              ],
              [
                123.50407534800001,
                12.96797206900004
              ],
              [
                123.50406354400002,
                12.967981657000053
              ],
              [
                123.50405764200002,
                12.967989327000055
              ],
              [
                123.50403403400003,
                12.968010419000052
              ],
              [
                123.50401239400003,
                12.968027677000066
              ],
              [
                123.50397698100005,
                12.968050687000073
              ],
              [
                123.50396321000005,
                12.968062193000037
              ],
              [
                123.50393763400007,
                12.968073699000058
              ],
              [
                123.50392976400008,
                12.968079451000051
              ],
              [
                123.50387861200011,
                12.968104381000046
              ],
              [
                123.50381565700002,
                12.968142732000047
              ],
              [
                123.50380582000003,
                12.968150402000049
              ],
              [
                123.50377827800003,
                12.968177247000028
              ],
              [
                123.50377237600003,
                12.96818491700003
              ],
              [
                123.50376450700003,
                12.968190669000023
              ],
              [
                123.50375467100002,
                12.968204091000075
              ],
              [
                123.50372909600003,
                12.968232853000075
              ],
              [
                123.50371335700004,
                12.96824244100003
              ],
              [
                123.50370352100003,
                12.968252028000052
              ],
              [
                123.50368778200004,
                12.968263533000027
              ],
              [
                123.50367991300004,
                12.968267369000046
              ],
              [
                123.50366614100005,
                12.968278874000077
              ],
              [
                123.50365827200005,
                12.96828270900005
              ],
              [
                123.50364450100005,
                12.968296131000045
              ],
              [
                123.50362876200006,
                12.968307636000077
              ],
              [
                123.50360487700004,
                12.96833237900006
              ],
              [
                123.50360487700004,
                12.968334296000023
              ],
              [
                123.50359700700005,
                12.968338132000042
              ],
              [
                123.50358323600005,
                12.968353472000047
              ],
              [
                123.50356553000006,
                12.968368812000051
              ],
              [
                123.50355962800006,
                12.968376481000064
              ],
              [
                123.50353011800007,
                12.968405244000053
              ],
              [
                123.50348093600007,
                12.968462767000062
              ],
              [
                123.50346913300007,
                12.96848194100005
              ],
              [
                123.50345929600007,
                12.968489611000052
              ],
              [
                123.50343175400008,
                12.968524125000044
              ],
              [
                123.50342782000007,
                12.968531795000047
              ],
              [
                123.50342191800007,
                12.96853754700004
              ],
              [
                123.50340814800006,
                12.968558639000037
              ],
              [
                123.50339831200006,
                12.968575896000061
              ],
              [
                123.50339044200007,
                12.968583565000074
              ],
              [
                123.50337667200006,
                12.968606574000034
              ],
              [
                123.50336093400006,
                12.968627666000032
              ],
              [
                123.50335896700005,
                12.968633418000024
              ],
              [
                123.50331175300005,
                12.968690941000034
              ],
              [
                123.50328421000006,
                12.96871586900005
              ],
              [
                123.50328224300006,
                12.968719703000033
              ],
              [
                123.50322912500008,
                12.968765723000047
              ],
              [
                123.50320748400009,
                12.968781063000051
              ],
              [
                123.5031858430001,
                12.968800238000028
              ],
              [
                123.5031543660001,
                12.968823249000025
              ],
              [
                123.50313272500011,
                12.96884242300007
              ],
              [
                123.50304616400001,
                12.968936378000024
              ],
              [
                123.50301468700002,
                12.96896322300006
              ],
              [
                123.50298911100003,
                12.968978564000054
              ],
              [
                123.50298320900004,
                12.968984316000046
              ],
              [
                123.50293205700007,
                12.969013080000025
              ],
              [
                123.50292812200007,
                12.969013080000025
              ],
              [
                123.50291631800008,
                12.969018833000064
              ],
              [
                123.50290254600009,
                12.969022669000026
              ],
              [
                123.50287696900011,
                12.969028423000054
              ],
              [
                123.50284942500002,
                12.969041847000028
              ],
              [
                123.50283565300003,
                12.969045682000058
              ],
              [
                123.50282581700003,
                12.96905335200006
              ],
              [
                123.50281401200004,
                12.969059105000042
              ],
              [
                123.50277136300008,
                12.969096518000072
              ],
              [
                123.50275562400009,
                12.969104188000074
              ],
              [
                123.5027398850001,
                12.969115693000049
              ],
              [
                123.5027221790001,
                12.969132951000063
              ],
              [
                123.50271234200011,
                12.969146373000058
              ],
              [
                123.50268086500012,
                12.96918088700005
              ],
              [
                123.50266119300011,
                12.969205814000077
              ],
              [
                123.50265725800011,
                12.969213483000033
              ],
              [
                123.50264938900011,
                12.969221153000035
              ],
              [
                123.50264348700011,
                12.969230740000057
              ],
              [
                123.50263561800011,
                12.96923841000006
              ],
              [
                123.50261004300012,
                12.969271006000042
              ],
              [
                123.50259627200012,
                12.969282511000074
              ],
              [
                123.50257266500012,
                12.969315107000057
              ],
              [
                123.50249003800002,
                12.969407145000048
              ],
              [
                123.502466432,
                12.969447410000043
              ],
              [
                123.50242315300011,
                12.969508767000036
              ],
              [
                123.50241921800011,
                12.969518354000058
              ],
              [
                123.50240151300011,
                12.969545198000048
              ],
              [
                123.5023995470001,
                12.969552867000061
              ],
              [
                123.5023916770001,
                12.969562454000027
              ],
              [
                123.5023838090001,
                12.969579710000062
              ],
              [
                123.50237594000009,
                12.969593132000057
              ],
              [
                123.50236807100009,
                12.969602719000022
              ],
              [
                123.50236217000008,
                12.969616141000074
              ],
              [
                123.50235823500009,
                12.969619976000047
              ],
              [
                123.50234446500008,
                12.969642984000075
              ],
              [
                123.50232479300007,
                12.96968133200005
              ],
              [
                123.50226971100005,
                12.96976378000005
              ],
              [
                123.50225790700006,
                12.969779120000055
              ],
              [
                123.50225200600005,
                12.96979062400004
              ],
              [
                123.50221856100006,
                12.969825138000033
              ],
              [
                123.50220282300006,
                12.969836643000065
              ],
              [
                123.50217724800007,
                12.969865405000064
              ],
              [
                123.50211943300008,
                12.96990328000004
              ],
              [
                123.5020840200001,
                12.969933960000049
              ],
              [
                123.5020663140001,
                12.969953134000036
              ],
              [
                123.5020446740001,
                12.969983813000056
              ],
              [
                123.5020250010001,
                12.970006822000073
              ],
              [
                123.5020131980001,
                12.97002599600006
              ],
              [
                123.50198565500011,
                12.97005667600007
              ],
              [
                123.5019659830001,
                12.97008160200005
              ],
              [
                123.50196204800011,
                12.970089272000052
              ],
              [
                123.50193253900011,
                12.970125703000065
              ],
              [
                123.50192467000011,
                12.97013720700005
              ],
              [
                123.5019109000001,
                12.97016596800006
              ],
              [
                123.5019049980001,
                12.970173638000063
              ],
              [
                123.50188139300008,
                12.970229241000027
              ],
              [
                123.50187549100008,
                12.97023882800005
              ],
              [
                123.50187155700007,
                12.970256084000027
              ],
              [
                123.50186368900006,
                12.970269506000022
              ],
              [
                123.50184401600006,
                12.970300184000052
              ],
              [
                123.50184204900006,
                12.970305937000035
              ],
              [
                123.50183024600005,
                12.97032127600005
              ],
              [
                123.50182237700005,
                12.970334698000045
              ],
              [
                123.50179483400007,
                12.970361542000035
              ],
              [
                123.50179090000006,
                12.970367294000027
              ],
              [
                123.50178696600005,
                12.97037879800007
              ],
              [
                123.50177909700005,
                12.970392220000065
              ],
              [
                123.50176926200004,
                12.970424815000058
              ],
              [
                123.50176532800003,
                12.97043248400007
              ],
              [
                123.50175549500011,
                12.970484252000062
              ],
              [
                123.50173975700011,
                12.970511096000052
              ],
              [
                123.50171614900012,
                12.970537940000042
              ],
              [
                123.50169450800001,
                12.970553280000047
              ],
              [
                123.50167286700002,
                12.970572455000024
              ],
              [
                123.50166303000003,
                12.970576290000054
              ],
              [
                123.50162958500005,
                12.97059738300004
              ],
              [
                123.50162171500006,
                12.97059930100005
              ],
              [
                123.50160204100007,
                12.970610806000025
              ],
              [
                123.50159220400008,
                12.970618476000027
              ],
              [
                123.50158630200008,
                12.970620394000036
              ],
              [
                123.5015567910001,
                12.97063765200005
              ],
              [
                123.50153121400001,
                12.970647241000052
              ],
              [
                123.50152137700002,
                12.970652993000044
              ],
              [
                123.50151154000002,
                12.970654911000054
              ],
              [
                123.50148793100004,
                12.970670252000048
              ],
              [
                123.50147219100006,
                12.97067600500003
              ],
              [
                123.50146432200006,
                12.970681757000023
              ],
              [
                123.50141410300012,
                12.97070629500007
              ],
              [
                123.50116219000006,
                12.970896034000077
              ],
              [
                123.5009069460001,
                12.97109873100004
              ],
              [
                123.5007200450001,
                12.971242543000074
              ],
              [
                123.50065905500003,
                12.971273225000061
              ],
              [
                123.50058082200007,
                12.971315741000069
              ],
              [
                123.50033883600008,
                12.971522828000047
              ],
              [
                123.50023456800011,
                12.971649377000062
              ],
              [
                123.5000024200001,
                12.971871801000077
              ],
              [
                123.49974194800006,
                12.972106334000046
              ],
              [
                123.49960126600001,
                12.972231253000075
              ],
              [
                123.49959695600012,
                12.972233354000025
              ],
              [
                123.4995840260001,
                12.972248058000048
              ],
              [
                123.49956894000002,
                12.972260661000064
              ],
              [
                123.49954307900009,
                12.972290069000053
              ],
              [
                123.499478425,
                12.972338384000068
              ],
              [
                123.49946334000003,
                12.972353088000034
              ],
              [
                123.49945471900003,
                12.972359389000076
              ],
              [
                123.49944394300007,
                12.972363591000033
              ],
              [
                123.49942670300004,
                12.972378296000045
              ],
              [
                123.49941808200003,
                12.97238249700007
              ],
              [
                123.49939868600006,
                12.97240140200006
              ],
              [
                123.49939006500006,
                12.972405604000073
              ],
              [
                123.499359894,
                12.972430811000038
              ],
              [
                123.49934049700005,
                12.972439214000076
              ],
              [
                123.49930601500012,
                12.972460222000052
              ],
              [
                123.49929739400011,
                12.972462323000059
              ],
              [
                123.49927799700004,
                12.972472827000047
              ],
              [
                123.49925860000008,
                12.972479130000067
              ],
              [
                123.49920687500003,
                12.97250223900005
              ],
              [
                123.49918963400012,
                12.972514843000056
              ],
              [
                123.49915730900011,
                12.972548451000023
              ],
              [
                123.49913791400002,
                12.972571557000038
              ],
              [
                123.499133604,
                12.97257995900003
              ],
              [
                123.49911851900004,
                12.972594662000063
              ],
              [
                123.49911420900003,
                12.972603064000054
              ],
              [
                123.49906895300012,
                12.972651376000044
              ],
              [
                123.49905602400008,
                12.972668180000028
              ],
              [
                123.4990323180001,
                12.972691286000043
              ],
              [
                123.49901723200003,
                12.972701789000041
              ],
              [
                123.49898059600002,
                12.972735398000054
              ],
              [
                123.49895473400011,
                12.972754304000034
              ],
              [
                123.49893102900012,
                12.972775309000042
              ],
              [
                123.49889439100002,
                12.972800517000053
              ],
              [
                123.49888577100012,
                12.972808919000045
              ],
              [
                123.49881249500004,
                12.972844633000022
              ],
              [
                123.49879525400002,
                12.972857236000038
              ],
              [
                123.498786633,
                12.972861438000052
              ],
              [
                123.49878016800005,
                12.972867739000037
              ],
              [
                123.49876508200009,
                12.972876142000075
              ],
              [
                123.49870258400006,
                12.972924456000044
              ],
              [
                123.49869396300005,
                12.972928658000058
              ],
              [
                123.49864280300005,
                12.972962504000066
              ],
              [
                123.49862340900006,
                12.972996111000043
              ],
              [
                123.49860401400008,
                12.973021317000075
              ],
              [
                123.49859539300007,
                12.973029719000067
              ],
              [
                123.49858246400004,
                12.973050724000075
              ],
              [
                123.498576,
                12.973067527000069
              ],
              [
                123.49855445100002,
                12.973107435000031
              ],
              [
                123.49854798700005,
                12.973126339000032
              ],
              [
                123.49853936800002,
                12.973141042000066
              ],
              [
                123.49851135600011,
                12.973201954000046
              ],
              [
                123.49850920100005,
                12.973210355000049
              ],
              [
                123.49849411800005,
                12.973243962000026
              ],
              [
                123.49848550000002,
                12.97327126700003
              ],
              [
                123.49848550200011,
                12.973283868000067
              ],
              [
                123.49848334800004,
                12.973294370000076
              ],
              [
                123.4984833850001,
                12.973613615000033
              ],
              [
                123.49847907800006,
                12.973645120000072
              ],
              [
                123.49847908000004,
                12.973661923000066
              ],
              [
                123.49847692600008,
                12.973670324000068
              ],
              [
                123.49846615100012,
                12.973687128000051
              ],
              [
                123.49845322200008,
                12.973712333000037
              ],
              [
                123.498451068,
                12.973722834000057
              ],
              [
                123.49843598400003,
                12.97375014000005
              ],
              [
                123.498431675,
                12.973762742000076
              ],
              [
                123.49842521000005,
                12.973773245000075
              ],
              [
                123.49841443700006,
                12.973798449000071
              ],
              [
                123.49840581800004,
                12.973819453000033
              ],
              [
                123.49838858300006,
                12.973880364000024
              ],
              [
                123.49837996300005,
                12.973895067000058
              ],
              [
                123.49837780900009,
                12.973905569000067
              ],
              [
                123.49837134400002,
                12.97391397000007
              ],
              [
                123.4983584150001,
                12.973939175000055
              ],
              [
                123.49833902000012,
                12.97396438100003
              ],
              [
                123.49833255600004,
                12.973976984000046
              ],
              [
                123.49833040200008,
                12.973987486000055
              ],
              [
                123.49832178300005,
                12.974006389000067
              ],
              [
                123.49830454300002,
                12.974029948000066
              ],
              [
                123.4983002350001,
                12.97404675100006
              ],
              [
                123.49828299600006,
                12.974084558000072
              ],
              [
                123.4982808420001,
                12.974092959000075
              ],
              [
                123.49827437700003,
                12.974103462000073
              ],
              [
                123.49827006800001,
                12.974113964000026
              ],
              [
                123.49826791400005,
                12.974124465000045
              ],
              [
                123.49825067600011,
                12.974164373000065
              ],
              [
                123.49823343700007,
                12.974193779000075
              ],
              [
                123.49822266300009,
                12.974216884000043
              ],
              [
                123.49820326800011,
                12.974246290000053
              ],
              [
                123.49819895900009,
                12.974256792000062
              ],
              [
                123.49819249400002,
                12.974265194000054
              ],
              [
                123.49819033900008,
                12.974273595000057
              ],
              [
                123.49818172000005,
                12.974286198000073
              ],
              [
                123.49815801600005,
                12.974332407000077
              ],
              [
                123.49810198700004,
                12.974412225000037
              ],
              [
                123.49809552200009,
                12.974418526000022
              ],
              [
                123.4980804380001,
                12.974443732000054
              ],
              [
                123.49805888700007,
                12.974466837000023
              ],
              [
                123.49805457800005,
                12.974475239000071
              ],
              [
                123.49804595700004,
                12.974483641000063
              ],
              [
                123.49802656200006,
                12.974508847000038
              ],
              [
                123.49800716700008,
                12.974527752000029
              ],
              [
                123.49800285700007,
                12.974536153000031
              ],
              [
                123.49799639200012,
                12.974542455000062
              ],
              [
                123.49799423800005,
                12.974550856000064
              ],
              [
                123.49798130800002,
                12.974567660000048
              ],
              [
                123.49793821000003,
                12.974639075000027
              ],
              [
                123.49792528000012,
                12.974655879000068
              ],
              [
                123.49789080100004,
                12.974716791000048
              ],
              [
                123.49788002700006,
                12.974731494000025
              ],
              [
                123.49787140700005,
                12.974748297000076
              ],
              [
                123.49786709900002,
                12.974767201000077
              ],
              [
                123.4978584800001,
                12.974792405000073
              ],
              [
                123.4978541700001,
                12.974798706000058
              ],
              [
                123.49783908900008,
                12.974851215000058
              ],
              [
                123.49783910000008,
                12.97494572900007
              ],
              [
                123.497836946,
                12.974954130000071
              ],
              [
                123.49783726500004,
                12.975002309000047
              ],
              [
                123.4978394210001,
                12.97501071000005
              ],
              [
                123.49784373300008,
                12.975019110000062
              ],
              [
                123.49785666600008,
                12.975031711000042
              ],
              [
                123.497871755,
                12.975042210000026
              ],
              [
                123.49787822100006,
                12.975050611000029
              ],
              [
                123.4978803780001,
                12.975059012000031
              ],
              [
                123.4978803790001,
                12.97506951300005
              ],
              [
                123.4978739170001,
                12.975101019000022
              ],
              [
                123.49786314300002,
                12.975128324000025
              ],
              [
                123.497863144,
                12.975136725000027
              ],
              [
                123.4978588350001,
                12.975149327000054
              ],
              [
                123.4978545250001,
                12.975155628000039
              ],
              [
                123.49785021600007,
                12.97517453100005
              ],
              [
                123.49783944300009,
                12.975201837000043
              ],
              [
                123.49781789500003,
                12.975250146000064
              ],
              [
                123.49781143100006,
                12.975260648000074
              ],
              [
                123.49780712200004,
                12.975277451000068
              ],
              [
                123.49779419300012,
                12.975306856000032
              ],
              [
                123.49778988300011,
                12.975311057000056
              ],
              [
                123.49777911000001,
                12.975340463000066
              ],
              [
                123.49776833500005,
                12.97535726600006
              ],
              [
                123.49775540600001,
                12.975382471000046
              ],
              [
                123.4977424760001,
                12.97539927500003
              ],
              [
                123.49770787300008,
                12.975458094000032
              ],
              [
                123.49758719200008,
                12.97561563000005
              ],
              [
                123.49752254600003,
                12.975739554000029
              ],
              [
                123.49746651700002,
                12.975827773000049
              ],
              [
                123.4973889370001,
                12.975926495000067
              ],
              [
                123.4973523000001,
                12.975964304000058
              ],
              [
                123.49732213100003,
                12.976006313000028
              ],
              [
                123.49730920000002,
                12.97602101700005
              ],
              [
                123.49728549400004,
                12.97603992200004
              ],
              [
                123.49725963300011,
                12.976071429000058
              ],
              [
                123.49723808400006,
                12.976111337000077
              ],
              [
                123.4972273090001,
                12.976119739000069
              ],
              [
                123.49721006700008,
                12.97612814200005
              ],
              [
                123.49719929100002,
                12.976136545000031
              ],
              [
                123.49719855500007,
                12.976139414000045
              ],
              [
                123.4971949830001,
                12.976153348000025
              ],
              [
                123.49719067300009,
                12.976161749000028
              ],
              [
                123.4971583460001,
                12.976193257000034
              ],
              [
                123.49713160100009,
                12.976233537000041
              ],
              [
                123.49712354500002,
                12.97624924300004
              ],
              [
                123.49712153100006,
                12.97625709600004
              ],
              [
                123.49711146100003,
                12.976274766000074
              ],
              [
                123.49709131700001,
                12.97629243700004
              ],
              [
                123.4970872880001,
                12.976298327000052
              ],
              [
                123.49705707200008,
                12.976321889000076
              ],
              [
                123.49704700100006,
                12.97633563200003
              ],
              [
                123.49703290000002,
                12.97634937600003
              ],
              [
                123.4970288720001,
                12.976355266000041
              ],
              [
                123.49700872800008,
                12.976374901000042
              ],
              [
                123.49700268600009,
                12.976382754000042
              ],
              [
                123.49698254200007,
                12.976400425000065
              ],
              [
                123.4969603830001,
                12.976414170000055
              ],
              [
                123.49695434000012,
                12.976422023000055
              ],
              [
                123.49692613900004,
                12.976445585000022
              ],
              [
                123.49691606600004,
                12.976451476000022
              ],
              [
                123.4969080090001,
                12.976459330000068
              ],
              [
                123.4968556340001,
                12.976498599000024
              ],
              [
                123.49683146100006,
                12.97651234500006
              ],
              [
                123.49681736000002,
                12.976524125000026
              ],
              [
                123.49677908500007,
                12.976543762000063
              ],
              [
                123.49677505600005,
                12.976547689000029
              ],
              [
                123.49676498400004,
                12.976551616000052
              ],
              [
                123.4967569260001,
                12.976557507000052
              ],
              [
                123.4967468530001,
                12.976561435000065
              ],
              [
                123.49674081,
                12.976567325000076
              ],
              [
                123.49673275300006,
                12.976571252000042
              ],
              [
                123.49671663700008,
                12.976583033000054
              ],
              [
                123.49669850700002,
                12.976590888000032
              ],
              [
                123.49665620600001,
                12.976638009000055
              ],
              [
                123.49664210500009,
                12.976649790000067
              ],
              [
                123.4966360630001,
                12.976657644000056
              ],
              [
                123.4966098750001,
                12.976675315000023
              ],
              [
                123.49660383200012,
                12.976681206000023
              ],
              [
                123.49659577400007,
                12.976685133000046
              ],
              [
                123.49658973100009,
                12.976691023000058
              ],
              [
                123.49649706600007,
                12.976747967000051
              ],
              [
                123.49647549300005,
                12.976757077000059
              ],
              [
                123.49646139300012,
                12.97676885800007
              ],
              [
                123.49644527600003,
                12.976774750000061
              ],
              [
                123.49641908800004,
                12.976790458000039
              ],
              [
                123.49641304500005,
                12.976792422000074
              ],
              [
                123.49639692800008,
                12.976792424000053
              ],
              [
                123.49638886800005,
                12.976786536000077
              ],
              [
                123.49636871700011,
                12.976747275000037
              ],
              [
                123.49636670100006,
                12.976739423000026
              ],
              [
                123.49635461200012,
                12.976725682000051
              ],
              [
                123.49634655300008,
                12.976719794000076
              ],
              [
                123.49633849400004,
                12.976719795000065
              ],
              [
                123.496320362,
                12.976713907000033
              ],
              [
                123.49628812800006,
                12.976711948000059
              ],
              [
                123.49628208400009,
                12.976713912000037
              ],
              [
                123.49627201100009,
                12.976713914000072
              ],
              [
                123.4962659680001,
                12.976717841000038
              ],
              [
                123.4962357490001,
                12.976723734000075
              ],
              [
                123.49621560300011,
                12.976723737000043
              ],
              [
                123.49617732600007,
                12.976731594000057
              ],
              [
                123.49616121000008,
                12.976739449000036
              ],
              [
                123.49615315300002,
                12.976745339000047
              ],
              [
                123.49614912400011,
                12.976753192000047
              ],
              [
                123.49614912600009,
                12.976768898000046
              ],
              [
                123.49615114200003,
                12.976778713000044
              ],
              [
                123.496151144,
                12.976788529000032
              ],
              [
                123.49615719000008,
                12.97680619700003
              ],
              [
                123.49615920600002,
                12.976819939000052
              ],
              [
                123.49617935700007,
                12.976859200000035
              ],
              [
                123.49618137300001,
                12.976867052000046
              ],
              [
                123.49620152400007,
                12.97690435000004
              ],
              [
                123.49620153,
                12.976947539000037
              ],
              [
                123.49619548800001,
                12.976963245000036
              ],
              [
                123.49618138900007,
                12.97698876800007
              ],
              [
                123.49615319000009,
                12.977031961000023
              ],
              [
                123.49614714800009,
                12.977043741000045
              ],
              [
                123.4961411050001,
                12.977049631000057
              ],
              [
                123.49612096300007,
                12.977081044000045
              ],
              [
                123.49611290500002,
                12.977090861000022
              ],
              [
                123.49609880600008,
                12.977114421000067
              ],
              [
                123.4960806790001,
                12.977147797000043
              ],
              [
                123.4960746380001,
                12.977167429000076
              ],
              [
                123.49607061000006,
                12.977175282000076
              ],
              [
                123.49600816800012,
                12.977261669000029
              ],
              [
                123.49599406800007,
                12.977277376000075
              ],
              [
                123.49597996800003,
                12.977300936000063
              ],
              [
                123.49596788200006,
                12.977314680000063
              ],
              [
                123.4959598260001,
                12.97733234900005
              ],
              [
                123.4959155140001,
                12.97740499200006
              ],
              [
                123.49589738800012,
                12.97744229400007
              ],
              [
                123.49588127400011,
                12.977465854000059
              ],
              [
                123.49585146800007,
                12.977517371000033
              ],
              [
                123.49581923900007,
                12.977554675000022
              ],
              [
                123.49579909500005,
                12.977570383000057
              ],
              [
                123.49575880500004,
                12.977588056000059
              ],
              [
                123.4957507470001,
                12.97759394700006
              ],
              [
                123.49573463100012,
                12.977601801000048
              ],
              [
                123.49569232800002,
                12.977631254000073
              ],
              [
                123.49567419700008,
                12.97764107200004
              ],
              [
                123.49565808200009,
                12.977652853000052
              ],
              [
                123.49565002400004,
                12.977660707000041
              ],
              [
                123.49563793800007,
                12.97766856100003
              ],
              [
                123.49563390900005,
                12.97767641400003
              ],
              [
                123.4956258520001,
                12.97768230400004
              ],
              [
                123.49562182400007,
                12.97769015800003
              ],
              [
                123.4956097380001,
                12.97770390100004
              ],
              [
                123.49559563900004,
                12.977729424000074
              ],
              [
                123.49557549800011,
                12.977774579000027
              ],
              [
                123.49554730000011,
                12.977825625000037
              ],
              [
                123.495535216,
                12.977855074000047
              ],
              [
                123.49552917400001,
                12.977864890000035
              ],
              [
                123.49552111800006,
                12.977886486000045
              ],
              [
                123.49551507500007,
                12.977896303000023
              ],
              [
                123.49550098000009,
                12.977949310000042
              ],
              [
                123.49549292400002,
                12.977968942000075
              ],
              [
                123.49548688300001,
                12.977990538000029
              ],
              [
                123.49548688300001,
                12.97799642700005
              ],
              [
                123.49547882800005,
                12.978016060000073
              ],
              [
                123.49547480100011,
                12.978037655000037
              ],
              [
                123.49547682200011,
                12.978084771000056
              ],
              [
                123.4954808540001,
                12.97810636500003
              ],
              [
                123.49550503300009,
                12.97813188300006
              ],
              [
                123.49550503500006,
                12.97814758900006
              ],
              [
                123.49551913900007,
                12.978161258000057
              ],
              [
                123.4955251880001,
                12.978204446000063
              ],
              [
                123.4955433240001,
                12.978237818000025
              ],
              [
                123.4955473550001,
                12.978253523000035
              ],
              [
                123.49554534200001,
                12.978261376000034
              ],
              [
                123.49554534300012,
                12.978271191000033
              ],
              [
                123.49553124500005,
                12.978302604000021
              ],
              [
                123.49553124900001,
                12.978332051000052
              ],
              [
                123.49553326400007,
                12.978339904000052
              ],
              [
                123.49553326500006,
                12.97834971900005
              ],
              [
                123.4955453560001,
                12.978371313000025
              ],
              [
                123.49555744500003,
                12.978383090000023
              ],
              [
                123.49556752,
                12.978398794000043
              ],
              [
                123.49556752400008,
                12.978430205000052
              ],
              [
                123.49556148400006,
                12.97845572700004
              ],
              [
                123.49554336000006,
                12.97851462400007
              ],
              [
                123.49553731700007,
                12.978524440000058
              ],
              [
                123.49553329000003,
                12.978538183000069
              ],
              [
                123.4955292620001,
                12.978546036000068
              ],
              [
                123.49549985200008,
                12.97858379400003
              ],
              [
                123.4954917980001,
                12.978615206000029
              ],
              [
                123.49548776900008,
                12.978623059000029
              ],
              [
                123.49547971400011,
                12.978648581000073
              ],
              [
                123.49545957300006,
                12.978691773000037
              ],
              [
                123.49544950200004,
                12.978705516000048
              ],
              [
                123.495445474,
                12.978715333000025
              ],
              [
                123.49543741600007,
                12.978723186000025
              ],
              [
                123.49541525900008,
                12.97875263700007
              ],
              [
                123.4954031740001,
                12.97877619600007
              ],
              [
                123.49539914800005,
                12.978795828000045
              ],
              [
                123.49539915100002,
                12.978823312000031
              ],
              [
                123.49540318200002,
                12.978835091000064
              ],
              [
                123.495403183,
                12.978842944000064
              ],
              [
                123.49541124400002,
                12.97886453700005
              ],
              [
                123.49541124500001,
                12.978872390000049
              ],
              [
                123.49542535300009,
                12.978911652000022
              ],
              [
                123.49542535800003,
                12.97895287800003
              ],
              [
                123.49541529100009,
                12.979003921000071
              ],
              [
                123.49541327800011,
                12.979011774000071
              ],
              [
                123.49540723500002,
                12.979021591000048
              ],
              [
                123.4953911230001,
                12.979060856000046
              ],
              [
                123.49537903800001,
                12.979084416000035
              ],
              [
                123.49536494200004,
                12.979131533000043
              ],
              [
                123.49536091400012,
                12.979139386000043
              ],
              [
                123.4953609150001,
                12.979147239000042
              ],
              [
                123.49535285900004,
                12.979166872000064
              ],
              [
                123.49534681800003,
                12.979192393000062
              ],
              [
                123.49533473500003,
                12.979229695000072
              ],
              [
                123.49531258500008,
                12.979312151000045
              ],
              [
                123.4953066710001,
                12.979342713000051
              ],
              [
                123.495300627,
                12.979346640000074
              ],
              [
                123.49528854300002,
                12.979378052000072
              ],
              [
                123.49528250100002,
                12.97938786900005
              ],
              [
                123.49527847400009,
                12.979405538000037
              ],
              [
                123.4952663900001,
                12.97944087600007
              ],
              [
                123.49526639500004,
                12.979476213000055
              ],
              [
                123.4952684110001,
                12.979484066000055
              ],
              [
                123.49527445500007,
                12.979491917000075
              ],
              [
                123.49529661800011,
                12.979503694000073
              ],
              [
                123.49530467700004,
                12.979509582000048
              ],
              [
                123.49530870800004,
                12.979517434000059
              ],
              [
                123.49530870900003,
                12.979527250000046
              ],
              [
                123.4953046820001,
                12.979546882000022
              ],
              [
                123.4952925980001,
                12.97957829400002
              ],
              [
                123.49528857100006,
                12.979595963000065
              ],
              [
                123.4952805150001,
                12.979617559000076
              ],
              [
                123.49527447500009,
                12.979645044000051
              ],
              [
                123.4952724630001,
                12.979664676000027
              ],
              [
                123.49527248200002,
                12.979815840000072
              ],
              [
                123.49527046900005,
                12.97982565600006
              ],
              [
                123.49527047100003,
                12.979837435000036
              ],
              [
                123.49526443100001,
                12.979866883000057
              ],
              [
                123.49526443200011,
                12.979874736000056
              ],
              [
                123.49525033600003,
                12.979927743000076
              ],
              [
                123.4952463080001,
                12.979937559000064
              ],
              [
                123.4952463080001,
                12.97994148600003
              ],
              [
                123.49523221000004,
                12.979974861000073
              ],
              [
                123.49522616900003,
                12.979994494000039
              ],
              [
                123.49522415800004,
                12.980027868000036
              ],
              [
                123.4952201320001,
                12.980047500000069
              ],
              [
                123.49519404600005,
                12.980106509000052
              ],
              [
                123.49519404700004,
                12.98011632500004
              ],
              [
                123.49517995400004,
                12.980192890000069
              ],
              [
                123.49517189800008,
                12.980210559000056
              ],
              [
                123.495169884,
                12.980218412000056
              ],
              [
                123.49514571400005,
                12.980263568000055
              ],
              [
                123.49514168700011,
                12.980275348000077
              ],
              [
                123.49513363000005,
                12.980289091000031
              ],
              [
                123.49511348900012,
                12.98033424600004
              ],
              [
                123.49510946400005,
                12.980367620000038
              ],
              [
                123.495105437,
                12.980383326000037
              ],
              [
                123.49510543800011,
                12.98039510500007
              ],
              [
                123.4950993980001,
                12.980428480000057
              ],
              [
                123.49509537100005,
                12.980442222000022
              ],
              [
                123.49509538400002,
                12.980540381000026
              ],
              [
                123.4950833040001,
                12.980603203000044
              ],
              [
                123.49507927600007,
                12.980613020000021
              ],
              [
                123.49507524900002,
                12.980630689000066
              ],
              [
                123.4950490650001,
                12.980683697000075
              ],
              [
                123.49504100900003,
                12.980705293000028
              ],
              [
                123.49501885300003,
                12.980749310000022
              ],
              [
                123.49501281200003,
                12.980772868000031
              ],
              [
                123.4949926700001,
                12.980806245000053
              ],
              [
                123.49496849800005,
                12.980835695000053
              ],
              [
                123.49495641100009,
                12.980847475000076
              ],
              [
                123.4949503690001,
                12.980857292000053
              ],
              [
                123.49494231100005,
                12.980863182000064
              ],
              [
                123.49493022500008,
                12.980878889000053
              ],
              [
                123.49492216700003,
                12.980886743000042
              ],
              [
                123.49491612400004,
                12.98089655900003
              ],
              [
                123.49490605200003,
                12.980904413000076
              ],
              [
                123.49490202400011,
                12.98091030300003
              ],
              [
                123.49488590800001,
                12.980922084000042
              ],
              [
                123.49486173500009,
                12.980945645000077
              ],
              [
                123.4948556920001,
                12.980949572000043
              ],
              [
                123.49484964900012,
                12.980959389000077
              ],
              [
                123.49484159100007,
                12.980965279000031
              ],
              [
                123.49482346100001,
                12.980982950000055
              ],
              [
                123.49478317400008,
                12.981026144000055
              ],
              [
                123.49476907400003,
                12.981045777000077
              ],
              [
                123.49474893000001,
                12.981069338000054
              ],
              [
                123.49474691700004,
                12.981077191000054
              ],
              [
                123.49471871500009,
                12.981108605000031
              ],
              [
                123.49467036900012,
                12.981151800000077
              ],
              [
                123.49464418100001,
                12.981169472000033
              ],
              [
                123.49460792200011,
                12.981202850000045
              ],
              [
                123.4945656210001,
                12.981261750000044
              ],
              [
                123.49454346300001,
                12.981283347000044
              ],
              [
                123.49451526100006,
                12.981306908000022
              ],
              [
                123.4944971320001,
                12.981328505000022
              ],
              [
                123.49446184500005,
                12.981380235000074
              ],
              [
                123.49444976000007,
                12.981403794000073
              ],
              [
                123.49443566000002,
                12.981425391000073
              ],
              [
                123.49441551600012,
                12.981446988000073
              ],
              [
                123.49440141500008,
                12.981466622000028
              ],
              [
                123.49438731400005,
                12.98147840200005
              ],
              [
                123.49437321200003,
                12.981486257000029
              ],
              [
                123.49430270000005,
                12.981490191000034
              ],
              [
                123.49425233500006,
                12.981501976000061
              ],
              [
                123.49421808600005,
                12.981505907000042
              ],
              [
                123.49421002800011,
                12.981511797000053
              ],
              [
                123.49421003000009,
                12.98152946600004
              ],
              [
                123.49422413600007,
                12.98155498500006
              ],
              [
                123.49426644800008,
                12.981586391000064
              ],
              [
                123.49427450700011,
                12.981594243000075
              ],
              [
                123.49428659800003,
                12.981617799000048
              ],
              [
                123.49428861400008,
                12.981625652000048
              ],
              [
                123.49429465900005,
                12.981635467000046
              ],
              [
                123.49430070500011,
                12.981653134000055
              ],
              [
                123.4943007060001,
                12.981662950000043
              ],
              [
                123.49429063900004,
                12.981708104000063
              ],
              [
                123.49428661000002,
                12.981713994000074
              ],
              [
                123.49427855400006,
                12.981735590000028
              ],
              [
                123.49426646800009,
                12.981753260000062
              ],
              [
                123.49424229800002,
                12.98179569000007
              ],
              [
                123.49423625600002,
                12.981809433000024
              ],
              [
                123.49422819800009,
                12.981819249000068
              ],
              [
                123.49422417000005,
                12.981829066000046
              ],
              [
                123.49419798400004,
                12.981870295000022
              ],
              [
                123.49417180000012,
                12.981917414000065
              ],
              [
                123.49416575600003,
                12.981923305000066
              ],
              [
                123.49414762900005,
                12.981960607000076
              ],
              [
                123.4941295000001,
                12.981982204000076
              ],
              [
                123.49412345700011,
                12.981993984000042
              ],
              [
                123.49409324200008,
                12.982033250000029
              ],
              [
                123.49409122800012,
                12.98203914000004
              ],
              [
                123.49406907100001,
                12.982072517000063
              ],
              [
                123.49406101500006,
                12.982094112000027
              ],
              [
                123.49405094300005,
                12.982107856000027
              ],
              [
                123.49403885900006,
                12.98213534100006
              ],
              [
                123.49400663000006,
                12.982182461000036
              ],
              [
                123.49399454400009,
                12.982196205000037
              ],
              [
                123.49398648600004,
                12.982202095000048
              ],
              [
                123.49394217000008,
                12.982255106000025
              ],
              [
                123.49392202600006,
                12.982274739000047
              ],
              [
                123.49389180900005,
                12.98230026400006
              ],
              [
                123.49387770700002,
                12.982308118000049
              ],
              [
                123.49384991200009,
                12.982328144000064
              ],
              [
                123.49383984000008,
                12.982343851000053
              ],
              [
                123.49378947800005,
                12.982389010000077
              ],
              [
                123.49374113400006,
                12.982455763000075
              ],
              [
                123.49371696100002,
                12.982485213000075
              ],
              [
                123.49369077400002,
                12.98251073800003
              ],
              [
                123.49367062800002,
                12.982522519000042
              ],
              [
                123.49364444100001,
                12.982548043000065
              ],
              [
                123.49359004900009,
                12.982583386000044
              ],
              [
                123.4935840060001,
                12.982591240000033
              ],
              [
                123.49357796200002,
                12.982595167000056
              ],
              [
                123.49356587600005,
                12.982608910000067
              ],
              [
                123.49353163,
                12.982642288000022
              ],
              [
                123.49351551500001,
                12.982661922000034
              ],
              [
                123.49351148700009,
                12.982669775000033
              ],
              [
                123.49350342900004,
                12.982677628000033
              ],
              [
                123.49345105200007,
                12.982711008000024
              ],
              [
                123.49344097900007,
                12.982714935000047
              ],
              [
                123.49343695000005,
                12.98271886200007
              ],
              [
                123.49341103900008,
                12.98273294300003
              ],
              [
                123.49340096800006,
                12.982750613000064
              ],
              [
                123.4933727660001,
                12.982785953000075
              ],
              [
                123.49335866500007,
                12.982799697000075
              ],
              [
                123.49333247600009,
                12.982821295000065
              ],
              [
                123.49332844800006,
                12.982829148000064
              ],
              [
                123.49331031800011,
                12.982848782000076
              ],
              [
                123.49330427500001,
                12.982852709000042
              ],
              [
                123.49329823100004,
                12.982860563000031
              ],
              [
                123.4932901730001,
                12.982866453000042
              ],
              [
                123.49326801500001,
                12.982890014000077
              ],
              [
                123.49322772500011,
                12.982923392000032
              ],
              [
                123.49320959400006,
                12.982935173000044
              ],
              [
                123.49320153600002,
                12.982943027000033
              ],
              [
                123.49318944900006,
                12.982948918000034
              ],
              [
                123.49318340600007,
                12.982954808000045
              ],
              [
                123.49317534800002,
                12.982958735000068
              ],
              [
                123.49316930400005,
                12.982964626000069
              ],
              [
                123.49315923100005,
                12.982970516000023
              ],
              [
                123.493127,
                12.982999968000058
              ],
              [
                123.49311692700007,
                12.98300585800007
              ],
              [
                123.4930947680001,
                12.983023529000036
              ],
              [
                123.49307059400007,
                12.983039237000071
              ],
              [
                123.49305044800008,
                12.983049055000038
              ],
              [
                123.49300411400009,
                12.983078508000062
              ],
              [
                123.4929618110001,
                12.98311581300004
              ],
              [
                123.49294368000005,
                12.983127594000052
              ],
              [
                123.49289936200012,
                12.983168826000053
              ],
              [
                123.49286511600008,
                12.983194351000066
              ],
              [
                123.49283086900004,
                12.983217912000043
              ],
              [
                123.4927825200001,
                12.983243439000034
              ],
              [
                123.49274625900011,
                12.983270927000035
              ],
              [
                123.49272208500008,
                12.983284672000025
              ],
              [
                123.49270194000007,
                12.983298417000071
              ],
              [
                123.49269992600011,
                12.983302343000048
              ],
              [
                123.49269186800007,
                12.983306270000071
              ],
              [
                123.49267575200008,
                12.983318051000026
              ],
              [
                123.49263949300007,
                12.983361245000026
              ],
              [
                123.49259316000007,
                12.983404439000026
              ],
              [
                123.49258308900005,
                12.983418183000026
              ],
              [
                123.49257100200009,
                12.983429963000049
              ],
              [
                123.49254713200003,
                12.983445420000066
              ],
              [
                123.49254108900004,
                12.983451311000067
              ],
              [
                123.49253706000002,
                12.983459164000067
              ],
              [
                123.49253101700003,
                12.983463091000033
              ],
              [
                123.49252497300006,
                12.983470944000032
              ],
              [
                123.49251288800008,
                12.983496467000066
              ],
              [
                123.4925068450001,
                12.983504320000065
              ],
              [
                123.49248670000009,
                12.983520028000044
              ],
              [
                123.49247461200002,
                12.983525919000044
              ],
              [
                123.49245648200008,
                12.983537700000056
              ],
              [
                123.49243432100002,
                12.983547518000023
              ],
              [
                123.49242223300007,
                12.983549483000047
              ],
              [
                123.49241216000007,
                12.983555373000058
              ],
              [
                123.49237388300003,
                12.983567157000039
              ],
              [
                123.49235978000002,
                12.983569121000073
              ],
              [
                123.49233963400002,
                12.983576976000052
              ],
              [
                123.49225703700006,
                12.983622138000044
              ],
              [
                123.4921885440001,
                12.983673188000068
              ],
              [
                123.49217847200009,
                12.98367907900007
              ],
              [
                123.49215832700008,
                12.983696750000036
              ],
              [
                123.49214825400009,
                12.983702640000047
              ],
              [
                123.49214624000001,
                12.98370656700007
              ],
              [
                123.49213415300005,
                12.98371245800007
              ],
              [
                123.49212609500012,
                12.98372031100007
              ],
              [
                123.49210997900002,
                12.983732092000025
              ],
              [
                123.4921019200001,
                12.983736019000048
              ],
              [
                123.4920455140001,
                12.98377528900005
              ],
              [
                123.49201731100004,
                12.983792960000073
              ],
              [
                123.49199112100007,
                12.983806705000063
              ],
              [
                123.49194478800007,
                12.983840084000065
              ],
              [
                123.49191658400002,
                12.983857755000031
              ],
              [
                123.49189643900002,
                12.983873463000066
              ],
              [
                123.49185614900011,
                12.983900952000056
              ],
              [
                123.49182794600006,
                12.983924513000034
              ],
              [
                123.49181787400005,
                12.983930403000045
              ],
              [
                123.49179772900004,
                12.983946111000023
              ],
              [
                123.49178161200007,
                12.983953965000069
              ],
              [
                123.4917594530001,
                12.983971636000035
              ],
              [
                123.4917393070001,
                12.983981454000059
              ],
              [
                123.49172117600006,
                12.98398734500006
              ],
              [
                123.4917090890001,
                12.983995199000049
              ],
              [
                123.49169095800005,
                12.984003054000027
              ],
              [
                123.49167685600003,
                12.98401483400005
              ],
              [
                123.49162447800006,
                12.98404036100004
              ],
              [
                123.49159910500009,
                12.984044436000033
              ],
              [
                123.49159104700004,
                12.984050327000034
              ],
              [
                123.49158500400006,
                12.984058180000034
              ],
              [
                123.49156485800006,
                12.984071925000023
              ],
              [
                123.49155075700003,
                12.984083705000046
              ],
              [
                123.49151046700001,
                12.984121010000024
              ],
              [
                123.49143794300005,
                12.984166171000027
              ],
              [
                123.4914057100001,
                12.984181880000051
              ],
              [
                123.49136743400004,
                12.98421133200003
              ],
              [
                123.491333187,
                12.984232930000076
              ],
              [
                123.4912989390001,
                12.984250602000031
              ],
              [
                123.49127677800004,
                12.984258458000056
              ],
              [
                123.49126872000011,
                12.984264348000067
              ],
              [
                123.49124454500009,
                12.984274166000034
              ],
              [
                123.49123447200009,
                12.984280057000035
              ],
              [
                123.49121432600009,
                12.984285949000025
              ],
              [
                123.49117806400011,
                12.984305584000026
              ],
              [
                123.49115791800011,
                12.984313439000061
              ],
              [
                123.49114583100004,
                12.98432129300005
              ],
              [
                123.49112568500004,
                12.984329148000029
              ],
              [
                123.49110553900005,
                12.98434092900004
              ],
              [
                123.49108942300006,
                12.984352710000053
              ],
              [
                123.4910672630001,
                12.984364491000065
              ],
              [
                123.49105920500006,
                12.984372344000064
              ],
              [
                123.491051147,
                12.984376272000077
              ],
              [
                123.49103100200011,
                12.98439786800003
              ],
              [
                123.491014887,
                12.98441946500003
              ],
              [
                123.49099675700006,
                12.984439099000042
              ],
              [
                123.49098064100008,
                12.984448916000076
              ],
              [
                123.49097661200005,
                12.98445480600003
              ],
              [
                123.490953052,
                12.984475564000036
              ],
              [
                123.49093089100006,
                12.984487345000048
              ],
              [
                123.49088858700009,
                12.984528577000049
              ],
              [
                123.49088254300011,
                12.984530540000037
              ],
              [
                123.49087448500006,
                12.984536431000038
              ],
              [
                123.49085836800009,
                12.984544285000027
              ],
              [
                123.49083419300007,
                12.98455410400004
              ],
              [
                123.49081001800005,
                12.98456784800004
              ],
              [
                123.49080397400007,
                12.984569812000075
              ],
              [
                123.49079591600002,
                12.984575703000075
              ],
              [
                123.49078584200004,
                12.984577667000053
              ],
              [
                123.49077979900005,
                12.984583557000065
              ],
              [
                123.4907576380001,
                12.984591412000043
              ],
              [
                123.4907475650001,
                12.984597303000044
              ],
              [
                123.49073950700006,
                12.984599267000021
              ],
              [
                123.49070727300011,
                12.984614976000046
              ],
              [
                123.49068511200005,
                12.984622831000024
              ],
              [
                123.49067504000004,
                12.984628721000036
              ],
              [
                123.49066496600005,
                12.98463068500007
              ],
              [
                123.4906528790001,
                12.98463657600007
              ],
              [
                123.49063273200011,
                12.984642468000061
              ],
              [
                123.49060049900004,
                12.98465621400004
              ],
              [
                123.49053603100003,
                12.984673889000021
              ],
              [
                123.49051588500004,
                12.984681744000056
              ],
              [
                123.49050581200004,
                12.984687634000068
              ],
              [
                123.49048163700002,
                12.984703342000046
              ],
              [
                123.4904473900001,
                12.984728867000058
              ],
              [
                123.49042523100002,
                12.984750464000058
              ],
              [
                123.49040508700011,
                12.984774024000046
              ],
              [
                123.49039300100003,
                12.984793657000068
              ],
              [
                123.4903728590001,
                12.984834885000055
              ],
              [
                123.49036480100006,
                12.984848628000066
              ],
              [
                123.49035271500009,
                12.984864335000054
              ],
              [
                123.49033861400005,
                12.984878078000065
              ],
              [
                123.49033055500001,
                12.984882006000078
              ],
              [
                123.49032249700008,
                12.984889859000077
              ],
              [
                123.49031041,
                12.984895750000021
              ],
              [
                123.49029832300005,
                12.984905567000055
              ],
              [
                123.4902660890001,
                12.984917349000057
              ],
              [
                123.49023184000009,
                12.984921279000048
              ],
              [
                123.49020766500007,
                12.984931097000072
              ],
              [
                123.49018085600005,
                12.984938084000078
              ],
              [
                123.49017481200008,
                12.984943974000032
              ],
              [
                123.49014056500005,
                12.984965573000068
              ],
              [
                123.49013452100007,
                12.984971463000022
              ],
              [
                123.49011639000003,
                12.984983244000034
              ],
              [
                123.49007005700003,
                12.985022512000057
              ],
              [
                123.49005394000005,
                12.985032329000035
              ],
              [
                123.49003580900012,
                12.985046074000024
              ],
              [
                123.4900217070001,
                12.98505392800007
              ],
              [
                123.49000357700004,
                12.985069635000059
              ],
              [
                123.48996127100008,
                12.985097124000049
              ],
              [
                123.4899552280001,
                12.98510301400006
              ],
              [
                123.48993911100001,
                12.985112831000038
              ],
              [
                123.48990889400011,
                12.985136392000072
              ],
              [
                123.48987464600009,
                12.98515210100004
              ],
              [
                123.48986457300009,
                12.985159955000029
              ],
              [
                123.48983435500008,
                12.985177626000052
              ],
              [
                123.48978600400005,
                12.985199226000077
              ],
              [
                123.48976585900004,
                12.985211007000032
              ],
              [
                123.48973966900007,
                12.985218862000067
              ],
              [
                123.48971146500003,
                12.985230644000069
              ],
              [
                123.4897034060001,
                12.985232608000047
              ],
              [
                123.4896933330001,
                12.985238499000047
              ],
              [
                123.48964479400001,
                12.985283655000046
              ],
              [
                123.48960853100004,
                12.98529936400007
              ],
              [
                123.48959241400007,
                12.985309182000037
              ],
              [
                123.48956421100002,
                12.985330780000027
              ],
              [
                123.4895198910001,
                12.98537004800005
              ],
              [
                123.48948564300008,
                12.985385756000028
              ],
              [
                123.48946751100004,
                12.98538968400004
              ],
              [
                123.4894352770001,
                12.985399504000043
              ],
              [
                123.48942721800006,
                12.985403431000066
              ],
              [
                123.48941311600004,
                12.985405395000043
              ],
              [
                123.48937483800012,
                12.985419141000023
              ],
              [
                123.48932447300001,
                12.985448594000047
              ],
              [
                123.48930634200008,
                12.985456448000036
              ],
              [
                123.489284182,
                12.985470193000026
              ],
              [
                123.48925799300002,
                12.985489827000038
              ],
              [
                123.4892297880001,
                12.985501609000039
              ],
              [
                123.48920762800003,
                12.985513390000051
              ],
              [
                123.4891894970001,
                12.98552909700004
              ],
              [
                123.48916532200008,
                12.985544805000075
              ],
              [
                123.48914517700007,
                12.985560512000063
              ],
              [
                123.48913913400008,
                12.985568365000063
              ],
              [
                123.48910085700004,
                12.98559192700003
              ],
              [
                123.48908877000008,
                12.985597817000041
              ],
              [
                123.48907466700007,
                12.985601745000054
              ],
              [
                123.48904847900008,
                12.985625306000031
              ],
              [
                123.48876521000011,
                12.985791172000063
              ],
              [
                123.48848316900012,
                12.985946289000026
              ],
              [
                123.48843683100006,
                12.985944330000052
              ],
              [
                123.488172415,
                12.98606538100006
              ],
              [
                123.48780915800012,
                12.98624335900007
              ],
              [
                123.48706375400002,
                12.98660465100005
              ],
              [
                123.48703004100003,
                12.98661035400005
              ],
              [
                123.48702802600008,
                12.986612318000027
              ],
              [
                123.48700989400004,
                12.98661624600004
              ],
              [
                123.48700385000006,
                12.986620173000063
              ],
              [
                123.48698571800003,
                12.986620174000052
              ],
              [
                123.48697765800011,
                12.986614286000076
              ],
              [
                123.4869736280001,
                12.986606433000077
              ],
              [
                123.48697362700011,
                12.986596617000032
              ],
              [
                123.48696959600011,
                12.986580912000022
              ],
              [
                123.48696153600008,
                12.986565208000059
              ],
              [
                123.48695549100012,
                12.986557356000048
              ],
              [
                123.48692929800006,
                12.986533800000075
              ],
              [
                123.4869131800001,
                12.986527912000042
              ],
              [
                123.48689303200001,
                12.986523987000055
              ],
              [
                123.48682856200003,
                12.986523993000048
              ],
              [
                123.48681042900012,
                12.986525958000072
              ],
              [
                123.48674998900003,
                12.98653970600003
              ],
              [
                123.48670969700004,
                12.986553452000066
              ],
              [
                123.48668552100003,
                12.986567196000067
              ],
              [
                123.48666336100007,
                12.986584867000033
              ],
              [
                123.48662105800008,
                12.986641802000065
              ],
              [
                123.4866150150001,
                12.986651619000043
              ],
              [
                123.48661300100002,
                12.986659472000042
              ],
              [
                123.48660695700005,
                12.986665362000053
              ],
              [
                123.4865989000001,
                12.986681068000053
              ],
              [
                123.48659688600003,
                12.986688920000063
              ],
              [
                123.48658681400002,
                12.986710516000073
              ],
              [
                123.48658681800009,
                12.986749779000036
              ],
              [
                123.4865908490001,
                12.986765484000045
              ],
              [
                123.48660898300011,
                12.986783151000054
              ],
              [
                123.48652034100007,
                12.986838128000045
              ],
              [
                123.48629873400012,
                12.986938268000074
              ],
              [
                123.48595581600011,
                12.987038419000044
              ],
              [
                123.48561131500003,
                12.987183723000044
              ],
              [
                123.48519392800006,
                12.987346057000025
              ],
              [
                123.48480913000003,
                12.987471731000028
              ],
              [
                123.48455799300007,
                12.987544023000055
              ],
              [
                123.48451367000007,
                12.987557768000045
              ],
              [
                123.48450561200002,
                12.987561695000068
              ],
              [
                123.48448949400006,
                12.987563660000035
              ],
              [
                123.48442099400006,
                12.987563665000039
              ],
              [
                123.48441092000007,
                12.987565629000073
              ],
              [
                123.48439077300009,
                12.987565631000052
              ],
              [
                123.48434846500004,
                12.987573487000077
              ],
              [
                123.48432227300009,
                12.987573489000056
              ],
              [
                123.48428802400008,
                12.987581345000024
              ],
              [
                123.48425578900003,
                12.987591163000047
              ],
              [
                123.48422557000004,
                12.98760883400007
              ],
              [
                123.4841530430001,
                12.987640250000027
              ],
              [
                123.48413894100008,
                12.987648104000073
              ],
              [
                123.48412080900005,
                12.987653995000073
              ],
              [
                123.48408656000004,
                12.98767166600004
              ],
              [
                123.48405029700007,
                12.987683448000041
              ],
              [
                123.48400798900002,
                12.987693267000054
              ],
              [
                123.48397172500006,
                12.987701122000033
              ],
              [
                123.483959636,
                12.987701123000022
              ],
              [
                123.48394754800006,
                12.987705051000034
              ],
              [
                123.48391531400011,
                12.987710943000025
              ],
              [
                123.48390322500006,
                12.98771094400007
              ],
              [
                123.48389315200006,
                12.987714871000037
              ],
              [
                123.48386091700002,
                12.987718800000039
              ],
              [
                123.48385084400002,
                12.98772469000005
              ],
              [
                123.48384278500009,
                12.98772469000005
              ],
              [
                123.48383472700004,
                12.987728617000073
              ],
              [
                123.483826668,
                12.987728618000062
              ],
              [
                123.48379443400006,
                12.98773647300004
              ],
              [
                123.48378033100005,
                12.98773647400003
              ],
              [
                123.48376421300009,
                12.987740402000043
              ],
              [
                123.48375212500002,
                12.987740403000032
              ],
              [
                123.48374003700008,
                12.987744330000055
              ],
              [
                123.48372996400008,
                12.987744331000044
              ],
              [
                123.48369571400008,
                12.987750223000035
              ],
              [
                123.48368362600002,
                12.987754150000058
              ],
              [
                123.48367758200004,
                12.987754151000047
              ],
              [
                123.48364131900007,
                12.987765932000059
              ],
              [
                123.48362721600006,
                12.987767897000026
              ],
              [
                123.48360102600009,
                12.98777771500005
              ],
              [
                123.48359296700005,
                12.98777771500005
              ],
              [
                123.4835808790001,
                12.987781642000073
              ],
              [
                123.48356879100004,
                12.987781643000062
              ],
              [
                123.48354864400005,
                12.987787534000063
              ],
              [
                123.4834197030001,
                12.98778754400007
              ],
              [
                123.48337815000002,
                12.987783621000062
              ],
              [
                123.48333382700002,
                12.987787551000054
              ],
              [
                123.48332375300004,
                12.987791478000076
              ],
              [
                123.48327741600008,
                12.987801297000033
              ],
              [
                123.48325726900009,
                12.987807188000033
              ],
              [
                123.48323510800003,
                12.987818969000045
              ],
              [
                123.48319884500006,
                12.987830751000047
              ],
              [
                123.48318071300002,
                12.98783467800007
              ],
              [
                123.48316056600004,
                12.987834680000049
              ],
              [
                123.48314444800008,
                12.98783271800005
              ],
              [
                123.48310213700006,
                12.987813090000031
              ],
              [
                123.48303968100004,
                12.987813094000046
              ],
              [
                123.48299535800004,
                12.987817024000037
              ],
              [
                123.48296916800007,
                12.987822915000038
              ],
              [
                123.4829631240001,
                12.98782684200006
              ],
              [
                123.4829429770001,
                12.987830770000073
              ],
              [
                123.48288656500006,
                12.987830774000031
              ],
              [
                123.48283821200005,
                12.987820962000058
              ],
              [
                123.482830153,
                12.987820962000058
              ],
              [
                123.48281403500005,
                12.987815074000025
              ],
              [
                123.48278985700006,
                12.987799371000051
              ],
              [
                123.48277172300004,
                12.987779740000065
              ],
              [
                123.48276366300001,
                12.987764036000044
              ],
              [
                123.48275157400008,
                12.987748331000034
              ],
              [
                123.48273747000007,
                12.98773459000006
              ],
              [
                123.48272941100004,
                12.98773262700007
              ],
              [
                123.48271127900011,
                12.98773262900005
              ],
              [
                123.48270322000008,
                12.987734593000027
              ],
              [
                123.48269113300012,
                12.987748336000038
              ],
              [
                123.4826911350001,
                12.98777778300007
              ],
              [
                123.48270121100006,
                12.987809193000032
              ],
              [
                123.48270121300004,
                12.987838640000064
              ],
              [
                123.482697185,
                12.987854346000063
              ],
              [
                123.48267619100011,
                12.987902191000046
              ],
              [
                123.48267014900011,
                12.987923786000067
              ],
              [
                123.48265806300003,
                12.987949309000044
              ],
              [
                123.48265201900006,
                12.987957162000043
              ],
              [
                123.48264194700005,
                12.987980720000053
              ],
              [
                123.48263187600003,
                12.98801409500004
              ],
              [
                123.48262583300004,
                12.988023911000028
              ],
              [
                123.48262583700011,
                12.988080843000034
              ],
              [
                123.4826399430001,
                12.98812403200003
              ],
              [
                123.48264598800006,
                12.98813188400004
              ],
              [
                123.48265203500011,
                12.988161331000072
              ],
              [
                123.4826520370001,
                12.98818685200007
              ],
              [
                123.48264800800007,
                12.988194705000069
              ],
              [
                123.48264398000003,
                12.988212374000057
              ],
              [
                123.48263390700004,
                12.988230043000044
              ],
              [
                123.48262786400005,
                12.988235933000055
              ],
              [
                123.48261980600012,
                12.988251639000055
              ],
              [
                123.48260771900004,
                12.988263419000077
              ],
              [
                123.48259764600004,
                12.988271272000077
              ],
              [
                123.48257548400011,
                12.988281090000044
              ],
              [
                123.48254929500001,
                12.988298760000077
              ],
              [
                123.48251706100007,
                12.988326247000032
              ],
              [
                123.48250094500008,
                12.988347843000042
              ],
              [
                123.48248684300006,
                12.988361586000053
              ],
              [
                123.48248080000008,
                12.988371402000041
              ],
              [
                123.48246669800005,
                12.988385145000052
              ],
              [
                123.4824546110001,
                12.988402815000029
              ],
              [
                123.482448567,
                12.98840870500004
              ],
              [
                123.48243849500011,
                12.988426374000028
              ],
              [
                123.48241080500009,
                12.988450474000047
              ],
              [
                123.48236043700001,
                12.988448515000073
              ],
              [
                123.4823423040001,
                12.988444590000029
              ],
              [
                123.48226570000008,
                12.988444596000022
              ],
              [
                123.482181308,
                12.988831313000048
              ],
              [
                123.48215866600003,
                12.989098023000054
              ],
              [
                123.48217029000011,
                12.989311520000058
              ],
              [
                123.48223626000004,
                12.98956574400006
              ],
              [
                123.48227292000001,
                12.989791624000077
              ],
              [
                123.48236227000007,
                12.990304082000023
              ],
              [
                123.48242401100003,
                12.990454528000043
              ],
              [
                123.4824965030001,
                12.990515842000036
              ],
              [
                123.48259076600004,
                12.990515877000064
              ],
              [
                123.48269743600008,
                12.990457695000032
              ],
              [
                123.48286665800003,
                12.990243073000045
              ],
              [
                123.4829931910001,
                12.990167075000045
              ],
              [
                123.48311032900006,
                12.990177135000067
              ],
              [
                123.48323010400009,
                12.990226710000059
              ],
              [
                123.48335919500005,
                12.990346570000042
              ],
              [
                123.48346594600002,
                12.990487261000055
              ],
              [
                123.48358476600004,
                12.990812445000074
              ],
              [
                123.48366574500005,
                12.991011628000024
              ],
              [
                123.48368742700006,
                12.991141089000052
              ],
              [
                123.48369668400005,
                12.991255422000052
              ],
              [
                123.48366565000003,
                12.991370557000039
              ],
              [
                123.48358476800001,
                12.991423603000044
              ],
              [
                123.48346629900004,
                12.991473291000034
              ],
              [
                123.48337252100009,
                12.991562172000044
              ],
              [
                123.48324089000005,
                12.991721518000077
              ],
              [
                123.48314985700006,
                12.991901742000039
              ],
              [
                123.48314681800002,
                12.992154463000077
              ],
              [
                123.48319711700003,
                12.99233120200006
              ],
              [
                123.4832944310001,
                12.992453198000021
              ],
              [
                123.48345383600008,
                12.992526487000077
              ],
              [
                123.48360627000011,
                12.992632644000025
              ],
              [
                123.48369607400002,
                12.992783673000076
              ],
              [
                123.48374877800006,
                12.992895712000063
              ],
              [
                123.48387301800005,
                12.993077587000073
              ],
              [
                123.48404416800008,
                12.993217418000029
              ],
              [
                123.48425700700011,
                12.99330595300006
              ],
              [
                123.48449644000004,
                12.993322401000057
              ],
              [
                123.48459889900005,
                12.993299483000044
              ],
              [
                123.48472585800005,
                12.99327678800006
              ],
              [
                123.48483104500008,
                12.993292189000044
              ],
              [
                123.48491497400005,
                12.993366340000023
              ],
              [
                123.48499840000011,
                12.993469494000067
              ],
              [
                123.48503211100001,
                12.993596791000073
              ],
              [
                123.48500136300004,
                12.99375322000003
              ],
              [
                123.48487783700011,
                12.993846028000064
              ],
              [
                123.48467934400003,
                12.993984583000042
              ],
              [
                123.48451449200002,
                12.994153726000036
              ],
              [
                123.484342663,
                12.994347779000066
              ],
              [
                123.48424247000003,
                12.994451194000021
              ],
              [
                123.48415441500003,
                12.994609707000052
              ],
              [
                123.48414453700002,
                12.994719738000072
              ],
              [
                123.4842349600001,
                12.994884735000028
              ],
              [
                123.48432882700001,
                12.995006767000064
              ],
              [
                123.484410324,
                12.995036872000071
              ],
              [
                123.48456508200002,
                12.995004175000076
              ],
              [
                123.4848293440001,
                12.994804596000051
              ],
              [
                123.48494974400012,
                12.99475978700002
              ],
              [
                123.48508045000005,
                12.994742673000076
              ],
              [
                123.48516959500012,
                12.994772605000037
              ],
              [
                123.48523816300008,
                12.994871720000049
              ],
              [
                123.48602276000008,
                12.99555687000003
              ],
              [
                123.49216108500002,
                13.000911147000068
              ],
              [
                123.49343521900005,
                13.00136549900003
              ],
              [
                123.50113409000005,
                13.004186880000077
              ],
              [
                123.50589231100003,
                13.007606311000075
              ],
              [
                123.5105899350001,
                13.009610202000033
              ],
              [
                123.51782511400006,
                13.012754216000076
              ],
              [
                123.52647569600003,
                13.015478446000031
              ],
              [
                123.53069166300008,
                13.016308361000029
              ],
              [
                123.53191993700011,
                13.01680630900006
              ],
              [
                123.53782893100004,
                13.018134173000021
              ],
              [
                123.54809213500005,
                13.024415272000056
              ],
              [
                123.5540858390001,
                13.025377148000075
              ],
              [
                123.5573562840001,
                13.025738002000026
              ],
              [
                123.55750328200008,
                13.025458909000065
              ],
              [
                123.55779080200011,
                13.025239173000045
              ],
              [
                123.5582503490001,
                13.025162657000067
              ],
              [
                123.55916082400006,
                13.02510303500003
              ],
              [
                123.55956444700007,
                13.025047880000045
              ],
              [
                123.560044865,
                13.024826053000027
              ],
              [
                123.56027224000002,
                13.024725071000034
              ],
              [
                123.5606357050001,
                13.024352701000055
              ],
              [
                123.56091226400008,
                13.02403227600007
              ],
              [
                123.56148325400011,
                13.02366732400003
              ],
              [
                123.56227914100009,
                13.023326089000022
              ],
              [
                123.56292083500011,
                13.023106927000072
              ],
              [
                123.56306575500003,
                13.023074812000061
              ],
              [
                123.56324769200012,
                13.023181150000028
              ],
              [
                123.56346765700005,
                13.023348231000057
              ],
              [
                123.56359446400006,
                13.023480192000022
              ],
              [
                123.56383008700004,
                13.02360215300007
              ],
              [
                123.5641185610001,
                13.023747049000065
              ],
              [
                123.56439787800002,
                13.023854939000046
              ],
              [
                123.56461950200003,
                13.023954582000044
              ],
              [
                123.56481206800004,
                13.024019172000067
              ],
              [
                123.56494567000004,
                13.02401487800006
              ],
              [
                123.56511774400008,
                13.023968818000071
              ],
              [
                123.56534162700007,
                13.023960255000077
              ],
              [
                123.56551484500005,
                13.023934655000062
              ],
              [
                123.56563841900004,
                13.023882402000027
              ],
              [
                123.56578966900008,
                13.023882686000036
              ],
              [
                123.56591417700008,
                13.023890049000045
              ],
              [
                123.5660680630001,
                13.023979833000055
              ],
              [
                123.56620340900008,
                13.024077085000044
              ],
              [
                123.56628984000008,
                13.024188872000025
              ],
              [
                123.56638423700008,
                13.024326736000035
              ],
              [
                123.56644508800002,
                13.024462130000074
              ],
              [
                123.56650610400004,
                13.024601549000067
              ],
              [
                123.56654444100002,
                13.024730325000064
              ],
              [
                123.56654487600008,
                13.02486702400006
              ],
              [
                123.56649337100009,
                13.025037928000074
              ],
              [
                123.56639806600003,
                13.025288136000029
              ],
              [
                123.5662942560001,
                13.02541096400006
              ],
              [
                123.5661483350001,
                13.02549166700004
              ],
              [
                123.56607683100003,
                13.025644399000043
              ],
              [
                123.56600679000007,
                13.025813257000038
              ],
              [
                123.56598285600012,
                13.026014757000041
              ],
              [
                123.56598890100008,
                13.02625897200005
              ],
              [
                123.56604009400007,
                13.02649828400007
              ],
              [
                123.56608704900009,
                13.026667578000058
              ],
              [
                123.56615860800002,
                13.026793614000042
              ],
              [
                123.56624081900009,
                13.026903674000039
              ],
              [
                123.56631518900008,
                13.026975099000026
              ],
              [
                123.56646366500001,
                13.027051805000042
              ],
              [
                123.56662401300002,
                13.027103252000074
              ],
              [
                123.56679250900004,
                13.02713407300007
              ],
              [
                123.56697981900004,
                13.027132859000062
              ],
              [
                123.56721852300007,
                13.027093786000023
              ],
              [
                123.567355184,
                13.027047693000043
              ],
              [
                123.56750304200011,
                13.026942758000075
              ],
              [
                123.5676948790001,
                13.026884566000035
              ],
              [
                123.56792735800002,
                13.026880205000055
              ],
              [
                123.5681337850001,
                13.026891352000064
              ],
              [
                123.56828725600008,
                13.026897726000072
              ],
              [
                123.56843726400007,
                13.026942632000043
              ],
              [
                123.56856927700005,
                13.027008926000065
              ],
              [
                123.56875810400004,
                13.027072970000063
              ],
              [
                123.568942235,
                13.02713570800006
              ],
              [
                123.56913878800003,
                13.027188979000073
              ],
              [
                123.56923909700004,
                13.027231397000037
              ],
              [
                123.56934459900003,
                13.027306041000031
              ],
              [
                123.56943499500005,
                13.027393044000064
              ],
              [
                123.56954175400006,
                13.027495069000054
              ],
              [
                123.56976133400008,
                13.02765021600004
              ],
              [
                123.57001041400008,
                13.027782786000046
              ],
              [
                123.57024405400011,
                13.027930794000042
              ],
              [
                123.57039935600005,
                13.028038151000032
              ],
              [
                123.57080693300009,
                13.028190747000053
              ],
              [
                123.57103079700005,
                13.028281396000068
              ],
              [
                123.57125444300004,
                13.028355395000062
              ],
              [
                123.57140657600007,
                13.02839330300003
              ],
              [
                123.57170831700012,
                13.028411095000024
              ],
              [
                123.57204393800009,
                13.028401626000061
              ],
              [
                123.57224055300003,
                13.028386642000044
              ],
              [
                123.57242880800004,
                13.028418973000043
              ],
              [
                123.57273014500004,
                13.02853772800006
              ],
              [
                123.57294846800005,
                13.028601446000039
              ],
              [
                123.57317728800001,
                13.028711329000032
              ],
              [
                123.5734425820001,
                13.02889248300005
              ],
              [
                123.5737633230001,
                13.029105425000068
              ],
              [
                123.57390326500001,
                13.029210916000068
              ],
              [
                123.57395343400003,
                13.029288033000057
              ],
              [
                123.5739878490001,
                13.029393365000033
              ],
              [
                123.57408260000011,
                13.029529116000049
              ],
              [
                123.57428996400006,
                13.029694745000029
              ],
              [
                123.57472309500008,
                13.029980341000055
              ],
              [
                123.57486209300009,
                13.030070694000074
              ],
              [
                123.57495027800007,
                13.030102938000027
              ],
              [
                123.57505100700007,
                13.030092596000031
              ],
              [
                123.57513916300002,
                13.030074701000046
              ],
              [
                123.5752353470001,
                13.030094561000055
              ],
              [
                123.57530821500006,
                13.030111994000038
              ],
              [
                123.5753782270001,
                13.030159642000058
              ],
              [
                123.57546393500002,
                13.03019716700004
              ],
              [
                123.57578107000006,
                13.030249601000037
              ],
              [
                123.576046216,
                13.030277193000074
              ],
              [
                123.57640775900006,
                13.030294898000022
              ],
              [
                123.57672331700007,
                13.030284119000044
              ],
              [
                123.57681850100005,
                13.030275840000058
              ],
              [
                123.57689002100005,
                13.030221508000068
              ],
              [
                123.57696400500004,
                13.030151949000071
              ],
              [
                123.57706849500005,
                13.030126032000055
              ],
              [
                123.57727532800004,
                13.03012790200006
              ],
              [
                123.57747773500012,
                13.030139752000025
              ],
              [
                123.57765362300006,
                13.030159347000051
              ],
              [
                123.57785114,
                13.030187004000027
              ],
              [
                123.57804060300009,
                13.030219524000074
              ],
              [
                123.57821344700005,
                13.030241583000077
              ],
              [
                123.57833891700011,
                13.030258759000048
              ],
              [
                123.57844355300006,
                13.030293957000026
              ],
              [
                123.57860776400003,
                13.030351752000058
              ],
              [
                123.578793947,
                13.030386272000044
              ],
              [
                123.57895095600009,
                13.030415815000026
              ],
              [
                123.57911460000003,
                13.030370636000043
              ],
              [
                123.57920687,
                13.030282233000037
              ],
              [
                123.57929618100002,
                13.030164286000058
              ],
              [
                123.57936838100011,
                13.030009913000072
              ],
              [
                123.57942872100011,
                13.029855700000041
              ],
              [
                123.57943263100003,
                13.029606852000029
              ],
              [
                123.5794155210001,
                13.029446240000027
              ],
              [
                123.57932636600003,
                13.029209016000038
              ],
              [
                123.57916103700006,
                13.028915588000075
              ],
              [
                123.5789834090001,
                13.028672503000053
              ],
              [
                123.57878505100007,
                13.028376560000027
              ],
              [
                123.57862971100008,
                13.028120924000063
              ],
              [
                123.5785532650001,
                13.027930021000032
              ],
              [
                123.57844132500009,
                13.027713815000027
              ],
              [
                123.5783732540001,
                13.027559562000022
              ],
              [
                123.57832867800005,
                13.027280382000072
              ],
              [
                123.57831336900006,
                13.026982529000065
              ],
              [
                123.57833256600009,
                13.026741206000054
              ],
              [
                123.5783899920001,
                13.026537094000048
              ],
              [
                123.57848434800007,
                13.026367048000054
              ],
              [
                123.57861949000005,
                13.026232139000058
              ],
              [
                123.5787824250001,
                13.026129467000032
              ],
              [
                123.57892038900002,
                13.02605346100006
              ],
              [
                123.57904378600006,
                13.026007185000026
              ],
              [
                123.57922917500002,
                13.025965674000076
              ],
              [
                123.5794111560001,
                13.02591158100006
              ],
              [
                123.57965202800005,
                13.025869061000037
              ],
              [
                123.57986151700004,
                13.025832648000062
              ],
              [
                123.58008486300002,
                13.025780262000069
              ],
              [
                123.580353768,
                13.025712578000025
              ],
              [
                123.58049691800011,
                13.025686913000072
              ],
              [
                123.5805803070001,
                13.025686565000058
              ],
              [
                123.58069489400009,
                13.025706187000026
              ],
              [
                123.58080686800008,
                13.025708232000056
              ],
              [
                123.58092666900006,
                13.025707732000058
              ],
              [
                123.58102855800007,
                13.025684696000042
              ],
              [
                123.58116633800012,
                13.025645963000045
              ],
              [
                123.58132648300011,
                13.025525336000044
              ],
              [
                123.58144441600007,
                13.025386525000044
              ],
              [
                123.58157793200007,
                13.025274031000038
              ],
              [
                123.5817510810001,
                13.025184611000043
              ],
              [
                123.58202182600007,
                13.025061863000076
              ],
              [
                123.58224059100007,
                13.024967814000036
              ],
              [
                123.58244628600005,
                13.024808203000077
              ],
              [
                123.58264360500004,
                13.024628059000065
              ],
              [
                123.58279059600011,
                13.024429094000027
              ],
              [
                123.58291893300009,
                13.024241467000024
              ],
              [
                123.5830822900001,
                13.024097380000057
              ],
              [
                123.5833214050001,
                13.023958463000042
              ],
              [
                123.58356908400003,
                13.023825733000024
              ],
              [
                123.58379441800002,
                13.023757019000072
              ],
              [
                123.58407779900006,
                13.02372927700003
              ],
              [
                123.58431127300003,
                13.023702358000037
              ],
              [
                123.58456745900003,
                13.023659162000058
              ],
              [
                123.58480785000006,
                13.023588776000054
              ],
              [
                123.584972203,
                13.023459934000073
              ],
              [
                123.58516228000008,
                13.02328370400005
              ],
              [
                123.58543061800003,
                13.023075730000073
              ],
              [
                123.58568517200001,
                13.022862104000069
              ],
              [
                123.58595782300006,
                13.022675745000072
              ],
              [
                123.58628262000002,
                13.022545793000063
              ],
              [
                123.58650633800005,
                13.022489268000072
              ],
              [
                123.58667824100007,
                13.022399644000075
              ],
              [
                123.58691683200004,
                13.022239605000038
              ],
              [
                123.58710944000006,
                13.022061736000069
              ],
              [
                123.58734740000011,
                13.021762937000062
              ],
              [
                123.58757010500005,
                13.021438756000066
              ],
              [
                123.58782362400007,
                13.02108944400004
              ],
              [
                123.58801114900007,
                13.020807619000038
              ],
              [
                123.58822683500011,
                13.02044019400006
              ],
              [
                123.58842262200005,
                13.02011473500005
              ],
              [
                123.58861740400005,
                13.019812921000039
              ],
              [
                123.58885987700012,
                13.019594054000038
              ],
              [
                123.5891038530001,
                13.019519936000052
              ],
              [
                123.58929413600003,
                13.019513922000044
              ],
              [
                123.58943620100001,
                13.019635053000059
              ],
              [
                123.58952512000008,
                13.019813699000053
              ],
              [
                123.58958234400006,
                13.020018673000038
              ],
              [
                123.58963975100005,
                13.020218842000077
              ],
              [
                123.58962267400011,
                13.020445532000053
              ],
              [
                123.58957830600002,
                13.020670323000047
              ],
              [
                123.58957766500009,
                13.02096364700003
              ],
              [
                123.58963123400008,
                13.021224051000047
              ],
              [
                123.58981452700004,
                13.021562434000032
              ],
              [
                123.59010978700007,
                13.02188099700004
              ],
              [
                123.59050312800002,
                13.022301362000064
              ],
              [
                123.590764121,
                13.022536752000065
              ],
              [
                123.59103725700004,
                13.02266822300004
              ],
              [
                123.59128947400006,
                13.022710146000065
              ],
              [
                123.59153679200006,
                13.022677744000077
              ],
              [
                123.591823352,
                13.022602421000045
              ],
              [
                123.59206513800007,
                13.022536911000032
              ],
              [
                123.59238092300006,
                13.022431426000026
              ],
              [
                123.598605,
                13.022718
              ],
              [
                123.6091488940001,
                13.022945698000058
              ],
              [
                123.62025036800003,
                13.022980362000055
              ]
            ]
          ]
        ]
      }
    }
  ]
}