{
  "type": "FeatureCollection",
  "name": "Bulusan",
  "crs": {
    "type": "name",
    "properties": {
      "name": "urn:ogc:def:crs:OGC:1.3:CRS84"
    }
  },
  "features": [
    {
      "type": "Feature",
      "properties": {
        "ADM3_EN": "Bulusan",
        "ADM3_PCODE": "PH0506204",
        "ADM2_EN": "Sorsogon",
        "ADM2_PCODE": "PH05062",
        "ADM1_EN": "Region V (Bicol Region)",
        "ADM1_PCODE": "PH05",
        "ADM0_EN": "Philippines (the)",
        "ADM0_PCODE": "PH",
        "date": "2022-11-09",
        "validOn": "2023-11-06",
        "validTo": null,
        "ADM3_REF": null,
        "ADM3ALT1EN": null,
        "Shape_Leng": 0.42001361811,
        "Shape_Area": 0.00737868092,
        "AREA_SQKM": 88.6406003743
      },
      "geometry": {
        "type": "MultiPolygon",
        "coordinates": [
          [
            [
              [
                124.15421912900001,
                12.806269263000047
              ],
              [
                124.15421805300002,
                12.806267398000045
              ],
              [
                124.15411838600005,
                12.806127495000055
              ],
              [
                124.1540879370001,
                12.806055620000052
              ],
              [
                124.15407671900005,
                12.806035307000059
              ],
              [
                124.1540638990001,
                12.806016558000067
              ],
              [
                124.15405909100002,
                12.806005620000064
              ],
              [
                124.15402864300006,
                12.805958746000044
              ],
              [
                124.15401422000002,
                12.805932183000039
              ],
              [
                124.15400620800006,
                12.80591968300007
              ],
              [
                124.15399018300002,
                12.805900934000022
              ],
              [
                124.15394531400011,
                12.805863435000049
              ],
              [
                124.15393890400003,
                12.805857185000036
              ],
              [
                124.15392768700008,
                12.805841561000022
              ],
              [
                124.15392127600012,
                12.805825936000076
              ],
              [
                124.15391807000003,
                12.80580406000007
              ],
              [
                124.15391807000003,
                12.805788435000068
              ],
              [
                124.15391967200003,
                12.805780622000043
              ],
              [
                124.15391806800005,
                12.80575562200005
              ],
              [
                124.15390524800011,
                12.805741560000058
              ],
              [
                124.15389723600003,
                12.805736873000058
              ],
              [
                124.15388601900008,
                12.805732186000057
              ],
              [
                124.15386999500004,
                12.805729061000022
              ],
              [
                124.15385717600009,
                12.805722812000056
              ],
              [
                124.15384435600004,
                12.805713437000065
              ],
              [
                124.15383954900005,
                12.80570562500003
              ],
              [
                124.1538331380001,
                12.805686875000049
              ],
              [
                124.15382512400004,
                12.80564937500003
              ],
              [
                124.15382512400004,
                12.80563999900005
              ],
              [
                124.15382993000003,
                12.80562593600007
              ],
              [
                124.1538443500001,
                12.805597810000052
              ],
              [
                124.15384434900011,
                12.805582185000048
              ],
              [
                124.15383473500003,
                12.805569685000023
              ],
              [
                124.15381871000011,
                12.805561873000045
              ],
              [
                124.15379948200007,
                12.805561874000034
              ],
              [
                124.15377544600005,
                12.80556656300007
              ],
              [
                124.15376903700007,
                12.80556187600007
              ],
              [
                124.15375301200004,
                12.805541564000066
              ],
              [
                124.15373538400002,
                12.805508752000037
              ],
              [
                124.15373378100003,
                12.805502501000035
              ],
              [
                124.153714551,
                12.80546343900005
              ],
              [
                124.15366807700002,
                12.805328601000042
              ],
              [
                124.15366006300007,
                12.805286413000033
              ],
              [
                124.15363922800009,
                12.80521922400004
              ],
              [
                124.15363281700002,
                12.805192661000035
              ],
              [
                124.1536183930001,
                12.805147348000048
              ],
              [
                124.15361358500002,
                12.80513953600007
              ],
              [
                124.15359114900002,
                12.805077035000068
              ],
              [
                124.15356230300006,
                12.805033286000025
              ],
              [
                124.15354307300004,
                12.805011411000066
              ],
              [
                124.15352224100002,
                12.804983286000038
              ],
              [
                124.15348698700006,
                12.804955162000056
              ],
              [
                124.15347256400003,
                12.80493328800003
              ],
              [
                124.15346775600005,
                12.804909850000058
              ],
              [
                124.15346775500007,
                12.804894224000066
              ],
              [
                124.15347095800007,
                12.80486297400006
              ],
              [
                124.15347095700008,
                12.804841098000054
              ],
              [
                124.153464546,
                12.804803598000035
              ],
              [
                124.15346294200003,
                12.804767660000039
              ],
              [
                124.15345973500007,
                12.804744222000068
              ],
              [
                124.15344851800012,
                12.80472078400004
              ],
              [
                124.15343409500008,
                12.80470359700007
              ],
              [
                124.15341646800005,
                12.804687973000057
              ],
              [
                124.1534052510001,
                12.804675473000032
              ],
              [
                124.15339563600003,
                12.80465672300005
              ],
              [
                124.15339082700007,
                12.804631723000057
              ],
              [
                124.15337961000012,
                12.804609848000041
              ],
              [
                124.1533603800001,
                12.804589536000037
              ],
              [
                124.15334275300006,
                12.804577037000058
              ],
              [
                124.15332833100001,
                12.804558287000077
              ],
              [
                124.15330473000006,
                12.804494431000023
              ],
              [
                124.15323261800006,
                12.804420995000044
              ],
              [
                124.15322140100011,
                12.80440537000004
              ],
              [
                124.15320697800007,
                12.804389746000027
              ],
              [
                124.15319255600002,
                12.804366308000056
              ],
              [
                124.15318774800005,
                12.804361621000055
              ],
              [
                124.15317973600008,
                12.804347558000075
              ],
              [
                124.15316210700007,
                12.804300683000065
              ],
              [
                124.15314608100005,
                12.804266308000024
              ],
              [
                124.15309640300006,
                12.804181934000042
              ],
              [
                124.15308518600011,
                12.804167871000061
              ],
              [
                124.15304993200004,
                12.804138185000056
              ],
              [
                124.1530387150001,
                12.804131935000044
              ],
              [
                124.1530130760001,
                12.804122561000042
              ],
              [
                124.15300025700003,
                12.804120999000077
              ],
              [
                124.15298583600008,
                12.804122562000032
              ],
              [
                124.15297301700002,
                12.804128813000034
              ],
              [
                124.1529521870001,
                12.80414287700006
              ],
              [
                124.15293936800003,
                12.80414756500005
              ],
              [
                124.15293456100005,
                12.80415225300004
              ],
              [
                124.15291853800011,
                12.804160066000065
              ],
              [
                124.15290091200006,
                12.804163192000033
              ],
              [
                124.15287367100007,
                12.804156943000066
              ],
              [
                124.15286405600011,
                12.804152256000066
              ],
              [
                124.15284642900008,
                12.804138194000075
              ],
              [
                124.152838416,
                12.804106943000022
              ],
              [
                124.15284001700002,
                12.804067880000048
              ],
              [
                124.15284322100001,
                12.804058505000057
              ],
              [
                124.15286565500003,
                12.804044304000058
              ],
              [
                124.1528752690001,
                12.804034929000068
              ],
              [
                124.15288328000008,
                12.804022428000053
              ],
              [
                124.15289129100006,
                12.804003677000026
              ],
              [
                124.15291692400001,
                12.80391148700005
              ],
              [
                124.15292012900011,
                12.803905236000048
              ],
              [
                124.1529217310001,
                12.803895861000058
              ],
              [
                124.15294896700004,
                12.803814608000039
              ],
              [
                124.15296018200002,
                12.803769294000062
              ],
              [
                124.15297139400002,
                12.803684917000055
              ],
              [
                124.15297139300003,
                12.80365835400005
              ],
              [
                124.15296818600007,
                12.803622416000053
              ],
              [
                124.152960172,
                12.803578666000021
              ],
              [
                124.15294094,
                12.803497415000038
              ],
              [
                124.15293132300008,
                12.803444289000026
              ],
              [
                124.15292651400011,
                12.803405226000052
              ],
              [
                124.1529120890001,
                12.80333803800005
              ],
              [
                124.1529120890001,
                12.803325538000024
              ],
              [
                124.15289125700008,
                12.803264627000033
              ],
              [
                124.15288644800012,
                12.803238065000073
              ],
              [
                124.15288324200003,
                12.803205251000065
              ],
              [
                124.15287202200011,
                12.803149001000065
              ],
              [
                124.15287041900001,
                12.803130250000038
              ],
              [
                124.15287041600004,
                12.803066186000024
              ],
              [
                124.15287682400003,
                12.80302712300005
              ],
              [
                124.15287521900007,
                12.802992747000076
              ],
              [
                124.1528704110001,
                12.80297087200006
              ],
              [
                124.15285759000005,
                12.802931809000029
              ],
              [
                124.15284316600003,
                12.802864621000026
              ],
              [
                124.15283515100009,
                12.802800558000058
              ],
              [
                124.15282072600007,
                12.802733370000055
              ],
              [
                124.15282072600007,
                12.80272555700003
              ],
              [
                124.1528159180001,
                12.802698994000025
              ],
              [
                124.15281431400001,
                12.802672431000076
              ],
              [
                124.15280950600004,
                12.802653681000038
              ],
              [
                124.15280469700008,
                12.802608368000051
              ],
              [
                124.15279027300005,
                12.802547430000061
              ],
              [
                124.15277905300002,
                12.802457166000067
              ],
              [
                124.15277744800005,
                12.802402477000044
              ],
              [
                124.15276462400004,
                12.802304038000045
              ],
              [
                124.15273898200007,
                12.802219663000074
              ],
              [
                124.1527357760001,
                12.802197787000068
              ],
              [
                124.15272936600002,
                12.802171225000052
              ],
              [
                124.15272616000004,
                12.802146224000069
              ],
              [
                124.15272615700007,
                12.802097786000047
              ],
              [
                124.15272775900007,
                12.802082160000055
              ],
              [
                124.15273416700006,
                12.802041534000068
              ],
              [
                124.15273416600007,
                12.802033722000033
              ],
              [
                124.15273737100006,
                12.80202278400003
              ],
              [
                124.15275178800005,
                12.801944657000035
              ],
              [
                124.15275338900005,
                12.801922782000076
              ],
              [
                124.15275499200004,
                12.80191809400003
              ],
              [
                124.15275659000008,
                12.801841530000047
              ],
              [
                124.1527533850001,
                12.801822780000066
              ],
              [
                124.152751781,
                12.801797780000072
              ],
              [
                124.15274857600002,
                12.801785279000057
              ],
              [
                124.15274376600007,
                12.801719653000077
              ],
              [
                124.1527373560001,
                12.801707153000052
              ],
              [
                124.15271812700007,
                12.801694654000073
              ],
              [
                124.15270210300002,
                12.80168840500005
              ],
              [
                124.15268127200011,
                12.80168371800005
              ],
              [
                124.15266364600006,
                12.801686844000074
              ],
              [
                124.1526540320001,
                12.80169309400003
              ],
              [
                124.15264441900001,
                12.801705595000044
              ],
              [
                124.15262519100008,
                12.801718096000059
              ],
              [
                124.15261717900012,
                12.80171965900007
              ],
              [
                124.15260596300004,
                12.801718097000048
              ],
              [
                124.15259955300007,
                12.80171497200007
              ],
              [
                124.15258513100002,
                12.801697785000044
              ],
              [
                124.1525691060001,
                12.801669660000073
              ],
              [
                124.1525418650001,
                12.801633723000066
              ],
              [
                124.1525210320001,
                12.801594661000024
              ],
              [
                124.15247616300007,
                12.801525912000045
              ],
              [
                124.15247456100008,
                12.801519662000032
              ],
              [
                124.152466548,
                12.801507162000064
              ],
              [
                124.15246334300002,
                12.801493099000027
              ],
              [
                124.15242638400002,
                12.801432740000052
              ],
              [
                124.15242638300003,
                12.801424761000021
              ],
              [
                124.15242147200001,
                12.801394440000024
              ],
              [
                124.15241983300007,
                12.801365715000031
              ],
              [
                124.15241492200005,
                12.801340181000057
              ],
              [
                124.15237891200002,
                12.80125081500006
              ],
              [
                124.1523740020001,
                12.801242836000029
              ],
              [
                124.15237072800005,
                12.801231666000035
              ],
              [
                124.15236254400008,
                12.801214112000025
              ],
              [
                124.15233635300001,
                12.80111517000006
              ],
              [
                124.1523248950001,
                12.801086445000067
              ],
              [
                124.15232162200004,
                12.80107367900007
              ],
              [
                124.15229543200007,
                12.801001867000025
              ],
              [
                124.15228888500008,
                12.800992292000046
              ],
              [
                124.15227742800005,
                12.800968355000066
              ],
              [
                124.15227251700003,
                12.800949205000052
              ],
              [
                124.15224305600009,
                12.800886969000032
              ],
              [
                124.15222668800004,
                12.800842286000034
              ],
              [
                124.15221182400012,
                12.800728696000022
              ],
              [
                124.15220854800009,
                12.800685608000038
              ],
              [
                124.15220363700007,
                12.800663266000072
              ],
              [
                124.15219872500006,
                12.800621774000035
              ],
              [
                124.15219381400004,
                12.800601028000074
              ],
              [
                124.15218726600006,
                12.80058187800006
              ],
              [
                124.15218235400005,
                12.800551557000063
              ],
              [
                124.15217580700005,
                12.800534003000053
              ],
              [
                124.15215780000005,
                12.800462190000076
              ],
              [
                124.15214961400011,
                12.800415911000073
              ],
              [
                124.15214961400011,
                12.800407931000052
              ],
              [
                124.15214306500002,
                12.800374418000047
              ],
              [
                124.15213979200007,
                12.800364844000057
              ],
              [
                124.15213979100008,
                12.800356864000037
              ],
              [
                124.1521266950001,
                12.800304202000063
              ],
              [
                124.15211360100011,
                12.800272285000062
              ],
              [
                124.15209887000003,
                12.800243561000059
              ],
              [
                124.15209395900001,
                12.800227602000064
              ],
              [
                124.15208577600004,
                12.800213240000062
              ],
              [
                124.15206940900009,
                12.800190899000029
              ],
              [
                124.15204322200009,
                12.800160579000021
              ],
              [
                124.15203340200003,
                12.800146217000076
              ],
              [
                124.15202521900005,
                12.800138238000045
              ],
              [
                124.15200885200011,
                12.800111110000046
              ],
              [
                124.15200557800006,
                12.800099939000063
              ],
              [
                124.15199575800011,
                12.800080789000049
              ],
              [
                124.15198593700006,
                12.800048873000037
              ],
              [
                124.15195974900007,
                12.799978144000022
              ],
              [
                124.15195811100011,
                12.799955802000056
              ],
              [
                124.15194828800009,
                12.799904735000041
              ],
              [
                124.15191718800008,
                12.799810581000031
              ],
              [
                124.15191391400003,
                12.799804197000071
              ],
              [
                124.1519106400001,
                12.799786643000061
              ],
              [
                124.1519040930001,
                12.799765897000043
              ],
              [
                124.15190409200011,
                12.799757918000068
              ],
              [
                124.15189754300002,
                12.79971961800004
              ],
              [
                124.15189099100007,
                12.799623866000047
              ],
              [
                124.15188116900003,
                12.799574395000036
              ],
              [
                124.15187953100008,
                12.799553649000075
              ],
              [
                124.1518729820001,
                12.799512157000038
              ],
              [
                124.15186970800005,
                12.799504178000063
              ],
              [
                124.15186970800005,
                12.799496199000032
              ],
              [
                124.15186316000006,
                12.79946747400004
              ],
              [
                124.15186152100011,
                12.799430769000026
              ],
              [
                124.15185333600004,
                12.799400448000029
              ],
              [
                124.15185333500006,
                12.799387681000042
              ],
              [
                124.15184842400004,
                12.799363744000061
              ],
              [
                124.15183860400009,
                12.799344594000047
              ],
              [
                124.15180914000007,
                12.799247249000075
              ],
              [
                124.15179440800011,
                12.799189799000033
              ],
              [
                124.15179440700001,
                12.799183415000073
              ],
              [
                124.1517894970001,
                12.799167457000067
              ],
              [
                124.15178458600008,
                12.799141924000025
              ],
              [
                124.15178131200003,
                12.799133945000051
              ],
              [
                124.15177967500006,
                12.799117986000056
              ],
              [
                124.15177312700007,
                12.799094049000075
              ],
              [
                124.15177312700007,
                12.799087665000059
              ],
              [
                124.15173678100007,
                12.798974907000058
              ],
              [
                124.15173841700005,
                12.798973311000054
              ],
              [
                124.15173350700002,
                12.798958948000063
              ],
              [
                124.15173186900006,
                12.798942990000057
              ],
              [
                124.151728595,
                12.798935011000026
              ],
              [
                124.15171713600012,
                12.79887756000005
              ],
              [
                124.15171058800001,
                12.798855219000075
              ],
              [
                124.15170404000003,
                12.798818514000061
              ],
              [
                124.15170403900004,
                12.79881053500003
              ],
              [
                124.15169912800002,
                12.798785001000056
              ],
              [
                124.15169421600001,
                12.798745105000023
              ],
              [
                124.15168603100005,
                12.79871638000003
              ],
              [
                124.15168112000003,
                12.798687655000037
              ],
              [
                124.15168111900005,
                12.798679675000074
              ],
              [
                124.1516778460001,
                12.798671696000042
              ],
              [
                124.15167457200005,
                12.798650950000024
              ],
              [
                124.15167129800011,
                12.79864297100005
              ],
              [
                124.15166638700009,
                12.798617438000065
              ],
              [
                124.15166311300004,
                12.798609459000033
              ],
              [
                124.15165820200002,
                12.798587117000068
              ],
              [
                124.15165165500002,
                12.79856637100005
              ],
              [
                124.15164347100006,
                12.798547221000035
              ],
              [
                124.1516140110001,
                12.798512114000062
              ],
              [
                124.15160255400008,
                12.798486581000077
              ],
              [
                124.15159764300006,
                12.798464240000044
              ],
              [
                124.15159764200007,
                12.798456260000023
              ],
              [
                124.15159436800002,
                12.798440302000074
              ],
              [
                124.15159436800002,
                12.798429131000034
              ],
              [
                124.15158166600008,
                12.798376150000024
              ],
              [
                124.1515751180001,
                12.798361788000022
              ],
              [
                124.15155875100004,
                12.79833306300003
              ],
              [
                124.1515489310001,
                12.798321893000036
              ],
              [
                124.1515423840001,
                12.798310722000053
              ],
              [
                124.15153092800006,
                12.79829955100007
              ],
              [
                124.15147855600003,
                12.798266041000034
              ],
              [
                124.15145073400004,
                12.798245296000061
              ],
              [
                124.151404909,
                12.798219765000056
              ],
              [
                124.15138363300002,
                12.798210191000067
              ],
              [
                124.1513312620001,
                12.798179873000038
              ],
              [
                124.15131162400007,
                12.798170299000049
              ],
              [
                124.15128871200011,
                12.798162321000063
              ],
              [
                124.15121833900002,
                12.798125620000064
              ],
              [
                124.15119706300004,
                12.798112854000067
              ],
              [
                124.15115287600008,
                12.798095302000036
              ],
              [
                124.15112178100003,
                12.798079345000076
              ],
              [
                124.15109395900004,
                12.798061792000055
              ],
              [
                124.15107922900006,
                12.798049026000058
              ],
              [
                124.15106450000007,
                12.798039452000069
              ],
              [
                124.15104649800003,
                12.798029878000023
              ],
              [
                124.15101703900007,
                12.798010729000055
              ],
              [
                124.15097776100004,
                12.797989985000072
              ],
              [
                124.15093521000006,
                12.79795807000005
              ],
              [
                124.15090084100007,
                12.797929347000036
              ],
              [
                124.15089429500006,
                12.797921368000061
              ],
              [
                124.15086319900001,
                12.797892644000058
              ],
              [
                124.15083865000008,
                12.797867112000063
              ],
              [
                124.15081246400007,
                12.797833601000036
              ],
              [
                124.15074699900003,
                12.797760195000023
              ],
              [
                124.15068971800008,
                12.797710727000037
              ],
              [
                124.15066680500001,
                12.797683598000049
              ],
              [
                124.15061770700004,
                12.797637321000025
              ],
              [
                124.15060297800005,
                12.797618172000057
              ],
              [
                124.15059479500007,
                12.79761178900003
              ],
              [
                124.15056206200006,
                12.79757029800004
              ],
              [
                124.15050919700002,
                12.797459928000023
              ],
              [
                124.15049283100007,
                12.797439183000051
              ],
              [
                124.1504846470001,
                12.797431204000077
              ],
              [
                124.15047973700007,
                12.797423225000045
              ],
              [
                124.15046173400003,
                12.797405671000035
              ],
              [
                124.15044045800005,
                12.797388118000072
              ],
              [
                124.1504175450001,
                12.797357797000075
              ],
              [
                124.1504109980001,
                12.797343435000073
              ],
              [
                124.15037826500009,
                12.797305136000034
              ],
              [
                124.15034880600001,
                12.797274816000026
              ],
              [
                124.15034225900001,
                12.797271625000064
              ],
              [
                124.15032425700008,
                12.797255667000059
              ],
              [
                124.15029152500006,
                12.797234923000076
              ],
              [
                124.15026370300006,
                12.797214178000047
              ],
              [
                124.15020478600002,
                12.797179072000063
              ],
              [
                124.15013768600011,
                12.797132796000028
              ],
              [
                124.15011641000001,
                12.797116838000022
              ],
              [
                124.15010659100005,
                12.797107263000044
              ],
              [
                124.15009840800008,
                12.797102476000077
              ],
              [
                124.15008531500007,
                12.797091306000027
              ],
              [
                124.15008040500004,
                12.797084923000057
              ],
              [
                124.15006731300002,
                12.797076944000025
              ],
              [
                124.15004112800011,
                12.797067370000036
              ],
              [
                124.15001494300009,
                12.797060988000055
              ],
              [
                124.149998578,
                12.797057798000026
              ],
              [
                124.14996912100003,
                12.797057799000072
              ],
              [
                124.14996093800005,
                12.797056204000057
              ],
              [
                124.14995439200004,
                12.797053012000049
              ],
              [
                124.1499298440001,
                12.797046630000068
              ],
              [
                124.14992002400004,
                12.79704024700004
              ],
              [
                124.14989056600007,
                12.797029078000037
              ],
              [
                124.14984801600008,
                12.797016313000029
              ],
              [
                124.14983656100003,
                12.79701471800007
              ],
              [
                124.14982183200004,
                12.797009931000048
              ],
              [
                124.14981201300009,
                12.797009932000037
              ],
              [
                124.14976782700012,
                12.797003551000046
              ],
              [
                124.14973018700005,
                12.79699557300006
              ],
              [
                124.14969745600001,
                12.796984404000057
              ],
              [
                124.14965327000004,
                12.796976427000061
              ],
              [
                124.1496290340001,
                12.796968297000035
              ],
              [
                124.14962248800009,
                12.796963509000022
              ],
              [
                124.14961266800003,
                12.796952339000029
              ],
              [
                124.1495881190001,
                12.796920423000074
              ],
              [
                124.14955375000011,
                12.796885315000054
              ],
              [
                124.14952592700001,
                12.796850208000023
              ],
              [
                124.14951938100012,
                12.796845421000057
              ],
              [
                124.14949810400003,
                12.79681510000006
              ],
              [
                124.14949155700003,
                12.796800738000059
              ],
              [
                124.14949155600004,
                12.796786375000067
              ],
              [
                124.14949973800003,
                12.796772012000076
              ],
              [
                124.14951937400008,
                12.796724135000034
              ],
              [
                124.14953573800005,
                12.796700196000074
              ],
              [
                124.1495406460001,
                12.79668742900003
              ],
              [
                124.14954228200008,
                12.796676258000048
              ],
              [
                124.14954228200008,
                12.796666683000069
              ],
              [
                124.14953737100006,
                12.79664593700005
              ],
              [
                124.14952755100012,
                12.796626787000037
              ],
              [
                124.14953736900009,
                12.79660444500007
              ],
              [
                124.14953409500004,
                12.79657891100004
              ],
              [
                124.14952918400002,
                12.796569336000061
              ],
              [
                124.14951609200011,
                12.79655497400006
              ],
              [
                124.14951445500003,
                12.796548591000033
              ],
              [
                124.14951445300005,
                12.796521461000054
              ],
              [
                124.14952263300006,
                12.796468797000045
              ],
              [
                124.14952426800005,
                12.796440072000053
              ],
              [
                124.14952263100008,
                12.79642890100007
              ],
              [
                124.14951772000006,
                12.796412943000064
              ],
              [
                124.14951117400005,
                12.796400176000077
              ],
              [
                124.14950790000012,
                12.796382622000067
              ],
              [
                124.14951280700006,
                12.796345917000053
              ],
              [
                124.14952917000005,
                12.796293741000056
              ],
              [
                124.14952425900003,
                12.796276187000046
              ],
              [
                124.14951607500007,
                12.796255441000028
              ],
              [
                124.14950461800004,
                12.79623629100007
              ],
              [
                124.14949316200011,
                12.796221929000069
              ],
              [
                124.1494735230001,
                12.796204375000059
              ],
              [
                124.1494669760001,
                12.796191609000061
              ],
              [
                124.1494604290001,
                12.79617724700006
              ],
              [
                124.14945715600004,
                12.796161288000064
              ],
              [
                124.14944569800002,
                12.79612458400004
              ],
              [
                124.14943914900005,
                12.796076708000044
              ],
              [
                124.1494375100001,
                12.796020853000073
              ],
              [
                124.14943259800009,
                12.795982553000044
              ],
              [
                124.14943259600011,
                12.795949040000039
              ],
              [
                124.14943913900004,
                12.795885205000047
              ],
              [
                124.14943586400011,
                12.79585488400005
              ],
              [
                124.14943259100005,
                12.795848501000023
              ],
              [
                124.14942768000003,
                12.795808753000074
              ],
              [
                124.14940803900004,
                12.795767262000027
              ],
              [
                124.14938021300009,
                12.795676299000036
              ],
              [
                124.14936875600006,
                12.795644382000035
              ],
              [
                124.14934093000011,
                12.795545440000069
              ],
              [
                124.14930492200006,
                12.795454478000067
              ],
              [
                124.149288554,
                12.795400220000033
              ],
              [
                124.14928200600002,
                12.795365111000024
              ],
              [
                124.14927054800012,
                12.795317236000074
              ],
              [
                124.14923617700003,
                12.79523584900005
              ],
              [
                124.14922144600007,
                12.79519435700007
              ],
              [
                124.14920507700003,
                12.795120949000022
              ],
              [
                124.149180526,
                12.795045945000027
              ],
              [
                124.14917397800002,
                12.795017220000034
              ],
              [
                124.14913797100007,
                12.794921470000077
              ],
              [
                124.1491297870001,
                12.794902320000062
              ],
              [
                124.1491166940001,
                12.794878383000025
              ],
              [
                124.14911178400007,
                12.794864020000034
              ],
              [
                124.14909541700001,
                12.794832104000022
              ],
              [
                124.149075777,
                12.794800188000067
              ],
              [
                124.14907086700009,
                12.794787421000024
              ],
              [
                124.14906432100008,
                12.794781038000053
              ],
              [
                124.14904468100008,
                12.794749122000042
              ],
              [
                124.14902831300003,
                12.794687252000074
              ],
              [
                124.14901685600012,
                12.794656931000077
              ],
              [
                124.14898739400007,
                12.794565968000029
              ],
              [
                124.14898248400004,
                12.79455639300005
              ],
              [
                124.14896284300005,
                12.794498943000065
              ],
              [
                124.14895956900011,
                12.794478197000046
              ],
              [
                124.14895138500003,
                12.79444787600005
              ],
              [
                124.14894156500009,
                12.794425535000073
              ],
              [
                124.14892356200005,
                12.794396810000023
              ],
              [
                124.14890883300006,
                12.794380852000074
              ],
              [
                124.14889574000006,
                12.79436170300005
              ],
              [
                124.14886955300005,
                12.794310636000034
              ],
              [
                124.14884009200011,
                12.79422605700006
              ],
              [
                124.1488155400001,
                12.79413988300007
              ],
              [
                124.14880572000004,
                12.794115945000044
              ],
              [
                124.14879262600004,
                12.794071262000045
              ],
              [
                124.14878444200008,
                12.794048920000023
              ],
              [
                124.14878116800003,
                12.794032962000074
              ],
              [
                124.14877134900007,
                12.794015408000064
              ],
              [
                124.14875334600003,
                12.79399306700003
              ],
              [
                124.14870915900008,
                12.793953173000034
              ],
              [
                124.14868624700011,
                12.793929236000054
              ],
              [
                124.14867970000012,
                12.79391806500007
              ],
              [
                124.14867970000012,
                12.793911682000044
              ],
              [
                124.14869279100003,
                12.793897318000063
              ],
              [
                124.1487026100001,
                12.79389253000005
              ],
              [
                124.14871570200012,
                12.793889338000042
              ],
              [
                124.148736976,
                12.793887741000049
              ],
              [
                124.14875825000001,
                12.793889336000063
              ],
              [
                124.14879752600007,
                12.793886142000076
              ],
              [
                124.14883352800007,
                12.793878161000066
              ],
              [
                124.14888098600011,
                12.793876563000026
              ],
              [
                124.14891044300009,
                12.793873370000028
              ],
              [
                124.1489317170001,
                12.793868581000027
              ],
              [
                124.14893662600002,
                12.793865389000075
              ],
              [
                124.14894153500006,
                12.793859006000048
              ],
              [
                124.14894153500006,
                12.793852622000031
              ],
              [
                124.14893498800006,
                12.79383826000003
              ],
              [
                124.14892844200006,
                12.793830281000055
              ],
              [
                124.14892189600005,
                12.793825494000032
              ],
              [
                124.14891371300007,
                12.793822302000024
              ],
              [
                124.14890225700003,
                12.793820707000066
              ],
              [
                124.14889571100002,
                12.793817516000047
              ],
              [
                124.14888098300003,
                12.793820708000055
              ],
              [
                124.14887280100004,
                12.793820708000055
              ],
              [
                124.148867891,
                12.79381911300004
              ],
              [
                124.1488629810001,
                12.793814326000074
              ],
              [
                124.14886625300005,
                12.793789675000028
              ],
              [
                124.148876072,
                12.793778504000045
              ],
              [
                124.14887934400008,
                12.793770524000024
              ],
              [
                124.14888589000009,
                12.79376254500005
              ],
              [
                124.14889079900001,
                12.793751373000077
              ],
              [
                124.14890552600002,
                12.793732222000074
              ],
              [
                124.148913708,
                12.793724243000042
              ],
              [
                124.14893498000004,
                12.793692324000062
              ],
              [
                124.14894970700004,
                12.793658811000057
              ],
              [
                124.14895134300002,
                12.793650831000036
              ],
              [
                124.14894970400007,
                12.793601360000025
              ],
              [
                124.14893988200004,
                12.793545505000054
              ],
              [
                124.148934972,
                12.793529547000048
              ],
              [
                124.14893333400005,
                12.793511993000038
              ],
              [
                124.1489300610001,
                12.793504014000064
              ],
              [
                124.14892515000008,
                12.793480076000037
              ],
              [
                124.14892351300011,
                12.793464117000042
              ],
              [
                124.14891369200006,
                12.79343220100003
              ],
              [
                124.14890387100002,
                12.793382730000076
              ],
              [
                124.14890386700006,
                12.79331730000007
              ],
              [
                124.14890877300002,
                12.793248678000054
              ],
              [
                124.14890877100004,
                12.793207186000075
              ],
              [
                124.14891858600004,
                12.793135371000062
              ],
              [
                124.14892022000004,
                12.793079516000034
              ],
              [
                124.1489251270001,
                12.793028449000076
              ],
              [
                124.14893167200012,
                12.793006106000064
              ],
              [
                124.14894312400008,
                12.79295503800006
              ],
              [
                124.14894639600004,
                12.792932696000037
              ],
              [
                124.1489496690001,
                12.792923121000058
              ],
              [
                124.14895621200003,
                12.79288482000004
              ],
              [
                124.14895621200003,
                12.792875245000062
              ],
              [
                124.148966029,
                12.792843327000071
              ],
              [
                124.14898893800012,
                12.792795450000028
              ],
              [
                124.14901348,
                12.79270275700003
              ],
              [
                124.149021661,
                12.792682010000021
              ],
              [
                124.14903638600003,
                12.792619771000034
              ],
              [
                124.1490396580001,
                12.792597429000068
              ],
              [
                124.14904293000006,
                12.792589450000037
              ],
              [
                124.14905601800001,
                12.792519231000028
              ],
              [
                124.1490576540001,
                12.792496889000063
              ],
              [
                124.14905437900006,
                12.79247454700004
              ],
              [
                124.14904783200006,
                12.792455397000026
              ],
              [
                124.1490461950001,
                12.792445822000047
              ],
              [
                124.1490461940001,
                12.792418693000059
              ],
              [
                124.14904946600006,
                12.792391563000024
              ],
              [
                124.14904946400009,
                12.792356454000071
              ],
              [
                124.14905110000007,
                12.79234847500004
              ],
              [
                124.14905109800009,
                12.792311770000026
              ],
              [
                124.14905437000004,
                12.79229581100003
              ],
              [
                124.14907236900001,
                12.792244743000026
              ],
              [
                124.14908218700009,
                12.792235167000058
              ],
              [
                124.14909691500009,
                12.792227187000037
              ],
              [
                124.14911000600011,
                12.792222399000025
              ],
              [
                124.14912146100005,
                12.792212823000057
              ],
              [
                124.14912637000009,
                12.79220644000003
              ],
              [
                124.14914927900008,
                12.792163350000067
              ],
              [
                124.14916073200004,
                12.792128241000057
              ],
              [
                124.14918928700001,
                12.792083470000023
              ],
              [
                124.149218743,
                12.792059531000064
              ],
              [
                124.14922856100009,
                12.792041976000064
              ],
              [
                124.14923346900002,
                12.792029209000077
              ],
              [
                124.14924001400004,
                12.792002079000042
              ],
              [
                124.14924165000002,
                12.792000483000038
              ],
              [
                124.14924328500001,
                12.791974949000064
              ],
              [
                124.14924164900003,
                12.791968566000037
              ],
              [
                124.14924164800004,
                12.791957395000054
              ],
              [
                124.14922855400005,
                12.791925478000053
              ],
              [
                124.14923019000003,
                12.791906328000039
              ],
              [
                124.1492400080001,
                12.791895156000066
              ],
              [
                124.1492858260001,
                12.791832916000033
              ],
              [
                124.14932018800005,
                12.791762696000035
              ],
              [
                124.1493332770001,
                12.791706840000074
              ],
              [
                124.14933654700008,
                12.791666944000042
              ],
              [
                124.14934145500001,
                12.79163502700004
              ],
              [
                124.14934145300003,
                12.791595130000076
              ],
              [
                124.14934308900001,
                12.791591938000067
              ],
              [
                124.14934308900001,
                12.79157917200007
              ],
              [
                124.14933817800011,
                12.791552042000035
              ],
              [
                124.14933654000004,
                12.791532892000077
              ],
              [
                124.14932999300004,
                12.791504167000028
              ],
              [
                124.14932999100006,
                12.791478633000054
              ],
              [
                124.14933326300002,
                12.791462675000048
              ],
              [
                124.14933817200006,
                12.791449907000072
              ],
              [
                124.14934799000002,
                12.791430757000057
              ],
              [
                124.14935944400008,
                12.791398839000067
              ],
              [
                124.14937580600008,
                12.791365325000072
              ],
              [
                124.14938562400005,
                12.791335003000029
              ],
              [
                124.14939216800008,
                12.791306278000036
              ],
              [
                124.14939216700009,
                12.79129031900004
              ],
              [
                124.14938889400003,
                12.791282340000066
              ],
              [
                124.14938129900008,
                12.791227796000044
              ],
              [
                124.14936820500009,
                12.791199071000051
              ],
              [
                124.14935511200008,
                12.791178326000022
              ],
              [
                124.14935183900002,
                12.791170346000058
              ],
              [
                124.14933220000012,
                12.791141622000055
              ],
              [
                124.14932401600004,
                12.791125664000049
              ],
              [
                124.14932074300009,
                12.791117684000028
              ],
              [
                124.14931092100005,
                12.79107300100003
              ],
              [
                124.14931092000006,
                12.79105544600003
              ],
              [
                124.14930764600001,
                12.791021933000025
              ],
              [
                124.14930764400003,
                12.790993207000042
              ],
              [
                124.14930273200002,
                12.79094692800004
              ],
              [
                124.14930273100003,
                12.790927777000036
              ],
              [
                124.14929781800004,
                12.790863943000033
              ],
              [
                124.14929781500007,
                12.790806492000058
              ],
              [
                124.14929617700011,
                12.790780959000074
              ],
              [
                124.14929453900004,
                12.790765
              ],
              [
                124.149289629,
                12.790742658000056
              ],
              [
                124.1492847180001,
                12.790728296000054
              ],
              [
                124.14928308100002,
                12.790717125000072
              ],
              [
                124.14926835100005,
                12.790678825000043
              ],
              [
                124.14926180400005,
                12.790656483000078
              ],
              [
                124.14925034700002,
                12.79063254600004
              ],
              [
                124.14924216400004,
                12.790622971000062
              ],
              [
                124.14922907200003,
                12.790613397000072
              ],
              [
                124.14922416200011,
                12.790607013000056
              ],
              [
                124.14921598,
                12.790602226000033
              ],
              [
                124.14920125100002,
                12.790586269000073
              ],
              [
                124.1491897950001,
                12.790576694000038
              ],
              [
                124.14916524700004,
                12.790565524000044
              ],
              [
                124.14913742700003,
                12.79055754600006
              ],
              [
                124.14912433500001,
                12.790560739000057
              ],
              [
                124.14910469800009,
                12.790573506000044
              ],
              [
                124.14909324300004,
                12.790576699000042
              ],
              [
                124.14907033300005,
                12.790576700000031
              ],
              [
                124.14905724100004,
                12.790575105000073
              ],
              [
                124.1490392390001,
                12.790562339000076
              ],
              [
                124.14902941900004,
                12.790543189000061
              ],
              [
                124.14902123500008,
                12.790500101000077
              ],
              [
                124.14900814100008,
                12.79046978100007
              ],
              [
                124.14898850200007,
                12.790437864000069
              ],
              [
                124.14898195600006,
                12.790431481000041
              ],
              [
                124.14897868300011,
                12.790425098000071
              ],
              [
                124.1489655900001,
                12.790409140000065
              ],
              [
                124.1489655900001,
                12.790405949000046
              ],
              [
                124.14896068000007,
                12.790396374000068
              ],
              [
                124.1489590430001,
                12.790389990000051
              ],
              [
                124.14896395100004,
                12.790351690000023
              ],
              [
                124.14896395000005,
                12.790338923000036
              ],
              [
                124.14895576700007,
                12.790326156000049
              ],
              [
                124.14891649000003,
                12.790297433000035
              ],
              [
                124.14890503400011,
                12.790284667000037
              ],
              [
                124.14890176100005,
                12.790275092000059
              ],
              [
                124.14890012400008,
                12.790255941000055
              ],
              [
                124.14890176000006,
                12.790249558000028
              ],
              [
                124.1489017560001,
                12.790182532000074
              ],
              [
                124.14890023900011,
                12.79014208600006
              ],
              [
                124.14889696400007,
                12.790116552000029
              ],
              [
                124.14889369100001,
                12.790110169000059
              ],
              [
                124.14888059600003,
                12.790060698000048
              ],
              [
                124.14886750100004,
                12.789996864000045
              ],
              [
                124.14885440700004,
                12.789955372000065
              ],
              [
                124.1488380400001,
                12.789913880000029
              ],
              [
                124.14881021700012,
                12.789870793000034
              ],
              [
                124.14879221500007,
                12.789856431000032
              ],
              [
                124.14878403300008,
                12.78985324000007
              ],
              [
                124.14877421300002,
                12.789846857000043
              ],
              [
                124.14876275800009,
                12.789837282000065
              ],
              [
                124.14875130100006,
                12.78981813200005
              ],
              [
                124.14874148100012,
                12.78979419500007
              ],
              [
                124.1487365700001,
                12.78976866100004
              ],
              [
                124.14873329500006,
                12.789720785000043
              ],
              [
                124.1487332910001,
                12.789644184000053
              ],
              [
                124.14873492700008,
                12.789634609000075
              ],
              [
                124.14873492600009,
                12.789617054000075
              ],
              [
                124.1487283780001,
                12.789578754000047
              ],
              [
                124.1487218310001,
                12.789558008000029
              ],
              [
                124.1487087380001,
                12.789526092000074
              ],
              [
                124.14869400700002,
                12.78947981300007
              ],
              [
                124.14864654300004,
                12.789347359000033
              ],
              [
                124.14862690300004,
                12.789313847000074
              ],
              [
                124.1485958080001,
                12.78926756800007
              ],
              [
                124.14859089900006,
                12.789257993000035
              ],
              [
                124.14855162100002,
                12.789210120000064
              ],
              [
                124.14850357900002,
                12.78908288200006
              ],
              [
                124.14849703100003,
                12.789050965000058
              ],
              [
                124.14848721100009,
                12.789019048000057
              ],
              [
                124.14846266100005,
                12.788974365000058
              ],
              [
                124.1484250200001,
                12.788923299000032
              ],
              [
                124.14839883500008,
                12.788899363000041
              ],
              [
                124.14836446800007,
                12.788877022000065
              ],
              [
                124.14833664700006,
                12.788867448000076
              ],
              [
                124.14832846500008,
                12.788862661000053
              ],
              [
                124.148318646,
                12.788861066000038
              ],
              [
                124.1483055540001,
                12.788854683000068
              ],
              [
                124.1482777330001,
                12.788846705000026
              ],
              [
                124.14822700200011,
                12.788827557000047
              ],
              [
                124.14816808800003,
                12.788810005000073
              ],
              [
                124.14813699500007,
                12.788803623000035
              ],
              [
                124.14810426600002,
                12.788806817000022
              ],
              [
                124.14808299200001,
                12.788811605000035
              ],
              [
                124.148061718,
                12.788808414000073
              ],
              [
                124.14805353500003,
                12.788805223000054
              ],
              [
                124.14803389700012,
                12.788795649000065
              ],
              [
                124.14801589600006,
                12.788784479000071
              ],
              [
                124.14798643900008,
                12.788771713000074
              ],
              [
                124.1479635280001,
                12.788757352000061
              ],
              [
                124.1479144330001,
                12.788735012000075
              ],
              [
                124.14785879300007,
                12.788727035000022
              ],
              [
                124.14785224700006,
                12.788722248000056
              ],
              [
                124.1478358810001,
                12.788693523000063
              ],
              [
                124.14783549600008,
                12.788693288000047
              ],
              [
                124.14782278900009,
                12.788685545000021
              ],
              [
                124.14780969700007,
                12.78868873700003
              ],
              [
                124.14778024200007,
                12.788707888000033
              ],
              [
                124.14775242400003,
                12.788742999000021
              ],
              [
                124.14772951500004,
                12.788768533000052
              ],
              [
                124.14771969700007,
                12.788776513000073
              ],
              [
                124.1477033320001,
                12.788782897000033
              ],
              [
                124.14769024100008,
                12.788781302000075
              ],
              [
                124.14768533100005,
                12.788774919000048
              ],
              [
                124.14768533000006,
                12.788752577000025
              ],
              [
                124.14769187400009,
                12.788722255000039
              ],
              [
                124.1476918730001,
                12.788703105000025
              ],
              [
                124.14770160600006,
                12.788666458000023
              ],
              [
                124.14767378400006,
                12.788612200000046
              ],
              [
                124.14765414500005,
                12.788583475000053
              ],
              [
                124.14763941600006,
                12.788565922000032
              ],
              [
                124.1476165040001,
                12.788530814000069
              ],
              [
                124.14759195500005,
                12.788484535000066
              ],
              [
                124.14759031800008,
                12.788478152000039
              ],
              [
                124.14759359100003,
                12.788471768000022
              ],
              [
                124.14761650100002,
                12.788457404000042
              ],
              [
                124.14765577500009,
                12.788438252000049
              ],
              [
                124.14767541200001,
                12.788433464000036
              ],
              [
                124.14770486900011,
                12.788454209000065
              ],
              [
                124.14772450700002,
                12.788463783000054
              ],
              [
                124.1477343250001,
                12.788466974000073
              ],
              [
                124.14774741700012,
                12.788465378000069
              ],
              [
                124.14776705400004,
                12.78845420600004
              ],
              [
                124.14778341800002,
                12.788438247000045
              ],
              [
                124.14781450900011,
                12.788415903000043
              ],
              [
                124.14784560100009,
                12.788406327000075
              ],
              [
                124.14786196500006,
                12.788398347000054
              ],
              [
                124.14787505600009,
                12.78838877100003
              ],
              [
                124.14789469200002,
                12.788363236000066
              ],
              [
                124.14790123700004,
                12.788344086000052
              ],
              [
                124.14790287300002,
                12.78832174400003
              ],
              [
                124.14790778100007,
                12.788296210000055
              ],
              [
                124.14790778000008,
                12.788288231000024
              ],
              [
                124.14791105300003,
                12.788275464000037
              ],
              [
                124.14792087100011,
                12.788259505000042
              ],
              [
                124.14792741600002,
                12.788253121000025
              ],
              [
                124.14793068900008,
                12.788245141000061
              ],
              [
                124.14794050700004,
                12.788232374000074
              ],
              [
                124.14796832400009,
                12.788186093000036
              ],
              [
                124.14798468600009,
                12.788135025000031
              ],
              [
                124.14798959400002,
                12.788099916000021
              ],
              [
                124.1479928650001,
                12.788060019000056
              ],
              [
                124.14799613700006,
                12.788042465000046
              ],
              [
                124.14799613600007,
                12.788024910000047
              ],
              [
                124.14800104300002,
                12.78797703400005
              ],
              [
                124.14800104000005,
                12.78791798800006
              ],
              [
                124.14799776500001,
                12.787881283000047
              ],
              [
                124.1479928550001,
                12.787852558000054
              ],
              [
                124.1479944890001,
                12.787804682000058
              ],
              [
                124.14799939700004,
                12.787785531000054
              ],
              [
                124.1480026700001,
                12.787779148000027
              ],
              [
                124.14800921500012,
                12.787772764000067
              ],
              [
                124.14801576100001,
                12.787767976000055
              ],
              [
                124.148030489,
                12.787761592000038
              ],
              [
                124.14806158100009,
                12.787755207000032
              ],
              [
                124.14806976300008,
                12.787752015000024
              ],
              [
                124.14808121800002,
                12.78774403500006
              ],
              [
                124.14808776300004,
                12.787731268000073
              ],
              [
                124.14808939900001,
                12.787720097000033
              ],
              [
                124.14808939800002,
                12.787700947000076
              ],
              [
                124.14808612400009,
                12.787686584000028
              ],
              [
                124.14807630400003,
                12.787665838000066
              ],
              [
                124.14807139400011,
                12.787651476000065
              ],
              [
                124.14806812100005,
                12.787637113000073
              ],
              [
                124.14807628400001,
                12.787502964000055
              ],
              [
                124.14808773800007,
                12.787471046000064
              ],
              [
                124.14810737200003,
                12.787407210000026
              ],
              [
                124.14811882400011,
                12.787344971000039
              ],
              [
                124.14812209600007,
                12.78733539600006
              ],
              [
                124.1481286400001,
                12.787293903000034
              ],
              [
                124.14813354800003,
                12.787273157000072
              ],
              [
                124.14813354800003,
                12.787261985000043
              ],
              [
                124.14814172700005,
                12.787204534000068
              ],
              [
                124.14814827100008,
                12.787174213000071
              ],
              [
                124.14814990600007,
                12.787143891000028
              ],
              [
                124.14815317800003,
                12.787126337000075
              ],
              [
                124.14815317700004,
                12.787107186000071
              ],
              [
                124.14815972100007,
                12.78706409800003
              ],
              [
                124.14817117400003,
                12.787019413000053
              ],
              [
                124.14818426400007,
                12.786984304000043
              ],
              [
                124.14819735300011,
                12.786936427000057
              ],
              [
                124.1481989890001,
                12.786925256000075
              ],
              [
                124.1482235310001,
                12.78684546200003
              ],
              [
                124.14823007500001,
                12.78681354500003
              ],
              [
                124.1482398930001,
                12.786783223000043
              ],
              [
                124.14824480100003,
                12.786773648000064
              ],
              [
                124.14825298200003,
                12.78674651800003
              ],
              [
                124.14826116400002,
                12.78672896300003
              ],
              [
                124.14827098100011,
                12.786700237000048
              ],
              [
                124.1482873430001,
                12.786663532000034
              ],
              [
                124.14829388800001,
                12.786642785000026
              ],
              [
                124.14831352300007,
                12.786599696000053
              ],
              [
                124.14832170400007,
                12.786575758000026
              ],
              [
                124.14832824900009,
                12.786550224000052
              ],
              [
                124.14833806600006,
                12.78652788200003
              ],
              [
                124.14834133800002,
                12.786515115000043
              ],
              [
                124.14835442800006,
                12.786480005000044
              ],
              [
                124.14836097300008,
                12.786456067000074
              ],
              [
                124.14837078900007,
                12.786400211000057
              ],
              [
                124.1483773330001,
                12.786379465000039
              ],
              [
                124.14838060500006,
                12.78636191000004
              ],
              [
                124.14839533100007,
                12.786318822000055
              ],
              [
                124.14840351300006,
                12.786304458000075
              ],
              [
                124.14843033600005,
                12.786237657000072
              ],
              [
                124.14844669900003,
                12.786208931000033
              ],
              [
                124.14848269800007,
                12.78615786100005
              ],
              [
                124.14855469400004,
                12.78602380600006
              ],
              [
                124.1485661480001,
                12.785998272000029
              ],
              [
                124.1485906910001,
                12.785929649000025
              ],
              [
                124.14860378100002,
                12.785900923000042
              ],
              [
                124.14860541700011,
                12.785892943000022
              ],
              [
                124.14862832500012,
                12.785845066000036
              ],
              [
                124.1486381420001,
                12.785827511000036
              ],
              [
                124.14868559500007,
                12.785760483000047
              ],
              [
                124.1487297750001,
                12.78568068800007
              ],
              [
                124.1487379570001,
                12.785671113000035
              ],
              [
                124.14874450200011,
                12.785659941000063
              ],
              [
                124.14876741000012,
                12.785616852000032
              ],
              [
                124.1487919540001,
                12.785578550000025
              ],
              [
                124.14881650000007,
                12.785560995000026
              ],
              [
                124.14883122800006,
                12.785559398000032
              ],
              [
                124.14884104700002,
                12.785562589000051
              ],
              [
                124.14887966100002,
                12.785564492000049
              ],
              [
                124.1489254810001,
                12.785554914000045
              ],
              [
                124.14895493600011,
                12.785551721000047
              ],
              [
                124.14898766500005,
                12.785542144000033
              ],
              [
                124.1490433030001,
                12.785529374000077
              ],
              [
                124.14912512300009,
                12.785503837000022
              ],
              [
                124.14917585100011,
                12.785486279000054
              ],
              [
                124.1491840330001,
                12.785481491000041
              ],
              [
                124.14921839800002,
                12.78546712700006
              ],
              [
                124.14926585300009,
                12.785449570000026
              ],
              [
                124.14930676300003,
                12.785430417000043
              ],
              [
                124.14931658100011,
                12.785422438000069
              ],
              [
                124.1493689450001,
                12.785390518000042
              ],
              [
                124.14938858100004,
                12.785369771000035
              ],
              [
                124.14939676300003,
                12.785357003000058
              ],
              [
                124.14940167100008,
                12.785342640000067
              ],
              [
                124.14940167100008,
                12.785333065000032
              ],
              [
                124.14939676000006,
                12.78531231900007
              ],
              [
                124.14937875800001,
                12.78528519100007
              ],
              [
                124.14937712100004,
                12.785272424000027
              ],
              [
                124.1493820290001,
                12.785256465000032
              ],
              [
                124.14939184700006,
                12.78524529300006
              ],
              [
                124.1494114840001,
                12.785232526000073
              ],
              [
                124.14944257500008,
                12.785221353000054
              ],
              [
                124.14946057600002,
                12.785221352000065
              ],
              [
                124.14947530400002,
                12.78522613900003
              ],
              [
                124.14948348700011,
                12.785230926000054
              ],
              [
                124.1494916690001,
                12.785242097000037
              ],
              [
                124.14949985200008,
                12.785245288000056
              ],
              [
                124.14952603400002,
                12.785242095000058
              ],
              [
                124.14954403500008,
                12.785230923000029
              ],
              [
                124.14955876200008,
                12.785218155000052
              ],
              [
                124.14956858000005,
                12.78520698400007
              ],
              [
                124.14957512400008,
                12.785191025000074
              ],
              [
                124.14957839700003,
                12.78517825800003
              ],
              [
                124.14958330600007,
                12.78517187400007
              ],
              [
                124.14959803300007,
                12.78516389400005
              ],
              [
                124.1496111240001,
                12.785160702000042
              ],
              [
                124.14963567000007,
                12.785151125000027
              ],
              [
                124.149661852,
                12.785135165000042
              ],
              [
                124.14968639800009,
                12.785116014000039
              ],
              [
                124.14969457900008,
                12.78510643800007
              ],
              [
                124.14971257800005,
                12.785072924000076
              ],
              [
                124.14972730500006,
                12.785055369000077
              ],
              [
                124.14973875900012,
                12.785034622000069
              ],
              [
                124.14974530300003,
                12.785018663000074
              ],
              [
                124.1497485750001,
                12.784994725000047
              ],
              [
                124.14974857400011,
                12.784969192000062
              ],
              [
                124.14975348100006,
                12.784940466000023
              ],
              [
                124.14975675300002,
                12.784927699000036
              ],
              [
                124.14976329800004,
                12.784911740000041
              ],
              [
                124.14977802500005,
                12.784894185000041
              ],
              [
                124.14981729800002,
                12.784868649000032
              ],
              [
                124.1498529910001,
                12.784826107000072
              ],
              [
                124.1498642680001,
                12.784815108000032
              ],
              [
                124.14987393500007,
                12.784802537000076
              ],
              [
                124.14988682300009,
                12.784780539000053
              ],
              [
                124.14989326700004,
                12.784755398000073
              ],
              [
                124.14989648800008,
                12.78473340100004
              ],
              [
                124.14989487600008,
                12.784717688000057
              ],
              [
                124.14987553900005,
                12.784676836000074
              ],
              [
                124.14987392700004,
                12.784665838000024
              ],
              [
                124.14988359200004,
                12.784618700000067
              ],
              [
                124.14988681200009,
                12.784591988000045
              ],
              [
                124.149890034,
                12.784580989000062
              ],
              [
                124.14989486600007,
                12.784547992000057
              ],
              [
                124.14989486500008,
                12.784536994000064
              ],
              [
                124.14989808700011,
                12.78452442300005
              ],
              [
                124.14990130700005,
                12.784481999000036
              ],
              [
                124.14990936000004,
                12.784436433000053
              ],
              [
                124.14990935900005,
                12.784416006000072
              ],
              [
                124.14990613600003,
                12.784403436000048
              ],
              [
                124.14990613500004,
                12.784392438000054
              ],
              [
                124.1498996900001,
                12.784373583000047
              ],
              [
                124.14988196500008,
                12.78434530100003
              ],
              [
                124.14987552000002,
                12.784342159000062
              ],
              [
                124.14984168500007,
                12.78434216100004
              ],
              [
                124.14983524000002,
                12.784339019000072
              ],
              [
                124.14982879500008,
                12.784334305000073
              ],
              [
                124.14981751500011,
                12.784320165000054
              ],
              [
                124.14981429200009,
                12.784309166000071
              ],
              [
                124.14981912500002,
                12.784298167000031
              ],
              [
                124.14982718100009,
                12.784288739000033
              ],
              [
                124.14983845900008,
                12.784280882000076
              ],
              [
                124.1498400700001,
                12.78427774000005
              ],
              [
                124.14988357100003,
                12.784257311000033
              ],
              [
                124.14989001600009,
                12.78425573900006
              ],
              [
                124.14990935000003,
                12.784243168000046
              ],
              [
                124.14992223800004,
                12.784229026000048
              ],
              [
                124.14992707100009,
                12.78421959800005
              ],
              [
                124.14992546000008,
                12.784213313000066
              ],
              [
                124.14991740300002,
                12.784200744000032
              ],
              [
                124.14990451300002,
                12.784191317000023
              ],
              [
                124.14987873300004,
                12.784185034000075
              ],
              [
                124.1498481210001,
                12.784186606000048
              ],
              [
                124.1498336200001,
                12.784191321000037
              ],
              [
                124.14978206400008,
                12.784233748000077
              ],
              [
                124.14977723100003,
                12.78424003300006
              ],
              [
                124.14976434200003,
                12.784249461000059
              ],
              [
                124.14975467500005,
                12.784260460000041
              ],
              [
                124.14974339700007,
                12.784266746000071
              ],
              [
                124.14972406400011,
                12.784280888000069
              ],
              [
                124.14971439700003,
                12.784288745000026
              ],
              [
                124.14970956400009,
                12.784295030000067
              ],
              [
                124.14969023000003,
                12.784310744000038
              ],
              [
                124.149662841,
                12.784323315000051
              ],
              [
                124.14965317300005,
                12.784323316000041
              ],
              [
                124.14963706100002,
                12.784315460000073
              ],
              [
                124.14960644700011,
                12.784288751000076
              ],
              [
                124.14958711100007,
                12.78425575500006
              ],
              [
                124.1495742190001,
                12.784227474000033
              ],
              [
                124.1495742190001,
                12.784222760000034
              ],
              [
                124.14956455100003,
                12.784200763000058
              ],
              [
                124.14956455100003,
                12.784196049000059
              ],
              [
                124.14953554700003,
                12.784141279000039
              ],
              [
                124.14951137600008,
                12.784100428000045
              ],
              [
                124.14949042900002,
                12.784059576000061
              ],
              [
                124.14946303600004,
                12.784020296000051
              ],
              [
                124.14945014500006,
                12.783998299000075
              ],
              [
                124.14943725400008,
                12.783970017000058
              ],
              [
                124.1494243620001,
                12.78392602200006
              ],
              [
                124.1494211380001,
                12.783902453000053
              ],
              [
                124.14941791600006,
                12.783893026000044
              ],
              [
                124.14941308100003,
                12.783864744000027
              ],
              [
                124.14940663300001,
                12.783814464000045
              ],
              [
                124.14940340800001,
                12.783765755000047
              ],
              [
                124.14940339900011,
                12.783611772000029
              ],
              [
                124.14941628600002,
                12.783555206000074
              ],
              [
                124.14943239600007,
                12.78351749500007
              ],
              [
                124.14943561700011,
                12.783504925000045
              ],
              [
                124.14944045000004,
                12.783493926000062
              ],
              [
                124.14946300300005,
                12.783415362000028
              ],
              [
                124.14946944500002,
                12.78337293800007
              ],
              [
                124.14947105500005,
                12.783339942000055
              ],
              [
                124.14946944200005,
                12.783308517000023
              ],
              [
                124.14946299500002,
                12.783273949000034
              ],
              [
                124.14946299300004,
                12.783226812000066
              ],
              [
                124.14946460300007,
                12.783218955000052
              ],
              [
                124.1494678250001,
                12.783212670000069
              ],
              [
                124.14947265900003,
                12.78320795600007
              ],
              [
                124.14948554800003,
                12.78320324200007
              ],
              [
                124.14949199300008,
                12.783204813000054
              ],
              [
                124.14951455000005,
                12.783217382000032
              ],
              [
                124.14954355300006,
                12.783239378000076
              ],
              [
                124.1495741660001,
                12.783253517000048
              ],
              [
                124.1495886670001,
                12.783251945000075
              ],
              [
                124.14960961100007,
                12.783240945000045
              ],
              [
                124.14963216800004,
                12.783233088000031
              ],
              [
                124.14964666900005,
                12.783236230000057
              ],
              [
                124.14965955900004,
                12.783245657000066
              ],
              [
                124.1496805060001,
                12.783273938000036
              ],
              [
                124.14968856200005,
                12.783288079000044
              ],
              [
                124.14969500900008,
                12.783314790000077
              ],
              [
                124.14969501000007,
                12.783339930000068
              ],
              [
                124.149703068,
                12.78338549600005
              ],
              [
                124.14970306900011,
                12.783393352000076
              ],
              [
                124.14970951500004,
                12.783421634000035
              ],
              [
                124.14971273800006,
                12.783427919000076
              ],
              [
                124.14972401900002,
                12.78346877100006
              ],
              [
                124.14972885300006,
                12.783476627000027
              ],
              [
                124.14973046400007,
                12.783482912000068
              ],
              [
                124.14974496600007,
                12.783500195000045
              ],
              [
                124.14976430100012,
                12.783517478000022
              ],
              [
                124.14977235700007,
                12.783517478000022
              ],
              [
                124.1497868570001,
                12.783511192000049
              ],
              [
                124.14979169100002,
                12.78350647800005
              ],
              [
                124.14981746800004,
                12.783475051000039
              ],
              [
                124.14983357900007,
                12.783449910000058
              ],
              [
                124.14984646700009,
                12.783421627000052
              ],
              [
                124.14984968800002,
                12.783409057000028
              ],
              [
                124.14984968600004,
                12.783369776000029
              ],
              [
                124.14984485200011,
                12.78335563500002
              ],
              [
                124.14984001800008,
                12.783347778000063
              ],
              [
                124.14983035000012,
                12.783339923000028
              ],
              [
                124.14980457000001,
                12.78332735400005
              ],
              [
                124.1497884580001,
                12.78332264100004
              ],
              [
                124.14976912300006,
                12.783308501000022
              ],
              [
                124.1497594550001,
                12.78328807500003
              ],
              [
                124.14976267600002,
                12.783269220000022
              ],
              [
                124.14976750900007,
                12.783261363000065
              ],
              [
                124.14978362000011,
                12.783247221000067
              ],
              [
                124.14979812100012,
                12.783239364000053
              ],
              [
                124.14981101,
                12.783236221000038
              ],
              [
                124.14981906600008,
                12.783236221000038
              ],
              [
                124.14984323400006,
                12.783240933000059
              ],
              [
                124.14986256800012,
                12.78324093200007
              ],
              [
                124.14988512500008,
                12.783237788000065
              ],
              [
                124.1499125140001,
                12.783223645000021
              ],
              [
                124.14994312800002,
                12.783215123000048
              ],
              [
                124.149954406,
                12.783221407000042
              ],
              [
                124.14995924000004,
                12.783227692000025
              ],
              [
                124.14997213000004,
                12.78323554800005
              ],
              [
                124.1499801860001,
                12.78323554700006
              ],
              [
                124.14998663100005,
                12.783232404000046
              ],
              [
                124.14999468600001,
                12.783222976000047
              ],
              [
                124.1500043530001,
                12.783205692000024
              ],
              [
                124.15000596300001,
                12.78319940700004
              ],
              [
                124.15000596200002,
                12.783183694000058
              ],
              [
                124.14999790400009,
                12.783144413000059
              ],
              [
                124.14999951400011,
                12.78313027200005
              ],
              [
                124.15000434700005,
                12.783119273000068
              ],
              [
                124.15001401400002,
                12.783108273000039
              ],
              [
                124.15001723600005,
                12.783106702000055
              ],
              [
                124.15002851400004,
                12.783092560000057
              ],
              [
                124.15003817900003,
                12.78306899000006
              ],
              [
                124.15004140100007,
                12.783046993000028
              ],
              [
                124.15004139900009,
                12.783024995000062
              ],
              [
                124.15003656300007,
                12.782976286000064
              ],
              [
                124.15002367200009,
                12.782952718000047
              ],
              [
                124.14999466800009,
                12.782919723000077
              ],
              [
                124.1499833900001,
                12.782913439000026
              ],
              [
                124.14996727700009,
                12.782908726000073
              ],
              [
                124.14993666500004,
                12.78291187000002
              ],
              [
                124.14991894200011,
                12.78291815600005
              ],
              [
                124.14991249800005,
                12.782924441000034
              ],
              [
                124.14989960900004,
                12.782932298000048
              ],
              [
                124.14987705300007,
                12.782943298000077
              ],
              [
                124.1498673860001,
                12.782944870000051
              ],
              [
                124.14984321800011,
                12.782952727000065
              ],
              [
                124.1498287170001,
                12.782952728000055
              ],
              [
                124.14982227200005,
                12.782948015000045
              ],
              [
                124.14981904900003,
                12.782937016000062
              ],
              [
                124.14981743700002,
                12.782918161000055
              ],
              [
                124.14981904700005,
                12.782900877000031
              ],
              [
                124.14982226900008,
                12.782886736000023
              ],
              [
                124.14982549100012,
                12.78288045100004
              ],
              [
                124.14982549100012,
                12.782877308000025
              ],
              [
                124.1498351570001,
                12.782869451000067
              ],
              [
                124.14984160200004,
                12.782866308000052
              ],
              [
                124.14985932500008,
                12.782863165000037
              ],
              [
                124.14987060300007,
                12.782856879000065
              ],
              [
                124.1498738250001,
                12.782850594000024
              ],
              [
                124.14987382400011,
                12.782838024000057
              ],
              [
                124.14986415600004,
                12.782820741000023
              ],
              [
                124.14985287700006,
                12.782808171000056
              ],
              [
                124.14984643200012,
                12.78280502900003
              ],
              [
                124.14982548600005,
                12.782800317000067
              ],
              [
                124.14980937400003,
                12.782800317000067
              ],
              [
                124.14979004000008,
                12.782805032000056
              ],
              [
                124.14977392900005,
                12.782805033000045
              ],
              [
                124.14976265000007,
                12.782801891000076
              ],
              [
                124.14973042500003,
                12.782779895000033
              ],
              [
                124.14970947800009,
                12.782751614000063
              ],
              [
                124.14970303200005,
                12.782726474000071
              ],
              [
                124.14970303100006,
                12.782709190000048
              ],
              [
                124.14969980800004,
                12.78269033500004
              ],
              [
                124.14968369300004,
                12.782646341000031
              ],
              [
                124.14968369300004,
                12.782636914000022
              ],
              [
                124.14970302200004,
                12.782553636000046
              ],
              [
                124.1497094660001,
                12.782536352000022
              ],
              [
                124.1497207430001,
                12.782514354000057
              ],
              [
                124.14972557600004,
                12.782508069000073
              ],
              [
                124.14975135400005,
                12.78248921200003
              ],
              [
                124.1497561870001,
                12.782473499000048
              ],
              [
                124.14974974200004,
                12.782462501000055
              ],
              [
                124.149732018,
                12.782445218000078
              ],
              [
                124.14970946000005,
                12.782432649000043
              ],
              [
                124.1496885150001,
                12.782417009000028
              ],
              [
                124.14968045800003,
                12.782406010000045
              ],
              [
                124.14965306700003,
                12.782382443000074
              ],
              [
                124.14963373100011,
                12.782357304000072
              ],
              [
                124.14962728600005,
                12.782344734000048
              ],
              [
                124.1496176170001,
                12.782316452000032
              ],
              [
                124.14960955900006,
                12.782274028000074
              ],
              [
                124.14961116400002,
                12.782170325000038
              ],
              [
                124.14961599600008,
                12.782151469000041
              ],
              [
                124.14962727300008,
                12.78212632900005
              ],
              [
                124.14963532800004,
                12.782099617000029
              ],
              [
                124.14965143500001,
                12.782019482000067
              ],
              [
                124.14965465700004,
                12.782013197000026
              ],
              [
                124.14966271100002,
                12.781977058000052
              ],
              [
                124.14967881900009,
                12.781918920000066
              ],
              [
                124.14968848300009,
                12.781863926000028
              ],
              [
                124.149691705,
                12.78185606900007
              ],
              [
                124.1496997590001,
                12.781815216000041
              ],
              [
                124.14970136900001,
                12.781799504000048
              ],
              [
                124.14970620200006,
                12.781783791000066
              ],
              [
                124.14971909000008,
                12.78175550800006
              ],
              [
                124.1497335900001,
                12.781739795000021
              ],
              [
                124.1497448670001,
                12.781733509000048
              ],
              [
                124.14976903500008,
                12.781725651000045
              ],
              [
                124.14978998000004,
                12.78172879300007
              ],
              [
                124.14982220500008,
                12.781741361000059
              ],
              [
                124.14983187200005,
                12.781741360000069
              ],
              [
                124.14985442800003,
                12.781733503000055
              ],
              [
                124.14987537200011,
                12.781720932000042
              ],
              [
                124.14989470600005,
                12.78170050500006
              ],
              [
                124.14990437200004,
                12.781683220000048
              ],
              [
                124.14992048200008,
                12.78165965100004
              ],
              [
                124.14992692500005,
                12.781626654000036
              ],
              [
                124.14992692500005,
                12.781618798000068
              ],
              [
                124.14993900200011,
                12.781563696000035
              ],
              [
                124.149939,
                12.781544841000027
              ],
              [
                124.14993738900012,
                12.781535413000029
              ],
              [
                124.1499341660001,
                12.78152755700006
              ],
              [
                124.14992772100004,
                12.781519701000036
              ],
              [
                124.14991805300008,
                12.781499275000044
              ],
              [
                124.1499180510001,
                12.781474135000053
              ],
              [
                124.14993093800001,
                12.781430139000065
              ],
              [
                124.14993577000007,
                12.781406570000058
              ],
              [
                124.1499389920001,
                12.781398713000044
              ],
              [
                124.14994382400005,
                12.781365717000028
              ],
              [
                124.14994221100005,
                12.781339005000063
              ],
              [
                124.14993093100009,
                12.781295011000054
              ],
              [
                124.14992770700007,
                12.781271442000048
              ],
              [
                124.14992609500007,
                12.781254158000024
              ],
              [
                124.14992609300009,
                12.78122273300005
              ],
              [
                124.14992931400002,
                12.781197593000059
              ],
              [
                124.14993414600008,
                12.781178738000051
              ],
              [
                124.14994864500011,
                12.78114731200003
              ],
              [
                124.14995347800004,
                12.781133170000032
              ],
              [
                124.1499583100001,
                12.781111172000067
              ],
              [
                124.14996153100003,
                12.781090746000075
              ],
              [
                124.14996153000004,
                12.781059321000043
              ],
              [
                124.1499647500001,
                12.781034180000063
              ],
              [
                124.14996797200001,
                12.78102318200007
              ],
              [
                124.14997924900001,
                12.780998041000032
              ],
              [
                124.15000502600003,
                12.780961901000069
              ],
              [
                124.15001791300006,
                12.780919476000065
              ],
              [
                124.15001952300008,
                12.780899050000073
              ],
              [
                124.15001791100008,
                12.78088648000005
              ],
              [
                124.1500179090001,
                12.780855055000075
              ],
              [
                124.15000985300003,
                12.780844056000035
              ],
              [
                124.15000018400008,
                12.780823631000032
              ],
              [
                124.149992128,
                12.780814204000023
              ],
              [
                124.14998568300007,
                12.780811061000065
              ],
              [
                124.14997923800001,
                12.780804777000071
              ],
              [
                124.14994862500009,
                12.780784352000069
              ],
              [
                124.14992123400009,
                12.780776497000033
              ],
              [
                124.1499083440001,
                12.780768642000055
              ],
              [
                124.149871286,
                12.780734076000044
              ],
              [
                124.14981634100002,
                12.780710476000024
              ],
              [
                124.14978250600007,
                12.780697908000036
              ],
              [
                124.14977445000011,
                12.780693194000037
              ],
              [
                124.14975350400005,
                12.780679054000075
              ],
              [
                124.14974383600008,
                12.780668056000025
              ],
              [
                124.14974061300006,
                12.780661771000041
              ],
              [
                124.14973416700002,
                12.780638202000034
              ],
              [
                124.1497341590001,
                12.780490504000056
              ],
              [
                124.14973576900002,
                12.780481076000058
              ],
              [
                124.14973576800003,
                12.780454365000026
              ],
              [
                124.14973898800008,
                12.780424510000046
              ],
              [
                124.14973898700009,
                12.780405655000038
              ],
              [
                124.14974381800005,
                12.780353804000072
              ],
              [
                124.149747036,
                12.780276812000068
              ],
              [
                124.14975669800003,
                12.78018725000004
              ],
              [
                124.14975830600008,
                12.780138541000042
              ],
              [
                124.14976635900007,
                12.780075690000047
              ],
              [
                124.14977280000005,
                12.780014411000025
              ],
              [
                124.14977279900006,
                12.780000270000073
              ],
              [
                124.14978085200005,
                12.779942133000077
              ],
              [
                124.14978246200008,
                12.779920135000054
              ],
              [
                124.14978568300012,
                12.779909136000072
              ],
              [
                124.14978729300003,
                12.779888710000023
              ],
              [
                124.14979051500006,
                12.779879282000024
              ],
              [
                124.1498034010001,
                12.77981800300006
              ],
              [
                124.14981467700011,
                12.779780292000055
              ],
              [
                124.14982434300009,
                12.779758294000032
              ],
              [
                124.14989038800002,
                12.779534696000042
              ],
              [
                124.15007080100008,
                12.77885285700006
              ],
              [
                124.15007563400002,
                12.778838716000053
              ],
              [
                124.15008207700009,
                12.778807290000032
              ],
              [
                124.15008529700003,
                12.778780578000067
              ],
              [
                124.15009657200005,
                12.77872715500007
              ],
              [
                124.15009818300007,
                12.778713014000061
              ],
              [
                124.15010140400011,
                12.778703586000063
              ],
              [
                124.15010462500004,
                12.778676874000041
              ],
              [
                124.15011590000006,
                12.77861716600006
              ],
              [
                124.15011912200009,
                12.778607738000062
              ],
              [
                124.15012234200003,
                12.77858102700003
              ],
              [
                124.15013361800004,
                12.778532317000042
              ],
              [
                124.15014328300003,
                12.778497749000053
              ],
              [
                124.15015455900004,
                12.778466323000032
              ],
              [
                124.15018033400008,
                12.778401900000063
              ],
              [
                124.15018677800003,
                12.778390901000023
              ],
              [
                124.15018999900008,
                12.77837990200004
              ],
              [
                124.15020772000003,
                12.778339048000078
              ],
              [
                124.15022543900011,
                12.778282482000066
              ],
              [
                124.15023993700004,
                12.77822434500007
              ],
              [
                124.15024798900004,
                12.778167779000057
              ],
              [
                124.15024959900006,
                12.77814421000005
              ],
              [
                124.1502479830001,
                12.778065648000052
              ],
              [
                124.15024959000004,
                12.777994941000031
              ],
              [
                124.15024797900003,
                12.777988656000048
              ],
              [
                124.15024797800004,
                12.777976086000024
              ],
              [
                124.15024958600009,
                12.777887476000046
              ],
              [
                124.15024636300006,
                12.777871763000064
              ],
              [
                124.15024636100009,
                12.777852908000057
              ],
              [
                124.15024313700007,
                12.77782462500005
              ],
              [
                124.15024313600009,
                12.777804199000059
              ],
              [
                124.15024152400008,
                12.77779477100006
              ],
              [
                124.15024151900002,
                12.777706781000063
              ],
              [
                124.150238295,
                12.777680069000041
              ],
              [
                124.15023829300003,
                12.777653358000066
              ],
              [
                124.15023507,
                12.77762978900006
              ],
              [
                124.15023345600002,
                12.777588937000075
              ],
              [
                124.15021572700005,
                12.77748523400004
              ],
              [
                124.15021572600006,
                12.777472664000072
              ],
              [
                124.15020927900002,
                12.777423956000064
              ],
              [
                124.15020122100009,
                12.777394102000073
              ],
              [
                124.15018832800001,
                12.777331252000067
              ],
              [
                124.15018188300007,
                12.777315540000075
              ],
              [
                124.15015609900001,
                12.777222837000068
              ],
              [
                124.15011420100006,
                12.77709556800005
              ],
              [
                124.15010453200011,
                12.777046860000041
              ],
              [
                124.15010453100001,
                12.777037432000043
              ],
              [
                124.15009808400009,
                12.776999723000074
              ],
              [
                124.15004807000003,
                12.776898317000075
              ],
              [
                124.15002228900005,
                12.77685589400005
              ],
              [
                124.1500126200001,
                12.776837040000032
              ],
              [
                124.15000456400003,
                12.77682604100005
              ],
              [
                124.14998361700009,
                12.776804045000063
              ],
              [
                124.14996750500006,
                12.776793046000023
              ],
              [
                124.14992722300008,
                12.77675376700006
              ],
              [
                124.14987405200009,
                12.77670977400004
              ],
              [
                124.14976932200011,
                12.776629645000071
              ],
              [
                124.14974193100011,
                12.77660450600007
              ],
              [
                124.14973548600005,
                12.77659507900006
              ],
              [
                124.14972581900008,
                12.776587223000035
              ],
              [
                124.14972098500004,
                12.776580938000052
              ],
              [
                124.14971292900009,
                12.776574654000058
              ],
              [
                124.14968875900001,
                12.776541659000031
              ],
              [
                124.1496710350001,
                12.776510234000057
              ],
              [
                124.14966942300009,
                12.776503949000073
              ],
              [
                124.14965331000008,
                12.776470954000047
              ],
              [
                124.14965331000008,
                12.776467811000032
              ],
              [
                124.14964203000011,
                12.77644267200003
              ],
              [
                124.14963558500006,
                12.776431673000047
              ],
              [
                124.14962430500009,
                12.77640339100003
              ],
              [
                124.14960335800004,
                12.776360968000063
              ],
              [
                124.14956146500003,
                12.776312262000033
              ],
              [
                124.14955018700005,
                12.776302835000024
              ],
              [
                124.1495308530001,
                12.776294979000056
              ],
              [
                124.14952279700003,
                12.776293409000061
              ],
              [
                124.14949959800003,
                12.77629341000005
              ],
              [
                124.14949540700002,
                12.77629341000005
              ],
              [
                124.14948251800001,
                12.776299696000024
              ],
              [
                124.14945622200003,
                12.77631930900003
              ],
              [
                124.14945513000009,
                12.776320123000062
              ],
              [
                124.1494543450001,
                12.776320429000066
              ],
              [
                124.14944707400002,
                12.776323266000077
              ],
              [
                124.14943901900006,
                12.77632483800005
              ],
              [
                124.149419684,
                12.776315411000041
              ],
              [
                124.14940035000006,
                12.776296557000023
              ],
              [
                124.14936973600004,
                12.776255706000029
              ],
              [
                124.14935684500006,
                12.776235281000027
              ],
              [
                124.14933428600011,
                12.776174003000051
              ],
              [
                124.1493326740001,
                12.776161433000027
              ],
              [
                124.149334285,
                12.776155148000043
              ],
              [
                124.14933911800006,
                12.77614729100003
              ],
              [
                124.14936811700011,
                12.776123721000033
              ],
              [
                124.14938745100005,
                12.776114293000035
              ],
              [
                124.14941000600004,
                12.776100150000048
              ],
              [
                124.14945028300008,
                12.776070294000021
              ],
              [
                124.14947928300012,
                12.77605458000005
              ],
              [
                124.14950828200006,
                12.776034152000022
              ],
              [
                124.14953889300011,
                12.776020009000035
              ],
              [
                124.14955178200012,
                12.776016866000077
              ],
              [
                124.14955983800007,
                12.776012152000021
              ],
              [
                124.14957917100003,
                12.776007437000032
              ],
              [
                124.14964039400002,
                12.775966782000069
              ],
              [
                124.149675838,
                12.775947925000025
              ],
              [
                124.149675838,
                12.775946353000052
              ],
              [
                124.14969033800003,
                12.775936925000053
              ],
              [
                124.14970644900006,
                12.775918069000056
              ],
              [
                124.14971289300001,
                12.775913355000057
              ],
              [
                124.14973705800003,
                12.775883500000077
              ],
              [
                124.14974511300011,
                12.775869358000023
              ],
              [
                124.14976927900011,
                12.775834789000044
              ],
              [
                124.149780555,
                12.775812791000021
              ],
              [
                124.14978538900004,
                12.775808077000022
              ],
              [
                124.14979666500005,
                12.775784507000026
              ],
              [
                124.14980310900012,
                12.775776651000058
              ],
              [
                124.14980955300007,
                12.775757795000061
              ],
              [
                124.14982405100011,
                12.77572636900004
              ],
              [
                124.14983210600008,
                12.775698086000034
              ],
              [
                124.14983693700003,
                12.77567137400007
              ],
              [
                124.14983532400004,
                12.775630522000029
              ],
              [
                124.14983371200003,
                12.775622665000071
              ],
              [
                124.14981759800003,
                12.775569243000064
              ],
              [
                124.14978537000002,
                12.775492253000039
              ],
              [
                124.14978214700011,
                12.775476541000046
              ],
              [
                124.14977409000005,
                12.775451401000055
              ],
              [
                124.14977247700006,
                12.775434117000032
              ],
              [
                124.14976925400003,
                12.775419976000023
              ],
              [
                124.14976925400003,
                12.775410549000071
              ],
              [
                124.14975152600005,
                12.775320988000033
              ],
              [
                124.14971929700005,
                12.775212573000033
              ],
              [
                124.14970801600009,
                12.775159151000025
              ],
              [
                124.1497096270001,
                12.775148152000043
              ],
              [
                124.14968706600007,
                12.775069590000044
              ],
              [
                124.14968223000005,
                12.775014597000052
              ],
              [
                124.1496854500001,
                12.774958814000058
              ],
              [
                124.1496967270001,
                12.774927388000037
              ],
              [
                124.14969833700002,
                12.77490853300003
              ],
              [
                124.14969672400002,
                12.774891249000063
              ],
              [
                124.14969350100012,
                12.77488025100007
              ],
              [
                124.14968383400003,
                12.774862967000047
              ],
              [
                124.1496644990001,
                12.77485039800007
              ],
              [
                124.1496516090001,
                12.774828401000036
              ],
              [
                124.14964838500009,
                12.774812689000044
              ],
              [
                124.14964677300009,
                12.774792262000062
              ],
              [
                124.14964516200007,
                12.774789120000037
              ],
              [
                124.14964516100008,
                12.77477026500003
              ],
              [
                124.14964193700007,
                12.774751410000022
              ],
              [
                124.14964193700007,
                12.774741982000023
              ],
              [
                124.14963710200004,
                12.774718413000073
              ],
              [
                124.14962743400008,
                12.77469641600004
              ],
              [
                124.14962260000004,
                12.774690131000057
              ],
              [
                124.14961132200006,
                12.774680705000037
              ],
              [
                124.1496032660001,
                12.774675991000038
              ],
              [
                124.14958876500009,
                12.774671278000028
              ],
              [
                124.14958232000004,
                12.774666565000075
              ],
              [
                124.14956781800004,
                12.774641425000027
              ],
              [
                124.14956298400011,
                12.774619428000051
              ],
              [
                124.14956298200002,
                12.77459428800006
              ],
              [
                124.1495678120001,
                12.774534580000022
              ],
              [
                124.14956781100011,
                12.774503155000048
              ],
              [
                124.14956458800009,
                12.77448901300005
              ],
              [
                124.14956136500007,
                12.774482729000056
              ],
              [
                124.1495371960001,
                12.77445130500007
              ],
              [
                124.14952591700012,
                12.774429308000038
              ],
              [
                124.14951624900004,
                12.77441673800007
              ],
              [
                124.14950497100006,
                12.774407311000061
              ],
              [
                124.14947919200006,
                12.774397885000042
              ],
              [
                124.14946791400007,
                12.774390029000074
              ],
              [
                124.14945502400008,
                12.774375889000055
              ],
              [
                124.14945019000004,
                12.774360176000073
              ],
              [
                124.149443743,
                12.774319324000032
              ],
              [
                124.14943890900008,
                12.774308326000039
              ],
              [
                124.14943085100003,
                12.77427375800005
              ],
              [
                124.1494244060001,
                12.774261189000072
              ],
              [
                124.14941312700012,
                12.774248619000048
              ],
              [
                124.1493857370001,
                12.774232908000045
              ],
              [
                124.14937929300004,
                12.77423133700006
              ],
              [
                124.1493599590001,
                12.774220339000067
              ],
              [
                124.14932934600006,
                12.774190487000055
              ],
              [
                124.14932612300004,
                12.774184202000072
              ],
              [
                124.14932290000002,
                12.77418263100003
              ],
              [
                124.14931806700008,
                12.774174775000063
              ],
              [
                124.1493051760001,
                12.774143351000077
              ],
              [
                124.14929712000003,
                12.77412921000007
              ],
              [
                124.14928261700004,
                12.774091501000044
              ],
              [
                124.14927456100008,
                12.774077360000035
              ],
              [
                124.1492632820001,
                12.77405064900006
              ],
              [
                124.14922411900011,
                12.773975617000076
              ],
              [
                124.14921283800004,
                12.773931622000077
              ],
              [
                124.14919672400003,
                12.773884484000064
              ],
              [
                124.14915482800006,
                12.773782354000048
              ],
              [
                124.14914677100012,
                12.773757214000057
              ],
              [
                124.14913549200003,
                12.773732075000055
              ],
              [
                124.14911615500012,
                12.773678653000047
              ],
              [
                124.14910487600002,
                12.773658227000055
              ],
              [
                124.14909681900008,
                12.773636230000022
              ],
              [
                124.14908070600006,
                12.773606377000021
              ],
              [
                124.14906298200003,
                12.773579666000046
              ],
              [
                124.14904848000003,
                12.77355295500007
              ],
              [
                124.149032368,
                12.773532530000068
              ],
              [
                124.1490162550001,
                12.773505819000036
              ],
              [
                124.14899853100007,
                12.773480680000034
              ],
              [
                124.14899369700004,
                12.773475966000035
              ],
              [
                124.14899047500012,
                12.77346968200004
              ],
              [
                124.14898564100008,
                12.773464968000042
              ],
              [
                124.14895341600004,
                12.773416261000023
              ],
              [
                124.14893891500003,
                12.77340054900003
              ],
              [
                124.14890991200002,
                12.773362840000061
              ],
              [
                124.14888896700006,
                12.773345557000027
              ],
              [
                124.14886802100011,
                12.77333298800005
              ],
              [
                124.14885352100009,
                12.773321990000056
              ],
              [
                124.14884546500002,
                12.773317277000046
              ],
              [
                124.148818075,
                12.773306279000053
              ],
              [
                124.14881324100008,
                12.773301566000043
              ],
              [
                124.14880357400011,
                12.773296853000033
              ],
              [
                124.14879551900003,
                12.77329056800005
              ],
              [
                124.14878101800002,
                12.773274856000057
              ],
              [
                124.1487761840001,
                12.773267
              ],
              [
                124.14877135000006,
                12.773254430000065
              ],
              [
                124.14877134900007,
                12.773234004000074
              ],
              [
                124.14876725900001,
                12.773188099000038
              ],
              [
                124.14876081300008,
                12.773167673000046
              ],
              [
                124.1487495340001,
                12.77314096200007
              ],
              [
                124.14873341900011,
                12.773087540000063
              ],
              [
                124.1487318080001,
                12.773078112000064
              ],
              [
                124.14872375100003,
                12.773059258000046
              ],
              [
                124.14871408200008,
                12.773024690000057
              ],
              [
                124.14870602600001,
                12.773008978000064
              ],
              [
                124.14870602500002,
                12.773005835000049
              ],
              [
                124.14869152400001,
                12.772975982000048
              ],
              [
                124.148689912,
                12.772969697000065
              ],
              [
                124.14868669000009,
                12.772966555000039
              ],
              [
                124.14867702200002,
                12.772946129000047
              ],
              [
                124.14867218800009,
                12.772939844000064
              ],
              [
                124.14866413100003,
                12.772919418000072
              ],
              [
                124.14863996200006,
                12.772875424000063
              ],
              [
                124.1486302940001,
                12.77284871300003
              ],
              [
                124.14859806800007,
                12.772789006000039
              ],
              [
                124.1485610090001,
                12.772737157000051
              ],
              [
                124.14853845200003,
                12.772715160000075
              ],
              [
                124.14852556200003,
                12.77270730400005
              ],
              [
                124.1485078400001,
                12.772699449000072
              ],
              [
                124.14843694800004,
                12.772655457000042
              ],
              [
                124.14834511100003,
                12.772606753000048
              ],
              [
                124.14831933200003,
                12.77258947000007
              ],
              [
                124.14829999800008,
                12.772580043000062
              ],
              [
                124.148266164,
                12.772570617000042
              ],
              [
                124.1482516640001,
                12.772569047000047
              ],
              [
                124.14822266400006,
                12.772569048000037
              ],
              [
                124.14820655200003,
                12.772565906000068
              ],
              [
                124.1481630510001,
                12.772550196000054
              ],
              [
                124.14815016200009,
                12.77254391100007
              ],
              [
                124.1481131050001,
                12.772515631000033
              ],
              [
                124.14809377100005,
                12.772495205000041
              ],
              [
                124.14807121400008,
                12.772479494000038
              ],
              [
                124.1480486580001,
                12.772473210000044
              ],
              [
                124.14802449100011,
                12.772470068000075
              ],
              [
                124.14797937900005,
                12.772457501000076
              ],
              [
                124.14793587800011,
                12.772438647000058
              ],
              [
                124.14791815500007,
                12.772429221000039
              ],
              [
                124.14788915500003,
                12.772418223000045
              ],
              [
                124.14778926400004,
                12.772391517000074
              ],
              [
                124.1477699300001,
                12.772385233000023
              ],
              [
                124.1477457630001,
                12.77237423500003
              ],
              [
                124.14772159600011,
                12.77236638000005
              ],
              [
                124.14770870600012,
                12.772358524000026
              ],
              [
                124.14769581700011,
                12.772345955000048
              ],
              [
                124.14769098300007,
                12.772338098000034
              ],
              [
                124.1476668150001,
                12.772314531000063
              ],
              [
                124.14761525800009,
                12.772286251000025
              ],
              [
                124.14760236900008,
                12.772281537000026
              ],
              [
                124.14758786900006,
                12.772278395000058
              ],
              [
                124.14757498000006,
                12.772279967000031
              ],
              [
                124.14754759200002,
                12.77229568100006
              ],
              [
                124.14750731400011,
                12.772308253000062
              ],
              [
                124.14748636900003,
                12.772305111000037
              ],
              [
                124.14747831400007,
                12.772300398000027
              ],
              [
                124.1474686460001,
                12.772289400000034
              ],
              [
                124.14745414600009,
                12.77228311500005
              ],
              [
                124.14744770200002,
                12.772284687000024
              ],
              [
                124.14743320200012,
                12.772284687000024
              ],
              [
                124.14740903500001,
                12.77227997500006
              ],
              [
                124.14737017300001,
                12.772289374000025
              ],
              [
                124.14732667200008,
                12.77228937600006
              ],
              [
                124.14729283800011,
                12.77228466300005
              ],
              [
                124.14723322500004,
                12.772267382000052
              ],
              [
                124.14719777900007,
                12.772259527000074
              ],
              [
                124.14713011100002,
                12.772256387000027
              ],
              [
                124.14705599700005,
                12.772215537000022
              ],
              [
                124.14703505200009,
                12.772207682000044
              ],
              [
                124.14701894100006,
                12.772204540000075
              ],
              [
                124.14700766300007,
                12.772204541000065
              ],
              [
                124.14699960700011,
                12.772207683000033
              ],
              [
                124.14698994100002,
                12.772215540000047
              ],
              [
                124.14697705300011,
                12.772240681000028
              ],
              [
                124.1469754420001,
                12.772251680000068
              ],
              [
                124.14697222100006,
                12.772259536000035
              ],
              [
                124.14696255400008,
                12.772273678000033
              ],
              [
                124.14694322100002,
                12.772284677000073
              ],
              [
                124.14693516600005,
                12.772284678000062
              ],
              [
                124.14691905400002,
                12.772278393000022
              ],
              [
                124.14690455300001,
                12.772267395000029
              ],
              [
                124.14689327500002,
                12.772248540000021
              ],
              [
                124.1468884410001,
                12.772243827000068
              ],
              [
                124.14687394100008,
                12.772237542000028
              ],
              [
                124.14686105200008,
                12.772237543000074
              ],
              [
                124.14685782900006,
                12.772235972000033
              ],
              [
                124.1468384960001,
                12.772234401000048
              ],
              [
                124.14681271800009,
                12.772234402000038
              ],
              [
                124.146741829,
                12.772242262000077
              ],
              [
                124.1466773840001,
                12.77224383500004
              ],
              [
                124.14658716000008,
                12.77223598300003
              ],
              [
                124.14654366000002,
                12.772229699000036
              ],
              [
                124.14651304800009,
                12.772221844000057
              ],
              [
                124.14650338100012,
                12.772221845000047
              ],
              [
                124.14644538000005,
                12.772202992000075
              ],
              [
                124.14643571300007,
                12.772193565000066
              ],
              [
                124.14642926800002,
                12.772180995000042
              ],
              [
                124.14642604500011,
                12.772166854000034
              ],
              [
                124.14641637800003,
                12.772154284000067
              ],
              [
                124.14640510000004,
                12.772144857000058
              ],
              [
                124.14639704400008,
                12.772141715000032
              ],
              [
                124.14635193300012,
                12.772135432000027
              ],
              [
                124.14627298800008,
                12.772135435000052
              ],
              [
                124.14624237600003,
                12.772133865000058
              ],
              [
                124.14621659800002,
                12.772129152000048
              ],
              [
                124.14620532000004,
                12.772124439000038
              ],
              [
                124.14617954200003,
                12.772107156000061
              ],
              [
                124.14614087400003,
                12.772091445000058
              ],
              [
                124.14603724200003,
                12.772066359000064
              ],
              [
                124.14595023900006,
                12.772038079000026
              ],
              [
                124.1458906260001,
                12.772014512000055
              ],
              [
                124.1458406800001,
                12.77198780200007
              ],
              [
                124.14581167900008,
                12.771976805000065
              ],
              [
                124.14579717900006,
                12.77196894900004
              ],
              [
                124.14578106700003,
                12.77196423600003
              ],
              [
                124.14576495500012,
                12.771956380000063
              ],
              [
                124.14575690000004,
                12.771954809000022
              ],
              [
                124.14573112100004,
                12.771943811000028
              ],
              [
                124.14568278700006,
                12.77193124200005
              ],
              [
                124.14566667500003,
                12.771929672000056
              ],
              [
                124.14565700800006,
                12.77192653000003
              ],
              [
                124.14564895300009,
                12.77192653000003
              ],
              [
                124.14563606400009,
                12.771923388000062
              ],
              [
                124.14559256300004,
                12.771918676000041
              ],
              [
                124.14555711800006,
                12.771909249000032
              ],
              [
                124.14552972800004,
                12.771898251000039
              ],
              [
                124.14552489500011,
                12.771893538000029
              ],
              [
                124.14550556100005,
                12.771880968000062
              ],
              [
                124.1454975050001,
                12.771869970000068
              ],
              [
                124.14548622600012,
                12.77186054300006
              ],
              [
                124.14545561400007,
                12.771827547000044
              ],
              [
                124.14542983500007,
                12.771803979000026
              ],
              [
                124.14541050100001,
                12.771794552000074
              ],
              [
                124.14537183400012,
                12.771786698000028
              ],
              [
                124.14535250000006,
                12.77177884200006
              ],
              [
                124.14533961100005,
                12.771769415000051
              ],
              [
                124.14532994400008,
                12.771759988000042
              ],
              [
                124.14530738700012,
                12.771728563000067
              ],
              [
                124.145294497,
                12.771715994000033
              ],
              [
                124.14528160800012,
                12.771708138000065
              ],
              [
                124.1452671080001,
                12.771703425000055
              ],
              [
                124.14525905200003,
                12.771703425000055
              ],
              [
                124.14524616400001,
                12.771708139000054
              ],
              [
                124.14523166400011,
                12.771715996000069
              ],
              [
                124.14522522000004,
                12.771717567000053
              ],
              [
                124.1452187750001,
                12.771715996000069
              ],
              [
                124.14520749700011,
                12.771708141000033
              ],
              [
                124.14519621800002,
                12.771689286000026
              ],
              [
                124.14518655100005,
                12.771678287000043
              ],
              [
                124.14517044000002,
                12.771665718000065
              ],
              [
                124.14514949500006,
                12.771656291000056
              ],
              [
                124.14513177200001,
                12.77165786300003
              ],
              [
                124.1451172730001,
                12.771665720000044
              ],
              [
                124.14511244000005,
                12.771668863000059
              ],
              [
                124.1450931070001,
                12.771690861000025
              ],
              [
                124.14508666300003,
                12.77169400400004
              ],
              [
                124.14508021800009,
                12.771695575000024
              ],
              [
                124.14506571800007,
                12.77169557600007
              ],
              [
                124.1450318850001,
                12.771692434000045
              ],
              [
                124.14501255100004,
                12.771684579000066
              ],
              [
                124.14498355,
                12.771667296000032
              ],
              [
                124.14497388300003,
                12.771659440000064
              ],
              [
                124.14494971600004,
                12.771634301000063
              ],
              [
                124.14492715900008,
                12.771606019000046
              ],
              [
                124.14490138100007,
                12.771587165000028
              ],
              [
                124.1448659350001,
                12.771568311000067
              ],
              [
                124.14485143500008,
                12.771563598000057
              ],
              [
                124.1448417690001,
                12.771563598000057
              ],
              [
                124.14483693500006,
                12.771565169000041
              ],
              [
                124.14481921300012,
                12.771577740000055
              ],
              [
                124.14481276900005,
                12.771579312000028
              ],
              [
                124.14480632400011,
                12.77157616900007
              ],
              [
                124.14480149100007,
                12.77156988400003
              ],
              [
                124.14480149100007,
                12.771565171000077
              ],
              [
                124.14479530400001,
                12.771548086000053
              ],
              [
                124.14479047100008,
                12.771543373000043
              ],
              [
                124.14476952500002,
                12.771530803000076
              ],
              [
                124.14476308100006,
                12.771529232000034
              ],
              [
                124.14474052500009,
                12.771529233000024
              ],
              [
                124.14472441400005,
                12.771540232000063
              ],
              [
                124.14471152500005,
                12.771546518000036
              ],
              [
                124.14469702500003,
                12.771546518000036
              ],
              [
                124.1446793020001,
                12.771543376000068
              ],
              [
                124.14465674600001,
                12.771532378000074
              ],
              [
                124.14463257900002,
                12.771522951000065
              ],
              [
                124.14458585500006,
                12.771505669000021
              ],
              [
                124.14455846600003,
                12.771497813000053
              ],
              [
                124.14452624300009,
                12.771491529000059
              ],
              [
                124.14450368700011,
                12.771491530000048
              ],
              [
                124.1444779090001,
                12.771488388000023
              ],
              [
                124.14446179700008,
                12.77148838900007
              ],
              [
                124.14443279700004,
                12.77148367600006
              ],
              [
                124.14441668600011,
                12.77147896300005
              ],
              [
                124.14439574100004,
                12.77146953600004
              ],
              [
                124.14438446300005,
                12.771466394000072
              ],
              [
                124.1443377390001,
                12.771447540000054
              ],
              [
                124.14429101600001,
                12.771423972000036
              ],
              [
                124.14428134900004,
                12.771420830000068
              ],
              [
                124.14425395900003,
                12.771406690000049
              ],
              [
                124.14421529200001,
                12.771389407000072
              ],
              [
                124.14413312300007,
                12.771343843000068
              ],
              [
                124.14407834400004,
                12.771317134000071
              ],
              [
                124.14401067600011,
                12.771280997000076
              ],
              [
                124.14398650900011,
                12.771269999000026
              ],
              [
                124.14396717500006,
                12.771257429000059
              ],
              [
                124.14385603500011,
                12.771204036000029
              ],
              [
                124.14382381200005,
                12.771193038000035
              ],
              [
                124.14377547800007,
                12.771180469000058
              ],
              [
                124.1437416440001,
                12.771169471000064
              ],
              [
                124.14371103200006,
                12.771155330000056
              ],
              [
                124.14369492000003,
                12.771145903000047
              ],
              [
                124.14368364200004,
                12.771142761000021
              ],
              [
                124.14366753000002,
                12.771134905000054
              ],
              [
                124.14363691800008,
                12.771116050000046
              ],
              [
                124.14356763800004,
                12.771061058000043
              ],
              [
                124.14354830400009,
                12.771051631000034
              ],
              [
                124.14345646900006,
                12.77101706600007
              ],
              [
                124.14343069100005,
                12.771004496000046
              ],
              [
                124.14335980100009,
                12.770976215000076
              ],
              [
                124.14328407700009,
                12.77093536500007
              ],
              [
                124.14324379900006,
                12.770910226000069
              ],
              [
                124.14318902000002,
                12.770872517000043
              ],
              [
                124.1431712970001,
                12.77085680500005
              ],
              [
                124.14314390700008,
                12.770836379000059
              ],
              [
                124.14310524000007,
                12.770800242000064
              ],
              [
                124.1430826830001,
                12.77078295800004
              ],
              [
                124.14306012700001,
                12.770767246000048
              ],
              [
                124.14303596000002,
                12.77075467700007
              ],
              [
                124.142997293,
                12.770738966000067
              ],
              [
                124.14284532200008,
                12.770626825000022
              ],
              [
                124.14279054200006,
                12.770582830000023
              ],
              [
                124.14276637400008,
                12.770559262000063
              ],
              [
                124.14276315200004,
                12.770557691000022
              ],
              [
                124.14270031600006,
                12.770494842000062
              ],
              [
                124.1426793710001,
                12.770480701000054
              ],
              [
                124.14260848000004,
                12.770450848000053
              ],
              [
                124.14255853500003,
                12.770431994000035
              ],
              [
                124.14253275700003,
                12.770424139000056
              ],
              [
                124.14246186700007,
                12.770406856000022
              ],
              [
                124.14241997800002,
                12.770399001000044
              ],
              [
                124.14238453300004,
                12.770394288000034
              ],
              [
                124.14234425500001,
                12.770391146000065
              ],
              [
                124.14227658800007,
                12.770372293000037
              ],
              [
                124.14224436500001,
                12.770359724000059
              ],
              [
                124.14221053200004,
                12.770344012000066
              ],
              [
                124.14217830900009,
                12.770325157000059
              ],
              [
                124.142144475,
                12.770301589000042
              ],
              [
                124.14213480800004,
                12.770296876000032
              ],
              [
                124.14211225200006,
                12.770274879000056
              ],
              [
                124.14209291800012,
                12.770260738000047
              ],
              [
                124.14206069500005,
                12.77023245600003
              ],
              [
                124.14170692800008,
                12.769814041000075
              ],
              [
                124.14168437100011,
                12.769782616000043
              ],
              [
                124.14164892500003,
                12.769740193000075
              ],
              [
                124.14161348000005,
                12.769710339000028
              ],
              [
                124.14157964500009,
                12.769671058000029
              ],
              [
                124.14152808800009,
                12.769616065000037
              ],
              [
                124.14150553200011,
                12.769597210000029
              ],
              [
                124.14149908700006,
                12.769589354000061
              ],
              [
                124.14146686400011,
                12.769562643000029
              ],
              [
                124.14145236400009,
                12.769546931000036
              ],
              [
                124.1414281960001,
                12.76952493400006
              ],
              [
                124.14140564000002,
                12.769506079000053
              ],
              [
                124.14138147300002,
                12.769488796000076
              ],
              [
                124.14135247200011,
                12.769463656000028
              ],
              [
                124.14131058300006,
                12.76942123300006
              ],
              [
                124.14128319300005,
                12.769396093000069
              ],
              [
                124.14126224800009,
                12.769372525000051
              ],
              [
                124.14123969200011,
                12.769344243000035
              ],
              [
                124.14123485800008,
                12.769334815000036
              ],
              [
                124.141215525,
                12.769306533000076
              ],
              [
                124.14119780200008,
                12.76927353700006
              ],
              [
                124.14116880000006,
                12.769207545000029
              ],
              [
                124.14115752200007,
                12.769187119000037
              ],
              [
                124.14113657700011,
                12.769160408000062
              ],
              [
                124.14112046600007,
                12.76913369700003
              ],
              [
                124.14110596500007,
                12.769117985000037
              ],
              [
                124.14107857600004,
                12.76909913000003
              ],
              [
                124.14105763200007,
                12.769088132000036
              ],
              [
                124.14101735400004,
                12.769073991000027
              ],
              [
                124.14100285400002,
                12.76906613500006
              ],
              [
                124.1409480750001,
                12.769023713000024
              ],
              [
                124.14093196400006,
                12.769006429000058
              ],
              [
                124.14092229700009,
                12.768995430000075
              ],
              [
                124.14091585300002,
                12.76898286100004
              ],
              [
                124.14090779700007,
                12.768971862000058
              ],
              [
                124.14089007400003,
                12.768951436000066
              ],
              [
                124.14088685200011,
                12.768945151000025
              ],
              [
                124.14081181300003,
                12.768845
              ],
              [
                124.1407911020001,
                12.768821694000053
              ],
              [
                124.14075127300009,
                12.768765761000054
              ],
              [
                124.14071463000005,
                12.768722257000036
              ],
              [
                124.1406875460001,
                12.768686522000053
              ],
              [
                124.14064293700005,
                12.768638357000043
              ],
              [
                124.14063656400003,
                12.76862903500006
              ],
              [
                124.14062222600012,
                12.768613498000036
              ],
              [
                124.1405839900001,
                12.768577763000053
              ],
              [
                124.14054575400007,
                12.768532705000041
              ],
              [
                124.14053778900006,
                12.768526491000046
              ],
              [
                124.14051389100007,
                12.76850163100005
              ],
              [
                124.14049955300004,
                12.76847987900004
              ],
              [
                124.14048362100004,
                12.768444144000057
              ],
              [
                124.14043406600001,
                12.768397833000051
              ],
              [
                124.14043088000005,
                12.768391618000067
              ],
              [
                124.14038945700008,
                12.768340346000059
              ],
              [
                124.14038149100008,
                12.768332577000024
              ],
              [
                124.14033369600008,
                12.768262660000062
              ],
              [
                124.14031776400009,
                12.76823158600007
              ],
              [
                124.14029545900007,
                12.76819585000004
              ],
              [
                124.14024288400003,
                12.768132148000063
              ],
              [
                124.14023332600004,
                12.768116611000039
              ],
              [
                124.14020305500003,
                12.768085537000047
              ],
              [
                124.14018393700007,
                12.76807
              ],
              [
                124.14017119200003,
                12.768056017000049
              ],
              [
                124.1401425150001,
                12.768029604000048
              ],
              [
                124.14012658400009,
                12.768017174000022
              ],
              [
                124.14010109300011,
                12.767990761000021
              ],
              [
                124.14008834800006,
                12.767979885000045
              ],
              [
                124.14003418100003,
                12.767919291000055
              ],
              [
                124.13998479300005,
                12.767869572000052
              ],
              [
                124.13997204800012,
                12.767852482000023
              ],
              [
                124.13981020500012,
                12.767715386000077
              ],
              [
                124.13977674900002,
                12.76769052700007
              ],
              [
                124.13977037600011,
                12.767682758000035
              ],
              [
                124.13970505600003,
                12.767625270000053
              ],
              [
                124.13967160000004,
                12.76760196500004
              ],
              [
                124.13966522700002,
                12.767594196000061
              ],
              [
                124.13965726100002,
                12.76758953500007
              ],
              [
                124.13961265300009,
                12.76755379900004
              ],
              [
                124.13960468700009,
                12.76754913800005
              ],
              [
                124.13957282400008,
                12.767522725000049
              ],
              [
                124.1394756420001,
                12.767465238000057
              ],
              [
                124.139442185,
                12.76744037900005
              ],
              [
                124.13943103400004,
                12.767429503000074
              ],
              [
                124.13941669500002,
                12.76741862700004
              ],
              [
                124.13937845900011,
                12.767378230000077
              ],
              [
                124.13933863000011,
                12.767325404000076
              ],
              [
                124.13930517400001,
                12.767277239000066
              ],
              [
                124.13928924200002,
                12.767261702000042
              ],
              [
                124.13926056600008,
                12.767227520000063
              ],
              [
                124.1392589720001,
                12.767227520000063
              ],
              [
                124.13924622700006,
                12.767210429000045
              ],
              [
                124.1392191440001,
                12.767185570000038
              ],
              [
                124.13918568800011,
                12.767148281000061
              ],
              [
                124.1391713490001,
                12.767138959000022
              ],
              [
                124.13915063900004,
                12.76712963600005
              ],
              [
                124.13910762400008,
                12.767115654000065
              ],
              [
                124.13909328600005,
                12.767109439000023
              ],
              [
                124.13906779600006,
                12.767097009000054
              ],
              [
                124.13906142400003,
                12.767092348000062
              ],
              [
                124.1390327470001,
                12.767079919000025
              ],
              [
                124.1390168160001,
                12.767070597000043
              ],
              [
                124.13899769800003,
                12.767056613000022
              ],
              [
                124.1389594630001,
                12.767023986000027
              ],
              [
                124.13894034600003,
                12.767011556000057
              ],
              [
                124.1389276000001,
                12.767000680000024
              ],
              [
                124.13892282100005,
                12.766994465000039
              ],
              [
                124.13891007600012,
                12.76698669700005
              ],
              [
                124.13888777200009,
                12.766966499000034
              ],
              [
                124.13887980600009,
                12.766955623000058
              ],
              [
                124.13873357900002,
                12.766853226000023
              ],
              [
                124.13869693600009,
                12.766820598000038
              ],
              [
                124.13862683700006,
                12.766770879000035
              ],
              [
                124.13859497400006,
                12.766744465000045
              ],
              [
                124.1385838220001,
                12.76673825100005
              ],
              [
                124.13856151800007,
                12.766721160000031
              ],
              [
                124.13853762100007,
                12.766700961000026
              ],
              [
                124.13852965500007,
                12.766691639000044
              ],
              [
                124.13850894400002,
                12.766676102000076
              ],
              [
                124.13849141900005,
                12.766660564000063
              ],
              [
                124.13848504700002,
                12.766657457000065
              ],
              [
                124.13847230200008,
                12.766645027000038
              ],
              [
                124.138437253,
                12.766620168000031
              ],
              [
                124.138429287,
                12.766617061000034
              ],
              [
                124.13840061000008,
                12.766599970000073
              ],
              [
                124.13838308600009,
                12.766587540000046
              ],
              [
                124.13834485100006,
                12.766565788000037
              ],
              [
                124.13831458100003,
                12.766551805000063
              ],
              [
                124.13829227700012,
                12.766539375000036
              ],
              [
                124.13817757200002,
                12.76646790500007
              ],
              [
                124.13814570900001,
                12.766439938000076
              ],
              [
                124.13811544000009,
                12.766422847000058
              ],
              [
                124.13809313600007,
                12.766407310000034
              ],
              [
                124.13808198400011,
                12.766397988000051
              ],
              [
                124.13807083200004,
                12.766384004000031
              ],
              [
                124.13803896900004,
                12.76635293000004
              ],
              [
                124.13790791000008,
                12.766177607000031
              ],
              [
                124.13788401200009,
                12.766132549000076
              ],
              [
                124.13786967400006,
                12.766098366000051
              ],
              [
                124.13785214900008,
                12.766068846000053
              ],
              [
                124.13783940400003,
                12.766042432000063
              ],
              [
                124.13782347200004,
                12.766003589000036
              ],
              [
                124.13781869200011,
                12.765995820000057
              ],
              [
                124.13781709900002,
                12.765988051000022
              ],
              [
                124.13781391300006,
                12.765981836000037
              ],
              [
                124.13779638800008,
                12.765911919000075
              ],
              [
                124.13779320100002,
                12.765905704000033
              ],
              [
                124.13778842200009,
                12.765883951000035
              ],
              [
                124.13778523500002,
                12.765876183000046
              ],
              [
                124.13778364200004,
                12.765863753000076
              ],
              [
                124.13778045600009,
                12.765849769000056
              ],
              [
                124.13777726900003,
                12.765843554000071
              ],
              [
                124.13777408300007,
                12.765826463000053
              ],
              [
                124.13777089700011,
                12.765820248000068
              ],
              [
                124.13776293100011,
                12.765790727000024
              ],
              [
                124.13775655800009,
                12.76577674400005
              ],
              [
                124.13775177900004,
                12.765761207000025
              ],
              [
                124.13773903300012,
                12.765733239000042
              ],
              [
                124.13770079800008,
                12.765667983000071
              ],
              [
                124.13768805300003,
                12.76564157000007
              ],
              [
                124.13767530700011,
                12.765621371000066
              ],
              [
                124.13766256200006,
                12.765585636000026
              ],
              [
                124.13765619000003,
                12.765562330000023
              ],
              [
                124.1376354790001,
                12.765514164000024
              ],
              [
                124.137617954,
                12.765495520000059
              ],
              [
                124.13761158200009,
                12.765492412000071
              ],
              [
                124.1375860920001,
                12.76547376800005
              ],
              [
                124.13756697400004,
                12.765462892000073
              ],
              [
                124.137560602,
                12.765456677000032
              ],
              [
                124.13753670500012,
                12.765442693000068
              ],
              [
                124.13751758800004,
                12.76542560300004
              ],
              [
                124.13750962200004,
                12.76541317300007
              ],
              [
                124.1374968770001,
                12.76537743700004
              ],
              [
                124.13748731800001,
                12.765358793000075
              ],
              [
                124.13745386200003,
                12.765316842000061
              ],
              [
                124.13744271000007,
                12.765295090000052
              ],
              [
                124.13743793100002,
                12.765274891000047
              ],
              [
                124.13743793100002,
                12.765268677000051
              ],
              [
                124.13743474400007,
                12.765254693000031
              ],
              [
                124.13743155800012,
                12.765248478000046
              ],
              [
                124.13742837200004,
                12.765226726000037
              ],
              [
                124.13742359200012,
                12.765209635000076
              ],
              [
                124.13741403300003,
                12.765155254000035
              ],
              [
                124.13740925400009,
                12.765119519000052
              ],
              [
                124.13740925400009,
                12.765097766000054
              ],
              [
                124.13740766,
                12.765086890000077
              ],
              [
                124.13740766,
                12.765023187000054
              ],
              [
                124.1374092530001,
                12.765016972000069
              ],
              [
                124.13740925200011,
                12.764883484000052
              ],
              [
                124.13741243800007,
                12.764846194000029
              ],
              [
                124.13741562300004,
                12.764765400000044
              ],
              [
                124.13742199500007,
                12.764720341000043
              ],
              [
                124.13742358800005,
                12.764686159000064
              ],
              [
                124.13742518100003,
                12.764679944000022
              ],
              [
                124.13742518100003,
                12.764628671000025
              ],
              [
                124.13742677400012,
                12.764620902000047
              ],
              [
                124.13742677300002,
                12.764589828000055
              ],
              [
                124.13742995900009,
                12.764558753000074
              ],
              [
                124.13744907600005,
                12.764512141000068
              ],
              [
                124.1374538550001,
                12.764505926000027
              ],
              [
                124.137477751,
                12.764460868000072
              ],
              [
                124.1374873100001,
                12.764440669000066
              ],
              [
                124.1374873100001,
                12.764437562000069
              ],
              [
                124.13749368200001,
                12.76442823900004
              ],
              [
                124.13750164700002,
                12.764411148000022
              ],
              [
                124.13751120600011,
                12.76438007400003
              ],
              [
                124.13752554300004,
                12.764342784000064
              ],
              [
                124.13753350900004,
                12.76431481700007
              ],
              [
                124.13755332800008,
                12.76426685000007
              ],
              [
                124.137567665,
                12.764206255000033
              ],
              [
                124.13757244400006,
                12.76417828700005
              ],
              [
                124.13757403700004,
                12.76415653500004
              ],
              [
                124.13757881600009,
                12.764131675000044
              ],
              [
                124.13757881600009,
                12.764123906000066
              ],
              [
                124.13758359500002,
                12.76410370800005
              ],
              [
                124.13758359500002,
                12.764095939000072
              ],
              [
                124.13759156000003,
                12.764044666000075
              ],
              [
                124.13759793200006,
                12.764016699000024
              ],
              [
                124.13760430400009,
                12.763991839000028
              ],
              [
                124.13764413100012,
                12.763878416000068
              ],
              [
                124.13767121300009,
                12.763789853000048
              ],
              [
                124.13767599200003,
                12.763763440000048
              ],
              [
                124.13768395700004,
                12.763737026000058
              ],
              [
                124.13769032900007,
                12.763702844000022
              ],
              [
                124.13769351500002,
                12.763695075000044
              ],
              [
                124.13770148000003,
                12.763656232000073
              ],
              [
                124.13770785200006,
                12.763637587000062
              ],
              [
                124.13771422400009,
                12.763600298000028
              ],
              [
                124.137728562,
                12.763559901000065
              ],
              [
                124.13774130600007,
                12.763535041000068
              ],
              [
                124.1377556440001,
                12.763519503000055
              ],
              [
                124.1377715750001,
                12.763505520000024
              ],
              [
                124.13778909900009,
                12.763480660000027
              ],
              [
                124.13779547100012,
                12.763466676000064
              ],
              [
                124.1377970640001,
                12.763443370000061
              ],
              [
                124.13779547100012,
                12.763435602000072
              ],
              [
                124.13779547000001,
                12.763404527000034
              ],
              [
                124.13780472600001,
                12.763368537000076
              ],
              [
                124.13781109800004,
                12.763331248000043
              ],
              [
                124.13781906300005,
                12.763306388000046
              ],
              [
                124.13781906300005,
                12.763298619000068
              ],
              [
                124.13783180700011,
                12.763247346000071
              ],
              [
                124.13783180700011,
                12.763239577000036
              ],
              [
                124.13783658600005,
                12.763222486000075
              ],
              [
                124.13783658600005,
                12.763216271000033
              ],
              [
                124.137839772,
                12.763210056000048
              ],
              [
                124.13784295800008,
                12.76319296500003
              ],
              [
                124.13785092400008,
                12.76316655100004
              ],
              [
                124.13785888900009,
                12.763129261000074
              ],
              [
                124.13786526100012,
                12.763107509000065
              ],
              [
                124.1378748190001,
                12.763076434000027
              ],
              [
                124.13788437700009,
                12.763053128000024
              ],
              [
                124.13790508700004,
                12.762983210000073
              ],
              [
                124.13792101700005,
                12.762917953000056
              ],
              [
                124.13792420300001,
                12.76291173800007
              ],
              [
                124.13793535400009,
                12.762874448000048
              ],
              [
                124.13794809900003,
                12.76284492700006
              ],
              [
                124.13795765700002,
                12.762806084000033
              ],
              [
                124.13796084300009,
                12.762799869000048
              ],
              [
                124.13796243600007,
                12.762784332000024
              ],
              [
                124.13797358700003,
                12.762736166000025
              ],
              [
                124.1379767730001,
                12.762705091000043
              ],
              [
                124.13798633100009,
                12.762663141000075
              ],
              [
                124.1379942960001,
                12.762636727000029
              ],
              [
                124.13800863300003,
                12.762604099000043
              ],
              [
                124.1380118190001,
                12.762591669000074
              ],
              [
                124.13803890100007,
                12.762532627000041
              ],
              [
                124.13805483200008,
                12.762489122000034
              ],
              [
                124.13806439000007,
                12.76246581600003
              ],
              [
                124.13806916900012,
                12.762458047000052
              ],
              [
                124.1381252750001,
                12.762308704000077
              ],
              [
                124.13813323900001,
                12.762268306000067
              ],
              [
                124.13814120500001,
                12.762238785000022
              ],
              [
                124.13814120400002,
                12.762231016000044
              ],
              [
                124.13814598300007,
                12.762210818000028
              ],
              [
                124.13814757600005,
                12.76218906500003
              ],
              [
                124.138150762,
                12.76217663500006
              ],
              [
                124.13815394800008,
                12.762147114000072
              ],
              [
                124.13816032000011,
                12.762119147000021
              ],
              [
                124.13816032000011,
                12.762111378000043
              ],
              [
                124.13816509900005,
                12.762097395000069
              ],
              [
                124.13817465700004,
                12.76204922900007
              ],
              [
                124.13817784300011,
                12.762041460000034
              ],
              [
                124.1381874010001,
                12.761997956000073
              ],
              [
                124.13819695900008,
                12.761963773000048
              ],
              [
                124.13820811000005,
                12.761931145000062
              ],
              [
                124.13820970300003,
                12.761921822000033
              ],
              [
                124.1382128890001,
                12.761915607000049
              ],
              [
                124.13822085400011,
                12.761886086000061
              ],
              [
                124.13822722700002,
                12.761870549000037
              ],
              [
                124.13823359900005,
                12.761848797000027
              ],
              [
                124.13823997100008,
                12.761834813000064
              ],
              [
                124.1382638660001,
                12.761750911000036
              ],
              [
                124.13828457500006,
                12.761632828000074
              ],
              [
                124.13828616800004,
                12.761615737000056
              ],
              [
                124.13829572600002,
                12.761584662000075
              ],
              [
                124.13832121400003,
                12.761479008000038
              ],
              [
                124.13832917900004,
                12.761454148000041
              ],
              [
                124.1383419230001,
                12.76137490800005
              ],
              [
                124.13834192200011,
                12.761365585000021
              ],
              [
                124.13834670200004,
                12.761342279000075
              ],
              [
                124.13834829400002,
                12.761309651000033
              ],
              [
                124.1383514800001,
                12.761291006000022
              ],
              [
                124.1383594450001,
                12.761263039000028
              ],
              [
                124.13836422400004,
                12.761252163000051
              ],
              [
                124.13836422400004,
                12.761249055000064
              ],
              [
                124.13838015500005,
                12.761216427000022
              ],
              [
                124.13838971300004,
                12.761202443000059
              ],
              [
                124.13842157400006,
                12.761144955000077
              ],
              [
                124.13850039800002,
                12.76093654500005
              ],
              [
                124.13849880500004,
                12.76093654500005
              ],
              [
                124.138509956,
                12.760905471000058
              ],
              [
                124.13851951400011,
                12.760857305000059
              ],
              [
                124.13852270100006,
                12.760849536000023
              ],
              [
                124.13852588600002,
                12.760830891000069
              ],
              [
                124.1385290720001,
                12.76082156900003
              ],
              [
                124.13853385100003,
                12.760793601000046
              ],
              [
                124.1385370370001,
                12.760785833000057
              ],
              [
                124.13855615300008,
                12.760684840000067
              ],
              [
                124.13856571100007,
                12.760650658000031
              ],
              [
                124.13858323400007,
                12.760608707000074
              ],
              [
                124.13859119900007,
                12.760594723000054
              ],
              [
                124.13861509500009,
                12.760541896000063
              ],
              [
                124.13863739700002,
                12.760503052000047
              ],
              [
                124.13868837500002,
                12.760431580000045
              ],
              [
                124.13870908400008,
                12.760409828000036
              ],
              [
                124.13872660800007,
                12.760394290000022
              ],
              [
                124.13874572500004,
                12.760369430000026
              ],
              [
                124.13876802700008,
                12.76033680200004
              ],
              [
                124.13878873700003,
                12.760302619000072
              ],
              [
                124.13880148100009,
                12.760263776000045
              ],
              [
                124.13880785300012,
                12.760238916000048
              ],
              [
                124.13882378300002,
                12.760201627000072
              ],
              [
                124.1388349340001,
                12.760181428000067
              ],
              [
                124.13886679500001,
                12.760133262000068
              ],
              [
                124.13886998100008,
                12.760125493000032
              ],
              [
                124.138884318,
                12.760103741000023
              ],
              [
                124.13890343500009,
                12.760066451000057
              ],
              [
                124.13890980700012,
                12.760057129000074
              ],
              [
                124.13892067200004,
                12.760034091000023
              ],
              [
                124.13894644600009,
                12.759979441000041
              ],
              [
                124.1389799000001,
                12.759925060000057
              ],
              [
                124.13900857500005,
                12.759858249000047
              ],
              [
                124.139011761,
                12.75984737300007
              ],
              [
                124.13902450500007,
                12.759824067000068
              ],
              [
                124.13903406300005,
                12.759811637000041
              ],
              [
                124.13904840100008,
                12.759786777000045
              ],
              [
                124.13911866100011,
                12.759684665000066
              ],
              [
                124.13912503300003,
                12.759680004000074
              ],
              [
                124.13916326600008,
                12.759634945000073
              ],
              [
                124.13919353400001,
                12.759603870000035
              ],
              [
                124.13920627800007,
                12.759592994000059
              ],
              [
                124.139236546,
                12.75955725700004
              ],
              [
                124.13927955800011,
                12.759502876000056
              ],
              [
                124.13929867400009,
                12.759473355000068
              ],
              [
                124.13936398900012,
                12.759383238000055
              ],
              [
                124.13937991900002,
                12.75936303900005
              ],
              [
                124.139397443,
                12.759344394000038
              ],
              [
                124.1394245240001,
                12.759308658000066
              ],
              [
                124.13943089600002,
                12.759297781000043
              ],
              [
                124.13945957100009,
                12.759265153000058
              ],
              [
                124.13949302500009,
                12.75922164800005
              ],
              [
                124.13952010600008,
                12.759193680000067
              ],
              [
                124.13954878100003,
                12.759156390000044
              ],
              [
                124.13958382800001,
                12.75911443900003
              ],
              [
                124.13959020000004,
                12.759100455000066
              ],
              [
                124.13961409500007,
                12.759063165000043
              ],
              [
                124.1396459550001,
                12.758988586000044
              ],
              [
                124.13964914100006,
                12.758976156000074
              ],
              [
                124.13966029200003,
                12.75894663500003
              ],
              [
                124.1396634780001,
                12.758931097000072
              ],
              [
                124.1397047160001,
                12.75885628900005
              ],
              [
                124.13970790200005,
                12.758845413000074
              ],
              [
                124.13971746000004,
                12.758826768000063
              ],
              [
                124.13974454100003,
                12.758786371000042
              ],
              [
                124.1397477270001,
                12.758778602000064
              ],
              [
                124.13977162300012,
                12.75874131200004
              ],
              [
                124.13979392500005,
                12.758713344000057
              ],
              [
                124.13981144800005,
                12.758682269000076
              ],
              [
                124.13982259900001,
                12.75866983900005
              ],
              [
                124.139848088,
                12.758634103000077
              ],
              [
                124.13985446000004,
                12.758627888000035
              ],
              [
                124.13987994800004,
                12.758587490000025
              ],
              [
                124.13992296000004,
                12.75852844800005
              ],
              [
                124.13993729700007,
                12.758500480000066
              ],
              [
                124.139959599,
                12.758464744000037
              ],
              [
                124.13998508700001,
                12.758429008000064
              ],
              [
                124.14004402900002,
                12.758335783000064
              ],
              [
                124.1400472150001,
                12.758328015000075
              ],
              [
                124.14005199400003,
                12.758321799000043
              ],
              [
                124.14005677300008,
                12.75830781600007
              ],
              [
                124.14006792400005,
                12.758289171000058
              ],
              [
                124.1400902260001,
                12.758237897000072
              ],
              [
                124.14010297000004,
                12.758197500000051
              ],
              [
                124.14011093400006,
                12.758163318000072
              ],
              [
                124.14011730600009,
                12.758112045000075
              ],
              [
                124.14011889800008,
                12.758062326000072
              ],
              [
                124.140133235,
                12.757980048000036
              ],
              [
                124.14013323400002,
                12.757966064000072
              ],
              [
                124.14012686100011,
                12.757913237000025
              ],
              [
                124.14011570900004,
                12.757877501000053
              ],
              [
                124.14011570900004,
                12.757872840000061
              ],
              [
                124.14009818400007,
                12.757823121000058
              ],
              [
                124.1400806580001,
                12.757739220000076
              ],
              [
                124.14007109900001,
                12.757675517000052
              ],
              [
                124.14006950500004,
                12.757656872000041
              ],
              [
                124.14006950400005,
                12.757608706000042
              ],
              [
                124.14006791100007,
                12.757602491000057
              ],
              [
                124.1400663170001,
                12.757534127000042
              ],
              [
                124.14006472300002,
                12.75752480500006
              ],
              [
                124.14006472300002,
                12.757492176000028
              ],
              [
                124.14006313000004,
                12.757482854000045
              ],
              [
                124.14006312700008,
                12.75733525000004
              ],
              [
                124.14006472000005,
                12.757327481000061
              ],
              [
                124.14006471900007,
                12.757299514000067
              ],
              [
                124.14006949700001,
                12.757252902000062
              ],
              [
                124.1400710900001,
                12.757220274000076
              ],
              [
                124.14007905400001,
                12.757182984000053
              ],
              [
                124.14007905400001,
                12.757175215000075
              ],
              [
                124.14008224000008,
                12.75716744600004
              ],
              [
                124.14008861200011,
                12.757137925000052
              ],
              [
                124.14008861200011,
                12.75712860300007
              ],
              [
                124.14009657600002,
                12.757077330000072
              ],
              [
                124.14011728200012,
                12.75689088300004
              ],
              [
                124.1401188750001,
                12.756855147000067
              ],
              [
                124.14012524600003,
                12.756805428000064
              ],
              [
                124.14012524600003,
                12.756782122000061
              ],
              [
                124.14012683800001,
                12.756775907000076
              ],
              [
                124.14013161600008,
                12.756713757000057
              ],
              [
                124.14014117400006,
                12.75667491400003
              ],
              [
                124.14014913900007,
                12.756650054000033
              ],
              [
                124.14016188300002,
                12.75662674800003
              ],
              [
                124.14017940600002,
                12.75660033400004
              ],
              [
                124.14019374300005,
                12.756583243000023
              ],
              [
                124.14022241700002,
                12.75655527500004
              ],
              [
                124.14025746400011,
                12.756516431000023
              ],
              [
                124.14027658000009,
                12.756497786000068
              ],
              [
                124.14029888200002,
                12.756479141000057
              ],
              [
                124.14031799800011,
                12.756457388000058
              ],
              [
                124.14032915000007,
                12.756448066000075
              ],
              [
                124.1403530450001,
                12.756418545000031
              ],
              [
                124.14036738200002,
                12.756396792000032
              ],
              [
                124.14037694000001,
                12.756371932000036
              ],
              [
                124.14038171900006,
                12.756353287000024
              ],
              [
                124.14038171800007,
                12.756331535000072
              ],
              [
                124.14037534500005,
                12.756303568000021
              ],
              [
                124.1403721590001,
                12.756295799000043
              ],
              [
                124.14035941400005,
                12.756275601000027
              ],
              [
                124.14034985600006,
                12.756264725000051
              ],
              [
                124.14034348300004,
                12.75626006400006
              ],
              [
                124.14032914500001,
                12.756241420000038
              ],
              [
                124.14031321400012,
                12.75621189900005
              ],
              [
                124.14030365600001,
                12.75619014700004
              ],
              [
                124.14030046900007,
                12.756166841000038
              ],
              [
                124.14030046900007,
                12.756146643000022
              ],
              [
                124.14030684000011,
                12.75609692300003
              ],
              [
                124.1403084320001,
                12.756067402000042
              ],
              [
                124.14031799000009,
                12.756019236000043
              ],
              [
                124.14031799000009,
                12.756003699000075
              ],
              [
                124.14031958200007,
                12.75599593000004
              ],
              [
                124.14031639600012,
                12.755981947000066
              ],
              [
                124.14026223100007,
                12.755913859000032
              ],
              [
                124.1402431140001,
                12.755876570000055
              ],
              [
                124.14023833400006,
                12.755854818000046
              ],
              [
                124.14023833400006,
                12.755847049000067
              ],
              [
                124.14023355400002,
                12.755823743000064
              ],
              [
                124.1402287740001,
                12.755784900000037
              ],
              [
                124.14021762200002,
                12.755741396000076
              ],
              [
                124.14021124900012,
                12.755725859000052
              ],
              [
                124.14020806300005,
                12.755711875000031
              ],
              [
                124.14020009800004,
                12.755690123000022
              ],
              [
                124.14019053900006,
                12.755669925000063
              ],
              [
                124.14017460700006,
                12.75562020600006
              ],
              [
                124.14015708300008,
                12.75557980900004
              ],
              [
                124.14014911700008,
                12.755550288000052
              ],
              [
                124.140145931,
                12.755544074000056
              ],
              [
                124.140137965,
                12.75550523000004
              ],
              [
                124.14013477800006,
                12.755477263000046
              ],
              [
                124.14012681300005,
                12.755447743000047
              ],
              [
                124.1401236260001,
                12.755427544000042
              ],
              [
                124.14012044000003,
                12.755419776000053
              ],
              [
                124.14010450800004,
                12.755334321000078
              ],
              [
                124.1400837970001,
                12.75526440300007
              ],
              [
                124.14004715500005,
                12.75516341100007
              ],
              [
                124.14004078200003,
                12.755135444000075
              ],
              [
                124.14004078200003,
                12.755129229000033
              ],
              [
                124.14003600300009,
                12.755116800000053
              ],
              [
                124.14003600300009,
                12.755110585000068
              ],
              [
                124.14003281700002,
                12.755102816000033
              ],
              [
                124.14003122300005,
                12.755088833000059
              ],
              [
                124.1399950870001,
                12.754936882000038
              ],
              [
                124.13999190100003,
                12.754915130000029
              ],
              [
                124.13998234100006,
                12.754884055000048
              ],
              [
                124.13997596800004,
                12.754843658000027
              ],
              [
                124.13995366400002,
                12.754770633000021
              ],
              [
                124.1399313600001,
                12.754710038000042
              ],
              [
                124.1399233940001,
                12.754674302000069
              ],
              [
                124.1399233940001,
                12.754666533000034
              ],
              [
                124.13992020800004,
                12.754655657000058
              ],
              [
                124.13991542800011,
                12.754615260000037
              ],
              [
                124.13990905500009,
                12.754579524000064
              ],
              [
                124.13989312300009,
                12.754508053000052
              ],
              [
                124.13988993700002,
                12.754500284000073
              ],
              [
                124.13988675000007,
                12.754483193000056
              ],
              [
                124.13987878500006,
                12.754466102000038
              ],
              [
                124.13987559800012,
                12.754453672000068
              ],
              [
                124.13985807400002,
                12.754407061000052
              ],
              [
                124.13984532900008,
                12.754365110000037
              ],
              [
                124.13981506000005,
                12.754295193000075
              ],
              [
                124.1397943500001,
                12.75426101100004
              ],
              [
                124.13976408100007,
                12.754203524000047
              ],
              [
                124.13974177700004,
                12.754149143000063
              ],
              [
                124.1397369980001,
                12.754141375000074
              ],
              [
                124.1397131010001,
                12.754076119000047
              ],
              [
                124.13970354300011,
                12.754057474000035
              ],
              [
                124.13966053000001,
                12.753986003000023
              ],
              [
                124.13963504000003,
                12.753953375000037
              ],
              [
                124.13962866800011,
                12.753940946000057
              ],
              [
                124.13955817800002,
                12.75383677000002
              ],
              [
                124.13955339800009,
                12.753827448000038
              ],
              [
                124.139542247,
                12.753813465000064
              ],
              [
                124.13952153700006,
                12.753777729000035
              ],
              [
                124.13951357100007,
                12.753760638000074
              ],
              [
                124.13947533700002,
                12.75369693500005
              ],
              [
                124.1394705570001,
                12.753684505000024
              ],
              [
                124.13944666100008,
                12.753639447000069
              ],
              [
                124.13942435800004,
                12.753605266000022
              ],
              [
                124.13940683400006,
                12.753574191000041
              ],
              [
                124.13938453000003,
                12.75352136400005
              ],
              [
                124.13934948200006,
                12.75345455400003
              ],
              [
                124.13933833100009,
                12.753428141000029
              ],
              [
                124.1393128410001,
                12.753355116000023
              ],
              [
                124.13930487500011,
                12.753339579000055
              ],
              [
                124.13929372400003,
                12.753313166000055
              ],
              [
                124.13929213100005,
                12.753305397000076
              ],
              [
                124.13928257200007,
                12.75328519900006
              ],
              [
                124.13926982700002,
                12.753251017000025
              ],
              [
                124.13926664100006,
                12.753237033000062
              ],
              [
                124.1392634550001,
                12.753210620000061
              ],
              [
                124.1392650470001,
                12.753173330000038
              ],
              [
                124.13927460500008,
                12.753134487000068
              ],
              [
                124.13928734800004,
                12.753098751000039
              ],
              [
                124.13929372000007,
                12.753086321000069
              ],
              [
                124.139298499,
                12.753067676000057
              ],
              [
                124.139298499,
                12.753061461000073
              ],
              [
                124.13928893900004,
                12.752932391000058
              ],
              [
                124.1392602630001,
                12.752859366000052
              ],
              [
                124.13925707700002,
                12.752845382000032
              ],
              [
                124.13925389100007,
                12.752828291000071
              ],
              [
                124.13925389000008,
                12.752808093000056
              ],
              [
                124.13925707600004,
                12.75278789400005
              ],
              [
                124.1392602620001,
                12.752780125000072
              ],
              [
                124.13927300600005,
                12.75276148000006
              ],
              [
                124.1392777850001,
                12.752755265000076
              ],
              [
                124.13928893600007,
                12.752745943000036
              ],
              [
                124.139354249,
                12.752705545000026
              ],
              [
                124.13937177300011,
                12.752696222000054
              ],
              [
                124.13938451700005,
                12.752691561000063
              ],
              [
                124.1393892960001,
                12.752686900000072
              ],
              [
                124.13941000500006,
                12.752674469000056
              ],
              [
                124.13944664400003,
                12.752646502000061
              ],
              [
                124.13950080600011,
                12.752598335000073
              ],
              [
                124.1395103640001,
                12.752585905000046
              ],
              [
                124.13952948000008,
                12.752531524000062
              ],
              [
                124.13954381600001,
                12.752453838000065
              ],
              [
                124.13954381500002,
                12.75239790300003
              ],
              [
                124.13954222100006,
                12.752379258000076
              ],
              [
                124.13954062800008,
                12.752377705000072
              ],
              [
                124.13954062800008,
                12.752357506000067
              ],
              [
                124.13953744100002,
                12.752329539000073
              ],
              [
                124.13953744100002,
                12.752300018000028
              ],
              [
                124.13953266100009,
                12.752262729000051
              ],
              [
                124.13952469500009,
                12.75222233200003
              ],
              [
                124.13951195100003,
                12.752180381000073
              ],
              [
                124.1394992060001,
                12.752155522000066
              ],
              [
                124.13948964700012,
                12.752141538000046
              ],
              [
                124.13947690300006,
                12.752115125000046
              ],
              [
                124.139472124,
                12.75210891000006
              ],
              [
                124.13946734400008,
                12.75209492700003
              ],
              [
                124.13946097200005,
                12.752065406000042
              ],
              [
                124.13946097100006,
                12.752040546000046
              ],
              [
                124.13946256400004,
                12.752031224000064
              ],
              [
                124.13945459800004,
                12.751965489000042
              ],
              [
                124.13944026000001,
                12.751895571000034
              ],
              [
                124.13943388700011,
                12.751873819000025
              ],
              [
                124.13940043200012,
                12.751800794000076
              ],
              [
                124.13939565300007,
                12.75178836400005
              ],
              [
                124.13939087400001,
                12.751768166000033
              ],
              [
                124.13938768700007,
                12.751741752000044
              ],
              [
                124.13938768600008,
                12.751688925000053
              ],
              [
                124.1393860930001,
                12.751678049000077
              ],
              [
                124.13938449900002,
                12.751609685000062
              ],
              [
                124.13938131200007,
                12.751581718000068
              ],
              [
                124.13937812600011,
                12.751569288000042
              ],
              [
                124.1393621950001,
                12.751539768000043
              ],
              [
                124.13933670600011,
                12.751502478000077
              ],
              [
                124.13932555500003,
                12.751474512000073
              ],
              [
                124.13931599600005,
                12.751435668000056
              ],
              [
                124.13930803100004,
                12.75141547000004
              ],
              [
                124.13928572800012,
                12.75137662700007
              ],
              [
                124.13926342500008,
                12.751351768000063
              ],
              [
                124.13924749500006,
                12.75132846200006
              ],
              [
                124.13923315700004,
                12.751311371000043
              ],
              [
                124.13922678500012,
                12.751291173000027
              ],
              [
                124.13922837700011,
                12.751272528000072
              ],
              [
                124.13923315600005,
                12.751260098000046
              ],
              [
                124.13923315600005,
                12.751250776000063
              ],
              [
                124.13924641900007,
                12.751201657000024
              ],
              [
                124.1392527910001,
                12.751190781000048
              ],
              [
                124.139268721,
                12.751172136000037
              ],
              [
                124.13927987200009,
                12.751155045000075
              ],
              [
                124.13928624300002,
                12.751139507000062
              ],
              [
                124.13928783600011,
                12.751122416000044
              ],
              [
                124.139278278,
                12.751103771000032
              ],
              [
                124.13926712600005,
                12.751089788000058
              ],
              [
                124.13925597500008,
                12.751080466000076
              ],
              [
                124.1392464160001,
                12.751066482000056
              ],
              [
                124.13920977600003,
                12.751021424000044
              ],
              [
                124.13918588000001,
                12.750995011000043
              ],
              [
                124.13916517000007,
                12.750954614000023
              ],
              [
                124.13912987000003,
                12.750903333000053
              ],
              [
                124.13911712600009,
                12.75087536600006
              ],
              [
                124.13910119500008,
                12.750852060000057
              ],
              [
                124.13907729900006,
                12.750824092000073
              ],
              [
                124.13905180900008,
                12.750789910000037
              ],
              [
                124.13900401700005,
                12.750740191000034
              ],
              [
                124.13897056300004,
                12.750709117000042
              ],
              [
                124.13893551600006,
                12.750671827000076
              ],
              [
                124.13891162000004,
                12.750650075000067
              ],
              [
                124.13890206200006,
                12.75063764600003
              ],
              [
                124.1388909100001,
                12.750626770000054
              ],
              [
                124.13888453800007,
                12.750617447000025
              ],
              [
                124.13884311900006,
                12.750573943000063
              ],
              [
                124.13883515300006,
                12.750564621000024
              ],
              [
                124.13882081600002,
                12.750542869000071
              ],
              [
                124.13881125800003,
                12.750533546000042
              ],
              [
                124.13879214100007,
                12.750505579000048
              ],
              [
                124.138771431,
                12.750469844000065
              ],
              [
                124.13872682600004,
                12.750418571000068
              ],
              [
                124.13870930200005,
                12.750404588000038
              ],
              [
                124.13868700000012,
                12.750379728000041
              ],
              [
                124.13868700000012,
                12.750378175000037
              ],
              [
                124.13867425500007,
                12.750365745000067
              ],
              [
                124.13866788300004,
                12.75035331500004
              ],
              [
                124.13833405900004,
                12.750082778000035
              ],
              [
                124.13831653500006,
                12.750070348000065
              ],
              [
                124.1383133490001,
                12.750065687000074
              ],
              [
                124.13827830200012,
                12.750039274000073
              ],
              [
                124.13824803400007,
                12.750011307000022
              ],
              [
                124.13817793900012,
                12.749952265000047
              ],
              [
                124.13814607900008,
                12.749932067000032
              ],
              [
                124.13809988000003,
                12.749891670000068
              ],
              [
                124.13808395,
                12.749880794000035
              ],
              [
                124.1380345660001,
                12.749835736000023
              ],
              [
                124.1380090770001,
                12.749815538000064
              ],
              [
                124.13799474000007,
                12.7498
              ],
              [
                124.13798996000003,
                12.749796893000052
              ],
              [
                124.13798040200004,
                12.749784463000026
              ],
              [
                124.13797403,
                12.749779802000035
              ],
              [
                124.13796925100007,
                12.74977358700005
              ],
              [
                124.13793101800002,
                12.749740959000064
              ],
              [
                124.13790075000009,
                12.749694347000059
              ],
              [
                124.13787048200004,
                12.749618215000055
              ],
              [
                124.13786251700003,
                12.749591802000054
              ],
              [
                124.1378577380001,
                12.749584033000076
              ],
              [
                124.13785614500011,
                12.749577818000034
              ],
              [
                124.13785136500007,
                12.74957160300005
              ],
              [
                124.13784658600002,
                12.749559173000023
              ],
              [
                124.13781313200002,
                12.749500132000037
              ],
              [
                124.13780038800007,
                12.74947061100005
              ],
              [
                124.13779401600004,
                12.749447305000047
              ],
              [
                124.13778764400001,
                12.749433322000073
              ],
              [
                124.13778605100003,
                12.749425553000037
              ],
              [
                124.13778286400009,
                12.749420892000046
              ],
              [
                124.13772710800004,
                12.74925077000006
              ],
              [
                124.13772073500002,
                12.749238341000023
              ],
              [
                124.13769843300008,
                12.749208820000035
              ],
              [
                124.13769206100005,
                12.74919794400006
              ],
              [
                124.13765382800011,
                12.74914977800006
              ],
              [
                124.13764745600008,
                12.749137349000023
              ],
              [
                124.13764427000001,
                12.749124919000053
              ],
              [
                124.13763311900004,
                12.749110935000033
              ],
              [
                124.13762674600002,
                12.749106274000042
              ],
              [
                124.13760125800002,
                12.749100060000046
              ],
              [
                124.13759170000003,
                12.749100060000046
              ],
              [
                124.1375773630001,
                12.749103167000044
              ],
              [
                124.13757099100008,
                12.749106275000031
              ],
              [
                124.13755346800008,
                12.749121812000055
              ],
              [
                124.13754868900003,
                12.74912802700004
              ],
              [
                124.13753594500008,
                12.749137350000069
              ],
              [
                124.13752320100002,
                12.74914201100006
              ],
              [
                124.1374913410001,
                12.749149780000039
              ],
              [
                124.137489748,
                12.749151334000032
              ],
              [
                124.1374738180001,
                12.74915444100003
              ],
              [
                124.13746744600007,
                12.749151334000032
              ],
              [
                124.13745948100006,
                12.749140458000056
              ],
              [
                124.1374562950001,
                12.749132689000021
              ],
              [
                124.13744514400003,
                12.749123367000038
              ],
              [
                124.13741965600002,
                12.749114045000056
              ],
              [
                124.13740213300002,
                12.749114045000056
              ],
              [
                124.1373957610001,
                12.749117152000053
              ],
              [
                124.13738142400007,
                12.749132690000067
              ],
              [
                124.13737345900006,
                12.749166872000046
              ],
              [
                124.13736230800009,
                12.749176194000029
              ],
              [
                124.13735752900004,
                12.749177748000022
              ],
              [
                124.13733363400002,
                12.749173087000031
              ],
              [
                124.13731611100002,
                12.749157550000064
              ],
              [
                124.1373017740001,
                12.74915599600007
              ],
              [
                124.1372842510001,
                12.749157550000064
              ],
              [
                124.1372492050001,
                12.749169980000033
              ],
              [
                124.13723646100004,
                12.749176195000075
              ],
              [
                124.13719663600011,
                12.749185518000047
              ],
              [
                124.13715840400005,
                12.749191733000032
              ],
              [
                124.13711698600002,
                12.74920105600006
              ],
              [
                124.13708831200006,
                12.749202610000054
              ],
              [
                124.13703892900003,
                12.74920882500004
              ],
              [
                124.13700866200008,
                12.74920882500004
              ],
              [
                124.13699591800003,
                12.749211933000026
              ],
              [
                124.13698795300002,
                12.749211933000026
              ],
              [
                124.13697361600009,
                12.749215040000024
              ],
              [
                124.13694972100006,
                12.74922747000005
              ],
              [
                124.13694334900003,
                12.749229024000044
              ],
              [
                124.13692423200007,
                12.749229024000044
              ],
              [
                124.13691148800001,
                12.74922280900006
              ],
              [
                124.1369051160001,
                12.749216594000075
              ],
              [
                124.13688281400005,
                12.749205719000031
              ],
              [
                124.13685095400001,
                12.749219702000062
              ],
              [
                124.13683607200005,
                12.749125008000021
              ],
              [
                124.1368175,
                12.749006842000028
              ],
              [
                124.13682546500002,
                12.749006842000028
              ],
              [
                124.1368445810001,
                12.74899907300005
              ],
              [
                124.13687484800005,
                12.74899441100007
              ],
              [
                124.13692741700004,
                12.748980427000049
              ],
              [
                124.13704052000003,
                12.748961782000038
              ],
              [
                124.13705485700007,
                12.748957121000046
              ],
              [
                124.13714406500003,
                12.748940029000039
              ],
              [
                124.13723008700003,
                12.74892759900007
              ],
              [
                124.13723805200004,
                12.748924491000025
              ],
              [
                124.13726035400009,
                12.748919830000034
              ],
              [
                124.13730655100005,
                12.74890584600007
              ],
              [
                124.13731929500011,
                12.748904292000077
              ],
              [
                124.13734796900007,
                12.748896523000042
              ],
              [
                124.13737345700008,
                12.74888720100006
              ],
              [
                124.13739257300006,
                12.748882539000022
              ],
              [
                124.13744832800012,
                12.748859233000076
              ],
              [
                124.13748178100002,
                12.74885146400004
              ],
              [
                124.13748815300005,
                12.748848356000053
              ],
              [
                124.13750408300007,
                12.748848356000053
              ],
              [
                124.13752957100007,
                12.748843695000062
              ],
              [
                124.13754072200004,
                12.748834372000033
              ],
              [
                124.13755505800009,
                12.748812620000024
              ],
              [
                124.13755824500004,
                12.748800190000054
              ],
              [
                124.1375630230001,
                12.748755132000042
              ],
              [
                124.1375630230001,
                12.748738041000024
              ],
              [
                124.13756620900006,
                12.748713181000028
              ],
              [
                124.13756780100005,
                12.748660354000037
              ],
              [
                124.13757098700012,
                12.748629280000046
              ],
              [
                124.1375725800001,
                12.748567130000026
              ],
              [
                124.13757098600001,
                12.748453708000056
              ],
              [
                124.13758691400005,
                12.748296708000055
              ],
              [
                124.13758850700003,
                12.748262526000076
              ],
              [
                124.1375932850001,
                12.748219022000058
              ],
              [
                124.13759806400003,
                12.748195716000055
              ],
              [
                124.13760124900011,
                12.748156872000038
              ],
              [
                124.13760602800005,
                12.748132013000031
              ],
              [
                124.137609214,
                12.748099384000056
              ],
              [
                124.13761558600004,
                12.748076078000054
              ],
              [
                124.13761717900002,
                12.74807452500005
              ],
              [
                124.13762514300004,
                12.748037235000027
              ],
              [
                124.13763151500007,
                12.74797353200006
              ],
              [
                124.1376378860001,
                12.747928474000048
              ],
              [
                124.1376378860001,
                12.747919151000076
              ],
              [
                124.13764903700007,
                12.74785855600004
              ],
              [
                124.13765457900001,
                12.74778202300007
              ],
              [
                124.13782502400011,
                12.747289076000072
              ],
              [
                124.13782821000007,
                12.747275093000042
              ],
              [
                124.13783139600002,
                12.747268878000057
              ],
              [
                124.13784095400001,
                12.747234696000021
              ],
              [
                124.13785051100001,
                12.747208282000031
              ],
              [
                124.1378696270001,
                12.747175654000046
              ],
              [
                124.13789192900003,
                12.747149240000056
              ],
              [
                124.13790626500008,
                12.747136810000029
              ],
              [
                124.13791900900003,
                12.74712904100005
              ],
              [
                124.13793175300009,
                12.74712438000006
              ],
              [
                124.13797795000005,
                12.747122826000066
              ],
              [
                124.13799706600003,
                12.747118164000028
              ],
              [
                124.13801299600004,
                12.747108842000046
              ],
              [
                124.13801618200011,
                12.74710262700006
              ],
              [
                124.13801936700008,
                12.74708864300004
              ],
              [
                124.13801936700008,
                12.747060676000046
              ],
              [
                124.13801299500005,
                12.74704047800003
              ],
              [
                124.13800938100007,
                12.747033843000054
              ],
              [
                124.13798591300008,
                12.746990759000028
              ],
              [
                124.13798113400003,
                12.746984544000043
              ],
              [
                124.13797794800007,
                12.746973668000066
              ],
              [
                124.13796998300006,
                12.746956577000049
              ],
              [
                124.13795564600002,
                12.746905304000052
              ],
              [
                124.13795564600002,
                12.746895981000023
              ],
              [
                124.13795245900008,
                12.746875783000064
              ],
              [
                124.13794768000002,
                12.746857138000053
              ],
              [
                124.13794130800011,
                12.746846262000076
              ],
              [
                124.13793812200004,
                12.746835386000043
              ],
              [
                124.13792537800009,
                12.74680741900005
              ],
              [
                124.1379078550001,
                12.74677323700007
              ],
              [
                124.13789989000009,
                12.746760807000044
              ],
              [
                124.1378982970001,
                12.746753039000055
              ],
              [
                124.13789033100011,
                12.746734394000043
              ],
              [
                124.13787604000004,
                12.74667871500003
              ],
              [
                124.13786956400008,
                12.74666450500007
              ],
              [
                124.13786470800005,
                12.746647137000025
              ],
              [
                124.13785499500011,
                12.746621875000073
              ],
              [
                124.13785013800009,
                12.746595033000062
              ],
              [
                124.13784528100007,
                12.746577665000075
              ],
              [
                124.13783394900008,
                12.746514509000065
              ],
              [
                124.13782747300002,
                12.746460826000032
              ],
              [
                124.13782261600011,
                12.746400827000059
              ],
              [
                124.13782423500004,
                12.746377143000075
              ],
              [
                124.13782747200003,
                12.746361354000044
              ],
              [
                124.13783718500008,
                12.746342407000043
              ],
              [
                124.13784204100011,
                12.746336092000035
              ],
              [
                124.13788251100004,
                12.746291882000037
              ],
              [
                124.13790193700004,
                12.746268198000053
              ],
              [
                124.13790679300007,
                12.746258725000075
              ],
              [
                124.13791326800003,
                12.746250830000065
              ],
              [
                124.13792136200004,
                12.746235041000034
              ],
              [
                124.137927837,
                12.746216094000033
              ],
              [
                124.13793107400011,
                12.746198726000046
              ],
              [
                124.13793107400011,
                12.746184516000028
              ],
              [
                124.13792136100005,
                12.746162411000057
              ],
              [
                124.13791326700004,
                12.746151359000066
              ],
              [
                124.13788898500002,
                12.746135570000035
              ],
              [
                124.13787117800007,
                12.746127676000071
              ],
              [
                124.13785337100012,
                12.746122939000031
              ],
              [
                124.13782747000005,
                12.746122939000031
              ],
              [
                124.13781128200003,
                12.746119781000061
              ],
              [
                124.13780480700007,
                12.746115045000067
              ],
              [
                124.13779509400001,
                12.746099256000036
              ],
              [
                124.1377902380001,
                12.746088203000056
              ],
              [
                124.13776919300005,
                12.746021889000076
              ],
              [
                124.13771905100009,
                12.745917491000057
              ],
              [
                124.13768343600009,
                12.74585591300007
              ],
              [
                124.13766077200012,
                12.74582907100006
              ],
              [
                124.137649441,
                12.745810124000059
              ],
              [
                124.13762677700004,
                12.745769073000076
              ],
              [
                124.13762192000002,
                12.745748547000062
              ],
              [
                124.13762192000002,
                12.745723284000064
              ],
              [
                124.13762515700012,
                12.745705916000077
              ],
              [
                124.13763001400002,
                12.74569170600006
              ],
              [
                124.13763325100001,
                12.745685390000062
              ],
              [
                124.13764943900003,
                12.745664864000048
              ],
              [
                124.1376753400001,
                12.745641180000064
              ],
              [
                124.1376866710001,
                12.74562065400005
              ],
              [
                124.1376947650001,
                12.745600129000024
              ],
              [
                124.13769800200009,
                12.745581182000024
              ],
              [
                124.13769962100002,
                12.745579603000067
              ],
              [
                124.13770124000007,
                12.745562235000023
              ],
              [
                124.13770124000007,
                12.745530657000074
              ],
              [
                124.13769962100002,
                12.745506973000033
              ],
              [
                124.13769638300005,
                12.745489605000046
              ],
              [
                124.13769314500007,
                12.745442237000077
              ],
              [
                124.1376899070001,
                12.745426448000046
              ],
              [
                124.1376899070001,
                12.745405923000021
              ],
              [
                124.13768666900012,
                12.745380660000023
              ],
              [
                124.13768666900012,
                12.745341187000065
              ],
              [
                124.13768343100003,
                12.745308030000047
              ],
              [
                124.13768343100003,
                12.745282768000038
              ],
              [
                124.13767695500007,
                12.745216453000069
              ],
              [
                124.13767209800005,
                12.745192770000074
              ],
              [
                124.13765752900008,
                12.745140666000054
              ],
              [
                124.1376461970001,
                12.745110667000063
              ],
              [
                124.13764457800005,
                12.745101193000039
              ],
              [
                124.13762839000003,
                12.74506487900004
              ],
              [
                124.1376073450001,
                12.745004880000067
              ],
              [
                124.13760087000003,
                12.74499067000005
              ],
              [
                124.13759439400008,
                12.744960671000058
              ],
              [
                124.13758630000007,
                12.74493540800006
              ],
              [
                124.13757820600006,
                12.744899094000061
              ],
              [
                124.1375717310001,
                12.744878568000047
              ],
              [
                124.13755554300008,
                12.744750987000032
              ],
              [
                124.1375523050001,
                12.74469888300007
              ],
              [
                124.13754744800008,
                12.744678357000055
              ],
              [
                124.1375442100001,
                12.744642042000066
              ],
              [
                124.13753773500002,
                12.744599411000024
              ],
              [
                124.13753611600009,
                12.744566254000063
              ],
              [
                124.13753287800012,
                12.744548886000075
              ],
              [
                124.13753287800012,
                12.74453151800003
              ],
              [
                124.1375280210001,
                12.744488887000045
              ],
              [
                124.1375280200001,
                12.744416257000069
              ],
              [
                124.13752963900004,
                12.744400468000038
              ],
              [
                124.1375280200001,
                12.74439415200004
              ],
              [
                124.1375280200001,
                12.744356258000039
              ],
              [
                124.13752316300008,
                12.744300997000039
              ],
              [
                124.13751021200005,
                12.744242577000023
              ],
              [
                124.13750373700009,
                12.744223630000022
              ],
              [
                124.13750211800004,
                12.744212578000031
              ],
              [
                124.13749078600006,
                12.744169947000046
              ],
              [
                124.13746650400003,
                12.744094160000031
              ],
              [
                124.137461647,
                12.74407205500006
              ],
              [
                124.137461647,
                12.74406416100004
              ],
              [
                124.13745517200005,
                12.744024688000025
              ],
              [
                124.13745517200005,
                12.744012057000077
              ],
              [
                124.13744869600009,
                12.743966268000065
              ],
              [
                124.13744707700005,
                12.74394258500007
              ],
              [
                124.13744707700005,
                12.743817851000074
              ],
              [
                124.13745031400003,
                12.743778379000048
              ],
              [
                124.13745031400003,
                12.743718380000075
              ],
              [
                124.13745193200009,
                12.743712064000022
              ],
              [
                124.13745193200009,
                12.743688381000027
              ],
              [
                124.13745517000007,
                12.74367101300004
              ],
              [
                124.137456788,
                12.743631540000024
              ],
              [
                124.13746164500003,
                12.743604699000059
              ],
              [
                124.13746164500003,
                12.743593646000022
              ],
              [
                124.13746650100006,
                12.743554173000064
              ],
              [
                124.13746488200002,
                12.743528911000055
              ],
              [
                124.13746002500011,
                12.743505227000071
              ],
              [
                124.1374519310001,
                12.743473649000066
              ],
              [
                124.13744545600002,
                12.743456281000022
              ],
              [
                124.13744221800005,
                12.743437334000077
              ],
              [
                124.13744221800005,
                12.74341207200007
              ],
              [
                124.13745031200006,
                12.743372599000054
              ],
              [
                124.13744869300001,
                12.743333126000039
              ],
              [
                124.13744545500003,
                12.743317337000065
              ],
              [
                124.13743736100002,
                12.74329681100005
              ],
              [
                124.13743574300008,
                12.74328891600004
              ],
              [
                124.13742764800008,
                12.743271548000052
              ],
              [
                124.13740511800006,
                12.743209539000077
              ],
              [
                124.13740349900002,
                12.743185856000025
              ],
              [
                124.13739864200011,
                12.74315112000005
              ],
              [
                124.13739702300006,
                12.743065859000069
              ],
              [
                124.13739864200011,
                12.743035860000077
              ],
              [
                124.13740673500001,
                12.743002703000059
              ],
              [
                124.13740835400006,
                12.742986913000038
              ],
              [
                124.13741806700011,
                12.742953756000077
              ],
              [
                124.137418066,
                12.74293954600006
              ],
              [
                124.13741482900002,
                12.742933231000052
              ],
              [
                124.13740835400006,
                12.742928494000068
              ],
              [
                124.13738892800006,
                12.742919021000034
              ],
              [
                124.13736788400001,
                12.742904811000074
              ],
              [
                124.1373630280001,
                12.742900074000033
              ],
              [
                124.13735347900001,
                12.74287840900007
              ],
              [
                124.1371964540001,
                12.742385572000046
              ],
              [
                124.13705076100007,
                12.741862405000063
              ],
              [
                124.13686872200003,
                12.741288351000037
              ],
              [
                124.13686386600011,
                12.741264667000053
              ],
              [
                124.13685900900009,
                12.741256773000032
              ],
              [
                124.1368557720001,
                12.741244141000038
              ],
              [
                124.13684282100007,
                12.741209405000063
              ],
              [
                124.13682501400001,
                12.741174669000031
              ],
              [
                124.13680235100003,
                12.741119407000042
              ],
              [
                124.13675216800004,
                12.74101835600004
              ],
              [
                124.13673598000003,
                12.740978884000072
              ],
              [
                124.13673274200005,
                12.740964673000065
              ],
              [
                124.13672788600002,
                12.74095204200006
              ],
              [
                124.13671655400003,
                12.740928358000076
              ],
              [
                124.13669874700008,
                12.740882570000053
              ],
              [
                124.13669874700008,
                12.740879412000027
              ],
              [
                124.13667284700011,
                12.740805203000036
              ],
              [
                124.13666637200004,
                12.740779941000028
              ],
              [
                124.13665827800003,
                12.74075941500007
              ],
              [
                124.13662428300006,
                12.740694680000047
              ],
              [
                124.13662428300006,
                12.740691522000077
              ],
              [
                124.13661457,
                12.740670996000063
              ],
              [
                124.13661457,
                12.740667838000036
              ],
              [
                124.13660000100003,
                12.74063626000003
              ],
              [
                124.13659676400005,
                12.740623629000027
              ],
              [
                124.13658381400012,
                12.740592051000021
              ],
              [
                124.1365789570001,
                12.740563630000054
              ],
              [
                124.13657572000011,
                12.740557315000046
              ],
              [
                124.13656438800001,
                12.740511527000024
              ],
              [
                124.13655305700001,
                12.740479949000076
              ],
              [
                124.13654334400007,
                12.740461002000075
              ],
              [
                124.1365401060001,
                12.740449949000038
              ],
              [
                124.13653039400003,
                12.740427845000056
              ],
              [
                124.13648021200004,
                12.740347320000069
              ],
              [
                124.13642995100008,
                12.740219092000075
              ],
              [
                124.13642509500005,
                12.740211197000065
              ],
              [
                124.13641052500009,
                12.740174882000076
              ],
              [
                124.13638138700003,
                12.740111725000077
              ],
              [
                124.13636519900001,
                12.740059621000057
              ],
              [
                124.13635872400005,
                12.740046990000053
              ],
              [
                124.13635224900008,
                12.740024885000025
              ],
              [
                124.13633120500003,
                12.739972781000063
              ],
              [
                124.1363295860001,
                12.739963307000039
              ],
              [
                124.13632473000007,
                12.739952255000048
              ],
              [
                124.13631339800008,
                12.73991594000006
              ],
              [
                124.13629882900011,
                12.73983699400003
              ],
              [
                124.13629235400003,
                12.739788048000037
              ],
              [
                124.13628911600006,
                12.739702787000056
              ],
              [
                124.13628749700001,
                12.739696472000048
              ],
              [
                124.13628749700001,
                12.73960805300004
              ],
              [
                124.1362907350001,
                12.739584369000056
              ],
              [
                124.13629073400011,
                12.739519634000033
              ],
              [
                124.13629235300004,
                12.739505424000072
              ],
              [
                124.13629559100002,
                12.739488056000027
              ],
              [
                124.13630368500003,
                12.73946279300003
              ],
              [
                124.1363214910001,
                12.739431215000025
              ],
              [
                124.13632958500011,
                12.739423320000071
              ],
              [
                124.13636519700003,
                12.739402795000046
              ],
              [
                124.13637329100004,
                12.73939647900005
              ],
              [
                124.13638624100008,
                12.739382269000032
              ],
              [
                124.13639109700011,
                12.739371216000052
              ],
              [
                124.13639271600005,
                12.739358585000048
              ],
              [
                124.13639271600005,
                12.739336480000077
              ],
              [
                124.13639109700011,
                12.73933016500007
              ],
              [
                124.1363830030001,
                12.739317533000076
              ],
              [
                124.13636681600008,
                12.739308060000042
              ],
              [
                124.13636604100009,
                12.739307736000058
              ],
              [
                124.13635548400009,
                12.739303323000058
              ],
              [
                124.13634739100007,
                12.739301744000045
              ],
              [
                124.1363328220001,
                12.739301745000034
              ],
              [
                124.13631501500004,
                12.739304902000072
              ],
              [
                124.13629397200009,
                12.739314376000038
              ],
              [
                124.1362826400001,
                12.739317534000065
              ],
              [
                124.13626483400003,
                12.739317534000065
              ],
              [
                124.13625674000002,
                12.739315955000052
              ],
              [
                124.1362437900001,
                12.739308060000042
              ],
              [
                124.13622760300007,
                12.73928911300004
              ],
              [
                124.13621465200004,
                12.739282798000033
              ],
              [
                124.13621031700006,
                12.739283644000068
              ],
              [
                124.13620655900002,
                12.739284377000047
              ],
              [
                124.13619360900009,
                12.739290692000054
              ],
              [
                124.13616932700006,
                12.739306482000075
              ],
              [
                124.136167709,
                12.739309639000055
              ],
              [
                124.13613533300008,
                12.73933016500007
              ],
              [
                124.136133846,
                12.739330890000076
              ],
              [
                124.136128858,
                12.73933332300004
              ],
              [
                124.1361207650001,
                12.739334902000053
              ],
              [
                124.13611105200005,
                12.739334902000053
              ],
              [
                124.13610619600001,
                12.73933016500007
              ],
              [
                124.13609486500002,
                12.739309640000045
              ],
              [
                124.13609162700004,
                12.739300166000021
              ],
              [
                124.13608838900007,
                12.739279640000063
              ],
              [
                124.13609000800011,
                12.73927806100005
              ],
              [
                124.13609000800011,
                12.739263851000032
              ],
              [
                124.13609648300007,
                12.739238589000024
              ],
              [
                124.13610619600001,
                12.739219642000023
              ],
              [
                124.13611914600006,
                12.739199116000066
              ],
              [
                124.13613226000007,
                12.739160918000039
              ],
              [
                124.13611121600002,
                12.73910881300003
              ],
              [
                124.136103122,
                12.739096182000026
              ],
              [
                124.13608369600001,
                12.739072498000041
              ],
              [
                124.13606912700004,
                12.739056709000067
              ],
              [
                124.13603837100004,
                12.73903144600007
              ],
              [
                124.13602380200007,
                12.739017236000052
              ],
              [
                124.1360173270001,
                12.739014078000025
              ],
              [
                124.13599628200006,
                12.738996710000038
              ],
              [
                124.13596228800009,
                12.738974605000067
              ],
              [
                124.13593638800012,
                12.738961974000063
              ],
              [
                124.13590239400003,
                12.738941448000048
              ],
              [
                124.13589915600005,
                12.738941448000048
              ],
              [
                124.13588135000009,
                12.738928817000044
              ],
              [
                124.13587811200011,
                12.738928817000044
              ],
              [
                124.13586030600004,
                12.73891618600004
              ],
              [
                124.13584573700007,
                12.73890829100003
              ],
              [
                124.13582954900005,
                12.738895660000026
              ],
              [
                124.13579555500007,
                12.73886092400005
              ],
              [
                124.13572756700012,
                12.738797767000051
              ],
              [
                124.13570814200011,
                12.738774084000056
              ],
              [
                124.13568709800006,
                12.738751979000028
              ],
              [
                124.1356806230001,
                12.738742505000062
              ],
              [
                124.13566443600007,
                12.738726717000077
              ],
              [
                124.13564339200002,
                12.738710927000056
              ],
              [
                124.13559482900007,
                12.738663560000077
              ],
              [
                124.13557054800003,
                12.738644613000076
              ],
              [
                124.1355575980001,
                12.738636719000056
              ],
              [
                124.13553655400005,
                12.738619351000068
              ],
              [
                124.13549679200003,
                12.738572395000062
              ],
              [
                124.13548869800002,
                12.738566079000066
              ],
              [
                124.13547089200006,
                12.738556606000031
              ],
              [
                124.135449848,
                12.738558184000055
              ],
              [
                124.13542071000006,
                12.738566079000066
              ],
              [
                124.13540614100009,
                12.738558184000055
              ],
              [
                124.13540128500006,
                12.738551868000059
              ],
              [
                124.13538024000002,
                12.738532921000058
              ],
              [
                124.13536729000009,
                12.73851555300007
              ],
              [
                124.13536081500001,
                12.738509237000073
              ],
              [
                124.13534300900005,
                12.738483974000076
              ],
              [
                124.13533491500004,
                12.738468185000045
              ],
              [
                124.13531872700003,
                12.73844450100006
              ],
              [
                124.1353057770001,
                12.738431870000056
              ],
              [
                124.13528311400012,
                12.738419238000063
              ],
              [
                124.1352555950001,
                12.738400291000062
              ],
              [
                124.1352475010001,
                12.738398712000048
              ],
              [
                124.13522321900007,
                12.73841765900005
              ],
              [
                124.1352167440001,
                12.738419238000063
              ],
              [
                124.135202176,
                12.73841765900005
              ],
              [
                124.13519246300007,
                12.738414501000022
              ],
              [
                124.13517951300003,
                12.738409764000039
              ],
              [
                124.135163325,
                12.738400291000062
              ],
              [
                124.13515685000004,
                12.738393975000065
              ],
              [
                124.13512609400004,
                12.738375028000064
              ],
              [
                124.13511152500007,
                12.73836239600007
              ],
              [
                124.13510343100006,
                12.738357660000077
              ],
              [
                124.13508724300004,
                12.738338713000076
              ],
              [
                124.13506619900011,
                12.738319766000075
              ],
              [
                124.13503706200004,
                12.738303976000054
              ],
              [
                124.13502249300006,
                12.73829923900007
              ],
              [
                124.13501116200007,
                12.738303976000054
              ],
              [
                124.13500144900001,
                12.738315028000045
              ],
              [
                124.13498849900009,
                12.738324502000069
              ],
              [
                124.13497231100007,
                12.738324502000069
              ],
              [
                124.13494964900008,
                12.738318186000072
              ],
              [
                124.1349043240001,
                12.738286607000077
              ],
              [
                124.13487680500009,
                12.738273976000073
              ],
              [
                124.13485738000008,
                12.73827555500003
              ],
              [
                124.1348152920001,
                12.73828344900005
              ],
              [
                124.13480072300001,
                12.73829134400006
              ],
              [
                124.13478291700005,
                12.738297659000068
              ],
              [
                124.13476511100009,
                12.738299238000025
              ],
              [
                124.13473273600005,
                12.738296080000055
              ],
              [
                124.13471978600012,
                12.738292922000028
              ],
              [
                124.13469388600004,
                12.738289764000058
              ],
              [
                124.13465665500007,
                12.738286606000031
              ],
              [
                124.13462751700001,
                12.738286606000031
              ],
              [
                124.13458866700012,
                12.738281869000048
              ],
              [
                124.1345303920001,
                12.738270816000067
              ],
              [
                124.13452391700002,
                12.738269237000054
              ],
              [
                124.1345190610001,
                12.738266080000074
              ],
              [
                124.13447226300002,
                12.738261344000023
              ],
              [
                124.13444960000004,
                12.738256608000029
              ],
              [
                124.13442693700006,
                12.73825660700004
              ],
              [
                124.13437675600005,
                12.73826765900003
              ],
              [
                124.13435571200012,
                12.73826765900003
              ],
              [
                124.13433790500005,
                12.73826450100006
              ],
              [
                124.13432495500001,
                12.738259764000077
              ],
              [
                124.13431848000005,
                12.738255027000037
              ],
              [
                124.1343087670001,
                12.738243975000046
              ],
              [
                124.13430229200003,
                12.738239238000062
              ],
              [
                124.13429419900001,
                12.738226607000058
              ],
              [
                124.13427639200006,
                12.73820923900007
              ],
              [
                124.13426344200002,
                12.73820134400006
              ],
              [
                124.13425372900008,
                12.73820134400006
              ],
              [
                124.13423754200005,
                12.73820450200003
              ],
              [
                124.13422944800004,
                12.738210817000038
              ],
              [
                124.13421002300004,
                12.738220290000072
              ],
              [
                124.1341889790001,
                12.738225027000055
              ],
              [
                124.13415822200011,
                12.738226606000069
              ],
              [
                124.13412908500004,
                12.738220290000072
              ],
              [
                124.13409509100006,
                12.738206079000065
              ],
              [
                124.1340691910001,
                12.738191869000048
              ],
              [
                124.13403681600005,
                12.738168185000063
              ],
              [
                124.13401091600008,
                12.738152396000032
              ],
              [
                124.13398501600011,
                12.738131870000075
              ],
              [
                124.13397044700002,
                12.738123975000065
              ],
              [
                124.13396397200006,
                12.738117659000068
              ],
              [
                124.13393969100002,
                12.738100291000023
              ],
              [
                124.13391379100005,
                12.738075028000026
              ],
              [
                124.13389922200008,
                12.738065555000048
              ],
              [
                124.13386684700004,
                12.738051344000041
              ],
              [
                124.13378267300004,
                12.738007134000043
              ],
              [
                124.13373734800007,
                12.737991345000069
              ],
              [
                124.13369687900001,
                12.737972397000021
              ],
              [
                124.13364831700005,
                12.737936082000033
              ],
              [
                124.13359621900008,
                12.73788713600004
              ],
              [
                124.13359783800001,
                12.73788713600004
              ],
              [
                124.13345701100002,
                12.737546852000037
              ],
              [
                124.13345701100002,
                12.73753737800007
              ],
              [
                124.13345053600005,
                12.737518431000069
              ],
              [
                124.13344406100009,
                12.737486853000064
              ],
              [
                124.13343434900003,
                12.737453695000056
              ],
              [
                124.1334213990001,
                12.737420538000038
              ],
              [
                124.13341492400002,
                12.737400012000023
              ],
              [
                124.13341330500009,
                12.737388960000033
              ],
              [
                124.13341168600004,
                12.737387381000076
              ],
              [
                124.13340844900006,
                12.737373170000069
              ],
              [
                124.13340359300003,
                12.737362118000021
              ],
              [
                124.13339549900002,
                12.737335276000067
              ],
              [
                124.13337445600007,
                12.737248436000073
              ],
              [
                124.1333679810001,
                12.737207384000044
              ],
              [
                124.13335665000011,
                12.737166332000072
              ],
              [
                124.13334370100006,
                12.737133175000054
              ],
              [
                124.13333075100002,
                12.737107912000056
              ],
              [
                124.13329999500002,
                12.737060545000077
              ],
              [
                124.1332838080001,
                12.737041598000076
              ],
              [
                124.13326276400005,
                12.737022650000029
              ],
              [
                124.13324495800009,
                12.737002124000071
              ],
              [
                124.13323686400008,
                12.736987914000053
              ],
              [
                124.13321744000007,
                12.736961072000042
              ],
              [
                124.13320610900007,
                12.736935810000034
              ],
              [
                124.13320125300004,
                12.73691212600005
              ],
              [
                124.13319801600005,
                12.736885285000028
              ],
              [
                124.13319154100009,
                12.73686475900007
              ],
              [
                124.13318506600001,
                12.736853706000034
              ],
              [
                124.13318344700008,
                12.736847391000026
              ],
              [
                124.13317859100005,
                12.73684107500003
              ],
              [
                124.13317211600008,
                12.736825286000055
              ],
              [
                124.1331688790001,
                12.736811076000038
              ],
              [
                124.13315592900005,
                12.736784234000027
              ],
              [
                124.13314459800006,
                12.736752656000021
              ],
              [
                124.133131649,
                12.736727393000024
              ],
              [
                124.13310089300012,
                12.736680026000045
              ],
              [
                124.13306528100009,
                12.736635816000046
              ],
              [
                124.13305395000009,
                12.736616869000045
              ],
              [
                124.13303711100002,
                12.736565574000053
              ],
              [
                124.1330322550001,
                12.736557679000043
              ],
              [
                124.13301121200004,
                12.736494522000044
              ],
              [
                124.13298693100012,
                12.736442418000024
              ],
              [
                124.13297883700011,
                12.736429787000077
              ],
              [
                124.13297236200003,
                12.736413997000056
              ],
              [
                124.13295293800002,
                12.736377682000068
              ],
              [
                124.13293513200006,
                12.73635241900007
              ],
              [
                124.13293513200006,
                12.736349261000043
              ],
              [
                124.13292218200002,
                12.736322420000022
              ],
              [
                124.13290923200009,
                12.736278210000023
              ],
              [
                124.13290113900007,
                12.736235579000038
              ],
              [
                124.1328946640001,
                12.73621821100005
              ],
              [
                124.132880096,
                12.736164528000074
              ],
              [
                124.13285905300006,
                12.736107687000072
              ],
              [
                124.1328412470001,
                12.736074530000053
              ],
              [
                124.13271499100006,
                12.735623579000048
              ],
              [
                124.13271337300012,
                12.73560621100006
              ],
              [
                124.13270689800004,
                12.735573054000042
              ],
              [
                124.13269880400003,
                12.735554107000041
              ],
              [
                124.13266481200003,
                12.735489371000028
              ],
              [
                124.13265671800002,
                12.735467266000057
              ],
              [
                124.1326518620001,
                12.735440425000036
              ],
              [
                124.13265186300009,
                12.735399373000064
              ],
              [
                124.1326486260001,
                12.735385163000046
              ],
              [
                124.13264215100003,
                12.735369374000072
              ],
              [
                124.13262758300004,
                12.735353585000041
              ],
              [
                124.13261625100006,
                12.735344111000074
              ],
              [
                124.13258873300003,
                12.735333058000037
              ],
              [
                124.13256283300007,
                12.735331479000024
              ],
              [
                124.13254664600004,
                12.73533463700005
              ],
              [
                124.1325142710001,
                12.735334636000061
              ],
              [
                124.13248999100006,
                12.735329899000021
              ],
              [
                124.1324835160001,
                12.735326741000051
              ],
              [
                124.13246732000005,
                12.735306356000024
              ],
              [
                124.1324495130001,
                12.735295303000044
              ],
              [
                124.1324268510001,
                12.73527951400007
              ],
              [
                124.1324187570001,
                12.73527161900006
              ],
              [
                124.13238638300004,
                12.735251093000045
              ],
              [
                124.13237181400007,
                12.735240040000065
              ],
              [
                124.13236695800003,
                12.735238461000051
              ],
              [
                124.13233620200003,
                12.735216356000024
              ],
              [
                124.13230706500008,
                12.735198987000047
              ],
              [
                124.13226497800008,
                12.735165830000028
              ],
              [
                124.13222774700012,
                12.73512951400005
              ],
              [
                124.13221156000009,
                12.73511056700005
              ],
              [
                124.13216138000007,
                12.735063199000024
              ],
              [
                124.13211929300007,
                12.735017410000069
              ],
              [
                124.13210472500009,
                12.734998463000068
              ],
              [
                124.13207720700007,
                12.734954253000069
              ],
              [
                124.13205130800009,
                12.734919516000048
              ],
              [
                124.13204321400008,
                12.734911622000027
              ],
              [
                124.13199141600012,
                12.734837412000047
              ],
              [
                124.13185706600007,
                12.734581365000054
              ],
              [
                124.1318392600001,
                12.73455768100007
              ],
              [
                124.13182954800004,
                12.734538734000068
              ],
              [
                124.13180364900006,
                12.73449768100005
              ],
              [
                124.13179231800007,
                12.734469261000072
              ],
              [
                124.13178422500005,
                12.734456629000022
              ],
              [
                124.13177936900001,
                12.734443998000074
              ],
              [
                124.13177127500012,
                12.734429788000057
              ],
              [
                124.13175994500011,
                12.734393472000022
              ],
              [
                124.13175023300005,
                12.734372946000065
              ],
              [
                124.13175023300005,
                12.734369789000027
              ],
              [
                124.13171624100005,
                12.734309789000065
              ],
              [
                124.13170167300007,
                12.734251369000049
              ],
              [
                124.13169843600008,
                12.73422294900007
              ],
              [
                124.13169681800002,
                12.734166108000068
              ],
              [
                124.13169034400005,
                12.734095057000047
              ],
              [
                124.13169034500004,
                12.73407768900006
              ],
              [
                124.131685489,
                12.734054006000065
              ],
              [
                124.13168387000007,
                12.73403348000005
              ],
              [
                124.13167901500003,
                12.73401453300005
              ],
              [
                124.13167254000007,
                12.734000322000043
              ],
              [
                124.13166282800012,
                12.733967165000024
              ],
              [
                124.13165959100002,
                12.733960850000074
              ],
              [
                124.13165635400003,
                12.733946639000067
              ],
              [
                124.13165635400003,
                12.733930850000036
              ],
              [
                124.13166768500002,
                12.733894536000037
              ],
              [
                124.13168225400011,
                12.733867695000072
              ],
              [
                124.13168711100002,
                12.733861379000075
              ],
              [
                124.13169844200002,
                12.733839274000047
              ],
              [
                124.131721104,
                12.73382190700005
              ],
              [
                124.13172757900008,
                12.733809276000045
              ],
              [
                124.13173081700006,
                12.733795066000027
              ],
              [
                124.13172434300009,
                12.733772961000057
              ],
              [
                124.13170977400011,
                12.733757171000036
              ],
              [
                124.1317016810001,
                12.733752435000042
              ],
              [
                124.13168873100005,
                12.733749277000072
              ],
              [
                124.13167416300007,
                12.733741382000062
              ],
              [
                124.1316676880001,
                12.733736645000022
              ],
              [
                124.13165473800007,
                12.733722435000061
              ],
              [
                124.13165312000001,
                12.73370664600003
              ],
              [
                124.13166283300006,
                12.733679804000076
              ],
              [
                124.13167092700007,
                12.73364822600007
              ],
              [
                124.13167092700007,
                12.73364033200005
              ],
              [
                124.13164341000004,
                12.733611960000076
              ],
              [
                124.13163207900004,
                12.733591434000061
              ],
              [
                124.13162722300001,
                12.733559856000056
              ],
              [
                124.13161589300012,
                12.733533014000045
              ],
              [
                124.13160294300008,
                12.733523540000022
              ],
              [
                124.13159323100001,
                12.733514067000044
              ],
              [
                124.13158351900006,
                12.73349038300006
              ],
              [
                124.13158028200007,
                12.733476173000042
              ],
              [
                124.13157380700011,
                12.733458804000065
              ],
              [
                124.13156085800006,
                12.733439857000064
              ],
              [
                124.1315511460001,
                12.733420910000063
              ],
              [
                124.13154629000007,
                12.73340038400005
              ],
              [
                124.13154629000007,
                12.733384595000075
              ],
              [
                124.13154467200002,
                12.73337512200004
              ],
              [
                124.13154467200002,
                12.733326175000059
              ],
              [
                124.13154305400008,
                12.733319860000051
              ],
              [
                124.13154305500007,
                12.733253546000071
              ],
              [
                124.13154629300004,
                12.733231441000044
              ],
              [
                124.13154629300004,
                12.73321881000004
              ],
              [
                124.13154791200009,
                12.733217231000026
              ],
              [
                124.13154791200009,
                12.733209336000073
              ],
              [
                124.131552768,
                12.733188810000058
              ],
              [
                124.131552768,
                12.733180916000038
              ],
              [
                124.13155924400007,
                12.733150917000046
              ],
              [
                124.13155924400007,
                12.733133549000058
              ],
              [
                124.13156086300012,
                12.733125654000048
              ],
              [
                124.13156086400011,
                12.733078287000069
              ],
              [
                124.13155438900003,
                12.733038814000054
              ],
              [
                124.13155439000002,
                12.733027762000063
              ],
              [
                124.13154791500006,
                12.732994605000044
              ],
              [
                124.13153496600012,
                12.73295197400006
              ],
              [
                124.13150906800001,
                12.732882502000052
              ],
              [
                124.1315042120001,
                12.732857239000055
              ],
              [
                124.13150259400004,
                12.732855660000041
              ],
              [
                124.13150259400004,
                12.732843029000037
              ],
              [
                124.131497738,
                12.732803556000022
              ],
              [
                124.1314977400001,
                12.732727769000064
              ],
              [
                124.13150097700009,
                12.732705664000036
              ],
              [
                124.13152040700004,
                12.73246572000005
              ],
              [
                124.13153173800004,
                12.732412037000074
              ],
              [
                124.13153335700008,
                12.732389932000046
              ],
              [
                124.13153659500006,
                12.732380459000069
              ],
              [
                124.13154145200008,
                12.73233940700004
              ],
              [
                124.13154307100001,
                12.73233624900007
              ],
              [
                124.13155440300011,
                12.73226204100007
              ],
              [
                124.13155602200004,
                12.732260462000056
              ],
              [
                124.13156411500006,
                12.732228884000051
              ],
              [
                124.1315657350001,
                12.732184674000052
              ],
              [
                124.13156249800011,
                12.732156254000074
              ],
              [
                124.13154954900006,
                12.732104150000055
              ],
              [
                124.13153821900005,
                12.732037835000028
              ],
              [
                124.13151232200005,
                12.731933627000046
              ],
              [
                124.13151232200005,
                12.731925732000036
              ],
              [
                124.13150746600002,
                12.731895733000044
              ],
              [
                124.13150908700004,
                12.731752053000037
              ],
              [
                124.13151718300003,
                12.731657318000032
              ],
              [
                124.1315236580001,
                12.731622583000046
              ],
              [
                124.13152851400002,
                12.731605215000059
              ],
              [
                124.13154308300011,
                12.73157205800004
              ],
              [
                124.13158840900007,
                12.73144710500003
              ],
              [
                124.13160783500007,
                12.731402896000077
              ],
              [
                124.13161431000003,
                12.73138079100005
              ],
              [
                124.13162240400004,
                12.731363423000062
              ],
              [
                124.13163535400008,
                12.731327108000073
              ],
              [
                124.13164344800009,
                12.731292372000041
              ],
              [
                124.131648304,
                12.731278162000024
              ],
              [
                124.1316515420001,
                12.731256058000042
              ],
              [
                124.13165963600011,
                12.731224480000037
              ],
              [
                124.13166125500004,
                12.731188165000049
              ],
              [
                124.13166449300002,
                12.731169218000048
              ],
              [
                124.13166449300002,
                12.731159744000024
              ],
              [
                124.1316677310001,
                12.731148692000033
              ],
              [
                124.13167258700003,
                12.731117114000028
              ],
              [
                124.13168068100003,
                12.73109658800007
              ],
              [
                124.13171143700004,
                12.731046064000054
              ],
              [
                124.13173895600005,
                12.731012907000036
              ],
              [
                124.13175190600009,
                12.731001855000045
              ],
              [
                124.1317713300001,
                12.730976593000037
              ],
              [
                124.13181665500008,
                12.730940279000038
              ],
              [
                124.13182313000004,
                12.730926069000077
              ],
              [
                124.1318247480001,
                12.730921332000037
              ],
              [
                124.13182474900009,
                12.730905543000063
              ],
              [
                124.13182313000004,
                12.730886596000062
              ],
              [
                124.13181989300006,
                12.730872386000044
              ],
              [
                124.13181989300006,
                12.730855018000057
              ],
              [
                124.13181503800001,
                12.730817124000055
              ],
              [
                124.13181503800001,
                12.730783967000036
              ],
              [
                124.13182960800009,
                12.73072239000004
              ],
              [
                124.13184579500012,
                12.730682917000024
              ],
              [
                124.1318571270001,
                12.730629234000048
              ],
              [
                124.1318846470001,
                12.730563700000062
              ],
              [
                124.13189921500009,
                12.730549490000044
              ],
              [
                124.13191054700007,
                12.730541595000034
              ],
              [
                124.13195101400004,
                12.730528965000076
              ],
              [
                124.13195910800005,
                12.730524228000036
              ],
              [
                124.131976914,
                12.730510018000075
              ],
              [
                124.13199472000008,
                12.730487914000037
              ],
              [
                124.13200767,
                12.730459493000069
              ],
              [
                124.13200928900005,
                12.730451599000048
              ],
              [
                124.13200929000004,
                12.730390021000062
              ],
              [
                124.1320109080001,
                12.730377390000058
              ],
              [
                124.13201576500012,
                12.730364759000054
              ],
              [
                124.13202871500005,
                12.73034107500007
              ],
              [
                124.13204490200008,
                12.730328444000065
              ],
              [
                124.13207080100005,
                12.730315813000061
              ],
              [
                124.13209993800001,
                12.730303183000046
              ],
              [
                124.13211288800005,
                12.730300025000076
              ],
              [
                124.13212583800009,
                12.730290552000042
              ],
              [
                124.13213069400001,
                12.730284236000045
              ],
              [
                124.13215173700007,
                12.730246343000033
              ],
              [
                124.13216145000001,
                12.730235290000053
              ],
              [
                124.1321873490001,
                12.730221081000025
              ],
              [
                124.1322213420001,
                12.730210029000034
              ],
              [
                124.13224173700007,
                12.730165819000035
              ],
              [
                124.13226439900006,
                12.730086874000051
              ],
              [
                124.13227249300007,
                12.73004898000005
              ],
              [
                124.13227573100005,
                12.730036349000045
              ],
              [
                124.13227896800004,
                12.730030033000048
              ],
              [
                124.13228706300004,
                12.72999371900005
              ],
              [
                124.13230001200009,
                12.729962141000044
              ],
              [
                124.13231458100006,
                12.729944773000057
              ],
              [
                124.13235181100004,
                12.729914774000065
              ],
              [
                124.13236476100008,
                12.729908459000058
              ],
              [
                124.13237771100012,
                12.729906880000044
              ],
              [
                124.13240199100005,
                12.729906880000044
              ],
              [
                124.13241008500006,
                12.729908459000058
              ],
              [
                124.13242950900008,
                12.729917933000024
              ],
              [
                124.13243436500011,
                12.729922670000064
              ],
              [
                124.13245864500004,
                12.729922670000064
              ],
              [
                124.13247807000005,
                12.72991793400007
              ],
              [
                124.13248454500001,
                12.729914776000044
              ],
              [
                124.13249425700008,
                12.729914776000044
              ],
              [
                124.13251530000002,
                12.729932144000031
              ],
              [
                124.13252663000003,
                12.729946355000038
              ],
              [
                124.13252824900007,
                12.729951091000032
              ],
              [
                124.13254767300009,
                12.729971617000047
              ],
              [
                124.13255900400009,
                12.729979512000057
              ],
              [
                124.13257357200007,
                12.72998109100007
              ],
              [
                124.13258652200011,
                12.729976355000076
              ],
              [
                124.13259623400006,
                12.72996530200004
              ],
              [
                124.1326091840001,
                12.72992583000007
              ],
              [
                124.13261080300003,
                12.729905304000056
              ],
              [
                124.13260756600005,
                12.729886357000055
              ],
              [
                124.1326059480001,
                12.729880041000058
              ],
              [
                124.13259299800006,
                12.729853200000036
              ],
              [
                124.13258328600011,
                12.729842147000056
              ],
              [
                124.13255415000003,
                12.729820042000028
              ],
              [
                124.13250990100005,
                12.72980136600006
              ],
              [
                124.13249533200008,
                12.729798208000034
              ],
              [
                124.13247105200003,
                12.729788734000067
              ],
              [
                124.1324467720001,
                12.729788734000067
              ],
              [
                124.13243058500007,
                12.729791891000048
              ],
              [
                124.13241763500002,
                12.729796628000031
              ],
              [
                124.132398211,
                12.729799785000068
              ],
              [
                124.13237554900002,
                12.729799785000068
              ],
              [
                124.13235126900008,
                12.729795048000028
              ],
              [
                124.13233184400008,
                12.729783995000048
              ],
              [
                124.13232213200001,
                12.729771364000044
              ],
              [
                124.13231242100005,
                12.729752417000043
              ],
              [
                124.13230594600009,
                12.729730312000072
              ],
              [
                124.13230432800003,
                12.729719260000024
              ],
              [
                124.13230432800003,
                12.729697155000053
              ],
              [
                124.13230756500002,
                12.729679787000066
              ],
              [
                124.13231565900003,
                12.729652946000044
              ],
              [
                124.13231565900003,
                12.729638735000037
              ],
              [
                124.1323108040001,
                12.72961821000007
              ],
              [
                124.13230594800007,
                12.729608736000046
              ],
              [
                124.13229299800003,
                12.729591368000058
              ],
              [
                124.13226871800009,
                12.72956610500006
              ],
              [
                124.132250913,
                12.729537685000025
              ],
              [
                124.13224120100006,
                12.72950294800006
              ],
              [
                124.13223796400007,
                12.729477686000052
              ],
              [
                124.13223958300011,
                12.729461897000022
              ],
              [
                124.1322395840001,
                12.729406635000032
              ],
              [
                124.13223472800007,
                12.729375057000027
              ],
              [
                124.13223472900006,
                12.729356110000026
              ],
              [
                124.13223311000002,
                12.72935453100007
              ],
              [
                124.13223311100012,
                12.729316637000068
              ],
              [
                124.13223472900006,
                12.72930242700005
              ],
              [
                124.1322250180001,
                12.729248744000074
              ],
              [
                124.13222501900009,
                12.729210851000062
              ],
              [
                124.13222825600008,
                12.729188746000034
              ],
              [
                124.13222825700007,
                12.729174536000073
              ],
              [
                124.1322331130001,
                12.729139800000041
              ],
              [
                124.1322331130001,
                12.729130327000064
              ],
              [
                124.13223958800006,
                12.729105064000066
              ],
              [
                124.1322412070001,
                12.729092433000062
              ],
              [
                124.13224606400001,
                12.729076644000031
              ],
              [
                124.13224930100012,
                12.729071907000048
              ],
              [
                124.13225092000005,
                12.729036527000062
              ],
              [
                124.13224606500012,
                12.72900968600004
              ],
              [
                124.13224768400005,
                12.728967055000055
              ],
              [
                124.13226225300002,
                12.728900741000075
              ],
              [
                124.13226549,
                12.728894425000021
              ],
              [
                124.13226710900005,
                12.72888337300003
              ],
              [
                124.13227358400002,
                12.72886442600003
              ],
              [
                124.13228329700007,
                12.728826532000028
              ],
              [
                124.13229301000001,
                12.728766534000044
              ],
              [
                124.1322962480001,
                12.728730219000056
              ],
              [
                124.13230110400002,
                12.728711272000055
              ],
              [
                124.13230272300007,
                12.728697062000037
              ],
              [
                124.13231243500002,
                12.728670221000073
              ],
              [
                124.13231729200004,
                12.728657590000068
              ],
              [
                124.13232214800007,
                12.728649695000058
              ],
              [
                124.13233024200008,
                12.72862443300005
              ],
              [
                124.13236585400011,
                12.728537593000055
              ],
              [
                124.13238689800005,
                12.728493384000046
              ],
              [
                124.13239822900005,
                12.728455491000034
              ],
              [
                124.13241765400005,
                12.728404966000028
              ],
              [
                124.13245002800011,
                12.728343389000031
              ],
              [
                124.1324613590001,
                12.728314969000053
              ],
              [
                124.132477547,
                12.728283391000048
              ],
              [
                124.13250182700006,
                12.72825023400003
              ],
              [
                124.13251315800005,
                12.728240761000052
              ],
              [
                124.13252125200006,
                12.728231288000075
              ],
              [
                124.1325454250001,
                12.728213616000062
              ],
              [
                124.13260855400006,
                12.72820572300003
              ],
              [
                124.13265549500011,
                12.728204144000074
              ],
              [
                124.13267653800006,
                12.728200987000037
              ],
              [
                124.13269920000005,
                12.72819467100004
              ],
              [
                124.13273804900007,
                12.728178883000055
              ],
              [
                124.1327655660001,
                12.728164673000038
              ],
              [
                124.13281736500005,
                12.728128358000049
              ],
              [
                124.13288211300005,
                12.728087307000067
              ],
              [
                124.13296142900003,
                12.728043099000047
              ],
              [
                124.1329824720001,
                12.728027310000073
              ],
              [
                124.13302132000001,
                12.728003627000021
              ],
              [
                124.1330472200001,
                12.727983101000063
              ],
              [
                124.13305531300011,
                12.727979944000026
              ],
              [
                124.13308121200009,
                12.727960997000025
              ],
              [
                124.13310878100003,
                12.727943787000072
              ],
              [
                124.13312168000004,
                12.727935735000074
              ],
              [
                124.13314919700008,
                12.72791520900006
              ],
              [
                124.13315243500006,
                12.72791520900006
              ],
              [
                124.13317509700005,
                12.727897842000061
              ],
              [
                124.13320261400008,
                12.727883632000044
              ],
              [
                124.13323498800003,
                12.727872580000053
              ],
              [
                124.13327383700005,
                12.727867844000059
              ],
              [
                124.13330621000011,
                12.727867844000059
              ],
              [
                124.13332563500012,
                12.727863107000076
              ],
              [
                124.13333696600012,
                12.727856792000068
              ],
              [
                124.133348296,
                12.727847318000045
              ],
              [
                124.13337693200003,
                12.727800269000056
              ],
              [
                124.13340445000006,
                12.72774974400005
              ],
              [
                124.13341901900003,
                12.727729218000036
              ],
              [
                124.1334287310001,
                12.727719745000059
              ],
              [
                124.13344168000003,
                12.727702377000071
              ],
              [
                124.1334627230001,
                12.727680272000043
              ],
              [
                124.13347891,
                12.727666063000072
              ],
              [
                124.13349186000005,
                12.727658168000062
              ],
              [
                124.13355013300009,
                12.727613959000053
              ],
              [
                124.13357279400009,
                12.727588697000044
              ],
              [
                124.13360355000009,
                12.727544488000035
              ],
              [
                124.13362621200008,
                12.727516067000067
              ],
              [
                124.13364078000006,
                12.727490805000059
              ],
              [
                124.13368448500012,
                12.727432386000032
              ],
              [
                124.1336877220001,
                12.727424491000022
              ],
              [
                124.13370714700011,
                12.727396071000044
              ],
              [
                124.13371200300003,
                12.72739133400006
              ],
              [
                124.13372819000006,
                12.727364493000039
              ],
              [
                124.133737902,
                12.727353441000048
              ],
              [
                124.13374113900011,
                12.727347125000051
              ],
              [
                124.13374599500003,
                12.727342388000068
              ],
              [
                124.1337638010001,
                12.72731712600006
              ],
              [
                124.13378160700006,
                12.727282390000028
              ],
              [
                124.13379617500004,
                12.727260286000046
              ],
              [
                124.13380912500008,
                12.727236602000062
              ],
              [
                124.13381560000005,
                12.72722081300003
              ],
              [
                124.1338285490001,
                12.727203445000043
              ],
              [
                124.13385283000002,
                12.727176604000022
              ],
              [
                124.13385606700001,
                12.727170288000025
              ],
              [
                124.13387225400004,
                12.727152920000037
              ],
              [
                124.1338819660001,
                12.727145026000073
              ],
              [
                124.13390301000004,
                12.727119764000065
              ],
              [
                124.13390948400001,
                12.727115027000025
              ],
              [
                124.13392405200011,
                12.727097659000037
              ],
              [
                124.13393052700008,
                12.727092922000054
              ],
              [
                124.13398718200006,
                12.727034503000027
              ],
              [
                124.13400336900008,
                12.727020293000066
              ],
              [
                124.13405678600009,
                12.72695397900003
              ],
              [
                124.13406811700008,
                12.726935032000029
              ],
              [
                124.13414119000004,
                12.726833455000076
              ],
              [
                124.13416870700007,
                12.726789246000067
              ],
              [
                124.13418165700011,
                12.726773457000036
              ],
              [
                124.13419136900006,
                12.726757668000062
              ],
              [
                124.1341962250001,
                12.72674661600007
              ],
              [
                124.13421079300008,
                12.72672766900007
              ],
              [
                124.13423345500007,
                12.726683459000071
              ],
              [
                124.13426906600012,
                12.726631355000052
              ],
              [
                124.1342723030001,
                12.726623461000031
              ],
              [
                124.13429172800011,
                12.72659346100005
              ],
              [
                124.13429820200008,
                12.726579251000032
              ],
              [
                124.13430953300008,
                12.726563462000058
              ],
              [
                124.13432248300012,
                12.726541358000077
              ],
              [
                124.13432733900004,
                12.726536621000037
              ],
              [
                124.13436456900001,
                12.726476623000053
              ],
              [
                124.134409892,
                12.72641188800003
              ],
              [
                124.13443093500007,
                12.726373994000028
              ],
              [
                124.13443255400011,
                12.726367678000031
              ],
              [
                124.13444064700002,
                12.726355047000027
              ],
              [
                124.13446169000008,
                12.726326627000049
              ],
              [
                124.13446816500004,
                12.726320311000052
              ],
              [
                124.13447949500005,
                12.726302943000064
              ],
              [
                124.13452643700009,
                12.72624926100002
              ],
              [
                124.13455233600007,
                12.726205051000022
              ],
              [
                124.13456366700007,
                12.72617978900007
              ],
              [
                124.13459118500009,
                12.726140316000055
              ],
              [
                124.134596041,
                12.726126106000038
              ],
              [
                124.1346025150001,
                12.726115054000047
              ],
              [
                124.13462032100006,
                12.726036109000063
              ],
              [
                124.13462032100006,
                12.726028214000053
              ],
              [
                124.13462355900003,
                12.726015583000049
              ],
              [
                124.13462355900003,
                12.72598716300007
              ],
              [
                124.1346219400001,
                12.725980847000073
              ],
              [
                124.1346106100001,
                12.725958742000046
              ],
              [
                124.13459118600008,
                12.725936637000075
              ],
              [
                124.13457338,
                12.72592400600007
              ],
              [
                124.1345652870001,
                12.725920848000044
              ],
              [
                124.13452967600006,
                12.725895585000046
              ],
              [
                124.1345199640001,
                12.725884533000055
              ],
              [
                124.13451349000002,
                12.725879796000072
              ],
              [
                124.13448921000008,
                12.72583725800007
              ],
              [
                124.13447302400004,
                12.725823047000063
              ],
              [
                124.13446493000004,
                12.725810416000058
              ],
              [
                124.13445360000003,
                12.725797785000054
              ],
              [
                124.13444388800008,
                12.725775680000027
              ],
              [
                124.13443903200005,
                12.725758312000039
              ],
              [
                124.13443579500006,
                12.725734628000055
              ],
              [
                124.13443579500006,
                12.72572199700005
              ],
              [
                124.13444065100009,
                12.725690419000045
              ],
              [
                124.13445036300004,
                12.725671472000045
              ],
              [
                124.13446169400004,
                12.725657262000027
              ],
              [
                124.13447626200002,
                12.725644631000023
              ],
              [
                124.13448111800005,
                12.725638315000026
              ],
              [
                124.13450377900006,
                12.725619368000025
              ],
              [
                124.13453129700008,
                12.725590948000047
              ],
              [
                124.13454586500006,
                12.725572001000046
              ],
              [
                124.13455234000003,
                12.725559370000042
              ],
              [
                124.1345733820001,
                12.725527792000037
              ],
              [
                124.13460251900005,
                12.725470951000034
              ],
              [
                124.1346154680001,
                12.725440952000042
              ],
              [
                124.13461870600008,
                12.725429900000051
              ],
              [
                124.13462356200012,
                12.725422005000041
              ],
              [
                124.13462518000006,
                12.725414111000077
              ],
              [
                124.1346381300001,
                12.725385690000053
              ],
              [
                124.13465107900004,
                12.725350954000021
              ],
              [
                124.13465755400011,
                12.72532095500003
              ],
              [
                124.13465755400011,
                12.725290956000038
              ],
              [
                124.13465431700001,
                12.725270430000023
              ],
              [
                124.13465108000003,
                12.72526253600006
              ],
              [
                124.13464460500006,
                12.725232536000021
              ],
              [
                124.134642987,
                12.725216747000047
              ],
              [
                124.134642987,
                12.725185169000042
              ],
              [
                124.13465269900007,
                12.725123592000045
              ],
              [
                124.13466241100002,
                12.725082540000074
              ],
              [
                124.1346688860001,
                12.72506517200003
              ],
              [
                124.13467212300009,
                12.725049383000055
              ],
              [
                124.13467698000011,
                12.725038331000064
              ],
              [
                124.13468021800009,
                12.724981433000039
              ],
              [
                124.13468669300005,
                12.724941960000024
              ],
              [
                124.1346883120001,
                12.724905645000035
              ],
              [
                124.13469154900008,
                12.72487880400007
              ],
              [
                124.13469316800001,
                12.72481564700007
              ],
              [
                124.13469478700006,
                12.72480775200006
              ],
              [
                124.13469640500011,
                12.724768280000035
              ],
              [
                124.13469964300009,
                12.724755648000041
              ],
              [
                124.13470288000008,
                12.724722491000023
              ],
              [
                124.13470935500004,
                12.724687755000048
              ],
              [
                124.13470935500004,
                12.724679860000037
              ],
              [
                124.13472392300002,
                12.724632493000058
              ],
              [
                124.13473363500009,
                12.724594599000056
              ],
              [
                124.13476600900003,
                12.724493549000044
              ],
              [
                124.13478705200009,
                12.724409867000077
              ],
              [
                124.13478867000003,
                12.724401973000056
              ],
              [
                124.13478867100002,
                12.724356184000044
              ],
              [
                124.13478543300005,
                12.724335659000076
              ],
              [
                124.13477895900007,
                12.724321448000069
              ],
              [
                124.1347757210001,
                12.724308817000065
              ],
              [
                124.13474820400006,
                12.724251976000062
              ],
              [
                124.13473849200011,
                12.724223556000027
              ],
              [
                124.13473687400005,
                12.724195135000059
              ],
              [
                124.13473525500001,
                12.724188820000052
              ],
              [
                124.13473525500001,
                12.724168294000037
              ],
              [
                124.13474173000009,
                12.724135137000076
              ],
              [
                124.13474173000009,
                12.72410671700004
              ],
              [
                124.13472882000008,
                12.724048338000046
              ],
              [
                124.13471748900008,
                12.724024654000061
              ],
              [
                124.13470130300004,
                12.724002550000023
              ],
              [
                124.13468673500006,
                12.72398676000006
              ],
              [
                124.134673786,
                12.723958340000024
              ],
              [
                124.13466893000009,
                12.72393149800007
              ],
              [
                124.13466407400006,
                12.723882552000077
              ],
              [
                124.13465759900009,
                12.723855710000066
              ],
              [
                124.13465759900009,
                12.72384939400007
              ],
              [
                124.13464626900009,
                12.723820974000034
              ],
              [
                124.13463493800009,
                12.723784659000046
              ],
              [
                124.13463008200006,
                12.723778343000049
              ],
              [
                124.13462360800008,
                12.723764133000032
              ],
              [
                124.13459609100005,
                12.723688345000028
              ],
              [
                124.13459123500002,
                12.723669398000027
              ],
              [
                124.13458799800003,
                12.723663083000076
              ],
              [
                124.13458476100004,
                12.723639399000035
              ],
              [
                124.13457504900009,
                12.723599926000077
              ],
              [
                124.13457019300006,
                12.72358887400003
              ],
              [
                124.13455562500008,
                12.723539928000037
              ],
              [
                124.1345378200001,
                12.723497297000051
              ],
              [
                124.1345378200001,
                12.723492560000068
              ],
              [
                124.13453134600002,
                12.723475192000024
              ],
              [
                124.13452810800004,
                12.723460982000063
              ],
              [
                124.13452163400007,
                12.723394668000026
              ],
              [
                124.13452163400007,
                12.723350459000073
              ],
              [
                124.13452325300011,
                12.723344143000077
              ],
              [
                124.13452325300011,
                12.723323617000062
              ],
              [
                124.13452649100009,
                12.723299934000067
              ],
              [
                124.13452649100009,
                12.723284145000036
              ],
              [
                124.13453458400011,
                12.723258882000039
              ],
              [
                124.13454267700001,
                12.723246251000035
              ],
              [
                124.13455238900008,
                12.723236778000057
              ],
              [
                124.13459285600004,
                12.723206778000076
              ],
              [
                124.13460418700004,
                12.723189411000021
              ],
              [
                124.1346284660001,
                12.723132570000075
              ],
              [
                124.13464627200005,
                12.723063098000068
              ],
              [
                124.13465436600006,
                12.723001417000035
              ],
              [
                124.13465436600006,
                12.722990364000054
              ],
              [
                124.13466084100003,
                12.722939839000048
              ],
              [
                124.13466245900008,
                12.722936681000022
              ],
              [
                124.13466569700006,
                12.722895630000039
              ],
              [
                124.13467217200002,
                12.722854578000067
              ],
              [
                124.13467379000008,
                12.722852999000054
              ],
              [
                124.13468997700011,
                12.722778790000064
              ],
              [
                124.13469483300003,
                12.722764580000046
              ],
              [
                124.13470454500009,
                12.722707740000033
              ],
              [
                124.13471911300007,
                12.72265089900003
              ],
              [
                124.13472235100005,
                12.722644584000022
              ],
              [
                124.1347239690001,
                12.722635110000056
              ],
              [
                124.13473853700009,
                12.722587743000076
              ],
              [
                124.13474501200005,
                12.722573533000059
              ],
              [
                124.13475148700002,
                12.722551428000031
              ],
              [
                124.13477576700006,
                12.722505640000065
              ],
              [
                124.13479357200004,
                12.722480377000068
              ],
              [
                124.13481785200008,
                12.722459852000043
              ],
              [
                124.13483242000007,
                12.722444063000069
              ],
              [
                124.13485346200002,
                12.722409327000037
              ],
              [
                124.13486155600003,
                12.722388801000022
              ],
              [
                124.13486641200006,
                12.722366696000051
              ],
              [
                124.13486803,
                12.722333539000033
              ],
              [
                124.13487288600004,
                12.722309856000038
              ],
              [
                124.13488583600008,
                12.72228459300004
              ],
              [
                124.1349052600001,
                12.722260910000045
              ],
              [
                124.13492954000003,
                12.722240384000031
              ],
              [
                124.13494734500011,
                12.722230910000064
              ],
              [
                124.13495220100003,
                12.72222617400007
              ],
              [
                124.13498782200008,
                12.722204064000039
              ],
              [
                124.13502019500004,
                12.722186696000051
              ],
              [
                124.13504771200007,
                12.722174065000047
              ],
              [
                124.13507361100005,
                12.72215669700006
              ],
              [
                124.13508494100006,
                12.722147223000036
              ],
              [
                124.13508979700009,
                12.722140908000029
              ],
              [
                124.13510274600003,
                12.722131434000062
              ],
              [
                124.13513188200011,
                12.72210143500007
              ],
              [
                124.1351464500001,
                12.722080909000056
              ],
              [
                124.13519339100003,
                12.722025648000056
              ],
              [
                124.13520472100004,
                12.722008280000068
              ],
              [
                124.13520957700007,
                12.722003543000028
              ],
              [
                124.13522090800006,
                12.72198301700007
              ],
              [
                124.1352257640001,
                12.721978281000077
              ],
              [
                124.13523385700012,
                12.721964071000059
              ],
              [
                124.13525004300004,
                12.721941966000031
              ],
              [
                124.13526623000007,
                12.721915125000066
              ],
              [
                124.13532288300007,
                12.72184565300006
              ],
              [
                124.1353536370001,
                12.721795128000053
              ],
              [
                124.13536334900004,
                12.72178249700005
              ],
              [
                124.13538924700003,
                12.721741445000077
              ],
              [
                124.13540057800003,
                12.721720919000063
              ],
              [
                124.13541676400007,
                12.721689341000058
              ],
              [
                124.13542485800008,
                12.721667237000077
              ],
              [
                124.13545791700005,
                12.721551816000044
              ],
              [
                124.13546762900012,
                12.72152813200006
              ],
              [
                124.13547734100007,
                12.721491818000061
              ],
              [
                124.13548867100008,
                12.721434977000058
              ],
              [
                124.13549514600004,
                12.721371820000059
              ],
              [
                124.13550162100012,
                12.721341821000067
              ],
              [
                124.13550162100012,
                12.721292875000074
              ],
              [
                124.1355048580001,
                12.721267613000066
              ],
              [
                124.1355048580001,
                12.721254981000072
              ],
              [
                124.13550971400002,
                12.721232877000034
              ],
              [
                124.13551457000005,
                12.721193404000076
              ],
              [
                124.1355275190001,
                12.721141300000056
              ],
              [
                124.1355307560001,
                12.721136563000073
              ],
              [
                124.13554370600002,
                12.721086038000067
              ],
              [
                124.135546943,
                12.721057618000032
              ],
              [
                124.13555827300002,
                12.721013409000022
              ],
              [
                124.13557284100011,
                12.720989725000038
              ],
              [
                124.13558255300006,
                12.720978673000047
              ],
              [
                124.13560359500002,
                12.720958147000033
              ],
              [
                124.13562301900004,
                12.720943937000072
              ],
              [
                124.1356327310001,
                12.720934463000049
              ],
              [
                124.13564244300005,
                12.720913937000034
              ],
              [
                124.13565215500012,
                12.72088709600007
              ],
              [
                124.13565862900009,
                12.720860255000048
              ],
              [
                124.13566024800002,
                12.72084288700006
              ],
              [
                124.1356667230001,
                12.720817624000063
              ],
              [
                124.13566996000009,
                12.720812887000022
              ],
              [
                124.1356812900001,
                12.720784467000044
              ],
              [
                124.13569585800008,
                12.720757626000022
              ],
              [
                124.13570071400011,
                12.720752889000039
              ],
              [
                124.13570395200009,
                12.720744994000029
              ],
              [
                124.1357120450001,
                12.720733942000038
              ],
              [
                124.13572499400004,
                12.72070867900004
              ],
              [
                124.13572661300009,
                12.720702364000033
              ],
              [
                124.135731469,
                12.720696048000036
              ],
              [
                124.13574279900001,
                12.720673943000065
              ],
              [
                124.13575089200003,
                12.720662891000075
              ],
              [
                124.13581228900011,
                12.720555087000037
              ],
              [
                124.13581876400008,
                12.720547193000073
              ],
              [
                124.1358268570001,
                12.720532982000066
              ],
              [
                124.13583656900005,
                12.720510877000038
              ],
              [
                124.1358608480001,
                12.720469826000055
              ],
              [
                124.13586894100001,
                12.720458773000075
              ],
              [
                124.13589160200002,
                12.720416143000023
              ],
              [
                124.13590455100007,
                12.720397196000022
              ],
              [
                124.13591102600003,
                12.720384565000074
              ],
              [
                124.13591588200006,
                12.720379828000034
              ],
              [
                124.13592397500008,
                12.72036403900006
              ],
              [
                124.13593854300007,
                12.72034509200006
              ],
              [
                124.13594825400003,
                12.720319829000061
              ],
              [
                124.13598386400008,
                12.720262989000048
              ],
              [
                124.13601785600008,
                12.720221937000076
              ],
              [
                124.13605508400008,
                12.72016351700006
              ],
              [
                124.13606965200006,
                12.720147728000029
              ],
              [
                124.13607612600003,
                12.720142992000035
              ],
              [
                124.13609069400002,
                12.720135097000025
              ],
              [
                124.13610364300007,
                12.720131939000055
              ],
              [
                124.13617810000005,
                12.720125624000048
              ],
              [
                124.136199142,
                12.720122466000078
              ],
              [
                124.13620723600002,
                12.72011930800005
              ],
              [
                124.13623637100011,
                12.720112992000054
              ],
              [
                124.13624932000005,
                12.720105098000033
              ],
              [
                124.13625741300007,
                12.72009246600004
              ],
              [
                124.13625741300007,
                12.720054573000027
              ],
              [
                124.13625903200011,
                12.720040362000077
              ],
              [
                124.13626550600009,
                12.720027731000073
              ],
              [
                124.13627845500002,
                12.720021416000066
              ],
              [
                124.136293023,
                12.720019837000052
              ],
              [
                124.13631892100011,
                12.720019837000052
              ],
              [
                124.13632377700003,
                12.720021416000066
              ],
              [
                124.13634158200011,
                12.720021415000076
              ],
              [
                124.13634805700008,
                12.720019837000052
              ],
              [
                124.1363674800001,
                12.720008784000072
              ],
              [
                124.13638528500007,
                12.719994574000054
              ],
              [
                124.13639823400001,
                12.719975627000053
              ],
              [
                124.13640309000004,
                12.71996299600005
              ],
              [
                124.13640470900009,
                12.719947207000075
              ],
              [
                124.13639985300006,
                12.71992668100006
              ],
              [
                124.1363933780001,
                12.719914050000057
              ],
              [
                124.13639176000004,
                12.719906155000047
              ],
              [
                124.13638852300005,
                12.719901418000063
              ],
              [
                124.13638204800009,
                12.719874577000041
              ],
              [
                124.13638204800009,
                12.719868261000045
              ],
              [
                124.13638690400012,
                12.719842999000036
              ],
              [
                124.1363933780001,
                12.719830368000032
              ],
              [
                124.13640309000004,
                12.719820894000065
              ],
              [
                124.13642251400006,
                12.719811421000031
              ],
              [
                124.13645650500007,
                12.719805105000034
              ],
              [
                124.13647916600007,
                12.719805105000034
              ],
              [
                124.13652772500006,
                12.719814578000069
              ],
              [
                124.1365552420001,
                12.719817736000039
              ],
              [
                124.13658275900002,
                12.719817736000039
              ],
              [
                124.13659408900003,
                12.719812999000055
              ],
              [
                124.13660218300004,
                12.719812999000055
              ],
              [
                124.13660865700001,
                12.719809841000028
              ],
              [
                124.136619988,
                12.719779842000037
              ],
              [
                124.1366264620001,
                12.719767210000043
              ],
              [
                124.13663131800001,
                12.71976247400005
              ],
              [
                124.13663455500011,
                12.719756158000052
              ],
              [
                124.13663941100003,
                12.719751421000069
              ],
              [
                124.13666859300008,
                12.719711226000072
              ],
              [
                124.13668154200002,
                12.719701753000038
              ],
              [
                124.13670744,
                12.71967649000004
              ],
              [
                124.13671391500009,
                12.719663859000036
              ],
              [
                124.13671067700011,
                12.719651228000032
              ],
              [
                124.13670582100008,
                12.719644912000035
              ],
              [
                124.13669610900001,
                12.719637018000071
              ],
              [
                124.13668801600011,
                12.71962438600002
              ],
              [
                124.136684779,
                12.719611755000074
              ],
              [
                124.136684779,
                12.719603860000063
              ],
              [
                124.1366912530001,
                12.719589650000046
              ],
              [
                124.13670096500005,
                12.719577019000042
              ],
              [
                124.13670744,
                12.719551756000044
              ],
              [
                124.13670905800006,
                12.719515442000045
              ],
              [
                124.13670743900002,
                12.719510705000062
              ],
              [
                124.13670743900002,
                12.719488600000034
              ],
              [
                124.1367139140001,
                12.719461759000069
              ],
              [
                124.13671877000002,
                12.719449127000075
              ],
              [
                124.13672686300004,
                12.719436496000071
              ],
              [
                124.13673819300004,
                12.71942860200005
              ],
              [
                124.13677056600011,
                12.719430180000074
              ],
              [
                124.13678675200003,
                12.719427022000048
              ],
              [
                124.13679322700011,
                12.719423865000067
              ],
              [
                124.13680293800007,
                12.71941281200003
              ],
              [
                124.1368110310001,
                12.719392286000073
              ],
              [
                124.13681750600006,
                12.719319657000028
              ],
              [
                124.13681426800008,
                12.719307025000035
              ],
              [
                124.1368110310001,
                12.719300710000027
              ],
              [
                124.13679808200004,
                12.719286500000067
              ],
              [
                124.13679160700008,
                12.71928334200004
              ],
              [
                124.13675923500011,
                12.71928334200004
              ],
              [
                124.13674628600006,
                12.71928018400007
              ],
              [
                124.1367398110001,
                12.719277026000043
              ],
              [
                124.13673009900003,
                12.719262816000025
              ],
              [
                124.13672848100009,
                12.719258080000031
              ],
              [
                124.13673009900003,
                12.719245448000038
              ],
              [
                124.13674304800008,
                12.719231238000077
              ],
              [
                124.13674628500007,
                12.719218607000073
              ],
              [
                124.1367398110001,
                12.719205976000069
              ],
              [
                124.13671639800009,
                12.719182943000021
              ],
              [
                124.1366905000001,
                12.719162417000064
              ],
              [
                124.13667755100005,
                12.71915294400003
              ],
              [
                124.13665489000005,
                12.719143470000063
              ],
              [
                124.13664032200006,
                12.71914189100005
              ],
              [
                124.13662737200002,
                12.719148207000046
              ],
              [
                124.13661604200001,
                12.719156102000056
              ],
              [
                124.13660147400003,
                12.719162417000064
              ],
              [
                124.13654482100003,
                12.719175049000057
              ],
              [
                124.13653834700006,
                12.719175049000057
              ],
              [
                124.13652539800012,
                12.71916873300006
              ],
              [
                124.13652054200008,
                12.719163996000077
              ],
              [
                124.136514067,
                12.719151365000073
              ],
              [
                124.13650435500006,
                12.719151365000073
              ],
              [
                124.13648655000009,
                12.719156102000056
              ],
              [
                124.13647036400005,
                12.71917189100003
              ],
              [
                124.13645741500011,
                12.71917662800007
              ],
              [
                124.1364379910001,
                12.719175049000057
              ],
              [
                124.1364039990001,
                12.719165576000023
              ],
              [
                124.13637162700002,
                12.719151365000073
              ],
              [
                124.13635867700009,
                12.719148207000046
              ],
              [
                124.13634572800004,
                12.719141892000039
              ],
              [
                124.13633763500002,
                12.719140313000025
              ],
              [
                124.13631497400002,
                12.719140313000025
              ],
              [
                124.13630202500008,
                12.719143471000052
              ],
              [
                124.1362842200001,
                12.719154523000043
              ],
              [
                124.13627774600002,
                12.719156102000056
              ],
              [
                124.1362615590001,
                12.719156102000056
              ],
              [
                124.13625670300007,
                12.71915768100007
              ],
              [
                124.13619519500003,
                12.719156102000056
              ],
              [
                124.13618224600009,
                12.719154523000043
              ],
              [
                124.13617577100001,
                12.71915294400003
              ],
              [
                124.1361563480001,
                12.719143471000052
              ],
              [
                124.1361450170001,
                12.719124524000051
              ],
              [
                124.13614178000012,
                12.719110314000034
              ],
              [
                124.13614178000012,
                12.71909768300003
              ],
              [
                124.13613530600003,
                12.719080315000042
              ],
              [
                124.13613045000011,
                12.719073999000045
              ],
              [
                124.1360996950001,
                12.719050315000061
              ],
              [
                124.13608836500009,
                12.71903136800006
              ],
              [
                124.13608836500009,
                12.71902347400004
              ],
              [
                124.1360964590001,
                12.719002501000034
              ],
              [
                124.1360964590001,
                12.718996186000027
              ],
              [
                124.13609322200011,
                12.718988291000073
              ],
              [
                124.1360851290001,
                12.718977239000026
              ],
              [
                124.13606570500008,
                12.718963029000065
              ],
              [
                124.13605275600003,
                12.718956713000068
              ],
              [
                124.13602847600009,
                12.718951976000028
              ],
              [
                124.13602200200012,
                12.718947239000045
              ],
              [
                124.136010671,
                12.71892671300003
              ],
              [
                124.13600743400002,
                12.71891250300007
              ],
              [
                124.13599610400001,
                12.718880925000065
              ],
              [
                124.1359912480001,
                12.718874609000068
              ],
              [
                124.1359653500001,
                12.718850926000073
              ],
              [
                124.13594430700005,
                12.718838294000022
              ],
              [
                124.13591031600004,
                12.718825663000075
              ],
              [
                124.13588765500003,
                12.718822505000048
              ],
              [
                124.1358747060001,
                12.718822505000048
              ],
              [
                124.13585852000006,
                12.718817768000065
              ],
              [
                124.13584233400002,
                12.71880513700006
              ],
              [
                124.13581967300001,
                12.718775138000069
              ],
              [
                124.13579701200001,
                12.718737244000067
              ],
              [
                124.1357921560001,
                12.718724613000063
              ],
              [
                124.13578082600009,
                12.718680403000064
              ],
              [
                124.13576949500009,
                12.718650404000073
              ],
              [
                124.13575654600004,
                12.718629878000058
              ],
              [
                124.13573712300001,
                12.718606194000074
              ],
              [
                124.13572255500003,
                12.718577774000039
              ],
              [
                124.13571931800004,
                12.718565143000035
              ],
              [
                124.13571931800004,
                12.718539880000037
              ],
              [
                124.13571284400007,
                12.718500408000068
              ],
              [
                124.13571284400007,
                12.718492513000058
              ],
              [
                124.13570798800004,
                12.718473566000057
              ],
              [
                124.13568047100011,
                12.71839620000003
              ],
              [
                124.1356723780001,
                12.718355148000057
              ],
              [
                124.1356723780001,
                12.718318833000069
              ],
              [
                124.13568423400011,
                12.718274226000062
              ],
              [
                124.135680997,
                12.718261595000058
              ],
              [
                124.13567775900003,
                12.718255279000061
              ],
              [
                124.13566319200004,
                12.718241069000044
              ],
              [
                124.13565995400006,
                12.718234753000047
              ],
              [
                124.1356615730001,
                12.718206333000069
              ],
              [
                124.13566804800007,
                12.718182649000028
              ],
              [
                124.13567937800008,
                12.718151071000023
              ],
              [
                124.13568423400011,
                12.718130545000065
              ],
              [
                124.13568423400011,
                12.718124229000068
              ],
              [
                124.1356874710001,
                12.718116335000047
              ],
              [
                124.1356874710001,
                12.718111598000064
              ],
              [
                124.13571175100003,
                12.71801686300006
              ],
              [
                124.13572308100004,
                12.717978970000047
              ],
              [
                124.13573926700008,
                12.717941076000045
              ],
              [
                124.13574250400006,
                12.717928445000041
              ],
              [
                124.13574574200004,
                12.717922129000044
              ],
              [
                124.13576354600002,
                12.717855815000064
              ],
              [
                124.13577487700002,
                12.717824237000059
              ],
              [
                124.13578782600007,
                12.717797395000048
              ],
              [
                124.13580401200011,
                12.717773712000053
              ],
              [
                124.13582181600009,
                12.717738976000021
              ],
              [
                124.13584285900004,
                12.717707398000073
              ],
              [
                124.13585257000011,
                12.717694766000022
              ],
              [
                124.13586551900005,
                12.717683714000032
              ],
              [
                124.13586875600004,
                12.717677398000035
              ],
              [
                124.13588494300006,
                12.717658452000023
              ],
              [
                124.13589465400003,
                12.717648978000057
              ],
              [
                124.13592540800005,
                12.717625295000062
              ],
              [
                124.13593997600003,
                12.717609505000041
              ],
              [
                124.13595130600004,
                12.717600032000064
              ],
              [
                124.13599339000007,
                12.717549507000058
              ],
              [
                124.1360095760001,
                12.717522666000036
              ],
              [
                124.13603223700011,
                12.717491087000042
              ],
              [
                124.13604033000001,
                12.717475298000068
              ],
              [
                124.13605651600005,
                12.71745003600006
              ],
              [
                124.13606137200009,
                12.717437405000055
              ],
              [
                124.13607432100002,
                12.717420037000068
              ],
              [
                124.13608727000008,
                12.71740582600006
              ],
              [
                124.13610918800009,
                12.717393841000046
              ],
              [
                124.13613508600008,
                12.71739857800003
              ],
              [
                124.13617878900004,
                12.717400156000053
              ],
              [
                124.13621925400003,
                12.71739542000006
              ],
              [
                124.136233822,
                12.717392262000033
              ],
              [
                124.13625972000011,
                12.717382788000066
              ],
              [
                124.13628885500009,
                12.717365420000021
              ],
              [
                124.136319608,
                12.71734015800007
              ],
              [
                124.13632770200002,
                12.717327526000076
              ],
              [
                124.13634712500004,
                12.717303842000035
              ],
              [
                124.13636654800007,
                12.717295948000071
              ],
              [
                124.13637464100009,
                12.717295948000071
              ],
              [
                124.13640215800001,
                12.717302263000022
              ],
              [
                124.13644262300011,
                12.717322789000036
              ],
              [
                124.13646528400011,
                12.717329105000033
              ],
              [
                124.13650413100004,
                12.717329105000033
              ],
              [
                124.13654135900003,
                12.717321210000023
              ],
              [
                124.13658020600008,
                12.717319631000066
              ],
              [
                124.13658668000005,
                12.717322789000036
              ],
              [
                124.13660448500002,
                12.717336999000054
              ],
              [
                124.13661419700009,
                12.717348052000034
              ],
              [
                124.1366222900001,
                12.717351209000071
              ],
              [
                124.13663847600003,
                12.717351209000071
              ],
              [
                124.13664656900005,
                12.717349630000058
              ],
              [
                124.1366595180001,
                12.71734331500005
              ],
              [
                124.13668056000006,
                12.717321210000023
              ],
              [
                124.13668541600009,
                12.717318052000053
              ],
              [
                124.13670160200002,
                12.717299105000052
              ],
              [
                124.13671293200002,
                12.717289632000075
              ],
              [
                124.13672911800006,
                12.717284895000034
              ],
              [
                124.13674368600005,
                12.717284895000034
              ],
              [
                124.13677929500011,
                12.717277
              ],
              [
                124.13681490500005,
                12.717258053000023
              ],
              [
                124.13682137900003,
                12.717256474000067
              ],
              [
                124.1369136400001,
                12.717193318000056
              ],
              [
                124.13692982600003,
                12.71717910700005
              ],
              [
                124.1369363010001,
                12.717166476000045
              ],
              [
                124.13693792000004,
                12.717158581000035
              ],
              [
                124.13693791900005,
                12.717150687000071
              ],
              [
                124.13693468200006,
                12.717136477000054
              ],
              [
                124.13693468200006,
                12.717120688000023
              ],
              [
                124.1369363010001,
                12.71711595100004
              ],
              [
                124.13694601200007,
                12.717104899000049
              ],
              [
                124.13698000300008,
                12.717087530000072
              ],
              [
                124.13700590100007,
                12.71706858300007
              ],
              [
                124.13702046800006,
                12.71704963600007
              ],
              [
                124.13702370600004,
                12.717048058000046
              ],
              [
                124.13703018000001,
                12.717035426000052
              ],
              [
                124.13703018000001,
                12.717021216000035
              ],
              [
                124.13702856100008,
                12.717014900000038
              ],
              [
                124.1370220870001,
                12.717000690000077
              ],
              [
                124.13700590000008,
                12.716977007000025
              ],
              [
                124.13700590000008,
                12.716961218000051
              ],
              [
                124.1370139930001,
                12.716940692000037
              ],
              [
                124.1370139930001,
                12.716924903000063
              ],
              [
                124.13700428100003,
                12.716891746000044
              ],
              [
                124.13700590000008,
                12.716861746000063
              ],
              [
                124.13700913700006,
                12.716849115000059
              ],
              [
                124.13701723000008,
                12.716830168000058
              ],
              [
                124.13702208600012,
                12.716823852000061
              ],
              [
                124.13703179700008,
                12.716803327000036
              ],
              [
                124.13706093200005,
                12.716762275000065
              ],
              [
                124.13707873700002,
                12.71673069600007
              ],
              [
                124.13710949100005,
                12.716683329000034
              ],
              [
                124.13712082100005,
                12.716661224000063
              ],
              [
                124.13713862500003,
                12.716635962000055
              ],
              [
                124.1371483370001,
                12.716617015000054
              ],
              [
                124.13714995600003,
                12.716609120000044
              ],
              [
                124.13715319300002,
                12.716602804000047
              ],
              [
                124.13715643000012,
                12.71658859400003
              ],
              [
                124.13716128600004,
                12.716575963000025
              ],
              [
                124.13716937900006,
                12.716539648000037
              ],
              [
                124.13717909000002,
                12.716514385000039
              ],
              [
                124.13719042100001,
                12.716495438000038
              ],
              [
                124.13719527700005,
                12.716482807000034
              ],
              [
                124.13724332100003,
                12.716401183000073
              ],
              [
                124.13724655800002,
                12.71639960400006
              ],
              [
                124.13725788800002,
                12.716380657000059
              ],
              [
                124.13728702300011,
                12.716341184000044
              ],
              [
                124.13730320900004,
                12.716326974000026
              ],
              [
                124.13731972700009,
                12.716308382000022
              ],
              [
                124.13732425100011,
                12.716303290000042
              ],
              [
                124.13734853000005,
                12.71628118500007
              ],
              [
                124.13738252000007,
                12.716241712000055
              ],
              [
                124.13740679900002,
                12.716216449000058
              ],
              [
                124.1374246040001,
                12.71619118700005
              ],
              [
                124.1374391710001,
                12.716175398000075
              ],
              [
                124.13745535700002,
                12.716161187000068
              ],
              [
                124.13746830600007,
                12.716153293000048
              ],
              [
                124.13748611100004,
                12.71613908200004
              ],
              [
                124.13751524600002,
                12.716124872000023
              ],
              [
                124.13754438,
                12.716113819000043
              ],
              [
                124.1375589480001,
                12.716110662000062
              ],
              [
                124.13757513400003,
                12.716104346000066
              ],
              [
                124.13760265000008,
                12.716096451000055
              ],
              [
                124.13761398000008,
                12.716094872000042
              ],
              [
                124.13762045500005,
                12.716091714000072
              ],
              [
                124.13764959000002,
                12.716083820000051
              ],
              [
                124.13767710600007,
                12.71606803000003
              ],
              [
                124.13768681800002,
                12.716058557000053
              ],
              [
                124.13769814800003,
                12.71603803100004
              ],
              [
                124.13769814800003,
                12.716020663000052
              ],
              [
                124.13769976600008,
                12.716014347000055
              ],
              [
                124.13770947800003,
                12.715995400000054
              ],
              [
                124.13773213800005,
                12.71597487400004
              ],
              [
                124.13775318000012,
                12.715959085000065
              ],
              [
                124.13778393300004,
                12.715940138000065
              ],
              [
                124.1377936450001,
                12.71593066500003
              ],
              [
                124.13783734700007,
                12.715880139000035
              ],
              [
                124.1378681000001,
                12.71583750800005
              ],
              [
                124.13789723500008,
                12.715802772000075
              ],
              [
                124.137939318,
                12.715756984000052
              ],
              [
                124.13798463900002,
                12.71571119500004
              ],
              [
                124.13800729900004,
                12.715679617000035
              ],
              [
                124.13804835500002,
                12.715610377000075
              ],
              [
                124.13805330500008,
                12.715603940000051
              ],
              [
                124.13807640300001,
                12.715584626000066
              ],
              [
                124.13808300300002,
                12.715581407000059
              ],
              [
                124.13809950100006,
                12.715565312000024
              ],
              [
                124.13813084800006,
                12.715523467000025
              ],
              [
                124.13813744700008,
                12.715510591000054
              ],
              [
                124.13814239700002,
                12.715505763000067
              ],
              [
                124.13814899600004,
                12.715491278000059
              ],
              [
                124.13816219500006,
                12.715468745000067
              ],
              [
                124.13817044400002,
                12.715442994000057
              ],
              [
                124.1381786930001,
                12.715428509000049
              ],
              [
                124.13818034300004,
                12.715422072000024
              ],
              [
                124.13819024200006,
                12.715402758000039
              ],
              [
                124.13820509000004,
                12.71537700700003
              ],
              [
                124.13822818800008,
                12.715343208000036
              ],
              [
                124.13825458500003,
                12.715278831000035
              ],
              [
                124.13828263200003,
                12.71523215700006
              ],
              [
                124.1382875810001,
                12.715227329000072
              ],
              [
                124.13829418000012,
                12.715212844000064
              ],
              [
                124.13830407900002,
                12.715199968000036
              ],
              [
                124.13830572900008,
                12.715193530000022
              ],
              [
                124.13832222700012,
                12.715166170000032
              ],
              [
                124.13833212700001,
                12.715154903000041
              ],
              [
                124.13833542600003,
                12.715148466000073
              ],
              [
                124.13835192500005,
                12.715135590000045
              ],
              [
                124.13836182400007,
                12.715121105000037
              ],
              [
                124.13837337300004,
                12.715111448000073
              ],
              [
                124.13838327200006,
                12.715100182000072
              ],
              [
                124.13842781800008,
                12.715071211000065
              ],
              [
                124.13843276800003,
                12.715066383000021
              ],
              [
                124.13844596600006,
                12.715047069000036
              ],
              [
                124.13844926600007,
                12.715034194000054
              ],
              [
                124.13844926600007,
                12.71502614700006
              ],
              [
                124.13844596500007,
                12.714997177000043
              ],
              [
                124.1388500380001,
                12.714379467000072
              ],
              [
                124.13887973500005,
                12.71433118300007
              ],
              [
                124.13890118300003,
                12.71430543200006
              ],
              [
                124.1389028320001,
                12.714300604000073
              ],
              [
                124.13891438100006,
                12.714287728000045
              ],
              [
                124.13892263000002,
                12.714274852000074
              ],
              [
                124.13895397700003,
                12.714236225000036
              ],
              [
                124.13895727700003,
                12.714234616000056
              ],
              [
                124.13898037500007,
                12.714210474000026
              ],
              [
                124.13900677200002,
                12.714171847000046
              ],
              [
                124.13904471800004,
                12.714123563000044
              ],
              [
                124.13905296700011,
                12.714102640000021
              ],
              [
                124.13905791600007,
                12.714096202000064
              ],
              [
                124.13906781500009,
                12.714076889000069
              ],
              [
                124.13907936400005,
                12.71405274700004
              ],
              [
                124.139081013,
                12.714046309000025
              ],
              [
                124.13911236000001,
                12.713989979000075
              ],
              [
                124.13913710600002,
                12.71393686700003
              ],
              [
                124.13913710600002,
                12.713932039000042
              ],
              [
                124.13917835100006,
                12.713840300000072
              ],
              [
                124.13918659900003,
                12.713800064000054
              ],
              [
                124.13919319800004,
                12.713783970000065
              ],
              [
                124.13920144700012,
                12.713755
              ],
              [
                124.13922784300007,
                12.713690622000058
              ],
              [
                124.13924434100011,
                12.713642339000046
              ],
              [
                124.13924599100005,
                12.713629464000064
              ],
              [
                124.13925753900003,
                12.713589228000046
              ],
              [
                124.13927403600007,
                12.713520022000068
              ],
              [
                124.13927568500003,
                12.713500709000073
              ],
              [
                124.13930016800009,
                12.713404765000064
              ],
              [
                124.13931831500008,
                12.713356481000062
              ],
              [
                124.1393216140001,
                12.713341996000054
              ],
              [
                124.13932656400004,
                12.713330730000052
              ],
              [
                124.13933481200002,
                12.713301760000036
              ],
              [
                124.13934471100004,
                12.713261524000075
              ],
              [
                124.1393463600001,
                12.713242211000022
              ],
              [
                124.13935295800002,
                12.71320197500006
              ],
              [
                124.13935625800002,
                12.713195537000047
              ],
              [
                124.13935790800008,
                12.713187490000053
              ],
              [
                124.13937275600006,
                12.713155301000029
              ],
              [
                124.139395852,
                12.713094142000045
              ],
              [
                124.13940575100003,
                12.713073219000023
              ],
              [
                124.1394140000001,
                12.713061953000022
              ],
              [
                124.13944699700005,
                12.713039421000076
              ],
              [
                124.1394733950001,
                12.713024935000021
              ],
              [
                124.13949484300008,
                12.713015278000057
              ],
              [
                124.13950639200004,
                12.713004012000056
              ],
              [
                124.13951629000007,
                12.712983089000033
              ],
              [
                124.13951464000002,
                12.71296055700003
              ],
              [
                124.13951133900002,
                12.712946072000022
              ],
              [
                124.13949318900006,
                12.712891352000042
              ],
              [
                124.139494839,
                12.71287847700006
              ],
              [
                124.13950803700004,
                12.712831803000029
              ],
              [
                124.13952288500002,
                12.712812489000044
              ],
              [
                124.13955258200008,
                12.712780300000077
              ],
              [
                124.13956413000005,
                12.712760987000024
              ],
              [
                124.13957402900007,
                12.71272557900005
              ],
              [
                124.13957732800009,
                12.712701438000067
              ],
              [
                124.13957567700004,
                12.712649936000048
              ],
              [
                124.1395740260001,
                12.712641889000054
              ],
              [
                124.1395740260001,
                12.712611310000057
              ],
              [
                124.13957897400007,
                12.712572683000076
              ],
              [
                124.13958557300009,
                12.712546932000066
              ],
              [
                124.13959547200011,
                12.71252761900007
              ],
              [
                124.13959712100007,
                12.712521181000056
              ],
              [
                124.13961526900005,
                12.712487383000052
              ],
              [
                124.13962021800012,
                12.712480945000038
              ],
              [
                124.1396350660001,
                12.712427441000045
              ],
              [
                124.13963341600004,
                12.712421004000078
              ],
              [
                124.13963341600004,
                12.712404909000043
              ],
              [
                124.13963011600003,
                12.712392034000061
              ],
              [
                124.13959711600012,
                12.712326048000023
              ],
              [
                124.13958886600005,
                12.712292250000075
              ],
              [
                124.139587215,
                12.712264890000029
              ],
              [
                124.13958886500006,
                12.712258452000071
              ],
              [
                124.13959051300003,
                12.712208560000022
              ],
              [
                124.1395954620001,
                12.712171543000068
              ],
              [
                124.13960206100012,
                12.71214418300002
              ],
              [
                124.13961195900004,
                12.712118432000068
              ],
              [
                124.13962020800011,
                12.712089462000051
              ],
              [
                124.13963835400011,
                12.711994505000064
              ],
              [
                124.13964000300007,
                12.711971973000061
              ],
              [
                124.13964495200003,
                12.711939784000037
              ],
              [
                124.1396466000001,
                12.711867360000042
              ],
              [
                124.13965649700003,
                12.711807811000028
              ],
              [
                124.13966474600011,
                12.711783669000056
              ],
              [
                124.1396795930001,
                12.711722511000062
              ],
              [
                124.13968784200006,
                12.711703198000066
              ],
              [
                124.13970268900005,
                12.711629942000059
              ],
              [
                124.139710938,
                12.711617067000077
              ],
              [
                124.13972413700003,
                12.711607410000056
              ],
              [
                124.139738985,
                12.711586487000034
              ],
              [
                124.13974228400002,
                12.711572002000025
              ],
              [
                124.13974228400002,
                12.711557517000074
              ],
              [
                124.13974063300009,
                12.711543032000066
              ],
              [
                124.1397406320001,
                12.711510843000042
              ],
              [
                124.13973898200004,
                12.711504406000074
              ],
              [
                124.13974228200004,
                12.711489921000066
              ],
              [
                124.13974558100006,
                12.711483483000052
              ],
              [
                124.13975053100012,
                12.711478655000064
              ],
              [
                124.13976207900009,
                12.711468998000043
              ],
              [
                124.13978682700008,
                12.711452903000065
              ],
              [
                124.13979177600004,
                12.711446465000051
              ],
              [
                124.13979837600004,
                12.711441637000064
              ],
              [
                124.139837972,
                12.711422322000033
              ],
              [
                124.13986107000005,
                12.711403009000037
              ],
              [
                124.13986766900007,
                12.711390133000066
              ],
              [
                124.13986766800008,
                12.71137242900005
              ],
              [
                124.13986271800002,
                12.711349897000048
              ],
              [
                124.13984786900005,
                12.711333804000049
              ],
              [
                124.1398363190001,
                12.711325757000054
              ],
              [
                124.13981817100012,
                12.711324148000074
              ],
              [
                124.139786823,
                12.71131771100005
              ],
              [
                124.13977857400005,
                12.711314492000042
              ],
              [
                124.13974722600005,
                12.711295180000036
              ],
              [
                124.13972082700002,
                12.71127586800003
              ],
              [
                124.13971092800011,
                12.711266211000066
              ],
              [
                124.13967793000006,
                12.711240461000045
              ],
              [
                124.13964658200007,
                12.711219540000059
              ],
              [
                124.13963833200012,
                12.711216321000052
              ],
              [
                124.13960203500005,
                12.711193790000038
              ],
              [
                124.139575637,
                12.711184134000064
              ],
              [
                124.13954428900001,
                12.711164822000057
              ],
              [
                124.13948236300007,
                12.711142112000061
              ],
              [
                124.1394609140001,
                12.711124408000046
              ],
              [
                124.13944936400003,
                12.711108314000057
              ],
              [
                124.13942791500006,
                12.711084173000074
              ],
              [
                124.13940646600008,
                12.71105037500007
              ],
              [
                124.13939326600007,
                12.711023015000023
              ],
              [
                124.13938171600012,
                12.710987608000039
              ],
              [
                124.13937016500006,
                12.71094415300007
              ],
              [
                124.13936686600005,
                12.710937716000046
              ],
              [
                124.13935696500005,
                12.710895870000058
              ],
              [
                124.13935366500004,
                12.710874948000026
              ],
              [
                124.1393454150001,
                12.71085402500006
              ],
              [
                124.13933551500008,
                12.710834713000054
              ],
              [
                124.13930581600005,
                12.710789649000048
              ],
              [
                124.1392563180001,
                12.71072044500005
              ],
              [
                124.13924146900001,
                12.710702741000034
              ],
              [
                124.13922826900011,
                12.710691476000022
              ],
              [
                124.1392183700001,
                12.710680210000021
              ],
              [
                124.13919362100012,
                12.710660897000025
              ],
              [
                124.1391837220001,
                12.71065124100005
              ],
              [
                124.13915072400005,
                12.710627100000067
              ],
              [
                124.13910122700008,
                12.710601351000037
              ],
              [
                124.13906493000002,
                12.710575601000073
              ],
              [
                124.13904678100005,
                12.710557897000058
              ],
              [
                124.13904018100004,
                12.710549850000064
              ],
              [
                124.139013782,
                12.710506396000028
              ],
              [
                124.13900883200006,
                12.71050156800004
              ],
              [
                124.13898243400001,
                12.710459724000032
              ],
              [
                124.13897418400006,
                12.710442020000073
              ],
              [
                124.13895768500004,
                12.710416270000053
              ],
              [
                124.13895273500009,
                12.710400176000064
              ],
              [
                124.13894448500002,
                12.710387300000036
              ],
              [
                124.13889457900007,
                12.710340131000066
              ],
              [
                124.13888138000004,
                12.710324036000031
              ],
              [
                124.13882033300001,
                12.710266098000034
              ],
              [
                124.13880878400005,
                12.710251613000025
              ],
              [
                124.1388005340001,
                12.71023069100005
              ],
              [
                124.13880218300005,
                12.710219425000048
              ],
              [
                124.13880548300006,
                12.710212987000034
              ],
              [
                124.13881538200008,
                12.71020333000007
              ],
              [
                124.13885167900003,
                12.710188844000072
              ],
              [
                124.13886322700012,
                12.71017918800004
              ],
              [
                124.13886817700006,
                12.710172750000027
              ],
              [
                124.13886487600007,
                12.710148608000054
              ],
              [
                124.138856626,
                12.710122858000034
              ],
              [
                124.13883847700004,
                12.710090669000067
              ],
              [
                124.138818678,
                12.710066528000027
              ],
              [
                124.1388021790001,
                12.710053653000045
              ],
              [
                124.13878403000001,
                12.71003434000005
              ],
              [
                124.13875598100003,
                12.70998123000004
              ],
              [
                124.13873783100007,
                12.709929728000077
              ],
              [
                124.13872463200005,
                12.70991041600007
              ],
              [
                124.1387130820001,
                12.70990075900005
              ],
              [
                124.13867513500008,
                12.709881447000043
              ],
              [
                124.13867018500002,
                12.709876619000056
              ],
              [
                124.13865533600006,
                12.709868572000062
              ],
              [
                124.13864213700003,
                12.709863744000074
              ],
              [
                124.13862068900005,
                12.70985891600003
              ],
              [
                124.138597591,
                12.709858917000076
              ],
              [
                124.13857614300002,
                12.709862136000027
              ],
              [
                124.13853984600007,
                12.709862137000073
              ],
              [
                124.138506849,
                12.709847652000064
              ],
              [
                124.13841940500004,
                12.709773621000068
              ],
              [
                124.138399606,
                12.709751089000065
              ],
              [
                124.13838640600011,
                12.709730167000032
              ],
              [
                124.13837485700003,
                12.709702807000042
              ],
              [
                124.13836825700002,
                12.709675447000052
              ],
              [
                124.13836495600003,
                12.709638430000041
              ],
              [
                124.13836165600003,
                12.709630383000047
              ],
              [
                124.13835670600008,
                12.709606242000064
              ],
              [
                124.13834185700011,
                12.709585319000041
              ],
              [
                124.1383039100001,
                12.709549913000046
              ],
              [
                124.13827916100001,
                12.70948579900005
              ],
              [
                124.13826761100006,
                12.709431079000069
              ],
              [
                124.13826761000007,
                12.709423032000075
              ],
              [
                124.13825936,
                12.709366702000068
              ],
              [
                124.13825770900007,
                12.709329685000057
              ],
              [
                124.13825440900007,
                12.70930071500004
              ],
              [
                124.13825440800008,
                12.70927335500005
              ],
              [
                124.13825275800002,
                12.709265308000056
              ],
              [
                124.13825275600004,
                12.70918161800006
              ],
              [
                124.13825605500006,
                12.709144601000048
              ],
              [
                124.13825935500006,
                12.709131725000077
              ],
              [
                124.13826430300003,
                12.709072176000063
              ],
              [
                124.13826430200004,
                12.709056082000075
              ],
              [
                124.1382626520001,
                12.70904964400006
              ],
              [
                124.1382626510001,
                12.708993315000043
              ],
              [
                124.13826430100005,
                12.708978830000035
              ],
              [
                124.1382774980001,
                12.708916062000071
              ],
              [
                124.13829729500003,
                12.708870997000076
              ],
              [
                124.13830224500009,
                12.708858122000038
              ],
              [
                124.1383055440001,
                12.70884363700003
              ],
              [
                124.13831874200002,
                12.708817886000077
              ],
              [
                124.13834678900002,
                12.708771212000045
              ],
              [
                124.13834984900006,
                12.708764613000028
              ],
              [
                124.13838616600003,
                12.70868630900003
              ],
              [
                124.13839441400012,
                12.70865733900007
              ],
              [
                124.13839771300002,
                12.708626760000072
              ],
              [
                124.13839771200003,
                12.708594571000049
              ],
              [
                124.13839276200008,
                12.708570429000076
              ],
              [
                124.13838616200007,
                12.708555945000057
              ],
              [
                124.13837461300011,
                12.708536632000062
              ],
              [
                124.13834491500006,
                12.70849800600007
              ],
              [
                124.13833171600004,
                12.708483521000062
              ],
              [
                124.13831356700007,
                12.708467427000073
              ],
              [
                124.13826242100004,
                12.708427193000034
              ],
              [
                124.13825252200002,
                12.70841753600007
              ],
              [
                124.13824757200007,
                12.708411099000045
              ],
              [
                124.13824592200001,
                12.708395004000067
              ],
              [
                124.13824922100002,
                12.708382129000029
              ],
              [
                124.13825582100003,
                12.708369253000058
              ],
              [
                124.1382607700001,
                12.708362816000033
              ],
              [
                124.13828056800003,
                12.708349940000062
              ],
              [
                124.1383135640001,
                12.708341892000021
              ],
              [
                124.13835646000007,
                12.708337063000045
              ],
              [
                124.13842080400002,
                12.708325795000064
              ],
              [
                124.13844390200006,
                12.708324185000038
              ],
              [
                124.13847854800008,
                12.708316138000043
              ],
              [
                124.13851154500003,
                12.708301652000046
              ],
              [
                124.1385197940001,
                12.708300042000076
              ],
              [
                124.13854124200009,
                12.708287167000037
              ],
              [
                124.13856763900003,
                12.708275900000046
              ],
              [
                124.13862373300003,
                12.70824532000006
              ],
              [
                124.13864353100007,
                12.708238882000046
              ],
              [
                124.13866992800001,
                12.708226006000075
              ],
              [
                124.13868642700004,
                12.708221177000041
              ],
              [
                124.13870292500008,
                12.708213129000058
              ],
              [
                124.13871117400004,
                12.708211520000077
              ],
              [
                124.13872767200007,
                12.708201863000056
              ],
              [
                124.13877551700011,
                12.708182549000071
              ],
              [
                124.13881016300002,
                12.70816162500006
              ],
              [
                124.13884481000002,
                12.708145530000024
              ],
              [
                124.13885140900004,
                12.708143921000044
              ],
              [
                124.13887285700002,
                12.708131045000073
              ],
              [
                124.1388877060001,
                12.70812621600004
              ],
              [
                124.13891410300005,
                12.708118168000055
              ],
              [
                124.13893720100009,
                12.708113340000068
              ],
              [
                124.13895534900007,
                12.708113339000022
              ],
              [
                124.13898999600008,
                12.708119776000046
              ],
              [
                124.13902794300009,
                12.708129432000021
              ],
              [
                124.13904444200011,
                12.708129432000021
              ],
              [
                124.13909228800003,
                12.708140696000044
              ],
              [
                124.13912198500009,
                12.708140696000044
              ],
              [
                124.13913023400005,
                12.708137477000037
              ],
              [
                124.13913683400006,
                12.708137477000037
              ],
              [
                124.13915003200009,
                12.70813425700004
              ],
              [
                124.13916323100011,
                12.708129429000053
              ],
              [
                124.13916983100012,
                12.708129429000053
              ],
              [
                124.13917643000002,
                12.708126210000046
              ],
              [
                124.13922705300001,
                12.708123311000065
              ],
              [
                124.13926334900009,
                12.708102387000054
              ],
              [
                124.13930789500012,
                12.708081463000042
              ],
              [
                124.13931449400002,
                12.708079853000072
              ],
              [
                124.1393227430001,
                12.708073416000047
              ],
              [
                124.13935903900006,
                12.708052492000036
              ],
              [
                124.13944152900001,
                12.70798650300003
              ],
              [
                124.13945637800009,
                12.707970408000051
              ],
              [
                124.13947287600001,
                12.70795753300007
              ],
              [
                124.13948937400005,
                12.707941438000034
              ],
              [
                124.13951742000006,
                12.70790603000006
              ],
              [
                124.13956526400011,
                12.707856136000032
              ],
              [
                124.13959001100011,
                12.707819119000021
              ],
              [
                124.13959661000001,
                12.70780624300005
              ],
              [
                124.13960155900008,
                12.707791758000042
              ],
              [
                124.1396048580001,
                12.707769226000039
              ],
              [
                124.13960485700011,
                12.70775313200005
              ],
              [
                124.13959825800009,
                12.707738647000042
              ],
              [
                124.13959495800009,
                12.70772577200006
              ],
              [
                124.13957185900006,
                12.707680708000055
              ],
              [
                124.13956855900005,
                12.707666223000047
              ],
              [
                124.139570208,
                12.707654957000045
              ],
              [
                124.13958010700003,
                12.70763564400005
              ],
              [
                124.13961310200011,
                12.707590579000055
              ],
              [
                124.13963290000004,
                12.707566437000025
              ],
              [
                124.13965434600004,
                12.707529420000071
              ],
              [
                124.13969394100002,
                12.707471480000038
              ],
              [
                124.1397021890001,
                12.707453776000023
              ],
              [
                124.13971373800007,
                12.707436072000064
              ],
              [
                124.13973353500012,
                12.707399054000064
              ],
              [
                124.13974673300004,
                12.707379741000068
              ],
              [
                124.13975663200006,
                12.707370084000047
              ],
              [
                124.13976983000009,
                12.70736525500007
              ],
              [
                124.13978797900006,
                12.70736525500007
              ],
              [
                124.1398011770001,
                12.707368474000077
              ],
              [
                124.139817676,
                12.707370082000068
              ],
              [
                124.13983747400005,
                12.707370082000068
              ],
              [
                124.13985727200009,
                12.707365253000034
              ],
              [
                124.13987871900008,
                12.70735559600007
              ],
              [
                124.13990511600002,
                12.707337892000055
              ],
              [
                124.13993976200004,
                12.707308921000049
              ],
              [
                124.1399909050001,
                12.707244542000069
              ],
              [
                124.14000792000002,
                12.707204262000062
              ],
              [
                124.14000791900003,
                12.70719460600003
              ],
              [
                124.1400128680001,
                12.707180121000022
              ],
              [
                124.14002936600002,
                12.70715758800003
              ],
              [
                124.1400409150001,
                12.707147931000065
              ],
              [
                124.14004751400012,
                12.707144712000058
              ],
              [
                124.14006401200004,
                12.707138274000044
              ],
              [
                124.14007226100011,
                12.707136664000075
              ],
              [
                124.14009205900004,
                12.707127007000054
              ],
              [
                124.14011020700002,
                12.707110913000065
              ],
              [
                124.14012340500005,
                12.707089990000043
              ],
              [
                124.14012835400001,
                12.707077114000072
              ],
              [
                124.14013165300003,
                12.707057801000076
              ],
              [
                124.14013165200004,
                12.707015956000077
              ],
              [
                124.14013000200009,
                12.70700147100007
              ],
              [
                124.14011515100003,
                12.70694836000007
              ],
              [
                124.14011185200002,
                12.706941923000045
              ],
              [
                124.14010855100003,
                12.706927438000037
              ],
              [
                124.14010360200007,
                12.706914563000055
              ],
              [
                124.14009865100002,
                12.706892031000052
              ],
              [
                124.14009535200012,
                12.706883984000058
              ],
              [
                124.14009535100001,
                12.706877546000044
              ],
              [
                124.1400755520001,
                12.70682926400002
              ],
              [
                124.14006235200009,
                12.706777763000048
              ],
              [
                124.14006400100004,
                12.70673752700003
              ],
              [
                124.14007224900001,
                12.70671016600005
              ],
              [
                124.14013823800008,
                12.706586239000046
              ],
              [
                124.14020476700011,
                12.706501727000045
              ],
              [
                124.1402229140001,
                12.706474366000066
              ],
              [
                124.14023611200003,
                12.706432520000021
              ],
              [
                124.14024766000011,
                12.706409988000075
              ],
              [
                124.14024931000006,
                12.706403550000061
              ],
              [
                124.14028890400004,
                12.706335953000064
              ],
              [
                124.14029715200002,
                12.706311812000024
              ],
              [
                124.14030375100003,
                12.706298936000053
              ],
              [
                124.14034004400003,
                12.706203979000065
              ],
              [
                124.1403449930001,
                12.70618788400003
              ],
              [
                124.14035489100002,
                12.706141211000045
              ],
              [
                124.1403598390001,
                12.706102584000064
              ],
              [
                124.14037633600003,
                12.706049473000064
              ],
              [
                124.1403812850001,
                12.706041425000024
              ],
              [
                124.1403994320001,
                12.705989923000061
              ],
              [
                124.14040273100011,
                12.705985095000074
              ],
              [
                124.14041262900002,
                12.705959344000064
              ],
              [
                124.1404175780001,
                12.705938421000042
              ],
              [
                124.14044277700009,
                12.705887677000021
              ],
              [
                124.140452675,
                12.705857098000024
              ],
              [
                124.14046257300004,
                12.705832956000052
              ],
              [
                124.1404642230001,
                12.705823300000077
              ],
              [
                124.1404823690001,
                12.705765360000044
              ],
              [
                124.14050051600009,
                12.705718686000068
              ],
              [
                124.14051206300007,
                12.70567845000005
              ],
              [
                124.1405252610001,
                12.705644651000057
              ],
              [
                124.14052691100005,
                12.705634995000025
              ],
              [
                124.14055330600002,
                12.705567398000028
              ],
              [
                124.1405648540001,
                12.705540038000038
              ],
              [
                124.14057145200002,
                12.705528771000047
              ],
              [
                124.14057310200008,
                12.705522334000023
              ],
              [
                124.14059454900007,
                12.705483707000042
              ],
              [
                124.14064239200002,
                12.705420938000032
              ],
              [
                124.14067538600011,
                12.70537104500005
              ],
              [
                124.14068528500002,
                12.705358169000021
              ],
              [
                124.1406968330001,
                12.705346903000077
              ],
              [
                124.14070508200007,
                12.705334027000049
              ],
              [
                124.14074797600006,
                12.705279305000033
              ],
              [
                124.1407826200001,
                12.705214927000043
              ],
              [
                124.14079911700003,
                12.705177910000032
              ],
              [
                124.14081561500007,
                12.70515376800006
              ],
              [
                124.1408288130001,
                12.705140892000031
              ],
              [
                124.14083211200011,
                12.705134454000074
              ],
              [
                124.14087170700009,
                12.70509099800006
              ],
              [
                124.1408970550001,
                12.705048807000026
              ],
              [
                124.14090200400005,
                12.705034322000074
              ],
              [
                124.14091025200003,
                12.705000523000024
              ],
              [
                124.14091189900012,
                12.70493775600005
              ],
              [
                124.14091024900006,
                12.704929709000055
              ],
              [
                124.14091024700008,
                12.704854066000053
              ],
              [
                124.14090859700002,
                12.704847628000039
              ],
              [
                124.14090859600003,
                12.704829924000023
              ],
              [
                124.1409036450001,
                12.704773594000073
              ],
              [
                124.1408970440001,
                12.704723702000024
              ],
              [
                124.140897042,
                12.704643231000034
              ],
              [
                124.14090693900005,
                12.704594948000022
              ],
              [
                124.14092673500011,
                12.704528961000051
              ],
              [
                124.140930034,
                12.704524133000064
              ],
              [
                124.14093663300002,
                12.704499991000034
              ],
              [
                124.1409415820001,
                12.70449194400004
              ],
              [
                124.14095477900003,
                12.704451708000022
              ],
              [
                124.14096797700006,
                12.704422737000073
              ],
              [
                124.14099437100003,
                12.704351922000058
              ],
              [
                124.14100756900007,
                12.704306857000063
              ],
              [
                124.14101416800008,
                12.704295591000061
              ],
              [
                124.14101911700004,
                12.704282715000033
              ],
              [
                124.1410537590001,
                12.704170056000066
              ],
              [
                124.14121046600008,
                12.703413037000075
              ],
              [
                124.14135536000003,
                12.702775815000052
              ],
              [
                124.14136195800006,
                12.70272753200004
              ],
              [
                124.14136360600003,
                12.70270178100003
              ],
              [
                124.1413685550001,
                12.70267442000005
              ],
              [
                124.14137185400011,
                12.702667982000037
              ],
              [
                124.14137350400006,
                12.702659935000042
              ],
              [
                124.14137515300001,
                12.702639012000077
              ],
              [
                124.14138670000011,
                12.702576244000056
              ],
              [
                124.14138834900007,
                12.702574635000076
              ],
              [
                124.14138834900007,
                12.702566587000035
              ],
              [
                124.14139329800003,
                12.702544055000033
              ],
              [
                124.14139329700004,
                12.702534399000058
              ],
              [
                124.14139989600005,
                12.702502210000034
              ],
              [
                124.141401545,
                12.702486115000056
              ],
              [
                124.1414097930001,
                12.702452317000052
              ],
              [
                124.14141144200005,
                12.702437832000044
              ],
              [
                124.14142463900009,
                12.702384721000044
              ],
              [
                124.1414279380001,
                12.70237828300003
              ],
              [
                124.14143288700006,
                12.702360579000072
              ],
              [
                124.14143783500003,
                12.702336437000042
              ],
              [
                124.14143783500003,
                12.702328390000048
              ],
              [
                124.14144443300006,
                12.702296201000024
              ],
              [
                124.14144443300006,
                12.70228815400003
              ],
              [
                124.14144773200007,
                12.702276888000029
              ],
              [
                124.14144938100003,
                12.702262403000077
              ],
              [
                124.14145268100003,
                12.702252746000056
              ],
              [
                124.14145598000005,
                12.702228605000073
              ],
              [
                124.14146257800007,
                12.702198026000076
              ],
              [
                124.14146257700008,
                12.702189978000035
              ],
              [
                124.14147082500006,
                12.702151352000044
              ],
              [
                124.14147082500006,
                12.702141695000023
              ],
              [
                124.14147907200004,
                12.702103069000032
              ],
              [
                124.14148237100005,
                12.702066052000077
              ],
              [
                124.14149061800003,
                12.70201294100002
              ],
              [
                124.14149061700004,
                12.701988799000048
              ],
              [
                124.14149391600006,
                12.701967877000072
              ],
              [
                124.14149391500007,
                12.701953392000064
              ],
              [
                124.1415005130001,
                12.701900281000064
              ],
              [
                124.14150216200005,
                12.701874530000055
              ],
              [
                124.14151700700006,
                12.701792448000049
              ],
              [
                124.14151865600002,
                12.70177635400006
              ],
              [
                124.1415269040001,
                12.701731290000055
              ],
              [
                124.14153185200007,
                12.70171358600004
              ],
              [
                124.14153350200002,
                12.701694273000044
              ],
              [
                124.1415829880001,
                12.701476963000061
              ],
              [
                124.14159288500002,
                12.701414194000051
              ],
              [
                124.14159453400009,
                12.701393272000075
              ],
              [
                124.14159948200006,
                12.701367521000066
              ],
              [
                124.14160608100008,
                12.701348207000024
              ],
              [
                124.14160938000009,
                12.701328894000028
              ],
              [
                124.14161432900005,
                12.70131279900005
              ],
              [
                124.14163742400001,
                12.701253250000036
              ],
              [
                124.14165722000007,
                12.701214623000055
              ],
              [
                124.14169681300007,
                12.70115990100004
              ],
              [
                124.14171001000011,
                12.701129321000053
              ],
              [
                124.14172155800009,
                12.70109713200003
              ],
              [
                124.14173805400003,
                12.701037583000073
              ],
              [
                124.14173805300004,
                12.701031145000059
              ],
              [
                124.14174465200006,
                12.701010222000036
              ],
              [
                124.14175125000008,
                12.700994128000048
              ],
              [
                124.14175949900005,
                12.700981252000076
              ],
              [
                124.14177434600003,
                12.700950672000033
              ],
              [
                124.14179909200004,
                12.700918483000066
              ],
              [
                124.14183868500004,
                12.700876637000022
              ],
              [
                124.14184528400006,
                12.700871808000045
              ],
              [
                124.14184858400006,
                12.700866980000058
              ],
              [
                124.14189312700012,
                12.700825133000023
              ],
              [
                124.14191787300001,
                12.700792944000057
              ],
              [
                124.14195416700011,
                12.70075431600003
              ],
              [
                124.14196736500003,
                12.700736612000071
              ],
              [
                124.14198221200002,
                12.700712470000042
              ],
              [
                124.14199375900012,
                12.700685109000062
              ],
              [
                124.14201355600005,
                12.700649701000032
              ],
              [
                124.1420267530001,
                12.700622341000042
              ],
              [
                124.14203830000008,
                12.70058371400006
              ],
              [
                124.14203830000008,
                12.700575667000066
              ],
              [
                124.14204324800005,
                12.700545087000023
              ],
              [
                124.14204324800005,
                12.700533821000022
              ],
              [
                124.14205479400005,
                12.700454106000052
              ],
              [
                124.14206304100003,
                12.700410651000027
              ],
              [
                124.14207623800007,
                12.700365587000022
              ],
              [
                124.14207788700003,
                12.700354321000077
              ],
              [
                124.14210758000002,
                12.70026419100003
              ],
              [
                124.14211747700006,
                12.70022395500007
              ],
              [
                124.14212407500008,
                12.700186938000058
              ],
              [
                124.14212407500008,
                12.700177282000027
              ],
              [
                124.14212902300005,
                12.700148312000067
              ],
              [
                124.14212902200006,
                12.700125780000064
              ],
              [
                124.14213726900005,
                12.700067840000031
              ],
              [
                124.14213726800006,
                12.700051746000042
              ],
              [
                124.14213846500002,
                12.700047075000043
              ],
              [
                124.14213891800011,
                12.700045308000028
              ],
              [
                124.14214056500009,
                12.699982540000065
              ],
              [
                124.14214221500004,
                12.69997449300007
              ],
              [
                124.14214221300006,
                12.699932648000072
              ],
              [
                124.14214716200001,
                12.699906897000062
              ],
              [
                124.14214716100003,
                12.699898850000068
              ],
              [
                124.14215376000004,
                12.699869880000051
              ],
              [
                124.14215375900005,
                12.699847348000048
              ],
              [
                124.142155408,
                12.699839300000065
              ],
              [
                124.14215540600003,
                12.699786189000065
              ],
              [
                124.14214880600002,
                12.699763658000052
              ],
              [
                124.142142207,
                12.699750782000024
              ],
              [
                124.14212735800004,
                12.699729860000048
              ],
              [
                124.14212240800009,
                12.699720204000073
              ],
              [
                124.14210755900001,
                12.699705720000054
              ],
              [
                124.14209931000005,
                12.699692845000072
              ],
              [
                124.14208446100008,
                12.699675141000057
              ],
              [
                124.142076212,
                12.699662266000075
              ],
              [
                124.14207126200006,
                12.699647781000067
              ],
              [
                124.14204786100004,
                12.69954834400005
              ],
              [
                124.14204456000004,
                12.699525812000047
              ],
              [
                124.14204456000004,
                12.699514546000046
              ],
              [
                124.14203135900004,
                12.699454998000022
              ],
              [
                124.1420264090001,
                12.69944051300007
              ],
              [
                124.14201815900003,
                12.699426028000062
              ],
              [
                124.14200001100005,
                12.699400278000041
              ],
              [
                124.14198186200008,
                12.699379356000065
              ],
              [
                124.14196866300006,
                12.699369700000034
              ],
              [
                124.14195876400004,
                12.699356825000052
              ],
              [
                124.14194391500007,
                12.699331074000042
              ],
              [
                124.14194061500007,
                12.69931819900006
              ],
              [
                124.14193731500006,
                12.699311761000047
              ],
              [
                124.14193731500006,
                12.699305324000022
              ],
              [
                124.14193071500006,
                12.699276354000062
              ],
              [
                124.14192576500011,
                12.699261869000054
              ],
              [
                124.14192576500011,
                12.69925543200003
              ],
              [
                124.14191751400006,
                12.699218415000075
              ],
              [
                124.14191751400006,
                12.699211977000061
              ],
              [
                124.14191256400011,
                12.699187836000021
              ],
              [
                124.1419092640001,
                12.699176570000077
              ],
              [
                124.14189606500008,
                12.699154039000064
              ],
              [
                124.14188451500002,
                12.699126679000074
              ],
              [
                124.1418713160001,
                12.69910575700004
              ],
              [
                124.14186636700003,
                12.699102538000034
              ],
              [
                124.14185151800007,
                12.699086444000045
              ],
              [
                124.141849868,
                12.699080007000077
              ],
              [
                124.14184491800006,
                12.699073569000063
              ],
              [
                124.14182446200005,
                12.699050896000074
              ],
              [
                124.14180136300001,
                12.699029974000041
              ],
              [
                124.14177991500003,
                12.69899295700003
              ],
              [
                124.14177001400003,
                12.69896559700004
              ],
              [
                124.14176176500007,
                12.69894789400007
              ],
              [
                124.14174196600004,
                12.698925362000068
              ],
              [
                124.14173371700008,
                12.69891248700003
              ],
              [
                124.14171391800005,
                12.69889478400006
              ],
              [
                124.14170731900003,
                12.698886737000066
              ],
              [
                124.14168752100011,
                12.698872253000047
              ],
              [
                124.1416842210001,
                12.69886742400007
              ],
              [
                124.14166607200002,
                12.698851331000071
              ],
              [
                124.14165452300006,
                12.698838455000043
              ],
              [
                124.14164462400004,
                12.698830409000038
              ],
              [
                124.141596778,
                12.698780518000035
              ],
              [
                124.14152748400011,
                12.698714533000043
              ],
              [
                124.14150438700005,
                12.698700049000024
              ],
              [
                124.14147799000011,
                12.698692003000076
              ],
              [
                124.14145819200007,
                12.698683956000025
              ],
              [
                124.14144004400009,
                12.698669472000063
              ],
              [
                124.14143014400008,
                12.698650159000067
              ],
              [
                124.14143014400008,
                12.698643721000053
              ],
              [
                124.14142354400008,
                12.698616361000063
              ],
              [
                124.14141364500006,
                12.698603486000025
              ],
              [
                124.14139549600009,
                12.698589002000062
              ],
              [
                124.14137899800005,
                12.698579346000031
              ],
              [
                124.14136250000001,
                12.698572909000063
              ],
              [
                124.14131795500009,
                12.69855037800005
              ],
              [
                124.14130145700005,
                12.698539113000038
              ],
              [
                124.14128330800008,
                12.69850692500006
              ],
              [
                124.14127560500003,
                12.698476244000062
              ],
              [
                124.14127065500008,
                12.698469806000048
              ],
              [
                124.14125085700005,
                12.698461760000043
              ],
              [
                124.14123765900001,
                12.698460151000063
              ],
              [
                124.14121126200007,
                12.698453714000038
              ],
              [
                124.14119806300005,
                12.698445667000044
              ],
              [
                124.14118651400008,
                12.698436010000023
              ],
              [
                124.141178265,
                12.698426354000048
              ],
              [
                124.14115681600003,
                12.698395775000051
              ],
              [
                124.14114196700007,
                12.698379681000063
              ],
              [
                124.141018228,
                12.698275071000069
              ],
              [
                124.14098688100012,
                12.698252540000055
              ],
              [
                124.14093078700012,
                12.69820747700004
              ],
              [
                124.14088294100009,
                12.698162414000024
              ],
              [
                124.14085159400008,
                12.698127008000029
              ],
              [
                124.14082024600009,
                12.69808355400005
              ],
              [
                124.14078889900009,
                12.698025615000063
              ],
              [
                124.14078724900003,
                12.698017568000068
              ],
              [
                124.14078229900008,
                12.698009521000074
              ],
              [
                124.14077734900002,
                12.697995036000066
              ],
              [
                124.14076580000005,
                12.697972505000052
              ],
              [
                124.14074600100002,
                12.697940317000075
              ],
              [
                124.14073445300005,
                12.697927442000037
              ],
              [
                124.1407262030001,
                12.697911348000048
              ],
              [
                124.14071960400008,
                12.697903301000053
              ],
              [
                124.14070970400007,
                12.697885597000038
              ],
              [
                124.14067175800005,
                12.697842144000049
              ],
              [
                124.1406354610001,
                12.697795471000063
              ],
              [
                124.14060576400004,
                12.697750408000047
              ],
              [
                124.14057771700004,
                12.697721439000077
              ],
              [
                124.1405447200001,
                12.697692471000039
              ],
              [
                124.14053812100008,
                12.697689252000032
              ],
              [
                124.14051502400002,
                12.697671549000063
              ],
              [
                124.14046058000008,
                12.697644190000062
              ],
              [
                124.1404424320001,
                12.697637753000038
              ],
              [
                124.14036654200004,
                12.697602348000032
              ],
              [
                124.14031557900012,
                12.697594065000033
              ],
              [
                124.14028588200006,
                12.69757958100007
              ],
              [
                124.14025618500011,
                12.697560268000075
              ],
              [
                124.14023473700001,
                12.697537737000061
              ],
              [
                124.1402215380001,
                12.69752808000004
              ],
              [
                124.14018359200008,
                12.697494283000026
              ],
              [
                124.1401621440001,
                12.697481408000044
              ],
              [
                124.14012914800003,
                12.697470143000032
              ],
              [
                124.14008295400004,
                12.697458878000077
              ],
              [
                124.14006315600011,
                12.69745565900007
              ],
              [
                124.14004170800001,
                12.697446003000039
              ],
              [
                124.14001036200011,
                12.697436347000064
              ],
              [
                124.13992292300009,
                12.697423474000061
              ],
              [
                124.13990642500005,
                12.697421865000024
              ],
              [
                124.13985858100011,
                12.69742186600007
              ],
              [
                124.13983218500005,
                12.697417038000026
              ],
              [
                124.1398024880001,
                12.697404164000034
              ],
              [
                124.13978929000007,
                12.69739450700007
              ],
              [
                124.13977939100005,
                12.69738002300005
              ],
              [
                124.1397744410001,
                12.697367147000023
              ],
              [
                124.1397711410001,
                12.697352662000071
              ],
              [
                124.13976289100003,
                12.697339787000033
              ],
              [
                124.13974969300011,
                12.697330131000058
              ],
              [
                124.1397430940001,
                12.697328522000078
              ],
              [
                124.13973814400003,
                12.69732530300007
              ],
              [
                124.1397150470001,
                12.697320475000026
              ],
              [
                124.13970679800002,
                12.697320476000073
              ],
              [
                124.13964080700009,
                12.697310820000041
              ],
              [
                124.13961276000009,
                12.69729955500003
              ],
              [
                124.13954841800012,
                12.69726575900006
              ],
              [
                124.13947252700007,
                12.697215868000058
              ],
              [
                124.13944778000007,
                12.697196556000051
              ],
              [
                124.13938838700005,
                12.697156321000023
              ],
              [
                124.13933229400004,
                12.697127353000042
              ],
              [
                124.1393058970001,
                12.697108041000035
              ],
              [
                124.13929929800008,
                12.697104822000028
              ],
              [
                124.13928939900006,
                12.697095166000054
              ],
              [
                124.13925475400004,
                12.69707102500007
              ],
              [
                124.13924650400008,
                12.69705975900007
              ],
              [
                124.13921462200005,
                12.697005928000067
              ],
              [
                124.13920472300003,
                12.696994662000066
              ],
              [
                124.139188224,
                12.696967302000076
              ],
              [
                124.13918327500005,
                12.696962474000031
              ],
              [
                124.13917997500005,
                12.696954427000037
              ],
              [
                124.13916182700007,
                12.696931895000034
              ],
              [
                124.13915522700006,
                12.696927067000047
              ],
              [
                124.13913542900002,
                12.69690614500007
              ],
              [
                124.13910573200008,
                12.696882004000031
              ],
              [
                124.13907108600006,
                12.696859472000028
              ],
              [
                124.13904138900011,
                12.696835331000045
              ],
              [
                124.13899849400002,
                12.696804753000038
              ],
              [
                124.1389819960001,
                12.696795097000063
              ],
              [
                124.13895559900004,
                12.696783831000062
              ],
              [
                124.13893910100012,
                12.69677417500003
              ],
              [
                124.138914354,
                12.696762910000075
              ],
              [
                124.13888960700001,
                12.696753254000043
              ],
              [
                124.13888135800005,
                12.696751644000074
              ],
              [
                124.13880546700011,
                12.696725895000043
              ],
              [
                124.13876917100004,
                12.69670175400006
              ],
              [
                124.13871307800002,
                12.69667439500006
              ],
              [
                124.13863883800002,
                12.696640599000034
              ],
              [
                124.13862893900011,
                12.696637380000027
              ],
              [
                124.13857944500012,
                12.69660358300007
              ],
              [
                124.13853490100007,
                12.69658749000007
              ],
              [
                124.13852995100001,
                12.696584271000063
              ],
              [
                124.1384953060001,
                12.69657461600002
              ],
              [
                124.1384458120001,
                12.696553694000045
              ],
              [
                124.13834187600003,
                12.69651828900004
              ],
              [
                124.13827918400011,
                12.696489320000069
              ],
              [
                124.13822474200003,
                12.696466790000045
              ],
              [
                124.13818349700011,
                12.696442649000062
              ],
              [
                124.13816205000012,
                12.69643299300003
              ],
              [
                124.13813565300006,
                12.696418509000068
              ],
              [
                124.13811585600001,
                12.696410462000074
              ],
              [
                124.13808616000006,
                12.696402415000023
              ],
              [
                124.13806966200002,
                12.696395978000055
              ],
              [
                124.13799542200002,
                12.696363791000067
              ],
              [
                124.13796572600006,
                12.696347697000022
              ],
              [
                124.13792357300008,
                12.69630823700004
              ],
              [
                124.13788727700012,
                12.696285706000026
              ],
              [
                124.13783943200008,
                12.69626478400005
              ],
              [
                124.13783118300012,
                12.696263174000023
              ],
              [
                124.13777179100009,
                12.696232596000073
              ],
              [
                124.13774044400009,
                12.696208455000033
              ],
              [
                124.13772559600011,
                12.696192361000044
              ],
              [
                124.13770909800007,
                12.696177876000036
              ],
              [
                124.13769095000009,
                12.69616983000003
              ],
              [
                124.13766125400002,
                12.696171439000068
              ],
              [
                124.1376447560001,
                12.696176268000045
              ],
              [
                124.137629908,
                12.696176268000045
              ],
              [
                124.13760681100007,
                12.69616661200007
              ],
              [
                124.13758866300009,
                12.696150518000024
              ],
              [
                124.13757216500005,
                12.696131205000029
              ],
              [
                124.13755071800006,
                12.696119940000074
              ],
              [
                124.1375424690001,
                12.696118330000047
              ],
              [
                124.13751112300008,
                12.696118331000037
              ],
              [
                124.13750452400006,
                12.696121550000043
              ],
              [
                124.13747977800006,
                12.69614086300004
              ],
              [
                124.137459981,
                12.696161786000062
              ],
              [
                124.13744678300009,
                12.696171443000026
              ],
              [
                124.13742368600003,
                12.696179491000066
              ],
              [
                124.13741378800012,
                12.696179491000066
              ],
              [
                124.13738739100006,
                12.696174663000022
              ],
              [
                124.13735604500005,
                12.696163397000078
              ],
              [
                124.13734614700002,
                12.696158569000033
              ],
              [
                124.13733459800005,
                12.696148913000059
              ],
              [
                124.13729005400012,
                12.696123163000038
              ],
              [
                124.13723163300006,
                12.696099568000022
              ],
              [
                124.13719038800002,
                12.696088302000021
              ],
              [
                124.1371738900001,
                12.69608669300004
              ],
              [
                124.13713264600005,
                12.69608669400003
              ],
              [
                124.13710624900011,
                12.696083475000023
              ],
              [
                124.13708315200006,
                12.696077038000055
              ],
              [
                124.13703365800006,
                12.696052897000072
              ],
              [
                124.13701551000008,
                12.696049678000065
              ],
              [
                124.1369726160001,
                12.696049679000055
              ],
              [
                124.13696436700002,
                12.696051288000035
              ],
              [
                124.136908274,
                12.696051289000025
              ],
              [
                124.13689837600009,
                12.696052898000062
              ],
              [
                124.13687857900004,
                12.696052899000051
              ],
              [
                124.13687362900009,
                12.696054508000032
              ],
              [
                124.13681093800005,
                12.696054509000021
              ],
              [
                124.13673834700012,
                12.696044853000046
              ],
              [
                124.13669875300002,
                12.696035197000072
              ],
              [
                124.13669380300007,
                12.696031978000065
              ],
              [
                124.13668060500004,
                12.696028759000058
              ],
              [
                124.13664760900008,
                12.696012666000058
              ],
              [
                124.136617913,
                12.695993353000063
              ],
              [
                124.13660966400005,
                12.695986915000049
              ],
              [
                124.13659481600007,
                12.69597082100006
              ],
              [
                124.13652552500002,
                12.695935414000076
              ],
              [
                124.13590346100011,
                12.695600174000049
              ],
              [
                124.1358754150001,
                12.695588908000047
              ],
              [
                124.13584901800004,
                12.695576033000066
              ],
              [
                124.13580777300001,
                12.695559939000077
              ],
              [
                124.13579622500004,
                12.695553501000063
              ],
              [
                124.13578962600002,
                12.695551892000026
              ],
              [
                124.13573023300012,
                12.695521313000029
              ],
              [
                124.13566754100009,
                12.695484297000064
              ],
              [
                124.13566259200002,
                12.69547946800003
              ],
              [
                124.13561639700004,
                12.69545049900006
              ],
              [
                124.13557680300005,
                12.695421529000043
              ],
              [
                124.13550751200012,
                12.695394170000043
              ],
              [
                124.13543657100001,
                12.695361982000065
              ],
              [
                124.13541842400002,
                12.695352325000044
              ],
              [
                124.13540357600004,
                12.695341059000043
              ],
              [
                124.13538212900005,
                12.695329793000042
              ],
              [
                124.13536563100001,
                12.69531852800003
              ],
              [
                124.13531778700008,
                12.695278292000069
              ],
              [
                124.13527819300009,
                12.695252542000048
              ],
              [
                124.13527654300003,
                12.695249323000041
              ],
              [
                124.13525179600003,
                12.695234838000033
              ],
              [
                124.13524519700002,
                12.695228401000065
              ],
              [
                124.13521550100006,
                12.69520908800007
              ],
              [
                124.13516930800006,
                12.695180118000053
              ],
              [
                124.13515610900004,
                12.695173681000028
              ],
              [
                124.13515116000008,
                12.695168853000041
              ],
              [
                124.13510661600003,
                12.695139883000024
              ],
              [
                124.13506372200004,
                12.69510447600004
              ],
              [
                124.13502907700001,
                12.695078726000077
              ],
              [
                124.13500928000008,
                12.695059413000024
              ],
              [
                124.13496308600008,
                12.695020787000033
              ],
              [
                124.13495153800011,
                12.695012740000038
              ],
              [
                124.13494493900009,
                12.695004693000044
              ],
              [
                124.13493174100006,
                12.694993427000043
              ],
              [
                124.1349201920001,
                12.694985380000048
              ],
              [
                124.13487234900003,
                12.694937098000025
              ],
              [
                124.13482285600003,
                12.694893644000047
              ],
              [
                124.13480965800011,
                12.694879159000038
              ],
              [
                124.13479481000002,
                12.694867893000037
              ],
              [
                124.13476511400006,
                12.69483570500006
              ],
              [
                124.13475191600003,
                12.694826048000039
              ],
              [
                124.13473046900003,
                12.694813173000057
              ],
              [
                124.13468427600003,
                12.694793860000061
              ],
              [
                124.13465787900009,
                12.694780985000023
              ],
              [
                124.13465128000007,
                12.694776157000035
              ],
              [
                124.13464468100005,
                12.694774547000065
              ],
              [
                124.13463808200004,
                12.694769719000021
              ],
              [
                124.13463478300002,
                12.694764891000034
              ],
              [
                124.13451294000004,
                12.694696215000022
              ],
              [
                124.1344969270001,
                12.694684854000059
              ],
              [
                124.13447509100001,
                12.694664972000055
              ],
              [
                124.13446199000009,
                12.694647931000077
              ],
              [
                124.13444597700004,
                12.694622369000058
              ],
              [
                124.13440085000002,
                12.69457976600006
              ],
              [
                124.13439648300005,
                12.694574086000046
              ],
              [
                124.13438483700008,
                12.694565565000062
              ],
              [
                124.13437319200011,
                12.694559885000047
              ],
              [
                124.13435135600002,
                12.694554204000042
              ],
              [
                124.13432515400007,
                12.694549944000073
              ],
              [
                124.13428730600003,
                12.694549944000073
              ],
              [
                124.13427566000007,
                12.694552784000052
              ],
              [
                124.13426255900004,
                12.694558465000057
              ],
              [
                124.13424945800011,
                12.694565566000051
              ],
              [
                124.13422034400003,
                12.694585447000065
              ],
              [
                124.1341970530001,
                12.69459396800005
              ],
              [
                124.13418249600011,
                12.69459396800005
              ],
              [
                124.1341402810001,
                12.694588288000034
              ],
              [
                124.13406862600004,
                12.69457408900007
              ],
              [
                124.13404679000007,
                12.694568408000066
              ],
              [
                124.13404096700003,
                12.694568408000066
              ],
              [
                124.13403368900003,
                12.69456556800003
              ],
              [
                124.13400748600009,
                12.694561308000061
              ],
              [
                124.133911409,
                12.694552787000077
              ],
              [
                124.13382261100003,
                12.694540006000068
              ],
              [
                124.13374691500007,
                12.694535746000042
              ],
              [
                124.13363773700007,
                12.694518705000064
              ],
              [
                124.13358969900003,
                12.694517285000074
              ],
              [
                124.13354020600002,
                12.69451302400006
              ],
              [
                124.13348925600008,
                12.694504504000065
              ],
              [
                124.13344995200009,
                12.69450024300005
              ],
              [
                124.13337571200009,
                12.69450024300005
              ],
              [
                124.13335096500009,
                12.694503084000075
              ],
              [
                124.1333291300001,
                12.694503084000075
              ],
              [
                124.1332941930001,
                12.694505924000055
              ],
              [
                124.13325925700008,
                12.69451160400007
              ],
              [
                124.13320685200006,
                12.694524385000022
              ],
              [
                124.13320102900002,
                12.694524385000022
              ],
              [
                124.1331879280001,
                12.694528646000037
              ],
              [
                124.13315299100009,
                12.694534326000053
              ],
              [
                124.13311659900012,
                12.694538586000021
              ],
              [
                124.133091852,
                12.694538586000021
              ],
              [
                124.13304818200004,
                12.694544267000026
              ],
              [
                124.13297306100003,
                12.694547109000041
              ],
              [
                124.13288135100004,
                12.694547108000052
              ],
              [
                124.13287407200005,
                12.694545688000062
              ],
              [
                124.13281875500002,
                12.694544268000072
              ],
              [
                124.13279400800002,
                12.694541428000036
              ],
              [
                124.1327736290001,
                12.694541428000036
              ],
              [
                124.13274305900006,
                12.694538587000068
              ],
              [
                124.13272267900004,
                12.694538587000068
              ],
              [
                124.13271685600012,
                12.694537167000021
              ],
              [
                124.13263097000004,
                12.694532906000063
              ],
              [
                124.13256837500012,
                12.694525806000058
              ],
              [
                124.13250432400002,
                12.694513025000049
              ],
              [
                124.1324912230001,
                12.694508764000034
              ],
              [
                124.13245046300005,
                12.69450024300005
              ],
              [
                124.1324067920001,
                12.69448746200004
              ],
              [
                124.13237767800001,
                12.694481782000025
              ],
              [
                124.13234856500003,
                12.694471841000052
              ],
              [
                124.13227141300001,
                12.694432078000034
              ],
              [
                124.13226413400002,
                12.69442639700003
              ],
              [
                124.1322437550001,
                12.694415036000066
              ],
              [
                124.13218698300011,
                12.694371013000023
              ],
              [
                124.13216514800001,
                12.694356812000024
              ],
              [
                124.1321447680001,
                12.694341190000046
              ],
              [
                124.13205306000009,
                12.694294326000033
              ],
              [
                124.13202831300009,
                12.694278705000045
              ],
              [
                124.13196203500002,
                12.694247544000063
              ],
              [
                124.13195038900005,
                12.69424044300007
              ],
              [
                124.13187760400001,
                12.694204940000077
              ],
              [
                124.13187178100009,
                12.694200679000062
              ],
              [
                124.13186304700002,
                12.694197839000026
              ],
              [
                124.13181792000012,
                12.69416517600007
              ],
              [
                124.13181355300003,
                12.694159495000065
              ],
              [
                124.13180190700007,
                12.69415097500007
              ],
              [
                124.1317975400001,
                12.694145294000066
              ],
              [
                124.13179171700006,
                12.69414103400004
              ],
              [
                124.13178152800003,
                12.694129673000077
              ],
              [
                124.13176405900003,
                12.694106951000037
              ],
              [
                124.13175386900002,
                12.694095590000074
              ],
              [
                124.13175095800011,
                12.694094170000028
              ],
              [
                124.13171456600003,
                12.694045886000026
              ],
              [
                124.13171019900005,
                12.694043045000058
              ],
              [
                124.13170583100009,
                12.694035945000053
              ],
              [
                124.13168981900003,
                12.694020324000064
              ],
              [
                124.13167817300007,
                12.69400470200003
              ],
              [
                124.13166361600008,
                12.69398908100004
              ],
              [
                124.13165051500005,
                12.693969199000037
              ],
              [
                124.13163013600001,
                12.693947898000033
              ],
              [
                124.1316170340001,
                12.69393653700007
              ],
              [
                124.13155007300008,
                12.693869791000054
              ],
              [
                124.13151659200003,
                12.693838549000077
              ],
              [
                124.13150203500004,
                12.693827188000057
              ],
              [
                124.13142585700007,
                12.693754600000034
              ],
              [
                124.1314142110001,
                12.69374608000004
              ],
              [
                124.13137927500009,
                12.693711996000047
              ],
              [
                124.13136180600009,
                12.693690695000043
              ],
              [
                124.13133706000008,
                12.693655191000062
              ],
              [
                124.13130503500008,
                12.693599807000055
              ],
              [
                124.13129193400005,
                12.693581345000041
              ],
              [
                124.13126427600002,
                12.69353164100005
              ],
              [
                124.13123225100003,
                12.69345495500005
              ],
              [
                124.13122351700008,
                12.693422292000037
              ],
              [
                124.13122351700008,
                12.693416612000021
              ],
              [
                124.13122060500007,
                12.693409511000027
              ],
              [
                124.13121623900008,
                12.693385369000055
              ],
              [
                124.13118130300006,
                12.693297322000035
              ],
              [
                124.13116820200003,
                12.693247619000033
              ],
              [
                124.13116092300004,
                12.69322631700004
              ],
              [
                124.1311478230001,
                12.693169512000054
              ],
              [
                124.1311478230001,
                12.693155311000055
              ],
              [
                124.13112337500002,
                12.693050691000053
              ],
              [
                124.1311204640001,
                12.692976845000032
              ],
              [
                124.13111609700002,
                12.692927141000041
              ],
              [
                124.13111609700002,
                12.692853295000077
              ],
              [
                124.13111464200006,
                12.692846195000072
              ],
              [
                124.13111464200006,
                12.69281353200006
              ],
              [
                124.13111027500008,
                12.692759568000042
              ],
              [
                124.13110882,
                12.692674361000059
              ],
              [
                124.13111609900011,
                12.692596255000069
              ],
              [
                124.13111609900011,
                12.692574953000076
              ],
              [
                124.13112483400005,
                12.692485486000066
              ],
              [
                124.13112629000011,
                12.692411641000035
              ],
              [
                124.13112192300002,
                12.692384659000027
              ],
              [
                124.13112192300002,
                12.692339215000061
              ],
              [
                124.13111901200011,
                12.692315073000032
              ],
              [
                124.13111319000006,
                12.69229093100006
              ],
              [
                124.1311117350001,
                12.692248002000042
              ],
              [
                124.13110300100004,
                12.692222440000023
              ],
              [
                124.13108407700008,
                12.692191197000056
              ],
              [
                124.13106660900007,
                12.692172735000042
              ],
              [
                124.13104622900005,
                12.692155694000064
              ],
              [
                124.13101420400005,
                12.69213723200005
              ],
              [
                124.13097781200008,
                12.692108829000063
              ],
              [
                124.13095452100004,
                12.692087528000059
              ],
              [
                124.13094578700009,
                12.692077587000028
              ],
              [
                124.13091230700002,
                12.692049184000041
              ],
              [
                124.13088319300005,
                12.692033563000052
              ],
              [
                124.13085699100009,
                12.692027882000048
              ],
              [
                124.13083224500008,
                12.692019361000064
              ],
              [
                124.13080167500004,
                12.692002320000029
              ],
              [
                124.13076673900002,
                12.691976757000077
              ],
              [
                124.130766504,
                12.691976619000059
              ],
              [
                124.1294249010001,
                12.692866292000076
              ],
              [
                124.12874634000002,
                12.69327137700003
              ],
              [
                124.12799034300008,
                12.693622357000038
              ],
              [
                124.1243253560001,
                12.694856293000043
              ],
              [
                124.11893837000002,
                12.695690266000042
              ],
              [
                124.11638796900002,
                12.695517080000059
              ],
              [
                124.113692377,
                12.695335318000048
              ],
              [
                124.10528537800008,
                12.692905526000061
              ],
              [
                124.1044774820001,
                12.694819936000044
              ],
              [
                124.10149503200012,
                12.699889183000039
              ],
              [
                124.0984651230001,
                12.703612147000058
              ],
              [
                124.09822645100007,
                12.703900822000037
              ],
              [
                124.09620247100008,
                12.706732642000077
              ],
              [
                124.09359149500006,
                12.71037541000004
              ],
              [
                124.08923945300012,
                12.71636200200004
              ],
              [
                124.08706356500011,
                12.721059725000032
              ],
              [
                124.0840041780001,
                12.72545782800006
              ],
              [
                124.08176777100005,
                12.728440668000076
              ],
              [
                124.07692076700005,
                12.734905430000026
              ],
              [
                124.0650147880001,
                12.754371597000045
              ],
              [
                124.0649450190001,
                12.754445350000026
              ],
              [
                124.06439326800012,
                12.755175345000055
              ],
              [
                124.06355978500005,
                12.756267494000042
              ],
              [
                124.06301371100005,
                12.756957272000022
              ],
              [
                124.06245081100008,
                12.757693387000074
              ],
              [
                124.06210837700007,
                12.75813564300006
              ],
              [
                124.06160159800004,
                12.75878244100005
              ],
              [
                124.06070846900002,
                12.759938863000059
              ],
              [
                124.060665588,
                12.759993739000038
              ],
              [
                124.0606506360001,
                12.760012803000052
              ],
              [
                124.06062559100008,
                12.760044203000064
              ],
              [
                124.06059031100006,
                12.760090258000048
              ],
              [
                124.06058711100002,
                12.760094442000025
              ],
              [
                124.06058199200004,
                12.760101039000062
              ],
              [
                124.060577168,
                12.760107241000071
              ],
              [
                124.0605698820001,
                12.760116495000034
              ],
              [
                124.06056372900002,
                12.760124519000044
              ],
              [
                124.06055851100007,
                12.760131214000069
              ],
              [
                124.06055382800002,
                12.760137233000023
              ],
              [
                124.05957952200004,
                12.761487621000072
              ],
              [
                124.05858724600012,
                12.762820096000041
              ],
              [
                124.0581233040001,
                12.763454852000052
              ],
              [
                124.0579038520001,
                12.763755003000028
              ],
              [
                124.05749513300009,
                12.764375990000076
              ],
              [
                124.05685492700002,
                12.765403296000045
              ],
              [
                124.05640827200011,
                12.76604350100007
              ],
              [
                124.05581787300002,
                12.766926801000068
              ],
              [
                124.0545158870001,
                12.769045665000021
              ],
              [
                124.05250790700006,
                12.77204047400005
              ],
              [
                124.0490979430001,
                12.777380133000065
              ],
              [
                124.0486019540001,
                12.779149017000066
              ],
              [
                124.04851996900004,
                12.781843836000064
              ],
              [
                124.04734198300002,
                12.783969699000068
              ],
              [
                124.04564000800008,
                12.788051433000021
              ],
              [
                124.0446170250001,
                12.790709260000028
              ],
              [
                124.04673202600009,
                12.79155619100004
              ],
              [
                124.05292003500006,
                12.79521591200006
              ],
              [
                124.05700003900006,
                12.797056766000026
              ],
              [
                124.06131504200005,
                12.79895861500006
              ],
              [
                124.06900904500003,
                12.801938373000041
              ],
              [
                124.07239204400003,
                12.802737301000036
              ],
              [
                124.07213727200008,
                12.800189371000045
              ],
              [
                124.07719586600001,
                12.794861703000038
              ],
              [
                124.08176777100005,
                12.793401998000036
              ],
              [
                124.08612912700005,
                12.792009517000054
              ],
              [
                124.09877561100006,
                12.79421592500006
              ],
              [
                124.10593298300012,
                12.796422333000066
              ],
              [
                124.11289008300002,
                12.799897693000048
              ],
              [
                124.11749996900005,
                12.803302022000025
              ],
              [
                124.1202529630001,
                12.803205013000024
              ],
              [
                124.12162644700004,
                12.803878422000025
              ],
              [
                124.12276513400002,
                12.804447765000077
              ],
              [
                124.12404615700007,
                12.804969664000055
              ],
              [
                124.12462014100004,
                12.805368950000059
              ],
              [
                124.1255849690001,
                12.805872805000035
              ],
              [
                124.12610996300009,
                12.804928866000068
              ],
              [
                124.12711296000009,
                12.804671878000022
              ],
              [
                124.12745796100012,
                12.804977855000061
              ],
              [
                124.12791496200009,
                12.80541282400003
              ],
              [
                124.12853153900005,
                12.805171701000063
              ],
              [
                124.12924695700008,
                12.804874853000058
              ],
              [
                124.13298015600003,
                12.804886637000038
              ],
              [
                124.13947252100002,
                12.807177026000033
              ],
              [
                124.14227869100012,
                12.808034467000027
              ],
              [
                124.14703359000009,
                12.807449848000033
              ],
              [
                124.14856308100002,
                12.804686286000049
              ],
              [
                124.15142448800009,
                12.80593725700004
              ],
              [
                124.1538542720001,
                12.806276775000072
              ],
              [
                124.15421824100008,
                12.806319091000034
              ],
              [
                124.15418933900003,
                12.80626823700004
              ],
              [
                124.15421912900001,
                12.806269263000047
              ]
            ]
          ]
        ]
      }
    }
  ]
}