{
  "type": "FeatureCollection",
  "name": "Casiguran",
  "crs": {
    "type": "name",
    "properties": {
      "name": "urn:ogc:def:crs:OGC:1.3:CRS84"
    }
  },
  "features": [
    {
      "type": "Feature",
      "properties": {
        "ADM3_EN": "Casiguran",
        "ADM3_PCODE": "PH0506205",
        "ADM2_EN": "Sorsogon",
        "ADM2_PCODE": "PH05062",
        "ADM1_EN": "Region V (Bicol Region)",
        "ADM1_PCODE": "PH05",
        "ADM0_EN": "Philippines (the)",
        "ADM0_PCODE": "PH",
        "date": "2022-11-09",
        "validOn": "2023-11-06",
        "validTo": null,
        "ADM3_REF": null,
        "ADM3ALT1EN": null,
        "Shape_Leng": 0.43614858069,
        "Shape_Area": 0.00731030204,
        "AREA_SQKM": 87.7844302816
      },
      "geometry": {
        "type": "MultiPolygon",
        "coordinates": [
          [
            [
              [
                124.0726355600001,
                12.926738759000045
              ],
              [
                124.0739233170001,
                12.919400773000064
              ],
              [
                124.0742838860001,
                12.917306756000073
              ],
              [
                124.07381428500003,
                12.914618862000054
              ],
              [
                124.07230762000006,
                12.905710378000038
              ],
              [
                124.07116355500011,
                12.893928176000031
              ],
              [
                124.07109553700002,
                12.89184012000004
              ],
              [
                124.07095105200005,
                12.887234527000032
              ],
              [
                124.07084118300008,
                12.879763385000047
              ],
              [
                124.06996222500004,
                12.872621852000066
              ],
              [
                124.0694974270001,
                12.870410765000031
              ],
              [
                124.06916487400008,
                12.86902834500006
              ],
              [
                124.06847297900003,
                12.866232963000073
              ],
              [
                124.06835239500003,
                12.864386177000029
              ],
              [
                124.06836849000001,
                12.863920935000067
              ],
              [
                124.0685754320001,
                12.85857946300007
              ],
              [
                124.06808812500003,
                12.857396036000068
              ],
              [
                124.06802097400009,
                12.85670262800005
              ],
              [
                124.06774734200008,
                12.856161635000035
              ],
              [
                124.06787203300007,
                12.855453285000067
              ],
              [
                124.06811967800002,
                12.85467972400005
              ],
              [
                124.0681482330001,
                12.854529280000065
              ],
              [
                124.0682597010001,
                12.853942
              ],
              [
                124.06796599000006,
                12.853538987000036
              ],
              [
                124.0679722640001,
                12.852956035000034
              ],
              [
                124.06782335500009,
                12.852358196000068
              ],
              [
                124.06770739300009,
                12.851393785000027
              ],
              [
                124.06763926500003,
                12.850977128000068
              ],
              [
                124.0672105650001,
                12.850273043000072
              ],
              [
                124.06817597400004,
                12.847767505000036
              ],
              [
                124.0691463180001,
                12.844767515000058
              ],
              [
                124.06700593100004,
                12.840147087000048
              ],
              [
                124.06696471500004,
                12.839899126000034
              ],
              [
                124.0668645610001,
                12.83946512500006
              ],
              [
                124.066881254,
                12.839131278000025
              ],
              [
                124.06746824600009,
                12.837417995000067
              ],
              [
                124.06778323500009,
                12.83556711700004
              ],
              [
                124.06968320700003,
                12.831139405000044
              ],
              [
                124.06978922000008,
                12.83097464900004
              ],
              [
                124.07098619300007,
                12.829104535000056
              ],
              [
                124.07169073500006,
                12.827946003000022
              ],
              [
                124.0720521820001,
                12.827351647000057
              ],
              [
                124.07323517100008,
                12.825745749000077
              ],
              [
                124.07418115700011,
                12.823628886000051
              ],
              [
                124.07620394000003,
                12.823037554000052
              ],
              [
                124.07620447200009,
                12.82298406800004
              ],
              [
                124.07617259100005,
                12.822431977000065
              ],
              [
                124.07595588800007,
                12.822147451000035
              ],
              [
                124.07572214600009,
                12.822079982000048
              ],
              [
                124.0751869400001,
                12.822088195000049
              ],
              [
                124.07471355100006,
                12.821523811000077
              ],
              [
                124.07438563300002,
                12.821524017000058
              ],
              [
                124.07394299700002,
                12.821572052000022
              ],
              [
                124.07337764800002,
                12.82116680300004
              ],
              [
                124.07337835900012,
                12.820847762000028
              ],
              [
                124.07386967100001,
                12.820576360000075
              ],
              [
                124.07385636900005,
                12.820272542000055
              ],
              [
                124.07336719900002,
                12.820065764000049
              ],
              [
                124.07325881700001,
                12.819778519000067
              ],
              [
                124.0732945100001,
                12.819429230000026
              ],
              [
                124.07314257700011,
                12.818986338000059
              ],
              [
                124.073303871,
                12.818796691000045
              ],
              [
                124.07371238200005,
                12.818765851000023
              ],
              [
                124.0736999500001,
                12.818435769000075
              ],
              [
                124.07328371800008,
                12.817964799000038
              ],
              [
                124.0732876400001,
                12.81762089600005
              ],
              [
                124.07380597300005,
                12.817151996000064
              ],
              [
                124.0742399500001,
                12.817041485000061
              ],
              [
                124.07440338200001,
                12.816730994000068
              ],
              [
                124.07426014400005,
                12.816403894000075
              ],
              [
                124.07394411700011,
                12.81628838100005
              ],
              [
                124.07308810100005,
                12.813196594000033
              ],
              [
                124.07284608700002,
                12.810681764000037
              ],
              [
                124.07256807600004,
                12.808549909000021
              ],
              [
                124.0726310660001,
                12.806815026000038
              ],
              [
                124.07247005900001,
                12.80542212000006
              ],
              [
                124.07241905100011,
                12.80395721900004
              ],
              [
                124.07239204400003,
                12.802737301000036
              ],
              [
                124.06900904500003,
                12.801938373000041
              ],
              [
                124.06131504200005,
                12.79895861500006
              ],
              [
                124.05700003900006,
                12.797056766000026
              ],
              [
                124.05292003500006,
                12.79521591200006
              ],
              [
                124.04673202600009,
                12.79155619100004
              ],
              [
                124.0446170250001,
                12.790709260000028
              ],
              [
                124.04439967400003,
                12.792116745000044
              ],
              [
                124.0440790020001,
                12.792027463000068
              ],
              [
                124.04370549100008,
                12.79220889000004
              ],
              [
                124.04335118800009,
                12.792452492000052
              ],
              [
                124.0427711860001,
                12.792797162000056
              ],
              [
                124.0424774920001,
                12.793105652000065
              ],
              [
                124.042065,
                12.793131244000051
              ],
              [
                124.0418285180001,
                12.793184109000038
              ],
              [
                124.04134096100006,
                12.79354692000004
              ],
              [
                124.04082532200005,
                12.79390317800005
              ],
              [
                124.04030793900006,
                12.794024725000043
              ],
              [
                124.03967774800003,
                12.793834012000048
              ],
              [
                124.03961811900001,
                12.793764077000048
              ],
              [
                124.03944389300011,
                12.793728736000048
              ],
              [
                124.03927355000008,
                12.793830874000037
              ],
              [
                124.03909912900008,
                12.793827081000074
              ],
              [
                124.03879575300004,
                12.793800350000026
              ],
              [
                124.03847900900007,
                12.793869689000076
              ],
              [
                124.03833223400011,
                12.793824664000056
              ],
              [
                124.03807801100004,
                12.793731107000042
              ],
              [
                124.037744943,
                12.793784983000023
              ],
              [
                124.03726082500009,
                12.793531019000056
              ],
              [
                124.03652274300009,
                12.79333261000005
              ],
              [
                124.0362132250001,
                12.793340546000024
              ],
              [
                124.03580053400003,
                12.793435783000064
              ],
              [
                124.03527673400004,
                12.793681810000066
              ],
              [
                124.03489578900007,
                12.79398339200003
              ],
              [
                124.0344592890001,
                12.794197673000042
              ],
              [
                124.03403866200006,
                12.794578619000049
              ],
              [
                124.03396723500009,
                12.794983373000036
              ],
              [
                124.03396723500009,
                12.795300828000052
              ],
              [
                124.0339354890001,
                12.79561828200002
              ],
              [
                124.03388787100005,
                12.795999228000028
              ],
              [
                124.0336894620001,
                12.796284937000053
              ],
              [
                124.0333799440001,
                12.796475410000028
              ],
              [
                124.03307042600011,
                12.796737310000026
              ],
              [
                124.0329196350001,
                12.796896037000067
              ],
              [
                124.03268948000004,
                12.796864291000077
              ],
              [
                124.03253075300006,
                12.796713500000067
              ],
              [
                124.03224504400009,
                12.796610328000043
              ],
              [
                124.03181648000009,
                12.796713500000067
              ],
              [
                124.03159426200011,
                12.796896037000067
              ],
              [
                124.03133236200006,
                12.79714206400007
              ],
              [
                124.03130061700006,
                12.797308728000075
              ],
              [
                124.03120538000007,
                12.797729355000058
              ],
              [
                124.03087205300005,
                12.797888082000043
              ],
              [
                124.03060221700002,
                12.797824591000051
              ],
              [
                124.0299990530001,
                12.797816655000076
              ],
              [
                124.029776835,
                12.797983318000036
              ],
              [
                124.02892764400008,
                12.798411882000039
              ],
              [
                124.02826099000004,
                12.798824573000047
              ],
              [
                124.02785623500006,
                12.798848382000074
              ],
              [
                124.02761020800006,
                12.798816637000073
              ],
              [
                124.02738005300012,
                12.798856318000048
              ],
              [
                124.02726894400007,
                12.798967427000036
              ],
              [
                124.02700704400002,
                12.79907060000005
              ],
              [
                124.02674514400007,
                12.79907853700007
              ],
              [
                124.02654673500001,
                12.799030918000028
              ],
              [
                124.02632451700003,
                12.798864255000069
              ],
              [
                124.02611817200011,
                12.798896
              ],
              [
                124.02597531700007,
                12.799086473000045
              ],
              [
                124.02597531700007,
                12.799292818000026
              ],
              [
                124.02588008100008,
                12.799530909000055
              ],
              [
                124.0257213540001,
                12.799642018000043
              ],
              [
                124.02546739000002,
                12.79975312700003
              ],
              [
                124.02523723600007,
                12.800007091000055
              ],
              [
                124.02500708100001,
                12.800261055000021
              ],
              [
                124.02479279900001,
                12.800443591000032
              ],
              [
                124.02469756300002,
                12.800546764000046
              ],
              [
                124.02445153600002,
                12.800562636000052
              ],
              [
                124.02416582700005,
                12.800419782000063
              ],
              [
                124.02385630800006,
                12.800483273000054
              ],
              [
                124.02365789900011,
                12.80070549100003
              ],
              [
                124.02360234500009,
                12.800903900000037
              ],
              [
                124.023562663,
                12.801118182000039
              ],
              [
                124.02343568100002,
                12.801380082000037
              ],
              [
                124.02320552700007,
                12.801459445000035
              ],
              [
                124.0229833090001,
                12.801403891000064
              ],
              [
                124.02261823600008,
                12.801411827000038
              ],
              [
                124.0222769720001,
                12.801491191000025
              ],
              [
                124.02183253600003,
                12.801784836000024
              ],
              [
                124.02163412700008,
                12.801975309000056
              ],
              [
                124.02154682700007,
                12.802268954000056
              ],
              [
                124.02151508100008,
                12.802594345000045
              ],
              [
                124.02139603600006,
                12.802800691000073
              ],
              [
                124.02117381800008,
                12.802832436000074
              ],
              [
                124.0209833450001,
                12.802824500000042
              ],
              [
                124.02075319100004,
                12.802927672000067
              ],
              [
                124.02044367200006,
                12.803284809000047
              ],
              [
                124.02018970900008,
                12.803427663000036
              ],
              [
                124.01993574500011,
                12.803665754000065
              ],
              [
                124.019872254,
                12.803903845000036
              ],
              [
                124.01981670000009,
                12.80415780900006
              ],
              [
                124.01969765400008,
                12.804324472000076
              ],
              [
                124.0195071820001,
                12.80436415400004
              ],
              [
                124.01930877300003,
                12.804419709000058
              ],
              [
                124.01897544500002,
                12.804705418000026
              ],
              [
                124.01877703600007,
                12.80495938100006
              ],
              [
                124.0185230730001,
                12.805046681000022
              ],
              [
                124.01834847300006,
                12.80499112700005
              ],
              [
                124.01794371800008,
                12.805046681000022
              ],
              [
                124.01762626400011,
                12.805276836000075
              ],
              [
                124.017348491,
                12.805506990000026
              ],
              [
                124.01719770000011,
                12.805776827000045
              ],
              [
                124.0173246820001,
                12.80593555400003
              ],
              [
                124.01753102700002,
                12.806141899000067
              ],
              [
                124.01754690000007,
                12.80638792700006
              ],
              [
                124.01741991800009,
                12.806578399000045
              ],
              [
                124.01678123900001,
                12.808203691000074
              ],
              [
                124.01542507800002,
                12.809640457000057
              ],
              [
                124.01523330300006,
                12.810727672000041
              ],
              [
                124.01477620100002,
                12.813306899000054
              ],
              [
                124.013279226,
                12.817190646000029
              ],
              [
                124.01280623700006,
                12.819154516000026
              ],
              [
                124.01231825600007,
                12.822387302000038
              ],
              [
                124.01129827800003,
                12.82591707000006
              ],
              [
                124.01133745200002,
                12.830660992000048
              ],
              [
                124.01010692600005,
                12.832288088000041
              ],
              [
                124.00912737500005,
                12.833543923000036
              ],
              [
                124.00877134400002,
                12.834396950000041
              ],
              [
                124.00828933600008,
                12.835443445000067
              ],
              [
                124.00535638400004,
                12.843128944000057
              ],
              [
                124.0048860280001,
                12.844402778000074
              ],
              [
                124.00407591600003,
                12.846266035000042
              ],
              [
                124.00334681600009,
                12.848007775000042
              ],
              [
                124.00257721000003,
                12.849992548000046
              ],
              [
                124.00184996300004,
                12.851705907000053
              ],
              [
                124.00132832500003,
                12.852796037000076
              ],
              [
                124.00092000400002,
                12.853568403000054
              ],
              [
                124.00041700300005,
                12.854529280000065
              ],
              [
                124.00015845900009,
                12.855023173000063
              ],
              [
                123.99944247300004,
                12.857278025000028
              ],
              [
                123.99852949100011,
                12.86025483000003
              ],
              [
                123.99770523900008,
                12.86176371700003
              ],
              [
                123.99770584700002,
                12.861788599000022
              ],
              [
                123.9977107420001,
                12.861809278000067
              ],
              [
                123.9977189010001,
                12.861829956000065
              ],
              [
                123.99772869200001,
                12.861872904000052
              ],
              [
                123.99772869300011,
                12.861901537000051
              ],
              [
                123.99772379800004,
                12.86192221500005
              ],
              [
                123.997722167,
                12.861949257000049
              ],
              [
                123.99772543100005,
                12.861971526000048
              ],
              [
                123.99773195800003,
                12.861992205000035
              ],
              [
                123.99773195800003,
                12.862004930000069
              ],
              [
                123.99772869500009,
                12.862009702000023
              ],
              [
                123.99770585300007,
                12.862025610000046
              ],
              [
                123.99769769500006,
                12.862038335000022
              ],
              [
                123.99769606400002,
                12.862044698000034
              ],
              [
                123.99770422300003,
                12.862071739000044
              ],
              [
                123.99771401300006,
                12.862092418000032
              ],
              [
                123.99771564500008,
                12.862124231000053
              ],
              [
                123.99771075100011,
                12.86213854700003
              ],
              [
                123.9977025930001,
                12.862151273000052
              ],
              [
                123.99768464600004,
                12.862165590000075
              ],
              [
                123.99766343500005,
                12.862170362000029
              ],
              [
                123.99763243400002,
                12.862170363000075
              ],
              [
                123.99762101300007,
                12.86217672600003
              ],
              [
                123.99761775000002,
                12.86218149800004
              ],
              [
                123.99760796100009,
                12.862214903000051
              ],
              [
                123.99759654000002,
                12.86223558200004
              ],
              [
                123.99759001400002,
                12.862243535000061
              ],
              [
                123.9975655400001,
                12.86226739600005
              ],
              [
                123.99754922400007,
                12.862278531000072
              ],
              [
                123.99754269800007,
                12.862286484000037
              ],
              [
                123.99748396100006,
                12.862342159000036
              ],
              [
                123.99746764600002,
                12.86235965700007
              ],
              [
                123.99744643500003,
                12.862377155000047
              ],
              [
                123.99743501400008,
                12.86238988100007
              ],
              [
                123.99741869800005,
                12.862404197000046
              ],
              [
                123.99741706700001,
                12.862407379000047
              ],
              [
                123.99740401400004,
                12.862418514000069
              ],
              [
                123.99736811900004,
                12.862437603000046
              ],
              [
                123.99733385600007,
                12.862461463000045
              ],
              [
                123.99732733000008,
                12.862471008000057
              ],
              [
                123.99731754100003,
                12.862496458000066
              ],
              [
                123.99731754100003,
                12.862512365000043
              ],
              [
                123.99731591000011,
                12.862520319000055
              ],
              [
                123.99730285700002,
                12.862540997000053
              ],
              [
                123.9972800160001,
                12.862563267000041
              ],
              [
                123.99726428300005,
                12.862570937000044
              ],
              [
                123.99726043600003,
                12.862572812000053
              ],
              [
                123.99724738300006,
                12.862571222000042
              ],
              [
                123.99721638300002,
                12.862563269000077
              ],
              [
                123.99719354000001,
                12.862564860000077
              ],
              [
                123.99715111800003,
                12.862571224000021
              ],
              [
                123.99713153900007,
                12.862580768000043
              ],
              [
                123.99711848700008,
                12.862590313000055
              ],
              [
                123.99711032900007,
                12.86260144800002
              ],
              [
                123.9970907500001,
                12.862614173000054
              ],
              [
                123.99707932900003,
                12.862625308000077
              ],
              [
                123.99706790800008,
                12.862644397000054
              ],
              [
                123.9970630140001,
                12.86265871300003
              ],
              [
                123.99706954200008,
                12.862706433000028
              ],
              [
                123.99708259500005,
                12.862730292000037
              ],
              [
                123.99709075300007,
                12.862730292000037
              ],
              [
                123.99710543800006,
                12.862727110000037
              ],
              [
                123.99711359600008,
                12.862728701000037
              ],
              [
                123.99712012200007,
                12.862731882000048
              ],
              [
                123.99712338600011,
                12.86273824500006
              ],
              [
                123.99712501700003,
                12.862746198000025
              ],
              [
                123.99711522900009,
                12.862784374000057
              ],
              [
                123.99711522900009,
                12.862800281000034
              ],
              [
                123.99711686100011,
                12.862808234000056
              ],
              [
                123.99712338800009,
                12.862822550000033
              ],
              [
                123.99712991500007,
                12.862835275000066
              ],
              [
                123.99713481000003,
                12.862840047000077
              ],
              [
                123.99715928400008,
                12.862855953000064
              ],
              [
                123.99718524200011,
                12.862860554000065
              ],
              [
                123.99719518000006,
                12.86286231500003
              ],
              [
                123.99720986500006,
                12.86286072400003
              ],
              [
                123.99722128600001,
                12.862854361000075
              ],
              [
                123.99723760200004,
                12.862849589000064
              ],
              [
                123.99727186600012,
                12.862849588000074
              ],
              [
                123.99728818200003,
                12.862846406000074
              ],
              [
                123.99730449800006,
                12.862846406000074
              ],
              [
                123.99732734100007,
                12.86285913100005
              ],
              [
                123.99735344700002,
                12.862867083000026
              ],
              [
                123.9973730270001,
                12.862875036000048
              ],
              [
                123.99738771200009,
                12.86288458000007
              ],
              [
                123.997389343,
                12.862890942000035
              ],
              [
                123.99738934400011,
                12.862897305000047
              ],
              [
                123.99738608100006,
                12.86291003100007
              ],
              [
                123.99736650200009,
                12.862930710000057
              ],
              [
                123.99736323900004,
                12.862940254000023
              ],
              [
                123.99736650300008,
                12.862975249000044
              ],
              [
                123.99736324000003,
                12.862983202000066
              ],
              [
                123.9973534510001,
                12.862997518000043
              ],
              [
                123.99734529300008,
                12.862999109000043
              ],
              [
                123.9973387660001,
                12.862997519000032
              ],
              [
                123.997325713,
                12.862986384000067
              ],
              [
                123.99732245000007,
                12.862981612000056
              ],
              [
                123.99730287000011,
                12.862965706000068
              ],
              [
                123.99729797500004,
                12.862962525000057
              ],
              [
                123.99728981700002,
                12.862964116000057
              ],
              [
                123.9972653430001,
                12.862973660000023
              ],
              [
                123.99724739500004,
                12.862984795000045
              ],
              [
                123.99721476400009,
                12.863018200000056
              ],
              [
                123.99720987,
                12.863029335000022
              ],
              [
                123.9972082380001,
                12.863037289000033
              ],
              [
                123.99720823900009,
                12.863051605000067
              ],
              [
                123.99720987100011,
                12.863064330000043
              ],
              [
                123.99721313400005,
                12.863072283000065
              ],
              [
                123.9972245560001,
                12.863078646000076
              ],
              [
                123.9972310820001,
                12.86308023600003
              ],
              [
                123.99724087200002,
                12.863086599000042
              ],
              [
                123.99725392500011,
                12.863100914000029
              ],
              [
                123.99725882100006,
                12.863116821000062
              ],
              [
                123.99725882100006,
                12.86313750000005
              ],
              [
                123.997255558,
                12.863147044000073
              ],
              [
                123.99725555900011,
                12.863154997000038
              ],
              [
                123.99725229600006,
                12.86316295100005
              ],
              [
                123.99724740200008,
                12.863204309000025
              ],
              [
                123.99722818200007,
                12.863246367000045
              ],
              [
                123.99721023500001,
                12.863259092000021
              ],
              [
                123.99720534000005,
                12.863265455000032
              ],
              [
                123.99719065700003,
                12.863306813000065
              ],
              [
                123.99719228900005,
                12.863322720000042
              ],
              [
                123.99719718400002,
                12.863329082000064
              ],
              [
                123.99721186800002,
                12.863333854000075
              ],
              [
                123.9972167630001,
                12.86334021600004
              ],
              [
                123.99721513200006,
                12.863346579000051
              ],
              [
                123.99720697400005,
                12.863359305000074
              ],
              [
                123.99719718500012,
                12.86337362100005
              ],
              [
                123.99718739600007,
                12.863383165000073
              ],
              [
                123.99717923800006,
                12.863395891000039
              ],
              [
                123.99717923800006,
                12.863414979000027
              ],
              [
                123.99719229200002,
                12.86345474500007
              ],
              [
                123.99720045100003,
                12.863467470000046
              ],
              [
                123.99721024100006,
                12.863480195000022
              ],
              [
                123.99722492500007,
                12.863489739000045
              ],
              [
                123.99722982000003,
                12.863496101000067
              ],
              [
                123.99724287400011,
                12.863505645000032
              ],
              [
                123.99724776900007,
                12.863512007000054
              ],
              [
                123.997251032,
                12.863518370000065
              ],
              [
                123.99725429600005,
                12.863531095000042
              ],
              [
                123.99725429600005,
                12.863559727000052
              ],
              [
                123.99724940200008,
                12.863572453000074
              ],
              [
                123.99724450700012,
                12.863577225000029
              ],
              [
                123.9972363490001,
                12.86358040600004
              ],
              [
                123.99723145400003,
                12.86358199700004
              ],
              [
                123.997208612,
                12.86358358800004
              ],
              [
                123.99710908400004,
                12.863612223000075
              ],
              [
                123.99710092700002,
                12.86364721800004
              ],
              [
                123.99708134800005,
                12.863671078000039
              ],
              [
                123.99705198000004,
                12.863694939000027
              ],
              [
                123.99704382200002,
                12.86370607400005
              ],
              [
                123.99703892800005,
                12.863718799000026
              ],
              [
                123.99703566500011,
                12.86373947800007
              ],
              [
                123.99703566500011,
                12.863753794000047
              ],
              [
                123.99703729700002,
                12.863764928000023
              ],
              [
                123.99705524600006,
                12.863812648000021
              ],
              [
                123.99705524600006,
                12.863820601000043
              ],
              [
                123.9970585100001,
                12.863833326000076
              ],
              [
                123.99705851100009,
                12.863873093000052
              ],
              [
                123.99705524800004,
                12.86389059000004
              ],
              [
                123.99705035400007,
                12.86389695300005
              ],
              [
                123.99704709100001,
                12.863906497000073
              ],
              [
                123.99704056400003,
                12.863917632000039
              ],
              [
                123.99702751200005,
                12.86395421800006
              ],
              [
                123.99701609200008,
                12.863973306000048
              ],
              [
                123.99700793400007,
                12.863993985000036
              ],
              [
                123.99700793400007,
                12.864003529000058
              ],
              [
                123.99701446100005,
                12.864014663000034
              ],
              [
                123.9970258830001,
                12.864025798000057
              ],
              [
                123.99703077800007,
                12.864038523000033
              ],
              [
                123.99702262200003,
                12.864113284000041
              ],
              [
                123.99702425400005,
                12.864124419000063
              ],
              [
                123.9970275170001,
                12.86413555300004
              ],
              [
                123.99703404400009,
                12.864148279000062
              ],
              [
                123.99704546600003,
                12.86416418500005
              ],
              [
                123.9970568870001,
                12.864173729000072
              ],
              [
                123.99708299400004,
                12.864188044000059
              ],
              [
                123.99710583600006,
                12.864194406000024
              ],
              [
                123.99711399500006,
                12.864194406000024
              ],
              [
                123.99714336400007,
                12.864189633000024
              ],
              [
                123.99717925900006,
                12.864191223000034
              ],
              [
                123.99719231200004,
                12.864186451000023
              ],
              [
                123.99719883800003,
                12.864181679000069
              ],
              [
                123.99722004900002,
                12.864175315000068
              ],
              [
                123.9972543130001,
                12.864175315000068
              ],
              [
                123.99726084000008,
                12.864173724000068
              ],
              [
                123.99727715600011,
                12.864175314000022
              ],
              [
                123.9972983670001,
                12.864183267000044
              ],
              [
                123.99730163100003,
                12.864189629000066
              ],
              [
                123.99730326300005,
                12.864213489000065
              ],
              [
                123.99729673700006,
                12.864243712000075
              ],
              [
                123.99729673800005,
                12.864258028000052
              ],
              [
                123.99730326500003,
                12.864270753000028
              ],
              [
                123.99730489600006,
                12.86427870700004
              ],
              [
                123.99730489700005,
                12.864293023000073
              ],
              [
                123.99729673900003,
                12.86431211100006
              ],
              [
                123.99728205500003,
                12.864328018000037
              ],
              [
                123.99727716100006,
                12.86434233400007
              ],
              [
                123.99727716100006,
                12.864358241000048
              ],
              [
                123.9972885840001,
                12.864398007000034
              ],
              [
                123.9972885840001,
                12.864421867000033
              ],
              [
                123.99728042700008,
                12.864456862000054
              ],
              [
                123.99728042700008,
                12.864463225000065
              ],
              [
                123.99727227000005,
                12.864482313000053
              ],
              [
                123.99727063800003,
                12.864490267000065
              ],
              [
                123.99726574400006,
                12.86449822000003
              ],
              [
                123.99725595400002,
                12.864507765000042
              ],
              [
                123.99724942800003,
                12.864517309000064
              ],
              [
                123.99722044500004,
                12.864519405000067
              ],
              [
                123.99720103900006,
                12.864541478000035
              ],
              [
                123.99717839900006,
                12.864557244000025
              ],
              [
                123.9971622270001,
                12.864565128000038
              ],
              [
                123.99714929000004,
                12.86456355100006
              ],
              [
                123.9971363520001,
                12.864554092000049
              ],
              [
                123.99713150000002,
                12.864539903000036
              ],
              [
                123.99712988300007,
                12.864524137000046
              ],
              [
                123.99712664800006,
                12.864517831000057
              ],
              [
                123.99712341400004,
                12.864514678000035
              ],
              [
                123.99710885900004,
                12.864511525000069
              ],
              [
                123.99708945300006,
                12.864517832000047
              ],
              [
                123.99708460200009,
                12.86453044500007
              ],
              [
                123.99708621900004,
                12.864543057000049
              ],
              [
                123.99708460200009,
                12.864547787000049
              ],
              [
                123.9970765170001,
                12.864558824000028
              ],
              [
                123.99706843100012,
                12.86456197700005
              ],
              [
                123.99704093900004,
                12.86456197800004
              ],
              [
                123.99703285300006,
                12.864563554000028
              ],
              [
                123.99702476700008,
                12.86456670800004
              ],
              [
                123.99701183000002,
                12.864576168000042
              ],
              [
                123.99700859600011,
                12.86458247400003
              ],
              [
                123.99700859600011,
                12.864598240000078
              ],
              [
                123.99700697900005,
                12.864604546000066
              ],
              [
                123.99689539400003,
                12.864609279000035
              ],
              [
                123.99689054300006,
                12.864606125000023
              ],
              [
                123.9968856910001,
                12.864599819000034
              ],
              [
                123.99687922200008,
                12.864573018000044
              ],
              [
                123.99688083800004,
                12.86453360300004
              ],
              [
                123.99685657900011,
                12.864498919000027
              ],
              [
                123.99685981300001,
                12.864483153000037
              ],
              [
                123.99687113300001,
                12.864457928000036
              ],
              [
                123.99687436700003,
                12.864443738000034
              ],
              [
                123.99684363900008,
                12.864385406000054
              ],
              [
                123.99683717000005,
                12.86436648700004
              ],
              [
                123.9968355530001,
                12.864358604000074
              ],
              [
                123.9968355520001,
                12.864317613000026
              ],
              [
                123.99682746500002,
                12.864289235000058
              ],
              [
                123.99681064300012,
                12.864277309000045
              ],
              [
                123.9962996810001,
                12.866209800000036
              ],
              [
                123.99615071100004,
                12.86672365100003
              ],
              [
                123.996152445,
                12.866726823000022
              ],
              [
                123.99615611500008,
                12.866742937000026
              ],
              [
                123.99616345800007,
                12.866757260000043
              ],
              [
                123.99619099900008,
                12.866787700000032
              ],
              [
                123.99619650600005,
                12.866802023000048
              ],
              [
                123.9961983390001,
                12.866819927000051
              ],
              [
                123.99619833800011,
                12.866830668000034
              ],
              [
                123.99619650000011,
                12.866836039000077
              ],
              [
                123.99619649500005,
                12.866864684000063
              ],
              [
                123.99619832600001,
                12.866900490000035
              ],
              [
                123.99620016100005,
                12.866907652000066
              ],
              [
                123.99621117600009,
                12.866929137000056
              ],
              [
                123.99621668400005,
                12.866934509000032
              ],
              [
                123.9962295360001,
                12.86695420500007
              ],
              [
                123.99623504200008,
                12.866972109000073
              ],
              [
                123.99623320400008,
                12.866982850000056
              ],
              [
                123.99620932700009,
                12.867004330000043
              ],
              [
                123.99620381600005,
                12.867011490000039
              ],
              [
                123.99619830600011,
                12.867015070000036
              ],
              [
                123.99618728500002,
                12.867031181000073
              ],
              [
                123.99617993700008,
                12.867045502000053
              ],
              [
                123.99617442400006,
                12.867068776000053
              ],
              [
                123.99617074200012,
                12.867122484000049
              ],
              [
                123.99617441300006,
                12.867136807000065
              ],
              [
                123.99618359100009,
                12.867158292000056
              ],
              [
                123.996194607,
                12.867172617000051
              ],
              [
                123.99621296500004,
                12.867212007000035
              ],
              [
                123.99621296200007,
                12.867226329000061
              ],
              [
                123.99621112500006,
                12.867233490000046
              ],
              [
                123.99619642800008,
                12.867263923000053
              ],
              [
                123.99619642700009,
                12.867272874000037
              ],
              [
                123.99620009800003,
                12.867281827000056
              ],
              [
                123.99622213000009,
                12.867312265000066
              ],
              [
                123.99625150800011,
                12.867339125000058
              ],
              [
                123.99626619600008,
                12.867360611000038
              ],
              [
                123.99629955000012,
                12.86747236900004
              ],
              [
                123.99630873000001,
                12.867484903000047
              ],
              [
                123.99631607300012,
                12.867499226000064
              ],
              [
                123.99631790800004,
                12.867506388000038
              ],
              [
                123.99631790500007,
                12.867524291000052
              ],
              [
                123.99631423000005,
                12.86754040300002
              ],
              [
                123.99631422800007,
                12.867549355000051
              ],
              [
                123.99631055400005,
                12.867556515000047
              ],
              [
                123.99630687900003,
                12.867570837000073
              ],
              [
                123.99630687600006,
                12.86758874000003
              ],
              [
                123.9963178910001,
                12.867612016000066
              ],
              [
                123.99632339900006,
                12.86761917800004
              ],
              [
                123.99633074200005,
                12.867633502000047
              ],
              [
                123.99633624800003,
                12.867654986000048
              ],
              [
                123.99633808100009,
                12.867672890000051
              ],
              [
                123.99633807600003,
                12.867703325000036
              ],
              [
                123.99633439900003,
                12.867726598000047
              ],
              [
                123.99633439500008,
                12.867751663000035
              ],
              [
                123.99632888300005,
                12.867771355000059
              ],
              [
                123.99631382700011,
                12.867811190000054
              ],
              [
                123.9963138280001,
                12.867852181000046
              ],
              [
                123.99631059400008,
                12.86789159500006
              ],
              [
                123.99633000200004,
                12.86793889300003
              ],
              [
                123.99635102700006,
                12.867976730000066
              ],
              [
                123.99635749700008,
                12.868006685000069
              ],
              [
                123.99634617700008,
                12.868046100000072
              ],
              [
                123.99634941200009,
                12.868058713000039
              ],
              [
                123.9963849930001,
                12.868121776000066
              ],
              [
                123.99639146200002,
                12.868134389000033
              ],
              [
                123.99639307900009,
                12.868142272000057
              ],
              [
                123.99640763500008,
                12.868170650000025
              ],
              [
                123.99642057300002,
                12.86819272200006
              ],
              [
                123.99643027700006,
                12.86820375800005
              ],
              [
                123.99646226000004,
                12.868274375000055
              ],
              [
                123.99647196300009,
                12.868291717000034
              ],
              [
                123.99647358100003,
                12.868298023000023
              ],
              [
                123.99648490100003,
                12.868316942000035
              ],
              [
                123.99651239400009,
                12.868343743000025
              ],
              [
                123.99652371500008,
                12.868351626000049
              ],
              [
                123.99653341800001,
                12.868362662000038
              ],
              [
                123.99653665300002,
                12.868368968000027
              ],
              [
                123.99654312200005,
                12.868389463000028
              ],
              [
                123.99654312300004,
                12.868433607000043
              ],
              [
                123.99655121,
                12.868469868000034
              ],
              [
                123.99656414800006,
                12.868502976000059
              ],
              [
                123.99656576600012,
                12.868510859000025
              ],
              [
                123.99657223500003,
                12.868521895000072
              ],
              [
                123.99657870400006,
                12.868537661000062
              ],
              [
                123.99658355600002,
                12.86855500300004
              ],
              [
                123.99659811100003,
                12.868583381000064
              ],
              [
                123.9966029630001,
                12.868589687000053
              ],
              [
                123.99661428400009,
                12.868599146000065
              ],
              [
                123.99662722200003,
                12.868607029000032
              ],
              [
                123.996635308,
                12.868608605000077
              ],
              [
                123.99665309700003,
                12.868621217000054
              ],
              [
                123.99666441800002,
                12.868632253000044
              ],
              [
                123.99667250400012,
                12.868646442000056
              ],
              [
                123.99667573900001,
                12.868659055000023
              ],
              [
                123.99667573900001,
                12.868665361000069
              ],
              [
                123.99668706000011,
                12.86869058600007
              ],
              [
                123.99669191200007,
                12.86869689200006
              ],
              [
                123.9967097010001,
                12.86871265800005
              ],
              [
                123.99672263900004,
                12.868722117000061
              ],
              [
                123.99675174900005,
                12.868729999000038
              ],
              [
                123.99677924100001,
                12.868742611000073
              ],
              [
                123.99679217900007,
                12.86875049400004
              ],
              [
                123.99680673500006,
                12.86876625900004
              ],
              [
                123.99682129000007,
                12.868799367000065
              ],
              [
                123.9968277590001,
                12.868805673000054
              ],
              [
                123.99683422800001,
                12.868807249000042
              ],
              [
                123.9968536340001,
                12.868807249000042
              ],
              [
                123.99686010300002,
                12.868805672000065
              ],
              [
                123.99686657200004,
                12.868807249000042
              ],
              [
                123.99687142400012,
                12.868810402000065
              ],
              [
                123.99688759600008,
                12.868837203000055
              ],
              [
                123.99689083100009,
                12.868852969000045
              ],
              [
                123.99689083200008,
                12.868876618000058
              ],
              [
                123.9968973010001,
                12.868889230000036
              ],
              [
                123.99690377000002,
                12.868895536000025
              ],
              [
                123.99692479400005,
                12.868904995000037
              ],
              [
                123.9969377320001,
                12.86890814800006
              ],
              [
                123.99696037300009,
                12.86890814800006
              ],
              [
                123.99696522400006,
                12.868911301000026
              ],
              [
                123.9969749280001,
                12.86892864300006
              ],
              [
                123.99697654500005,
                12.86893494900005
              ],
              [
                123.99698624900009,
                12.868947562000074
              ],
              [
                123.99700889000007,
                12.868968057000075
              ],
              [
                123.99701859400011,
                12.868980669000052
              ],
              [
                123.99702829800003,
                12.86899801100003
              ],
              [
                123.99703961800003,
                12.869007471000032
              ],
              [
                123.99706150400004,
                12.869031418000077
              ],
              [
                123.99707101900003,
                12.86905112900007
              ],
              [
                123.99708410200003,
                12.869063883000024
              ],
              [
                123.99710075200005,
                12.869061564000049
              ],
              [
                123.99711026700004,
                12.869056926000042
              ],
              [
                123.99713048600006,
                12.86905112900007
              ],
              [
                123.99714713700007,
                12.869051128000024
              ],
              [
                123.9971578410001,
                12.869053447000056
              ],
              [
                123.99716854500002,
                12.869059245000074
              ],
              [
                123.99717568100004,
                12.869068520000042
              ],
              [
                123.99719827800004,
                12.869105623000053
              ],
              [
                123.99720184600005,
                12.86910910100005
              ],
              [
                123.99721136100004,
                12.869114899000067
              ],
              [
                123.99722801200005,
                12.869117217000053
              ],
              [
                123.99723395900003,
                12.869114898000078
              ],
              [
                123.9972422840001,
                12.869107942000028
              ],
              [
                123.99725774500007,
                12.869082433000074
              ],
              [
                123.99726131300008,
                12.869078955000077
              ],
              [
                123.99726607100001,
                12.869075477000024
              ],
              [
                123.99729342500007,
                12.869066201000066
              ],
              [
                123.99731007600008,
                12.869051128000024
              ],
              [
                123.99731840100003,
                12.869037214000059
              ],
              [
                123.99732078000011,
                12.869009387000062
              ],
              [
                123.99732553700005,
                12.86899547400003
              ],
              [
                123.99732910500006,
                12.868990836000023
              ],
              [
                123.99733386200012,
                12.868987357000037
              ],
              [
                123.9973433770001,
                12.86898387900004
              ],
              [
                123.99737311000001,
                12.868985038000062
              ],
              [
                123.99738500400008,
                12.868981560000066
              ],
              [
                123.99741711600007,
                12.868957211000065
              ],
              [
                123.99743138800011,
                12.868942138000023
              ],
              [
                123.99743852400002,
                12.868937500000072
              ],
              [
                123.9974504170001,
                12.86893518100004
              ],
              [
                123.99746231000006,
                12.86893518100004
              ],
              [
                123.9974670680001,
                12.868936340000062
              ],
              [
                123.99747182500005,
                12.868939819000047
              ],
              [
                123.99749561200008,
                12.868973443000073
              ],
              [
                123.99751226300009,
                12.868990835000034
              ],
              [
                123.9975253450001,
                12.86900127000007
              ],
              [
                123.99755388900007,
                12.86901866200003
              ],
              [
                123.99757529800002,
                12.869034894000038
              ],
              [
                123.9976038420001,
                12.869046488000038
              ],
              [
                123.99761811400003,
                12.86904880700007
              ],
              [
                123.99763000700011,
                12.869046488000038
              ],
              [
                123.99768947400003,
                12.869025618000023
              ],
              [
                123.99774894000006,
                12.869011704000059
              ],
              [
                123.99776678,
                12.869010544000048
              ],
              [
                123.99780365000004,
                12.86901750100003
              ],
              [
                123.99781316400004,
                12.869020979000027
              ],
              [
                123.99784884500002,
                12.86902909500003
              ],
              [
                123.99786311700007,
                12.86902909500003
              ],
              [
                123.99789879700006,
                12.869020978000037
              ],
              [
                123.99792615100012,
                12.869022138000048
              ],
              [
                123.99794161300008,
                12.869026775000066
              ],
              [
                123.99795112700008,
                12.869031413000073
              ],
              [
                123.99798324000005,
                12.869054602000062
              ],
              [
                123.99799989000007,
                12.86905924000007
              ],
              [
                123.9980201090001,
                12.869054602000062
              ],
              [
                123.99803081300001,
                12.869047645000023
              ],
              [
                123.9980462740001,
                12.869031412000027
              ],
              [
                123.99806649300001,
                12.868994309000072
              ],
              [
                123.99807243900011,
                12.86896764200003
              ],
              [
                123.9980914680001,
                12.868923582000036
              ],
              [
                123.99809265700003,
                12.86886097100006
              ],
              [
                123.99808908900002,
                12.868845898000075
              ],
              [
                123.99808908900002,
                12.868838941000035
              ],
              [
                123.9980914680001,
                12.868829666000067
              ],
              [
                123.998098604,
                12.868814592000035
              ],
              [
                123.99810574000003,
                12.868806476000032
              ],
              [
                123.99812001200007,
                12.86880067900006
              ],
              [
                123.99814974500009,
                12.868798359000039
              ],
              [
                123.99816877500007,
                12.86879951900005
              ],
              [
                123.99817710000002,
                12.868807635000053
              ],
              [
                123.99818304700011,
                12.868819230000042
              ],
              [
                123.99818542500009,
                12.868827346000046
              ],
              [
                123.99818542600008,
                12.868834303000028
              ],
              [
                123.99818423600004,
                12.868840100000057
              ],
              [
                123.99816877500007,
                12.868867927000053
              ],
              [
                123.99815926100007,
                12.868893435000075
              ],
              [
                123.99815212500005,
                12.868924741000058
              ],
              [
                123.99815212500005,
                12.868939814000043
              ],
              [
                123.99815450400001,
                12.868947930000047
              ],
              [
                123.9981568820001,
                12.86895488700003
              ],
              [
                123.99816639700009,
                12.868968800000061
              ],
              [
                123.99818780500004,
                12.868988511000055
              ],
              [
                123.99820207800008,
                12.869014019000076
              ],
              [
                123.99821040300003,
                12.869025614000066
              ],
              [
                123.99821159300006,
                12.869031411000037
              ],
              [
                123.99821040300003,
                12.869049962000076
              ],
              [
                123.99821635,
                12.869063876000041
              ],
              [
                123.99823062200005,
                12.869075470000041
              ],
              [
                123.99825559900012,
                12.86908706500003
              ],
              [
                123.9982651140001,
                12.86909402200007
              ],
              [
                123.99826987100005,
                12.869103297000038
              ],
              [
                123.99827343900006,
                12.869142719000024
              ],
              [
                123.99827700700007,
                12.869149676000063
              ],
              [
                123.99830079500009,
                12.869175184000028
              ],
              [
                123.9983043630001,
                12.869180981000056
              ],
              [
                123.998324582,
                12.869199532000039
              ],
              [
                123.99833290700008,
                12.869203011000025
              ],
              [
                123.99834480100003,
                12.869205329000067
              ],
              [
                123.99838167000007,
                12.869196053000053
              ],
              [
                123.99839832100008,
                12.869194894000032
              ],
              [
                123.99840426800006,
                12.869196053000053
              ],
              [
                123.99842091900007,
                12.869205329000067
              ],
              [
                123.99844589500003,
                12.869231996000053
              ],
              [
                123.99846730400009,
                12.86924706900004
              ],
              [
                123.99849347000008,
                12.86925982300005
              ],
              [
                123.99853271800009,
                12.869274896000036
              ],
              [
                123.99854699100001,
                12.869278374000032
              ],
              [
                123.99858643700009,
                12.869303915000046
              ],
              [
                123.99859595200007,
                12.869316669000057
              ],
              [
                123.9986030880001,
                12.869330582000032
              ],
              [
                123.99860546700006,
                12.86933638000005
              ],
              [
                123.99860546700006,
                12.869343336000043
              ],
              [
                123.99860784600003,
                12.869352612000057
              ],
              [
                123.99860903500007,
                12.869370004000075
              ],
              [
                123.99860427800002,
                12.869386237000072
              ],
              [
                123.99860308900008,
                12.869422180000072
              ],
              [
                123.99860546800005,
                12.86943145500004
              ],
              [
                123.9986102250001,
                12.869439572000033
              ],
              [
                123.9986233080001,
                12.869450007000069
              ],
              [
                123.99863995900012,
                12.869456963000061
              ],
              [
                123.99868991100004,
                12.869459282000037
              ],
              [
                123.99870299400004,
                12.869462760000033
              ],
              [
                123.99871013000006,
                12.869469717000072
              ],
              [
                123.99871964500005,
                12.86949058700003
              ],
              [
                123.99872440200011,
                12.869496384000058
              ],
              [
                123.99873867400004,
                12.869507979000048
              ],
              [
                123.99874581000006,
                12.869511457000044
              ],
              [
                123.99876008300009,
                12.869512616000065
              ],
              [
                123.9987862480001,
                12.869501021000076
              ],
              [
                123.99882311700003,
                12.869499861000065
              ],
              [
                123.99883263200002,
                12.869503340000051
              ],
              [
                123.99884690400006,
                12.86951377500003
              ],
              [
                123.99886355500007,
                12.869531166000058
              ],
              [
                123.99886712300008,
                12.869543921000059
              ],
              [
                123.99886831300012,
                12.869562472000041
              ],
              [
                123.9988611770001,
                12.869578704000048
              ],
              [
                123.99885642000004,
                12.869584502000066
              ],
              [
                123.99884928400002,
                12.869599575000052
              ],
              [
                123.99884571600012,
                12.869613488000027
              ],
              [
                123.99884333800003,
                12.869637837000028
              ],
              [
                123.99884452700007,
                12.869657548000077
              ],
              [
                123.9988552310001,
                12.869679578000046
              ],
              [
                123.9988647460001,
                12.869693491000021
              ],
              [
                123.99887069300007,
                12.86969928800005
              ],
              [
                123.99888496500012,
                12.869707404000053
              ],
              [
                123.99889804800011,
                12.86971204200006
              ],
              [
                123.99891469900001,
                12.869709723000028
              ],
              [
                123.99892302400008,
                12.869705085000021
              ],
              [
                123.99893491700004,
                12.869690012000035
              ],
              [
                123.99894205300006,
                12.869672620000074
              ],
              [
                123.99894324200011,
                12.86962740100006
              ],
              [
                123.99895037800002,
                12.869606531000045
              ],
              [
                123.99895632400012,
                12.869598414000052
              ],
              [
                123.99896465000006,
                12.869590298000048
              ],
              [
                123.99897416400006,
                12.869586819000062
              ],
              [
                123.9989884360001,
                12.869578703000059
              ],
              [
                123.99900032900007,
                12.869565949000048
              ],
              [
                123.99901460100011,
                12.869556673000034
              ],
              [
                123.99902054800009,
                12.869555513000023
              ],
              [
                123.99903482000002,
                12.869562470000062
              ],
              [
                123.99904195600004,
                12.869569427000044
              ],
              [
                123.999044335,
                12.869583340000077
              ],
              [
                123.99904076700011,
                12.869587978000027
              ],
              [
                123.99902054800009,
                12.86959145700007
              ],
              [
                123.99901579100003,
                12.869596095000077
              ],
              [
                123.99900984500005,
                12.869606530000055
              ],
              [
                123.99900984500005,
                12.869614646000059
              ],
              [
                123.99901222300002,
                12.869622762000063
              ],
              [
                123.99901936000003,
                12.869629719000045
              ],
              [
                123.99902530600002,
                12.869632038000077
              ],
              [
                123.99904552500004,
                12.869630878000066
              ],
              [
                123.9990502820001,
                12.869633197000041
              ],
              [
                123.99905504000003,
                12.869637835000049
              ],
              [
                123.9990633650001,
                12.86965058900006
              ],
              [
                123.99907050200011,
                12.869665662000045
              ],
              [
                123.99907050200011,
                12.869670300000053
              ],
              [
                123.9990669340001,
                12.869676097000024
              ],
              [
                123.999060987,
                12.869679575000077
              ],
              [
                123.99904433600011,
                12.869683054000063
              ],
              [
                123.99903957900005,
                12.86968653200006
              ],
              [
                123.99903244300003,
                12.869696968000028
              ],
              [
                123.99902530700001,
                12.869713200000035
              ],
              [
                123.99902292900003,
                12.86972247600005
              ],
              [
                123.99902411800008,
                12.869743346000064
              ],
              [
                123.99902649700005,
                12.869749143000035
              ],
              [
                123.99903601200003,
                12.869764216000021
              ],
              [
                123.9990479060001,
                12.869775811000068
              ],
              [
                123.99906098800011,
                12.869792043000075
              ],
              [
                123.9990740720001,
                12.869814073000043
              ],
              [
                123.99907764000011,
                12.869824508000022
              ],
              [
                123.99908358700009,
                12.869834943000058
              ],
              [
                123.9990966690001,
                12.869850016000044
              ],
              [
                123.99911451000003,
                12.869859291000068
              ],
              [
                123.99914900100009,
                12.869867407000072
              ],
              [
                123.9991656520001,
                12.86987668300003
              ],
              [
                123.99920371100006,
                12.869917264000037
              ],
              [
                123.99922630900005,
                12.869953207000037
              ],
              [
                123.99924058200008,
                12.869965961000048
              ],
              [
                123.99925961100007,
                12.869974077000052
              ],
              [
                123.99927983000009,
                12.869972917000041
              ],
              [
                123.99929291300009,
                12.869968279000034
              ],
              [
                123.99930004900011,
                12.869961322000051
              ],
              [
                123.99930242700009,
                12.86994856800004
              ],
              [
                123.99929767000003,
                12.86991262500004
              ],
              [
                123.99929766900004,
                12.869896392000044
              ],
              [
                123.9993024260001,
                12.869883638000033
              ],
              [
                123.99931075200004,
                12.869882479000069
              ],
              [
                123.99931669900002,
                12.869884797000054
              ],
              [
                123.99932978200002,
                12.869891754000037
              ],
              [
                123.99934048600005,
                12.869902189000072
              ],
              [
                123.99935356900005,
                12.869910305000076
              ],
              [
                123.99935951600003,
                12.869912624000051
              ],
              [
                123.99936546200001,
                12.86991146500003
              ],
              [
                123.99937973400006,
                12.86989871000003
              ],
              [
                123.99938568100004,
                12.869884797000054
              ],
              [
                123.99938568100004,
                12.869868564000058
              ],
              [
                123.99937973400006,
                12.86985117200004
              ],
              [
                123.99937735500009,
                12.869836099000054
              ],
              [
                123.99937973300007,
                12.869824505000054
              ],
              [
                123.99938449000001,
                12.86981522900004
              ],
              [
                123.99939281600007,
                12.869808272000057
              ],
              [
                123.99939876200006,
                12.869805953000025
              ],
              [
                123.999410656,
                12.869805953000025
              ],
              [
                123.99942017100011,
                12.869810591000032
              ],
              [
                123.99942492800005,
                12.86981522800005
              ],
              [
                123.99942849600006,
                12.869819866000057
              ],
              [
                123.9994296860001,
                12.86982798200006
              ],
              [
                123.99942611800009,
                12.869861607000075
              ],
              [
                123.9994296860001,
                12.869868564000058
              ],
              [
                123.99943920100009,
                12.869880158000058
              ],
              [
                123.99947369300003,
                12.869905666000022
              ],
              [
                123.99947488200007,
                12.869907985000054
              ],
              [
                123.99948796500007,
                12.869914942000037
              ],
              [
                123.99950937400001,
                12.869932333000065
              ],
              [
                123.99952483600009,
                12.869950885000037
              ],
              [
                123.99952959300003,
                12.869961320000073
              ],
              [
                123.99953197200011,
                12.869969436000076
              ],
              [
                123.99952959400002,
                12.869984509000062
              ],
              [
                123.9995188900001,
                12.870011177000038
              ],
              [
                123.99951651200001,
                12.870033207000063
              ],
              [
                123.9995188910001,
                12.870059875000038
              ],
              [
                123.99951633,
                12.870082379000053
              ],
              [
                123.99951989800002,
                12.87008817700007
              ],
              [
                123.99953179200008,
                12.870097452000039
              ],
              [
                123.99954249600012,
                12.870102090000046
              ],
              [
                123.99956509300011,
                12.870105568000042
              ],
              [
                123.99959958400007,
                12.870107886000028
              ],
              [
                123.99960434200011,
                12.87011020500006
              ],
              [
                123.99961623500008,
                12.87012295900007
              ],
              [
                123.99961742500011,
                12.870140351000032
              ],
              [
                123.99961504600003,
                12.870154265000053
              ],
              [
                123.9996138570001,
                12.870189049000032
              ],
              [
                123.99960196400002,
                12.870207600000072
              ],
              [
                123.99959720700008,
                12.87021803500005
              ],
              [
                123.99959839700011,
                12.870238906000054
              ],
              [
                123.9995948290001,
                12.870244703000026
              ],
              [
                123.99958650300005,
                12.870251660000065
              ],
              [
                123.99957817800009,
                12.870262095000044
              ],
              [
                123.9995722320001,
                12.870276009000065
              ],
              [
                123.9995686640001,
                12.870293401000026
              ],
              [
                123.99956985300003,
                12.870304995000026
              ],
              [
                123.99957580000012,
                12.87031427100004
              ],
              [
                123.99959007300004,
                12.870330503000048
              ],
              [
                123.99960315500005,
                12.870338619000051
              ],
              [
                123.9996114810001,
                12.870340938000027
              ],
              [
                123.99962337400007,
                12.870347895000066
              ],
              [
                123.99963883600003,
                12.870351373000062
              ],
              [
                123.99967451600003,
                12.870346734000066
              ],
              [
                123.99969711400001,
                12.87034905300004
              ],
              [
                123.99972446800007,
                12.870357169000044
              ],
              [
                123.99974706600005,
                12.870360647000041
              ],
              [
                123.99976966400004,
                12.870360647000041
              ],
              [
                123.99981604800007,
                12.870367603000034
              ],
              [
                123.9998267520001,
                12.870366443000023
              ],
              [
                123.99983745600002,
                12.870361805000073
              ],
              [
                123.99984816000006,
                12.870349051000062
              ],
              [
                123.99985291700011,
                12.870337456000073
              ],
              [
                123.99985291700011,
                12.870331659000044
              ],
              [
                123.999856485,
                12.87032238300003
              ],
              [
                123.99986005300002,
                12.870318905000033
              ],
              [
                123.9998850290001,
                12.870307310000044
              ],
              [
                123.99989573300002,
                12.870294556000033
              ],
              [
                123.9998981110001,
                12.870288758000072
              ],
              [
                123.99990167900012,
                12.870266728000047
              ],
              [
                123.99989930000004,
                12.870240061000061
              ],
              [
                123.99989692100007,
                12.870229626000025
              ],
              [
                123.99989692100007,
                12.87019136300006
              ],
              [
                123.99989811000012,
                12.870186726000043
              ],
              [
                123.99990286700006,
                12.870184407000067
              ],
              [
                123.9999076250001,
                12.870187885000064
              ],
              [
                123.99990881400004,
                12.870192523000071
              ],
              [
                123.99991832900002,
                12.870205277000025
              ],
              [
                123.9999337910001,
                12.870216871000025
              ],
              [
                123.99995044100001,
                12.870221509000032
              ],
              [
                123.99995995600011,
                12.870215711000071
              ],
              [
                123.99996471400004,
                12.870215711000071
              ],
              [
                123.9999694710001,
                12.870219189000068
              ],
              [
                123.99997779700004,
                12.870233103000032
              ],
              [
                123.99997779700004,
                12.870240060000071
              ],
              [
                123.9999694710001,
                12.870255133000057
              ],
              [
                123.99996828200005,
                12.870265568000036
              ],
              [
                123.99998136600004,
                12.870292235000022
              ],
              [
                123.99998255500009,
                12.870301511000036
              ],
              [
                123.999980176,
                12.870306149000044
              ],
              [
                123.9999730400001,
                12.870313106000026
              ],
              [
                123.99994568600005,
                12.870324701000072
              ],
              [
                123.99993379300008,
                12.870340933000023
              ],
              [
                123.99993022500007,
                12.870350209000037
              ],
              [
                123.99993022500007,
                12.870360644000073
              ],
              [
                123.99993855100001,
                12.87038847100007
              ],
              [
                123.99993379400007,
                12.870403544000055
              ],
              [
                123.99991238600012,
                12.870446445000027
              ],
              [
                123.99990881800011,
                12.870458039000027
              ],
              [
                123.99990168300008,
                12.87049630200005
              ],
              [
                123.999893358,
                12.870519491000039
              ],
              [
                123.99988503300006,
                12.870551956000043
              ],
              [
                123.99988384400001,
                12.870564710000053
              ],
              [
                123.99988503300006,
                12.870578624000075
              ],
              [
                123.9999028740001,
                12.870613408000054
              ],
              [
                123.99990525300007,
                12.870621524000057
              ],
              [
                123.99990406400002,
                12.870631959000036
              ],
              [
                123.999900496,
                12.870637756000065
              ],
              [
                123.99988741300001,
                12.870650511000065
              ],
              [
                123.99986957300007,
                12.870663265000076
              ],
              [
                123.99985886900004,
                12.870673700000054
              ],
              [
                123.99983875100008,
                12.870696792000047
              ],
              [
                123.99984804000007,
                12.870709981000061
              ],
              [
                123.99985940400006,
                12.870717894000052
              ],
              [
                123.99987239200004,
                12.870724224000071
              ],
              [
                123.99987888600003,
                12.870725807000042
              ],
              [
                123.9999243420001,
                12.870725806000053
              ],
              [
                123.9999308350001,
                12.870727389000024
              ],
              [
                123.99994219900009,
                12.870736885000042
              ],
              [
                123.99994707000008,
                12.870744798000032
              ],
              [
                123.99994869300008,
                12.870751128000052
              ],
              [
                123.99994707000008,
                12.87078752900004
              ],
              [
                123.99995356400007,
                12.870792277000021
              ],
              [
                123.99997304500005,
                12.87080177200005
              ],
              [
                123.99998441000002,
                12.870811268000068
              ],
              [
                123.99999252700002,
                12.87081285000005
              ],
              [
                124.00000876100012,
                12.87081285000005
              ],
              [
                124.00002986600009,
                12.870806519000041
              ],
              [
                124.00003635900009,
                12.87080968400005
              ],
              [
                124.00004123000008,
                12.870814432000032
              ],
              [
                124.00004447700007,
                12.87082076300004
              ],
              [
                124.00004772400007,
                12.87083500600005
              ],
              [
                124.00005097100006,
                12.870841337000059
              ],
              [
                124.00006233500005,
                12.87084608500004
              ],
              [
                124.00007856900004,
                12.870849250000049
              ],
              [
                124.00008343900004,
                12.87084608400005
              ],
              [
                124.00008830900003,
                12.870841336000069
              ],
              [
                124.00009480300002,
                12.870828675000041
              ],
              [
                124.00009967300002,
                12.87082392700006
              ],
              [
                124.00010292000002,
                12.870817597000041
              ],
              [
                124.00011103700001,
                12.87081284900006
              ],
              [
                124.000120777,
                12.870803353000042
              ],
              [
                124.00014675200009,
                12.870784361000062
              ],
              [
                124.00015324600008,
                12.870782778000034
              ],
              [
                124.00015973900008,
                12.870784360000073
              ],
              [
                124.00016461000007,
                12.870789108000054
              ],
              [
                124.00016948000007,
                12.870801769000025
              ],
              [
                124.00016948000007,
                12.870808100000033
              ],
              [
                124.00016136400006,
                12.870823926000071
              ],
              [
                124.00013863600009,
                12.87084291800005
              ],
              [
                124.0001224020001,
                12.87085399700004
              ],
              [
                124.0001175320001,
                12.870860328000049
              ],
              [
                124.00011103800011,
                12.870863493000058
              ],
              [
                124.000098051,
                12.870880902000067
              ],
              [
                124.00009480400001,
                12.870898311000076
              ],
              [
                124.00009480400001,
                12.870906224000066
              ],
              [
                124.0001110390001,
                12.870928381000056
              ],
              [
                124.0001126630001,
                12.870936294000046
              ],
              [
                124.0001045460001,
                12.870956869000054
              ],
              [
                124.00010292200011,
                12.870966365000072
              ],
              [
                124.0001029230001,
                12.870985356000062
              ],
              [
                124.0001045460001,
                12.870991687000071
              ],
              [
                124.0001077930001,
                12.870999600000061
              ],
              [
                124.00011266400008,
                12.871004348000042
              ],
              [
                124.00012078100008,
                12.871005930000024
              ],
              [
                124.00012889800007,
                12.871005930000024
              ],
              [
                124.00014188500006,
                12.870999599000072
              ],
              [
                124.00015812000004,
                12.870996434000062
              ],
              [
                124.00016623700003,
                12.870998016000044
              ],
              [
                124.00016948400003,
                12.871012260000043
              ],
              [
                124.00017435400002,
                12.871018591000052
              ],
              [
                124.00018084800001,
                12.871020173000034
              ],
              [
                124.00019545900011,
                12.871013842000025
              ],
              [
                124.0002051990001,
                12.871012260000043
              ],
              [
                124.0002116930001,
                12.871015425000053
              ],
              [
                124.00021494000009,
                12.871032834000061
              ],
              [
                124.00021494000009,
                12.871040747000052
              ],
              [
                124.00021169400009,
                12.871048660000042
              ],
              [
                124.0002019530001,
                12.87106132200006
              ],
              [
                124.0002003300001,
                12.871067652000022
              ],
              [
                124.00021169400009,
                12.871089809000068
              ],
              [
                124.00021656500007,
                12.871094557000049
              ],
              [
                124.00022630600006,
                12.871116714000038
              ],
              [
                124.00023117600006,
                12.871123044000058
              ],
              [
                124.00024254000004,
                12.871130957000048
              ],
              [
                124.00025877500002,
                12.871137287000067
              ],
              [
                124.00026689200001,
                12.871137287000067
              ],
              [
                124.00027987900012,
                12.871127791000049
              ],
              [
                124.0002896200001,
                12.871127791000049
              ],
              [
                124.0002977370001,
                12.87113253900003
              ],
              [
                124.00030260800008,
                12.871138869000049
              ],
              [
                124.00030747800008,
                12.871151531000066
              ],
              [
                124.00030423200008,
                12.871167357000047
              ],
              [
                124.00030423200008,
                12.871175270000037
              ],
              [
                124.00030585500008,
                12.871183183000028
              ],
              [
                124.00031072600007,
                12.871189514000037
              ],
              [
                124.00032696000005,
                12.871194262000074
              ],
              [
                124.00035293500002,
                12.871195844000056
              ],
              [
                124.00035942900001,
                12.871194261000028
              ],
              [
                124.00036429900001,
                12.871186348000037
              ],
              [
                124.00036267500002,
                12.871161026000038
              ],
              [
                124.00036592200001,
                12.871149947000049
              ],
              [
                124.000374039,
                12.87114361600004
              ],
              [
                124.00038215600011,
                12.871142034000059
              ],
              [
                124.0003951440001,
                12.87114678100005
              ],
              [
                124.00040813100009,
                12.871156277000068
              ],
              [
                124.00042436600006,
                12.871173686000077
              ],
              [
                124.00043086000005,
                12.87117685100003
              ],
              [
                124.00044222400004,
                12.871178433000068
              ],
              [
                124.00045845800003,
                12.871175268000059
              ],
              [
                124.00047631600012,
                12.87116418900007
              ],
              [
                124.00049092600011,
                12.87114994500007
              ],
              [
                124.00050391400009,
                12.871130953000034
              ],
              [
                124.0005055370001,
                12.871118292000062
              ],
              [
                124.0005120300001,
                12.871100883000054
              ],
              [
                124.0005169000001,
                12.871092970000063
              ],
              [
                124.00052177100008,
                12.871086639000055
              ],
              [
                124.00054936900005,
                12.871062899000037
              ],
              [
                124.00057372000003,
                12.871045490000029
              ],
              [
                124.000601318,
                12.87103441100004
              ],
              [
                124.00064677400007,
                12.87102649700006
              ],
              [
                124.00066463200005,
                12.87102016600005
              ],
              [
                124.00067924300004,
                12.871010670000032
              ],
              [
                124.00069385300003,
                12.870994843000062
              ],
              [
                124.000711711,
                12.870963190000055
              ],
              [
                124.00073443800011,
                12.870931537000047
              ],
              [
                124.00075229600009,
                12.870915710000077
              ],
              [
                124.00076853000007,
                12.87089197000006
              ],
              [
                124.00078784100003,
                12.87087772500007
              ],
              [
                124.00080082800002,
                12.870869812000024
              ],
              [
                124.00080732200001,
                12.870868229000052
              ],
              [
                124.00082517900012,
                12.870868229000052
              ],
              [
                124.00084628400009,
                12.870874559000072
              ],
              [
                124.00085277800008,
                12.870874559000072
              ],
              [
                124.00088037600005,
                12.870868228000063
              ],
              [
                124.00090472700003,
                12.870858732000045
              ],
              [
                124.00090959700003,
                12.870858732000045
              ],
              [
                124.00091771400002,
                12.870855566000046
              ],
              [
                124.00093557200012,
                12.870844487000056
              ],
              [
                124.0009583000001,
                12.870844487000056
              ],
              [
                124.00096479400008,
                12.870846069000038
              ],
              [
                124.00097615800007,
                12.870853982000028
              ],
              [
                124.00097940500007,
                12.870860313000037
              ],
              [
                124.00097940500007,
                12.870866643000056
              ],
              [
                124.00097128800007,
                12.870885635000036
              ],
              [
                124.00096966500007,
                12.870895131000054
              ],
              [
                124.00096966500007,
                12.870917288000044
              ],
              [
                124.00097291300006,
                12.870939445000033
              ],
              [
                124.00098752400004,
                12.87095527100007
              ],
              [
                124.00100700500002,
                12.870967932000042
              ],
              [
                124.0010346040001,
                12.870974262000061
              ],
              [
                124.00106382500007,
                12.870972679000033
              ],
              [
                124.00107843600006,
                12.870975844000043
              ],
              [
                124.00109629400004,
                12.870975843000053
              ],
              [
                124.00111577500002,
                12.870963182000025
              ],
              [
                124.001128762,
                12.870960016000026
              ],
              [
                124.0011433730001,
                12.870960016000026
              ],
              [
                124.00115960700009,
                12.870956850000027
              ],
              [
                124.00119369900005,
                12.870944189000056
              ],
              [
                124.00120993300004,
                12.870944188000067
              ],
              [
                124.00124077900011,
                12.870963180000047
              ],
              [
                124.00124564900011,
                12.870969510000066
              ],
              [
                124.0012521430001,
                12.870982171000037
              ],
              [
                124.00125214400009,
                12.871001163000074
              ],
              [
                124.00125052100009,
                12.871007493000036
              ],
              [
                124.0012456500001,
                12.871015407000073
              ],
              [
                124.00122454600012,
                12.871034399000052
              ],
              [
                124.00119532500003,
                12.871064469000032
              ],
              [
                124.00119045500003,
                12.871067635000031
              ],
              [
                124.00117422100004,
                12.871070800000041
              ],
              [
                124.00116772700005,
                12.87106921800006
              ],
              [
                124.00113688200008,
                12.871067636000078
              ],
              [
                124.0011238940001,
                12.871072384000058
              ],
              [
                124.00110603700011,
                12.87108504500003
              ],
              [
                124.00110116700012,
                12.871097706000057
              ],
              [
                124.00110116700012,
                12.871124611000027
              ],
              [
                124.00110279100011,
                12.871134107000046
              ],
              [
                124.00111253200009,
                12.871149933000027
              ],
              [
                124.00111740200009,
                12.871154681000064
              ],
              [
                124.00112389600008,
                12.871157846000074
              ],
              [
                124.00113201300007,
                12.871156264000035
              ],
              [
                124.00114175400006,
                12.871151516000054
              ],
              [
                124.00115311700006,
                12.871138854000037
              ],
              [
                124.00116610500004,
                12.871129358000076
              ],
              [
                124.00117909200003,
                12.871126193000066
              ],
              [
                124.00119208000001,
                12.871126192000077
              ],
              [
                124.00122779600008,
                12.871146766000038
              ],
              [
                124.00123591300007,
                12.871146766000038
              ],
              [
                124.00125052400006,
                12.871142018000057
              ],
              [
                124.00126188700006,
                12.871130939000068
              ],
              [
                124.00126675700005,
                12.871123026000078
              ],
              [
                124.00127162800004,
                12.871111947000031
              ],
              [
                124.00127162700005,
                12.87110403400004
              ],
              [
                124.00127487400005,
                12.871097703000032
              ],
              [
                124.00127649700005,
                12.871089790000042
              ],
              [
                124.00128948400004,
                12.871066050000024
              ],
              [
                124.00129922500003,
                12.871053389000053
              ],
              [
                124.00132357600012,
                12.871039145000054
              ],
              [
                124.00133169300011,
                12.871039145000054
              ],
              [
                124.0013381870001,
                12.871042310000064
              ],
              [
                124.00135117400009,
                12.871045475000074
              ],
              [
                124.00136416200007,
                12.871053388000064
              ],
              [
                124.00137390300006,
                12.871062883000036
              ],
              [
                124.00137552600006,
                12.871070797000073
              ],
              [
                124.00137877300006,
                12.871077127000035
              ],
              [
                124.00137877400005,
                12.871099284000024
              ],
              [
                124.00137390400005,
                12.871111945000052
              ],
              [
                124.00135280000006,
                12.871130937000032
              ],
              [
                124.00133981200008,
                12.87113726800004
              ],
              [
                124.00132682500009,
                12.87114043400004
              ],
              [
                124.0013187080001,
                12.871153095000068
              ],
              [
                124.0013187080001,
                12.871165756000039
              ],
              [
                124.00132357900009,
                12.87118
              ],
              [
                124.00133169600008,
                12.871192661000066
              ],
              [
                124.00134793100005,
                12.871206904000076
              ],
              [
                124.00135280200004,
                12.871219565000047
              ],
              [
                124.00135442600003,
                12.871233809000046
              ],
              [
                124.00135442600003,
                12.871262297000044
              ],
              [
                124.00135767300003,
                12.871274958000072
              ],
              [
                124.00136416700002,
                12.871287619000043
              ],
              [
                124.00137228500012,
                12.871298697000043
              ],
              [
                124.00137553200011,
                12.871309776000032
              ],
              [
                124.00137228500012,
                12.871324019000042
              ],
              [
                124.00136903900011,
                12.87133035000005
              ],
              [
                124.00135605100002,
                12.87133351600005
              ],
              [
                124.00133170000004,
                12.87133509900002
              ],
              [
                124.00131221800007,
                12.87132718600003
              ],
              [
                124.00129760700008,
                12.871309777000022
              ],
              [
                124.0012894890001,
                12.87129236800007
              ],
              [
                124.0012862420001,
                12.87127812400007
              ],
              [
                124.00127000700002,
                12.871246472000053
              ],
              [
                124.00126351300003,
                12.871241724000072
              ],
              [
                124.00125539600003,
                12.871241724000072
              ],
              [
                124.00124240900004,
                12.871249638000052
              ],
              [
                124.00123591500005,
                12.871251220000033
              ],
              [
                124.00121643400007,
                12.871260716000052
              ],
              [
                124.00121156400007,
                12.871265465000022
              ],
              [
                124.00119695400008,
                12.87129078700002
              ],
              [
                124.00119370700008,
                12.871305031000077
              ],
              [
                124.00119370700008,
                12.871312944000067
              ],
              [
                124.00120182500007,
                12.871325605000038
              ],
              [
                124.00121481200006,
                12.871335101000057
              ],
              [
                124.00123104700003,
                12.871343014000047
              ],
              [
                124.00124565800002,
                12.871343013000057
              ],
              [
                124.001252152,
                12.871347761000038
              ],
              [
                124.00125702200012,
                12.871352509000076
              ],
              [
                124.0012732570001,
                12.871382579000056
              ],
              [
                124.00142845000005,
                12.871863020000035
              ],
              [
                124.0017223000001,
                12.872214359000054
              ],
              [
                124.0018716620001,
                12.872401108000076
              ],
              [
                124.00187815600009,
                12.872426430000075
              ],
              [
                124.00187815700008,
                12.872440674000075
              ],
              [
                124.00187328600009,
                12.872447005000026
              ],
              [
                124.0018684160001,
                12.872448588000054
              ],
              [
                124.00184893500011,
                12.872439092000036
              ],
              [
                124.001842441,
                12.872434344000055
              ],
              [
                124.00182945300003,
                12.872432762000074
              ],
              [
                124.00182295900004,
                12.872434345000045
              ],
              [
                124.00181159600004,
                12.872454919000063
              ],
              [
                124.00180834900004,
                12.872478659000024
              ],
              [
                124.00180347900005,
                12.872494485000061
              ],
              [
                124.00180672600004,
                12.872499233000042
              ],
              [
                124.00181159700003,
                12.872502399000041
              ],
              [
                124.0018391960001,
                12.87251189400007
              ],
              [
                124.00185218400009,
                12.872524555000041
              ],
              [
                124.00186030100008,
                12.872537216000069
              ],
              [
                124.00188075500012,
                12.87255908800006
              ],
              [
                124.0018888730001,
                12.87257807900005
              ],
              [
                124.0018872490001,
                12.872592323000049
              ],
              [
                124.00187588600011,
                12.872600237000029
              ],
              [
                124.00186127500001,
                12.872603402000038
              ],
              [
                124.00184179400003,
                12.872614481000028
              ],
              [
                124.00183530000004,
                12.872625560000074
              ],
              [
                124.00183043000004,
                12.872650882000073
              ],
              [
                124.00183043100003,
                12.872682535000024
              ],
              [
                124.00184342000011,
                12.872728431000041
              ],
              [
                124.0018580310001,
                12.872747422000032
              ],
              [
                124.00187913600007,
                12.87276008300006
              ],
              [
                124.00190511200003,
                12.87277116100006
              ],
              [
                124.00193108700012,
                12.872772743000041
              ],
              [
                124.0019456980001,
                12.872769577000042
              ],
              [
                124.00197978900007,
                12.872753750000072
              ],
              [
                124.00199440000006,
                12.872750585000063
              ],
              [
                124.00201063500003,
                12.872750584000073
              ],
              [
                124.0020479740001,
                12.872764827000026
              ],
              [
                124.00207394900008,
                12.872767992000036
              ],
              [
                124.00208206600007,
                12.872766409000064
              ],
              [
                124.00209667700005,
                12.872758495000028
              ],
              [
                124.00211615800004,
                12.872737921000066
              ],
              [
                124.00213563900002,
                12.87273000700003
              ],
              [
                124.00214862700011,
                12.87273317200004
              ],
              [
                124.0021648610001,
                12.872739502000059
              ],
              [
                124.00217297800009,
                12.872745833000067
              ],
              [
                124.00217947200008,
                12.872753746000058
              ],
              [
                124.00218434300007,
                12.872761659000048
              ],
              [
                124.00218759000006,
                12.872771154000077
              ],
              [
                124.00218759000006,
                12.872777485000029
              ],
              [
                124.00218434300007,
                12.872785398000076
              ],
              [
                124.00217947300007,
                12.872791729000028
              ],
              [
                124.00216486300008,
                12.872799642000075
              ],
              [
                124.00215025200009,
                12.872802808000074
              ],
              [
                124.00213726400011,
                12.872809139000026
              ],
              [
                124.00211129000002,
                12.872826549000024
              ],
              [
                124.00210479600003,
                12.872832879000043
              ],
              [
                124.00209505600003,
                12.872851871000023
              ],
              [
                124.00209343300003,
                12.87285978400007
              ],
              [
                124.00209018600003,
                12.872866115000022
              ],
              [
                124.00208693900004,
                12.87288352400003
              ],
              [
                124.00208694000003,
                12.872916759000077
              ],
              [
                124.00209018700002,
                12.872929420000048
              ],
              [
                124.00209018800001,
                12.872943664000047
              ],
              [
                124.00208694100002,
                12.872961073000056
              ],
              [
                124.00207882500001,
                12.872989561000054
              ],
              [
                124.002075579,
                12.873025962000042
              ],
              [
                124.00207720300011,
                12.873037040000042
              ],
              [
                124.00208207300011,
                12.873051284000042
              ],
              [
                124.0020901910001,
                12.873062362000042
              ],
              [
                124.00210967200007,
                12.87307977100005
              ],
              [
                124.00212590700005,
                12.873089266000022
              ],
              [
                124.002163246,
                12.873103509000032
              ],
              [
                124.00220220900007,
                12.87310509100007
              ],
              [
                124.00221844400005,
                12.873103508000042
              ],
              [
                124.00222656100004,
                12.873100342000043
              ],
              [
                124.00226552300012,
                12.873095593000073
              ],
              [
                124.0022850040001,
                12.873095593000073
              ],
              [
                124.00233533100004,
                12.873100340000065
              ],
              [
                124.00236617700011,
                12.873098756000047
              ],
              [
                124.00237104700011,
                12.873101921000057
              ],
              [
                124.0023742940001,
                12.873109835000037
              ],
              [
                124.0023726710001,
                12.873122496000065
              ],
              [
                124.00236455400011,
                12.873136740000064
              ],
              [
                124.00235156700012,
                12.873147818000064
              ],
              [
                124.002341827,
                12.873158897000053
              ],
              [
                124.00233858000001,
                12.873165228000062
              ],
              [
                124.002340204,
                12.87318263700007
              ],
              [
                124.00234669800011,
                12.873188967000033
              ],
              [
                124.0023645550001,
                12.873188967000033
              ],
              [
                124.00237267300008,
                12.873187384000062
              ],
              [
                124.00237916600008,
                12.873184218000063
              ],
              [
                124.00241001200004,
                12.873176305000072
              ],
              [
                124.00243436300002,
                12.873166808000065
              ],
              [
                124.00247819600008,
                12.873163642000065
              ],
              [
                124.00248306600008,
                12.873168390000046
              ],
              [
                124.00249443100006,
                12.873193712000045
              ],
              [
                124.00249605500005,
                12.873211121000054
              ],
              [
                124.00250092600004,
                12.873226947000035
              ],
              [
                124.00252690200011,
                12.873255434000043
              ],
              [
                124.0025398900001,
                12.873276008000062
              ],
              [
                124.00254800800008,
                12.87330449500007
              ],
              [
                124.00254800800008,
                12.87331873900007
              ],
              [
                124.00254963200007,
                12.873325070000021
              ],
              [
                124.00254638500007,
                12.87334564400004
              ],
              [
                124.00254151500008,
                12.87335355700003
              ],
              [
                124.00253177500008,
                12.873363053000048
              ],
              [
                124.00252041100009,
                12.873370967000028
              ],
              [
                124.00250580000011,
                12.873386794000055
              ],
              [
                124.00249443700011,
                12.873404203000064
              ],
              [
                124.00248632000012,
                12.873426360000053
              ],
              [
                124.00248794400011,
                12.873440604000052
              ],
              [
                124.00249606200009,
                12.873454848000051
              ],
              [
                124.00251229700007,
                12.87347225600007
              ],
              [
                124.00252528500005,
                12.87349124800005
              ],
              [
                124.00252528500005,
                12.873503909000021
              ],
              [
                124.00252041500005,
                12.87351024000003
              ],
              [
                124.00251392100006,
                12.873514988000068
              ],
              [
                124.00250580400007,
                12.873530814000048
              ],
              [
                124.00250580500006,
                12.873545058000047
              ],
              [
                124.00250905200005,
                12.873549806000028
              ],
              [
                124.00254314500012,
                12.873564049000038
              ],
              [
                124.0025545090001,
                12.873571962000028
              ],
              [
                124.0025590140001,
                12.873576353000033
              ],
              [
                124.0025658730001,
                12.873583040000028
              ],
              [
                124.00256749700009,
                12.873590954000065
              ],
              [
                124.00256587400008,
                12.873597284000027
              ],
              [
                124.00255288700009,
                12.873616276000064
              ],
              [
                124.00254314600011,
                12.873625772000025
              ],
              [
                124.0025399000001,
                12.873633686000062
              ],
              [
                124.0025399000001,
                12.873641599000052
              ],
              [
                124.0025382770001,
                12.873646347000033
              ],
              [
                124.00254964100009,
                12.873668504000022
              ],
              [
                124.002577642,
                12.873677857000075
              ],
              [
                124.00259712400009,
                12.873690518000046
              ],
              [
                124.00261173500007,
                12.873709509000037
              ],
              [
                124.00261822900006,
                12.873722170000065
              ],
              [
                124.00262310100004,
                12.873768067000071
              ],
              [
                124.00262959500003,
                12.873783893000052
              ],
              [
                124.00264583,
                12.873806049000052
              ],
              [
                124.0026507010001,
                12.873818710000023
              ],
              [
                124.0026523250001,
                12.873839284000042
              ],
              [
                124.0026490780001,
                12.87385352800004
              ],
              [
                124.0026490790001,
                12.873861441000031
              ],
              [
                124.00265882000008,
                12.87388676300003
              ],
              [
                124.00267018400007,
                12.873896259000048
              ],
              [
                124.00268479500005,
                12.873901007000029
              ],
              [
                124.0027237590001,
                12.87391999700003
              ],
              [
                124.00274324000009,
                12.873932658000058
              ],
              [
                124.00276109900005,
                12.873948484000039
              ],
              [
                124.00278545100002,
                12.873980136000057
              ],
              [
                124.00278545200001,
                12.873994380000056
              ],
              [
                124.00276597100003,
                12.874027615000045
              ],
              [
                124.00276434800003,
                12.874041859000044
              ],
              [
                124.00276759500002,
                12.874045024000054
              ],
              [
                124.00278058300012,
                12.874071929000024
              ],
              [
                124.00280656000007,
                12.87411624200007
              ],
              [
                124.00282441800005,
                12.87413839900006
              ],
              [
                124.00283578300002,
                12.874151059000042
              ],
              [
                124.00284065300002,
                12.87415422500004
              ],
              [
                124.0028601350001,
                12.87418271200005
              ],
              [
                124.0028617590001,
                12.874196955000059
              ],
              [
                124.00285689000009,
                12.874220695000076
              ],
              [
                124.00285689000009,
                12.874230191000038
              ],
              [
                124.00286176100008,
                12.874242852000066
              ],
              [
                124.00286500800007,
                12.874247600000047
              ],
              [
                124.00287799600005,
                12.874258678000047
              ],
              [
                124.00289260700004,
                12.874266591000037
              ],
              [
                124.00290884100002,
                12.874268173000075
              ],
              [
                124.00292182900012,
                12.874271338000028
              ],
              [
                124.0029396870001,
                12.874285581000038
              ],
              [
                124.00294618200007,
                12.874298242000066
              ],
              [
                124.00296079300006,
                12.874312485000075
              ],
              [
                124.00298189800003,
                12.874326729000074
              ],
              [
                124.00299488600001,
                12.874329894000027
              ],
              [
                124.00300138000011,
                12.874329894000027
              ],
              [
                124.00300949700011,
                12.874328311000056
              ],
              [
                124.00303060200008,
                12.874318814000048
              ],
              [
                124.00304358900007,
                12.874315649000039
              ],
              [
                124.00305982400005,
                12.87431564800005
              ],
              [
                124.00306631800004,
                12.874317231000077
              ],
              [
                124.00308255300001,
                12.87432356100004
              ],
              [
                124.00308904600001,
                12.874328309000077
              ],
              [
                124.0031069050001,
                12.87434255200003
              ],
              [
                124.00312476400006,
                12.874363126000048
              ],
              [
                124.00316697500011,
                12.874420100000066
              ],
              [
                124.00319944600005,
                12.874483405000035
              ],
              [
                124.00327412900003,
                12.874600519000069
              ],
              [
                124.00328549400001,
                12.87462109300003
              ],
              [
                124.0032952360001,
                12.874643250000076
              ],
              [
                124.00331796500006,
                12.874682815000028
              ],
              [
                124.00333257700004,
                12.874701807000065
              ],
              [
                124.00358994400005,
                12.875129109000056
              ],
              [
                124.00366519800002,
                12.875261480000063
              ],
              [
                124.00369929100009,
                12.875293131000035
              ],
              [
                124.00371390300006,
                12.875301044000025
              ],
              [
                124.00372202000005,
                12.875307375000034
              ],
              [
                124.00373987900002,
                12.875324783000053
              ],
              [
                124.00378371300008,
                12.875359600000024
              ],
              [
                124.00381455900003,
                12.875388086000044
              ],
              [
                124.0038421590001,
                12.875410242000044
              ],
              [
                124.00385792700001,
                12.87542494400003
              ],
              [
                124.00387950000004,
                12.875445059000072
              ],
              [
                124.003906991,
                12.875467570000069
              ],
              [
                124.0039200870001,
                12.875478294000061
              ],
              [
                124.00392333400009,
                12.875484624000023
              ],
              [
                124.00394119300006,
                12.875502033000032
              ],
              [
                124.00395418100004,
                12.875521024000022
              ],
              [
                124.00398502700011,
                12.875524188000043
              ],
              [
                124.00402236600007,
                12.875519439000072
              ],
              [
                124.00404347100005,
                12.875519438000026
              ],
              [
                124.00405970600002,
                12.875514690000045
              ],
              [
                124.00406439000005,
                12.875513929000022
              ],
              [
                124.00407918700012,
                12.875511524000046
              ],
              [
                124.0040970450001,
                12.875505193000038
              ],
              [
                124.00411165600008,
                12.875502027000039
              ],
              [
                124.00413276100005,
                12.875494114000048
              ],
              [
                124.00415711300002,
                12.875489365000021
              ],
              [
                124.00418146400011,
                12.87547986800007
              ],
              [
                124.00424802600003,
                12.875462457000026
              ],
              [
                124.0042869890001,
                12.875446630000056
              ],
              [
                124.00433731600003,
                12.875433967000049
              ],
              [
                124.00434380900003,
                12.87543080100005
              ],
              [
                124.00436653800011,
                12.875424470000041
              ],
              [
                124.00441848800006,
                12.875402311000073
              ],
              [
                124.00443959300003,
                12.875395980000064
              ],
              [
                124.0044850490001,
                12.875373822000029
              ],
              [
                124.00450453100007,
                12.875365908000049
              ],
              [
                124.00451751800006,
                12.875357994000069
              ],
              [
                124.00454805000004,
                12.875324758000033
              ],
              [
                124.00457402400002,
                12.875307348000035
              ],
              [
                124.00459512900011,
                12.875297852000074
              ],
              [
                124.00461623400008,
                12.875293103000047
              ],
              [
                124.00462435100007,
                12.875293103000047
              ],
              [
                124.00463733900006,
                12.875297851000028
              ],
              [
                124.00465682100003,
                12.875310511000066
              ],
              [
                124.004671432,
                12.875308928000038
              ],
              [
                124.00468117200012,
                12.875299432000077
              ],
              [
                124.00469415900011,
                12.875274109000031
              ],
              [
                124.0047038990001,
                12.875259865000032
              ],
              [
                124.00474448400007,
                12.875221880000026
              ],
              [
                124.00476558900004,
                12.875209219000055
              ],
              [
                124.00480942100012,
                12.875174399000059
              ],
              [
                124.00484188900009,
                12.875156989000061
              ],
              [
                124.00485000700007,
                12.875155406000033
              ],
              [
                124.00485650000007,
                12.875152240000034
              ],
              [
                124.00487273500005,
                12.875152240000034
              ],
              [
                124.00489384000002,
                12.875161735000063
              ],
              [
                124.00492468700008,
                12.875182308000035
              ],
              [
                124.00493929800007,
                12.875188638000054
              ],
              [
                124.00496040300004,
                12.875193386000035
              ],
              [
                124.00497988500001,
                12.875196550000055
              ],
              [
                124.0051032670001,
                12.87519654600004
              ],
              [
                124.00513736000005,
                12.87520287500007
              ],
              [
                124.00516496000012,
                12.875212370000042
              ],
              [
                124.00519255900008,
                12.875215534000063
              ],
              [
                124.00520717000006,
                12.875213951000035
              ],
              [
                124.00526561400011,
                12.875201288000028
              ],
              [
                124.00533379900003,
                12.87520286800003
              ],
              [
                124.00540036100006,
                12.875194952000072
              ],
              [
                124.00544257100012,
                12.875194951000026
              ],
              [
                124.00545245900003,
                12.87519340800003
              ],
              [
                124.00548315800006,
                12.875188619000028
              ],
              [
                124.00550588600004,
                12.875180705000048
              ],
              [
                124.005525368,
                12.87517120800004
              ],
              [
                124.00555670200004,
                12.875167530000056
              ],
              [
                124.00556319600003,
                12.875172278000036
              ],
              [
                124.00558267800011,
                12.875205513000026
              ],
              [
                124.0055875490001,
                12.875210260000074
              ],
              [
                124.00560216000008,
                12.875211843000045
              ],
              [
                124.00563138200005,
                12.875200763000066
              ],
              [
                124.00564112200004,
                12.875188102000038
              ],
              [
                124.00564112100005,
                12.87515961400004
              ],
              [
                124.00564923700006,
                12.875121630000024
              ],
              [
                124.00566222400005,
                12.875099473000034
              ],
              [
                124.00567034000005,
                12.875088394000045
              ],
              [
                124.00567845700004,
                12.875080481000055
              ],
              [
                124.00568819800003,
                12.875074150000046
              ],
              [
                124.00569469200002,
                12.875072567000075
              ],
              [
                124.00570118600001,
                12.875075732000028
              ],
              [
                124.0057141740001,
                12.875094723000075
              ],
              [
                124.0057206680001,
                12.875099471000055
              ],
              [
                124.00573365600007,
                12.875105801000075
              ],
              [
                124.00574989100005,
                12.875108966000028
              ],
              [
                124.00576287800004,
                12.875105800000028
              ],
              [
                124.00576937200003,
                12.87510263400003
              ],
              [
                124.00578398200003,
                12.87508839000003
              ],
              [
                124.00580184000012,
                12.875066233000041
              ],
              [
                124.0058261910001,
                12.875053571000024
              ],
              [
                124.00584242500008,
                12.875053570000034
              ],
              [
                124.00585054300007,
                12.875051987000063
              ],
              [
                124.00585568200006,
                12.875047478000056
              ],
              [
                124.00586677700005,
                12.875037743000064
              ],
              [
                124.00587489400004,
                12.875025081000047
              ],
              [
                124.00587814000005,
                12.875012420000076
              ],
              [
                124.00587813900006,
                12.874996594000038
              ],
              [
                124.00588300900006,
                12.87496494100003
              ],
              [
                124.00587976100007,
                12.874944366000022
              ],
              [
                124.00587976000008,
                12.874922209000033
              ],
              [
                124.00588300600009,
                12.874906383000052
              ],
              [
                124.00588300600009,
                12.874898470000062
              ],
              [
                124.0058813820001,
                12.874896887000034
              ],
              [
                124.00592641800006,
                12.874905599000044
              ],
              [
                124.00609405700004,
                12.874938028000031
              ],
              [
                124.00609730400004,
                12.874942775000022
              ],
              [
                124.00609892800003,
                12.874957019000021
              ],
              [
                124.00609730500003,
                12.87496335000003
              ],
              [
                124.00608107100004,
                12.874987090000047
              ],
              [
                124.00607782500003,
                12.874995003000038
              ],
              [
                124.00607620200003,
                12.875018743000055
              ],
              [
                124.00607945000002,
                12.875031404000026
              ],
              [
                124.00608107500011,
                12.875064639000072
              ],
              [
                124.00608269800011,
                12.875070970000024
              ],
              [
                124.00608107500011,
                12.875086796000062
              ],
              [
                124.0060778290001,
                12.875099457000033
              ],
              [
                124.006056725,
                12.875129528000059
              ],
              [
                124.00604860900012,
                12.875156434000075
              ],
              [
                124.006032376,
                12.875189670000054
              ],
              [
                124.00601776500002,
                12.875208662000034
              ],
              [
                124.00600640100004,
                12.875219741000024
              ],
              [
                124.00597393400005,
                12.875262473000078
              ],
              [
                124.00594308900008,
                12.875295710000046
              ],
              [
                124.0059057520001,
                12.875346356000023
              ],
              [
                124.00589276500011,
                12.875368513000069
              ],
              [
                124.0058895190001,
                12.87539225300003
              ],
              [
                124.0058927660001,
                12.87540333100003
              ],
              [
                124.00589926100008,
                12.875419157000067
              ],
              [
                124.00591874300005,
                12.875442896000038
              ],
              [
                124.00593822600001,
                12.875455557000066
              ],
              [
                124.00594634300012,
                12.875458722000076
              ],
              [
                124.00598368300007,
                12.87546346800002
              ],
              [
                124.00602751600002,
                12.875457136000023
              ],
              [
                124.0060534910001,
                12.87545080500007
              ],
              [
                124.00611518300002,
                12.875446054000065
              ],
              [
                124.006131417,
                12.875447636000047
              ],
              [
                124.00613791100011,
                12.875446054000065
              ],
              [
                124.00615414600009,
                12.875446053000076
              ],
              [
                124.00618336800005,
                12.875439721000077
              ],
              [
                124.00621421400001,
                12.875436555000022
              ],
              [
                124.00627590600004,
                12.875436553000043
              ],
              [
                124.00630188100001,
                12.875441300000034
              ],
              [
                124.00633272800007,
                12.875444464000054
              ],
              [
                124.00635545600005,
                12.875449211000046
              ],
              [
                124.00636519700004,
                12.875449210000056
              ],
              [
                124.00644312500003,
                12.87546661700003
              ],
              [
                124.00644961900002,
                12.875469782000039
              ],
              [
                124.0064739710001,
                12.875476111000069
              ],
              [
                124.00649507700007,
                12.87548560600004
              ],
              [
                124.00653241700002,
                12.875498266000022
              ],
              [
                124.00661034600012,
                12.875529916000062
              ],
              [
                124.00665719900007,
                12.875545819000024
              ],
              [
                124.00669454000001,
                12.875566392000053
              ],
              [
                124.00669941000001,
                12.875571140000034
              ],
              [
                124.0067075280001,
                12.875574305000043
              ],
              [
                124.0067188920001,
                12.875582217000044
              ],
              [
                124.00672701000008,
                12.875585382000054
              ],
              [
                124.00675461000003,
                12.875609121000025
              ],
              [
                124.00676922100001,
                12.875613868000073
              ],
              [
                124.0067854560001,
                12.875615450000055
              ],
              [
                124.0067984430001,
                12.875607536000075
              ],
              [
                124.00680331300009,
                12.875607536000075
              ],
              [
                124.00682279500006,
                12.875615449000065
              ],
              [
                124.00683740700003,
                12.875623361000066
              ],
              [
                124.00685688800002,
                12.875629691000029
              ],
              [
                124.00689422900007,
                12.87565184600004
              ],
              [
                124.00690234600006,
                12.875655011000049
              ],
              [
                124.00691208800004,
                12.875666089000049
              ],
              [
                124.00692345300001,
                12.87568508000004
              ],
              [
                124.00693157100011,
                12.875716733000047
              ],
              [
                124.00693644400008,
                12.875764212000036
              ],
              [
                124.00693644500006,
                12.875787951000063
              ],
              [
                124.00694618800003,
                12.875837013000023
              ],
              [
                124.00694618800003,
                12.87584492600007
              ],
              [
                124.00694943500002,
                12.87585283900006
              ],
              [
                124.00694943600001,
                12.875868665000041
              ],
              [
                124.00694781300001,
                12.87587816100006
              ],
              [
                124.00678062000009,
                12.876424179000026
              ],
              [
                124.00647382800003,
                12.877456553000059
              ],
              [
                124.00657286100011,
                12.877489785000023
              ],
              [
                124.00658422300012,
                12.877435974000036
              ],
              [
                124.00659071700011,
                12.877423313000065
              ],
              [
                124.00659721000011,
                12.877416982000057
              ],
              [
                124.0066004570001,
                12.877410651000048
              ],
              [
                124.00662480800008,
                12.877391659000068
              ],
              [
                124.00663130200007,
                12.877388493000069
              ],
              [
                124.00664429000005,
                12.87738532700007
              ],
              [
                124.00668325300012,
                12.877386908000062
              ],
              [
                124.0066994880001,
                12.877390073000072
              ],
              [
                124.00671409900008,
                12.877390073000072
              ],
              [
                124.00675306300002,
                12.877397984000027
              ],
              [
                124.00677579100011,
                12.877397983000037
              ],
              [
                124.00680826100006,
                12.877404312000067
              ],
              [
                124.00683748400002,
                12.877412225000057
              ],
              [
                124.006843978,
                12.877415390000067
              ],
              [
                124.00688294200006,
                12.877426466000031
              ],
              [
                124.00688943600005,
                12.877431214000069
              ],
              [
                124.00690891700003,
                12.87743596100006
              ],
              [
                124.00692190500001,
                12.877431213000023
              ],
              [
                124.00692839900012,
                12.877426465000042
              ],
              [
                124.00694138500012,
                12.877401142000053
              ],
              [
                124.006954371,
                12.877347332000056
              ],
              [
                124.00696735500003,
                12.87727927800006
              ],
              [
                124.00697384900002,
                12.877261868000062
              ],
              [
                124.00698845900001,
                12.877234963000035
              ],
              [
                124.00699170500002,
                12.877222302000064
              ],
              [
                124.00698845700003,
                12.877208058000065
              ],
              [
                124.00697059900006,
                12.877192232000027
              ],
              [
                124.00695598700008,
                12.877185902000065
              ],
              [
                124.00691864700002,
                12.877177991000053
              ],
              [
                124.00689267100006,
                12.877176409000072
              ],
              [
                124.00684721400012,
                12.877163750000022
              ],
              [
                124.00680662600007,
                12.87715109000004
              ],
              [
                124.00676441600001,
                12.877135266000039
              ],
              [
                124.00674980400004,
                12.877127353000049
              ],
              [
                124.00672869900006,
                12.877122606000057
              ],
              [
                124.00671733400009,
                12.877113111000028
              ],
              [
                124.0067092160001,
                12.87709886700003
              ],
              [
                124.00670434500012,
                12.877079876000039
              ],
              [
                124.00683420300004,
                12.876617740000029
              ],
              [
                124.0070127570001,
                12.876007798000046
              ],
              [
                124.00703069000008,
                12.875964804000034
              ],
              [
                124.00703880600008,
                12.875939482000035
              ],
              [
                124.00703880600008,
                12.875923655000065
              ],
              [
                124.00704042900009,
                12.875917325000046
              ],
              [
                124.00704854500009,
                12.875896750000038
              ],
              [
                124.00705179200008,
                12.875892002000057
              ],
              [
                124.00706640100009,
                12.875839774000042
              ],
              [
                124.0070728930001,
                12.875809704000062
              ],
              [
                124.0070793860001,
                12.875795460000063
              ],
              [
                124.0070875030001,
                12.875770137000075
              ],
              [
                124.00709886600009,
                12.875747980000028
              ],
              [
                124.00711834600008,
                12.87572582200005
              ],
              [
                124.00714756800005,
                12.875706829000023
              ],
              [
                124.00718003600002,
                12.875691002000053
              ],
              [
                124.00721899900009,
                12.875683087000027
              ],
              [
                124.00727419500004,
                12.87565143200004
              ],
              [
                124.00730341700012,
                12.875637187000052
              ],
              [
                124.00734887300007,
                12.875626106000027
              ],
              [
                124.00738945900002,
                12.875611861000039
              ],
              [
                124.00740731700012,
                12.875603947000059
              ],
              [
                124.0074251740001,
                12.875599198000032
              ],
              [
                124.00744627900008,
                12.875591284000052
              ],
              [
                124.00754043900008,
                12.875564375000067
              ],
              [
                124.00754693200008,
                12.875564375000067
              ],
              [
                124.00757615500004,
                12.87555804300007
              ],
              [
                124.00761349400011,
                12.875556459000052
              ],
              [
                124.00764596300007,
                12.875551710000025
              ],
              [
                124.00766057400006,
                12.875551709000035
              ],
              [
                124.00766869200004,
                12.875550126000064
              ],
              [
                124.00777259300003,
                12.875548539000022
              ],
              [
                124.00783266100007,
                12.875535875000025
              ],
              [
                124.00784077900005,
                12.875535874000036
              ],
              [
                124.0078927290001,
                12.875526376000039
              ],
              [
                124.00791545800007,
                12.87552321000004
              ],
              [
                124.00792682200006,
                12.87552320900005
              ],
              [
                124.00794305700003,
                12.875520043000051
              ],
              [
                124.0080096150001,
                12.875521623000054
              ],
              [
                124.00803072000008,
                12.875515292000046
              ],
              [
                124.00805344800006,
                12.875502629000039
              ],
              [
                124.00807130500004,
                12.875489968000068
              ],
              [
                124.00807779900003,
                12.87548838500004
              ],
              [
                124.00828293300003,
                12.875473778000071
              ],
              [
                124.00853177500005,
                12.875472219000073
              ],
              [
                124.00853815500011,
                12.875478439000062
              ],
              [
                124.00854134600002,
                12.875484659000051
              ],
              [
                124.00854453600004,
                12.875498654000069
              ],
              [
                124.00854932200002,
                12.875503319000074
              ],
              [
                124.00855729700004,
                12.875503319000074
              ],
              [
                124.00858282000002,
                12.875495544000046
              ],
              [
                124.00859079500003,
                12.875495544000046
              ],
              [
                124.00861472200006,
                12.87549087800005
              ],
              [
                124.0086258880001,
                12.87549087800005
              ],
              [
                124.00863067400007,
                12.875489323000068
              ],
              [
                124.00869288400008,
                12.875489322000021
              ],
              [
                124.0087088360001,
                12.875486211000066
              ],
              [
                124.00875190500005,
                12.875484656000026
              ],
              [
                124.00877264100006,
                12.87548154500007
              ],
              [
                124.00880294900003,
                12.87547999000003
              ],
              [
                124.00883006600009,
                12.875475324000035
              ],
              [
                124.00883963700005,
                12.875475324000035
              ],
              [
                124.00891301400009,
                12.875465993000034
              ],
              [
                124.00893694100012,
                12.875465992000045
              ],
              [
                124.00895927300007,
                12.875462882000022
              ],
              [
                124.00896662600007,
                12.875462882000022
              ],
              [
                124.00914535200002,
                12.875462877000075
              ],
              [
                124.009191611,
                12.875469097000064
              ],
              [
                124.0092171330001,
                12.875483091000035
              ],
              [
                124.00922830000002,
                12.875492421000047
              ],
              [
                124.00924744100007,
                12.875497086000053
              ],
              [
                124.00925541700008,
                12.875498641000036
              ],
              [
                124.00928093900006,
                12.875498640000046
              ],
              [
                124.00929529600012,
                12.875501750000069
              ],
              [
                124.0093208180001,
                12.875501750000069
              ],
              [
                124.00932719800005,
                12.875498640000046
              ],
              [
                124.00933676900002,
                12.875487754000062
              ],
              [
                124.00933995900004,
                12.875475314000028
              ],
              [
                124.00934155400012,
                12.875455098000032
              ],
              [
                124.00934474400003,
                12.875448878000043
              ],
              [
                124.00934952900002,
                12.875444213000037
              ],
              [
                124.00936229000001,
                12.875441103000071
              ],
              [
                124.0093670760001,
                12.875444213000037
              ],
              [
                124.00937026600002,
                12.875450433000026
              ],
              [
                124.00937026600002,
                12.87546287300006
              ],
              [
                124.0093670760001,
                12.875470648000032
              ],
              [
                124.0093543160001,
                12.875490864000028
              ],
              [
                124.00935272100003,
                12.875497084000074
              ],
              [
                124.0093543160001,
                12.875503304000063
              ],
              [
                124.0093622920001,
                12.87551574400004
              ],
              [
                124.00936867300004,
                12.87552196400003
              ],
              [
                124.0093830290001,
                12.875526629000035
              ],
              [
                124.00940695600002,
                12.875529739000058
              ],
              [
                124.009432478,
                12.875529738000068
              ],
              [
                124.00945481000008,
                12.875525073000063
              ],
              [
                124.00948033200007,
                12.875515742000061
              ],
              [
                124.00950106900007,
                12.875501746000054
              ],
              [
                124.00952021000012,
                12.875478420000036
              ],
              [
                124.00953137600004,
                12.875472200000047
              ],
              [
                124.0095377560001,
                12.875470645000064
              ],
              [
                124.00959358700004,
                12.875472199000058
              ],
              [
                124.0095999670001,
                12.875470644000075
              ],
              [
                124.00963506000005,
                12.875470643000028
              ],
              [
                124.0096414410001,
                12.875469088000045
              ],
              [
                124.00967653400005,
                12.875469087000056
              ],
              [
                124.00969408100002,
                12.875467532000073
              ],
              [
                124.009719603,
                12.875461311000038
              ],
              [
                124.00977224300004,
                12.875451980000037
              ],
              [
                124.0098615710001,
                12.875439538000023
              ],
              [
                124.00992856700009,
                12.875439536000044
              ],
              [
                124.0099365430001,
                12.875437981000061
              ],
              [
                124.01008489300011,
                12.875437978000036
              ],
              [
                124.01012317700008,
                12.875433312000041
              ],
              [
                124.01069658000006,
                12.875430187000063
              ],
              [
                124.01108579700008,
                12.875445728000045
              ],
              [
                124.01137951900012,
                12.875473958000043
              ],
              [
                124.011408232,
                12.87547862200006
              ],
              [
                124.01149117900002,
                12.87548328500003
              ],
              [
                124.01153424800009,
                12.87548950400003
              ],
              [
                124.01156774700007,
                12.875498833000051
              ],
              [
                124.01163633800002,
                12.87551127200004
              ],
              [
                124.01167143200007,
                12.875509716000067
              ],
              [
                124.01170971500005,
                12.875505050000072
              ],
              [
                124.01179266300005,
                12.87550660200003
              ],
              [
                124.01180861400007,
                12.87550815700007
              ],
              [
                124.01181659000008,
                12.875511267000036
              ],
              [
                124.01182297100002,
                12.875511266000046
              ],
              [
                124.01184370800001,
                12.875515931000052
              ],
              [
                124.01188358700006,
                12.875520595000069
              ],
              [
                124.01192027600007,
                12.875528369000051
              ],
              [
                124.0119543190001,
                12.875528367000072
              ],
              [
                124.01197346100003,
                12.875533032000021
              ],
              [
                124.01199738800005,
                12.875534586000072
              ],
              [
                124.01203567100004,
                12.87554702500006
              ],
              [
                124.01206438400004,
                12.87555324400006
              ],
              [
                124.01209469200012,
                12.87555324300007
              ],
              [
                124.01210745300011,
                12.875547023000024
              ],
              [
                124.01213616400003,
                12.875528362000068
              ],
              [
                124.01214733000006,
                12.875519031000067
              ],
              [
                124.01215690100003,
                12.875506591000033
              ],
              [
                124.0121632800001,
                12.875487930000077
              ],
              [
                124.0121632790001,
                12.87545682900003
              ],
              [
                124.01217125300002,
                12.875407068000072
              ],
              [
                124.01217444300005,
                12.875396183000078
              ],
              [
                124.0121808240001,
                12.875383743000043
              ],
              [
                124.01219039400007,
                12.875372857000059
              ],
              [
                124.012196775,
                12.875371302000076
              ],
              [
                124.0122350580001,
                12.87537285600007
              ],
              [
                124.01228291200005,
                12.87537129900005
              ],
              [
                124.01229248300001,
                12.875380629000063
              ],
              [
                124.01229886400006,
                12.87539306900004
              ],
              [
                124.01229886400006,
                12.875400844000069
              ],
              [
                124.01230365100002,
                12.875422614000058
              ],
              [
                124.01230843600001,
                12.875428834000047
              ],
              [
                124.01232119800011,
                12.875436609000076
              ],
              [
                124.01232917400012,
                12.875455269000042
              ],
              [
                124.01233396000009,
                12.875459934000048
              ],
              [
                124.01235629200005,
                12.875467709000077
              ],
              [
                124.01236267200011,
                12.875466154000037
              ],
              [
                124.01237224300007,
                12.87545371300007
              ],
              [
                124.01238181300005,
                12.875431942000034
              ],
              [
                124.0123881930001,
                12.875428832000068
              ],
              [
                124.01239457400004,
                12.875430387000051
              ],
              [
                124.01241371600008,
                12.875450602000058
              ],
              [
                124.01242009700002,
                12.875453711000034
              ],
              [
                124.01242488300011,
                12.875459931000023
              ],
              [
                124.01242647800007,
                12.875466152000058
              ],
              [
                124.01242647900006,
                12.875480147000076
              ],
              [
                124.0124248840001,
                12.87549103200007
              ],
              [
                124.0124073400001,
                12.875568784000052
              ],
              [
                124.0124025560001,
                12.875606105000031
              ],
              [
                124.0124025560001,
                12.875621656000021
              ],
              [
                124.01240734200007,
                12.875640316000045
              ],
              [
                124.01242010500005,
                12.87566675100004
              ],
              [
                124.0124264850001,
                12.875671416000046
              ],
              [
                124.01243605600007,
                12.875672971000029
              ],
              [
                124.01244881700006,
                12.875671415000056
              ],
              [
                124.01245519800011,
                12.87566675000005
              ],
              [
                124.01246476800009,
                12.875655864000066
              ],
              [
                124.012475934,
                12.875648089000038
              ],
              [
                124.01248391000001,
                12.875644979000072
              ],
              [
                124.012496671,
                12.87564186800006
              ],
              [
                124.01250305100007,
                12.875643423000042
              ],
              [
                124.01250783700004,
                12.875648088000048
              ],
              [
                124.01251421800009,
                12.875658973000043
              ],
              [
                124.01251421800009,
                12.875666748000071
              ],
              [
                124.0125094330001,
                12.875680744000022
              ],
              [
                124.0125094340001,
                12.875686964000067
              ],
              [
                124.01250624400006,
                12.875697849000062
              ],
              [
                124.01250145900008,
                12.875728950000052
              ],
              [
                124.01250146000007,
                12.87575849600006
              ],
              [
                124.01249827100003,
                12.87578026600005
              ],
              [
                124.01249986700009,
                12.875792706000027
              ],
              [
                124.01250305700012,
                12.875800481000056
              ],
              [
                124.01252220000003,
                12.875822251000045
              ],
              [
                124.01253017600004,
                12.875834691000023
              ],
              [
                124.01253336700006,
                12.875853352000036
              ],
              [
                124.01253336700006,
                12.87586579200007
              ],
              [
                124.01253655800008,
                12.875872012000059
              ],
              [
                124.01254612900004,
                12.875882897000054
              ],
              [
                124.01256367700012,
                12.875898447000054
              ],
              [
                124.01260355600004,
                12.875920217000044
              ],
              [
                124.01261153200005,
                12.875923326000077
              ],
              [
                124.01262748400006,
                12.875926436000043
              ],
              [
                124.01264343500009,
                12.875926436000043
              ],
              [
                124.01264981600002,
                12.875927990000037
              ],
              [
                124.01269607600011,
                12.875927989000047
              ],
              [
                124.01271681300011,
                12.87592954400003
              ],
              [
                124.01272797900003,
                12.875932653000064
              ],
              [
                124.01274233600009,
                12.875934208000047
              ],
              [
                124.01281092700003,
                12.875934206000068
              ],
              [
                124.01282368900002,
                12.87593576100005
              ],
              [
                124.0128332600001,
                12.875934205000021
              ],
              [
                124.01283964000004,
                12.875931095000055
              ],
              [
                124.01285878100009,
                12.875907769000037
              ],
              [
                124.01286516200003,
                12.87590465900007
              ],
              [
                124.01287154200008,
                12.875904658000024
              ],
              [
                124.01287792300002,
                12.875907768000047
              ],
              [
                124.01288270900011,
                12.875912433000053
              ],
              [
                124.0129114240001,
                12.875960639000027
              ],
              [
                124.01291933000005,
                12.875984533000064
              ],
              [
                124.01292730600005,
                12.875995418000059
              ],
              [
                124.01293847200009,
                12.876004747000025
              ],
              [
                124.0129544240001,
                12.876007857000047
              ],
              [
                124.0129671850001,
                12.876003191000052
              ],
              [
                124.01298154100004,
                12.876003191000052
              ],
              [
                124.0129879210001,
                12.876001636000069
              ],
              [
                124.0130006820001,
                12.875995415000034
              ],
              [
                124.01301344300009,
                12.875986085000022
              ],
              [
                124.01302939400011,
                12.875972089000072
              ],
              [
                124.01304215500011,
                12.875958093000065
              ],
              [
                124.01305332000004,
                12.875939432000052
              ],
              [
                124.01305810500003,
                12.875926992000075
              ],
              [
                124.01306288900003,
                12.875906776000022
              ],
              [
                124.01308203000008,
                12.875864790000037
              ],
              [
                124.01310117000003,
                12.87583679900007
              ],
              [
                124.0131235020001,
                12.875818138000056
              ],
              [
                124.01312669200001,
                12.875813472000061
              ],
              [
                124.01313466700003,
                12.875794812000038
              ],
              [
                124.01313785600007,
                12.875777706000065
              ],
              [
                124.01313785600007,
                12.875752826000053
              ],
              [
                124.01313626000001,
                12.875748161000047
              ],
              [
                124.01313785500008,
                12.875727945000051
              ],
              [
                124.0131458300001,
                12.875709285000028
              ],
              [
                124.01316018500006,
                12.875690624000072
              ],
              [
                124.01318092200006,
                12.875676628000065
              ],
              [
                124.01320644400005,
                12.875668852000047
              ],
              [
                124.01322239500007,
                12.875665741000034
              ],
              [
                124.01322877500002,
                12.875662631000068
              ],
              [
                124.01325110700009,
                12.875662630000022
              ],
              [
                124.01327822500002,
                12.875667294000039
              ],
              [
                124.01328620100003,
                12.875667294000039
              ],
              [
                124.01329736700006,
                12.875673514000027
              ],
              [
                124.01330215300004,
                12.875678178000044
              ],
              [
                124.01331970000001,
                12.875709278000045
              ],
              [
                124.01332927200008,
                12.875718608000057
              ],
              [
                124.013348414,
                12.875726383000028
              ],
              [
                124.01335479400007,
                12.875731048000034
              ],
              [
                124.01335958000004,
                12.875737268000023
              ],
              [
                124.01336596100009,
                12.87575748300003
              ],
              [
                124.01336755800003,
                12.875783918000025
              ],
              [
                124.01336596300007,
                12.875793249000026
              ],
              [
                124.01336277300004,
                12.875799469000071
              ],
              [
                124.01336117800008,
                12.875808799000026
              ],
              [
                124.01334522800005,
                12.875847675000045
              ],
              [
                124.01332927900012,
                12.875911432000066
              ],
              [
                124.01332768400005,
                12.87592853800004
              ],
              [
                124.01332928000011,
                12.875934758000028
              ],
              [
                124.01332928000011,
                12.875950308000029
              ],
              [
                124.01333247100001,
                12.875964303000046
              ],
              [
                124.01333885200006,
                12.875978298000064
              ],
              [
                124.01337554200006,
                12.87601250800003
              ],
              [
                124.01338351800007,
                12.876023393000025
              ],
              [
                124.0133899000001,
                12.87605760300005
              ],
              [
                124.0133978770001,
                12.876076263000073
              ],
              [
                124.01340585300011,
                12.876082483000062
              ],
              [
                124.01342020900006,
                12.876085593000028
              ],
              [
                124.01342659000011,
                12.87608870300005
              ],
              [
                124.01345051700002,
                12.876088702000061
              ],
              [
                124.01347125400002,
                12.876076261000037
              ],
              [
                124.01348720400006,
                12.876052935000075
              ],
              [
                124.01349199000003,
                12.876049825000052
              ],
              [
                124.01354941500006,
                12.876049823000074
              ],
              [
                124.0135972700001,
                12.87605293100006
              ],
              [
                124.01363395900012,
                12.876052930000071
              ],
              [
                124.01364193500001,
                12.876054484000065
              ],
              [
                124.0136594810001,
                12.876054484000065
              ],
              [
                124.01369457500005,
                12.876062258000047
              ],
              [
                124.01370733600004,
                12.876062257000058
              ],
              [
                124.01373285900002,
                12.87605448100004
              ],
              [
                124.013752,
                12.876042040000073
              ],
              [
                124.01375838100012,
                12.876040485000033
              ],
              [
                124.01377114200011,
                12.876043595000056
              ],
              [
                124.01379654700008,
                12.876064580000047
              ],
              [
                124.0138204750001,
                12.87607235400003
              ],
              [
                124.0138539730001,
                12.876073908000023
              ],
              [
                124.01387311400003,
                12.87607857200004
              ],
              [
                124.01388587600002,
                12.876084792000029
              ],
              [
                124.01390501800006,
                12.876098786000057
              ],
              [
                124.01391299400007,
                12.876101896000023
              ],
              [
                124.01393054000005,
                12.876103450000073
              ],
              [
                124.01394968200009,
                12.876092564000032
              ],
              [
                124.01395606200003,
                12.87609100900005
              ],
              [
                124.0139783940001,
                12.876089453000077
              ],
              [
                124.01398477500004,
                12.87609100800006
              ],
              [
                124.0139911550001,
                12.876094118000026
              ],
              [
                124.01400870200007,
                12.876108112000054
              ],
              [
                124.01402944000006,
                12.876120552000032
              ],
              [
                124.01403901100002,
                12.876122107000072
              ],
              [
                124.01404698600004,
                12.876122106000025
              ],
              [
                124.0140613420001,
                12.87611899600006
              ],
              [
                124.01406772300004,
                12.876120550000053
              ],
              [
                124.01408686500008,
                12.87613299000003
              ],
              [
                124.01409165100006,
                12.876137655000036
              ],
              [
                124.01409484100009,
                12.876143875000025
              ],
              [
                124.01411398400012,
                12.87615631400007
              ],
              [
                124.01413312600005,
                12.876167199000065
              ],
              [
                124.01414748200011,
                12.876170308000042
              ],
              [
                124.01416502900008,
                12.876170308000042
              ],
              [
                124.01420012100004,
                12.876137651000022
              ],
              [
                124.01421766700003,
                12.876125210000055
              ],
              [
                124.01423202300009,
                12.876122099000042
              ],
              [
                124.01423999800011,
                12.876122099000042
              ],
              [
                124.01426871100011,
                12.876129873000025
              ],
              [
                124.014276687,
                12.876129872000035
              ],
              [
                124.01428306800005,
                12.876128317000052
              ],
              [
                124.01429582800006,
                12.876120542000024
              ],
              [
                124.01430061400004,
                12.876114321000045
              ],
              [
                124.01430380300008,
                12.876098771000045
              ],
              [
                124.01430220700001,
                12.876066115000071
              ],
              [
                124.01430539700004,
                12.876061450000066
              ],
              [
                124.01431815800004,
                12.876052119000065
              ],
              [
                124.01435006000008,
                12.876035013000035
              ],
              [
                124.01435484500007,
                12.87603034700004
              ],
              [
                124.0143580350001,
                12.87602412700005
              ],
              [
                124.01435963000006,
                12.876016352000022
              ],
              [
                124.01436282000009,
                12.876011687000073
              ],
              [
                124.01436122300004,
                12.875975921000077
              ],
              [
                124.01436441300007,
                12.875963481000042
              ],
              [
                124.01437398400003,
                12.875955705000024
              ],
              [
                124.01445693000005,
                12.875937042000032
              ],
              [
                124.0144760720001,
                12.875929266000071
              ],
              [
                124.0144840480001,
                12.875927710000042
              ],
              [
                124.01449202300012,
                12.875923045000036
              ],
              [
                124.01453349600001,
                12.875912158000062
              ],
              [
                124.01453987700006,
                12.87590904800004
              ],
              [
                124.01455423300001,
                12.875907492000067
              ],
              [
                124.01457816100003,
                12.87590904600006
              ],
              [
                124.01458613600005,
                12.87590749100002
              ],
              [
                124.014608468,
                12.875907490000031
              ],
              [
                124.014666712,
                12.875931113000036
              ],
              [
                124.01470021000011,
                12.875938887000075
              ],
              [
                124.01471616200001,
                12.875938886000029
              ],
              [
                124.01473530300007,
                12.87593266500005
              ],
              [
                124.0147464690001,
                12.875923335000039
              ],
              [
                124.01475856400009,
                12.875908769000034
              ],
              [
                124.01477358500006,
                12.875890678000076
              ],
              [
                124.0147847500001,
                12.875881347000075
              ],
              [
                124.0147975110001,
                12.875861131000022
              ],
              [
                124.0148102710001,
                12.875845581000021
              ],
              [
                124.01484645300002,
                12.875818537000043
              ],
              [
                124.01485812400006,
                12.875809813000046
              ],
              [
                124.01487886000007,
                12.875797372000022
              ],
              [
                124.01490438200005,
                12.875784930000066
              ],
              [
                124.01491076200011,
                12.875783375000026
              ],
              [
                124.0149283080001,
                12.875770934000059
              ],
              [
                124.0149745650001,
                12.875718061000043
              ],
              [
                124.01498413400009,
                12.875691625000059
              ],
              [
                124.01499689500008,
                12.875672964000046
              ],
              [
                124.01501922600005,
                12.875657413000056
              ],
              [
                124.01503996200006,
                12.875648082000055
              ],
              [
                124.01504474800004,
                12.875643417000049
              ],
              [
                124.01505750800004,
                12.87563719600007
              ],
              [
                124.0150718650001,
                12.875635640000041
              ],
              [
                124.01507961200002,
                12.875635640000041
              ],
              [
                124.01510217200007,
                12.875635639000052
              ],
              [
                124.01510695800005,
                12.875634084000069
              ],
              [
                124.01512131400011,
                12.875635638000062
              ],
              [
                124.01515002700012,
                12.875641857000062
              ],
              [
                124.0151548130001,
                12.87564807700005
              ],
              [
                124.0151548130001,
                12.875663627000051
              ],
              [
                124.01514843500001,
                12.875713389000055
              ],
              [
                124.01515003000009,
                12.875719609000043
              ],
              [
                124.01515481600006,
                12.875725829000032
              ],
              [
                124.01515960200004,
                12.875746044000039
              ],
              [
                124.01515800800007,
                12.875760039000056
              ],
              [
                124.01513727300005,
                12.875798916000065
              ],
              [
                124.01513408300002,
                12.875814466000065
              ],
              [
                124.01513408300002,
                12.875822241000037
              ],
              [
                124.01513567900008,
                12.875834682000061
              ],
              [
                124.01515482400009,
                12.87589999200003
              ],
              [
                124.0151707770001,
                12.875940422000042
              ],
              [
                124.0151947060001,
                12.875987072000044
              ],
              [
                124.015197897,
                12.875997957000038
              ],
              [
                124.01519789800011,
                12.876019728000074
              ],
              [
                124.01520108900002,
                12.876033723000035
              ],
              [
                124.0152106600001,
                12.876043052000057
              ],
              [
                124.01523618300007,
                12.87606015700004
              ],
              [
                124.01524575500002,
                12.876072597000075
              ],
              [
                124.01525213600007,
                12.876089702000058
              ],
              [
                124.01525692300004,
                12.876119247000076
              ],
              [
                124.01526649400012,
                12.876131687000054
              ],
              [
                124.01528563600004,
                12.876144126000042
              ],
              [
                124.0152999930001,
                12.876150346000031
              ],
              [
                124.01531275400009,
                12.876151900000025
              ],
              [
                124.0153414670001,
                12.87614878900007
              ],
              [
                124.01535741900011,
                12.876153453000029
              ],
              [
                124.01536379900006,
                12.876159673000075
              ],
              [
                124.01536699000008,
                12.876165893000064
              ],
              [
                124.0153653960001,
                12.876181444000053
              ],
              [
                124.01535901500006,
                12.87618610900006
              ],
              [
                124.01535103900005,
                12.876187664000042
              ],
              [
                124.01533349300007,
                12.876187665000032
              ],
              [
                124.01532232700004,
                12.876193886000067
              ],
              [
                124.01531435200002,
                12.876206326000045
              ],
              [
                124.01531435200002,
                12.876214101000073
              ],
              [
                124.01531913800011,
                12.876228097000023
              ],
              [
                124.01533828100003,
                12.876251421000063
              ],
              [
                124.01536220900005,
                12.87627008100003
              ],
              [
                124.01538773200002,
                12.876284075000058
              ],
              [
                124.0153973030001,
                12.87628563000004
              ],
              [
                124.01541166000004,
                12.876284074000068
              ],
              [
                124.0154180400001,
                12.876280964000046
              ],
              [
                124.01542920600002,
                12.876268523000022
              ],
              [
                124.01544037200006,
                12.876263857000026
              ],
              [
                124.01544834700007,
                12.87626696700005
              ],
              [
                124.01548344200012,
                12.876293401000055
              ],
              [
                124.01553289300011,
                12.876321390000044
              ],
              [
                124.0155536310001,
                12.876336939000055
              ],
              [
                124.01556320200007,
                12.87634782400005
              ],
              [
                124.01556479800001,
                12.876360264000027
              ],
              [
                124.01555841800007,
                12.876372705000051
              ],
              [
                124.0155488480001,
                12.876383590000046
              ],
              [
                124.01554087300008,
                12.876402251000059
              ],
              [
                124.01554246900002,
                12.876414691000036
              ],
              [
                124.01556001600011,
                12.876438016000066
              ],
              [
                124.01556161200006,
                12.876452012000073
              ],
              [
                124.01555682700007,
                12.876458232000061
              ],
              [
                124.01554566100003,
                12.87646445200005
              ],
              [
                124.0155344960001,
                12.876473783000051
              ],
              [
                124.01552811600004,
                12.876486224000075
              ],
              [
                124.01553130700006,
                12.876498664000053
              ],
              [
                124.01555045000009,
                12.87651887900006
              ],
              [
                124.01556480600004,
                12.876528208000025
              ],
              [
                124.01560149600004,
                12.87654064700007
              ],
              [
                124.01560628200002,
                12.876545312000076
              ],
              [
                124.01561266300007,
                12.87655619700007
              ],
              [
                124.01561585400009,
                12.876571747000071
              ],
              [
                124.01561585400009,
                12.876579522000043
              ],
              [
                124.01561107000009,
                12.876605958000027
              ],
              [
                124.01560788000006,
                12.876612179000062
              ],
              [
                124.01560628700008,
                12.876649500000042
              ],
              [
                124.01561426400008,
                12.876675935000037
              ],
              [
                124.01563181200004,
                12.87670081500005
              ],
              [
                124.01565414600009,
                12.876722585000039
              ],
              [
                124.01567169300006,
                12.876730359000021
              ],
              [
                124.01568924000003,
                12.876733469000044
              ],
              [
                124.01576004000003,
                12.876731680000034
              ],
              [
                124.01577918100008,
                12.876723904000073
              ],
              [
                124.01580470300007,
                12.876708352000037
              ],
              [
                124.01580948800006,
                12.876703687000031
              ],
              [
                124.01582224900005,
                12.876697466000053
              ],
              [
                124.01583022500006,
                12.876697466000053
              ],
              [
                124.0158413910001,
                12.87670213000007
              ],
              [
                124.01585255700002,
                12.876711460000024
              ],
              [
                124.01585893900005,
                12.876723900000059
              ],
              [
                124.01586532100009,
                12.876758110000026
              ],
              [
                124.01586372700001,
                12.876796986000045
              ],
              [
                124.01586532300007,
                12.876803206000034
              ],
              [
                124.01586532300007,
                12.876814091000028
              ],
              [
                124.01586851400009,
                12.876821866000057
              ],
              [
                124.01587808500005,
                12.876832751000052
              ],
              [
                124.01590360800003,
                12.876842080000074
              ],
              [
                124.01591956000004,
                12.876854520000052
              ],
              [
                124.01592434600002,
                12.87686696000003
              ],
              [
                124.01592275200005,
                12.876891840000042
              ],
              [
                124.01592594300007,
                12.87690583500006
              ],
              [
                124.01593232400012,
                12.876916720000054
              ],
              [
                124.01594349100003,
                12.876926050000066
              ],
              [
                124.01595625200002,
                12.876932270000054
              ],
              [
                124.01597060900008,
                12.876933824000048
              ],
              [
                124.01597698900002,
                12.876930714000025
              ],
              [
                124.01598337000007,
                12.87692604800003
              ],
              [
                124.01599453500012,
                12.876908942000057
              ],
              [
                124.01599613000008,
                12.876901167000028
              ],
              [
                124.01599612900009,
                12.876887172000067
              ],
              [
                124.0159881510001,
                12.87685140700006
              ],
              [
                124.01598815000011,
                12.876831191000065
              ],
              [
                124.01599453000006,
                12.876810976000058
              ],
              [
                124.01599931500004,
                12.876804755000023
              ],
              [
                124.0160056950001,
                12.876800090000074
              ],
              [
                124.01602005200004,
                12.876800089000028
              ],
              [
                124.01602643300009,
                12.87680319900005
              ],
              [
                124.01603759900001,
                12.876814084000046
              ],
              [
                124.01605355200002,
                12.876835853000046
              ],
              [
                124.0160790750001,
                12.876851402000057
              ],
              [
                124.01611735900008,
                12.876862286000062
              ],
              [
                124.01612373900002,
                12.876860731000022
              ],
              [
                124.01613650000002,
                12.87685295500006
              ],
              [
                124.01615564200006,
                12.876846734000026
              ],
              [
                124.01617956900009,
                12.876846733000036
              ],
              [
                124.01619711600006,
                12.876854507000076
              ],
              [
                124.01620509200006,
                12.876856062000059
              ],
              [
                124.01621147300011,
                12.876860727000064
              ],
              [
                124.01623061500004,
                12.876868501000047
              ],
              [
                124.01626411400002,
                12.876887160000024
              ],
              [
                124.01628963700011,
                12.876905819000058
              ],
              [
                124.0163023990001,
                12.876918259000036
              ],
              [
                124.0163183520001,
                12.876938473000052
              ],
              [
                124.0163263290001,
                12.876964908000048
              ],
              [
                124.0163343050001,
                12.876977348000025
              ],
              [
                124.01636620900001,
                12.877003782000031
              ],
              [
                124.01636780500007,
                12.877010003000066
              ],
              [
                124.016374186,
                12.877020887000072
              ],
              [
                124.01639332900004,
                12.877039547000038
              ],
              [
                124.01640609100002,
                12.87704887700005
              ],
              [
                124.01642044700009,
                12.877051986000026
              ],
              [
                124.0165232060001,
                12.877051107000057
              ],
              [
                124.01653920500007,
                12.877047987000026
              ],
              [
                124.01655200400012,
                12.877041748000067
              ],
              [
                124.01655680300007,
                12.877037069000039
              ],
              [
                124.01657280100005,
                12.877013674000068
              ],
              [
                124.0165839980001,
                12.876977801000066
              ],
              [
                124.01659039700007,
                12.876963764000038
              ],
              [
                124.01659999500009,
                12.876948167000023
              ],
              [
                124.01661599300007,
                12.876931010000021
              ],
              [
                124.01663359100007,
                12.87691697300005
              ],
              [
                124.01663999000004,
                12.876913853000076
              ],
              [
                124.01665438900011,
                12.876901375000045
              ],
              [
                124.01666398700002,
                12.876888898000061
              ],
              [
                124.01667998500011,
                12.87686238300006
              ],
              [
                124.01670398200008,
                12.87684366600007
              ],
              [
                124.01671678100001,
                12.876835867000068
              ],
              [
                124.01674877800008,
                12.876826508000022
              ],
              [
                124.01675677700007,
                12.876826508000022
              ],
              [
                124.01678237500005,
                12.876817148000043
              ],
              [
                124.01682077100008,
                12.876806229000067
              ],
              [
                124.01683676900007,
                12.876792192000039
              ],
              [
                124.01684476800006,
                12.876779714000065
              ],
              [
                124.01685756600011,
                12.876753199000063
              ],
              [
                124.01686876400004,
                12.876737602000048
              ],
              [
                124.01689596100005,
                12.876714206000031
              ],
              [
                124.016910359,
                12.876707967000073
              ],
              [
                124.01694875600003,
                12.876700167000024
              ],
              [
                124.01696795400005,
                12.876693928000066
              ],
              [
                124.0169807530001,
                12.876687688000061
              ],
              [
                124.01700635100008,
                12.876681448000056
              ],
              [
                124.01701275000005,
                12.876681448000056
              ],
              [
                124.01703834800003,
                12.876670529000023
              ],
              [
                124.01706874400008,
                12.876647133000063
              ],
              [
                124.01710713900002,
                12.876594103000059
              ],
              [
                124.01713273500002,
                12.876570707000042
              ],
              [
                124.01714553400006,
                12.876564468000026
              ],
              [
                124.01715993300002,
                12.876561348000052
              ],
              [
                124.01717273200006,
                12.876566026000035
              ],
              [
                124.01718233200006,
                12.876573824000047
              ],
              [
                124.01719033200004,
                12.876586301000032
              ],
              [
                124.01719193200006,
                12.876598778000073
              ],
              [
                124.0171871340001,
                12.876622173000044
              ],
              [
                124.0171871340001,
                12.876629971000057
              ],
              [
                124.01719513500007,
                12.876642448000041
              ],
              [
                124.0172063340001,
                12.876651805000051
              ],
              [
                124.01721273400005,
                12.876654924000036
              ],
              [
                124.01724313200009,
                12.876654922000057
              ],
              [
                124.0172719300001,
                12.876659600000039
              ],
              [
                124.01730392800005,
                12.876673635000031
              ],
              [
                124.01731512800006,
                12.876681433000044
              ],
              [
                124.01733432800006,
                12.876704826000037
              ],
              [
                124.01734072800002,
                12.87671730300002
              ],
              [
                124.01735352800006,
                12.876734459000033
              ],
              [
                124.01737432800007,
                12.876770329000067
              ],
              [
                124.01738232900004,
                12.876795283000035
              ],
              [
                124.01738232900004,
                12.87680152200005
              ],
              [
                124.01737913000011,
                12.876813999000035
              ],
              [
                124.01737113200011,
                12.876828037000053
              ],
              [
                124.01735993300008,
                12.876837395000052
              ],
              [
                124.01734073500006,
                12.876846754000042
              ],
              [
                124.01730073800002,
                12.876857673000075
              ],
              [
                124.01728793900008,
                12.876865472000077
              ],
              [
                124.01724634400011,
                12.876898227000027
              ],
              [
                124.01721594800006,
                12.876924742000028
              ],
              [
                124.01720314900001,
                12.876934101000074
              ],
              [
                124.01719035000008,
                12.876940340000033
              ],
              [
                124.0171663530001,
                12.876957497000035
              ],
              [
                124.01715195500003,
                12.87697309500004
              ],
              [
                124.01714715600008,
                12.876985572000024
              ],
              [
                124.01714555800004,
                12.877023004000023
              ],
              [
                124.01714875900007,
                12.877046398000061
              ],
              [
                124.01715356000011,
                12.87706199400003
              ],
              [
                124.01716636000003,
                12.877086948000056
              ],
              [
                124.01718716000005,
                12.877107222000063
              ],
              [
                124.01722235800003,
                12.877125936000027
              ],
              [
                124.01724155700003,
                12.877139972000066
              ],
              [
                124.01724635700009,
                12.877144651000037
              ],
              [
                124.01725115800002,
                12.877157128000022
              ],
              [
                124.01725115800002,
                12.877166486000021
              ],
              [
                124.01724795900009,
                12.87717116500005
              ],
              [
                124.01723516000004,
                12.877178964000052
              ],
              [
                124.01722236100011,
                12.877180524000039
              ],
              [
                124.01718556300011,
                12.87717428700006
              ],
              [
                124.017177564,
                12.877174288000049
              ],
              [
                124.01716476500008,
                12.877180527000064
              ],
              [
                124.017159966,
                12.877185206000036
              ],
              [
                124.0171583660001,
                12.87719144500005
              ],
              [
                124.01715836700009,
                12.877199243000064
              ],
              [
                124.01716476700005,
                12.877213279000046
              ],
              [
                124.01719196700003,
                12.877247590000025
              ],
              [
                124.01720156700003,
                12.877261627000053
              ],
              [
                124.01721276700005,
                12.877283461000047
              ],
              [
                124.01722076900012,
                12.877317773000073
              ],
              [
                124.01723036900012,
                12.87733804800007
              ],
              [
                124.0172383690001,
                12.877350525000054
              ],
              [
                124.01724956900011,
                12.877359882000064
              ],
              [
                124.01726236800005,
                12.877363001000049
              ],
              [
                124.01727676700011,
                12.877359881000075
              ],
              [
                124.01728316600008,
                12.877356761000044
              ],
              [
                124.01730076500007,
                12.877345843000057
              ],
              [
                124.01731196300011,
                12.877336484000068
              ],
              [
                124.01732476200004,
                12.877330245000053
              ],
              [
                124.01733916100011,
                12.877327125000022
              ],
              [
                124.01737115900005,
                12.877324004000059
              ],
              [
                124.01738555800011,
                12.877325563000056
              ],
              [
                124.01739675700003,
                12.877331801000025
              ],
              [
                124.01740955800005,
                12.877350516000035
              ],
              [
                124.01741275800009,
                12.877362993000077
              ],
              [
                124.01741436300006,
                12.877448774000072
              ],
              [
                124.01740796500007,
                12.877475289000074
              ],
              [
                124.01739836700006,
                12.877495564000071
              ],
              [
                124.017385568,
                12.87750492300006
              ],
              [
                124.01735197100004,
                12.877515842000037
              ],
              [
                124.01732637300006,
                12.877528321000057
              ],
              [
                124.01731517400003,
                12.877537679000056
              ],
              [
                124.01730877500006,
                12.877548597000043
              ],
              [
                124.01730717600003,
                12.877556395000056
              ],
              [
                124.0173039770001,
                12.877561074000027
              ],
              [
                124.01731467400009,
                12.877588511000056
              ],
              [
                124.01732747400001,
                12.877607226000066
              ],
              [
                124.01734347400009,
                12.877622821000045
              ],
              [
                124.01735947400005,
                12.87763529800003
              ],
              [
                124.01738667300003,
                12.87765401200005
              ],
              [
                124.01739947200008,
                12.877660250000076
              ],
              [
                124.01741547100005,
                12.877663368000071
              ],
              [
                124.01742507000006,
                12.877663368000071
              ],
              [
                124.01743147000002,
                12.877661808000028
              ],
              [
                124.01744426800008,
                12.877654009000025
              ],
              [
                124.01745866700003,
                12.877650889000051
              ],
              [
                124.0174826650001,
                12.877650888000062
              ],
              [
                124.01749706500004,
                12.877655566000044
              ],
              [
                124.01752266400001,
                12.877675840000052
              ],
              [
                124.01755786300009,
                12.877699233000044
              ],
              [
                124.0175770620001,
                12.877707030000067
              ],
              [
                124.01759306100007,
                12.877707029000021
              ],
              [
                124.01760905900005,
                12.877697671000021
              ],
              [
                124.01762665800004,
                12.877696110000045
              ],
              [
                124.01763945700009,
                12.87769922900003
              ],
              [
                124.01766025600011,
                12.87770858600004
              ],
              [
                124.01768745400011,
                12.877705465000076
              ],
              [
                124.01769385400007,
                12.877708584000061
              ],
              [
                124.01772265200009,
                12.877711702000056
              ],
              [
                124.01772905100006,
                12.877708582000025
              ],
              [
                124.01774025000009,
                12.877699224000025
              ],
              [
                124.01774824900008,
                12.877686746000052
              ],
              [
                124.01775304800003,
                12.877669590000039
              ],
              [
                124.01776264600005,
                12.87765087300005
              ],
              [
                124.01777704400001,
                12.87764151500005
              ],
              [
                124.01779144300008,
                12.877636835000033
              ],
              [
                124.01781864100008,
                12.877624357000059
              ],
              [
                124.01786823500004,
                12.877588482000021
              ],
              [
                124.01787783400005,
                12.877579124000022
              ],
              [
                124.01788903200008,
                12.877561967000076
              ],
              [
                124.01790503100005,
                12.877547929000059
              ],
              [
                124.01793062800004,
                12.877533891000041
              ],
              [
                124.01794982600006,
                12.87752609200004
              ],
              [
                124.01797222400012,
                12.877510494000035
              ],
              [
                124.01798182300001,
                12.87749801700005
              ],
              [
                124.01799142100003,
                12.877479300000061
              ],
              [
                124.01800901900003,
                12.877455905000033
              ],
              [
                124.01801861700005,
                12.877437188000044
              ],
              [
                124.01802341600012,
                12.877418472000045
              ],
              [
                124.01802981500009,
                12.87740599500006
              ],
              [
                124.01803941300011,
                12.877395077000074
              ],
              [
                124.01805221200004,
                12.877385718000028
              ],
              [
                124.01805861200012,
                12.87738415800004
              ],
              [
                124.01807461100009,
                12.877385717000038
              ],
              [
                124.01808901000004,
                12.877390395000077
              ],
              [
                124.018124209,
                12.877416907000054
              ],
              [
                124.0181434100001,
                12.877449659000035
              ],
              [
                124.01814501000001,
                12.877457457000048
              ],
              [
                124.01814821000005,
                12.877463695000074
              ],
              [
                124.01814821100004,
                12.877482411000074
              ],
              [
                124.01814341300008,
                12.877504247000047
              ],
              [
                124.01812901500011,
                12.87753076100006
              ],
              [
                124.0181114180001,
                12.877555717000064
              ],
              [
                124.01810501900002,
                12.877568194000048
              ],
              [
                124.01808582100011,
                12.877591590000065
              ],
              [
                124.01799463100008,
                12.87766177900005
              ],
              [
                124.01798183200003,
                12.877668018000065
              ],
              [
                124.01795463500002,
                12.877689855000028
              ],
              [
                124.01792903800003,
                12.87770701200003
              ],
              [
                124.01791304000005,
                12.877721050000048
              ],
              [
                124.017900241,
                12.877735087000076
              ],
              [
                124.01788584300004,
                12.877753804000065
              ],
              [
                124.01787944400007,
                12.877764722000052
              ],
              [
                124.01787784500004,
                12.877772520000065
              ],
              [
                124.01787784600003,
                12.877794355000049
              ],
              [
                124.01787944600005,
                12.877799034000077
              ],
              [
                124.01787944700004,
                12.877813071000048
              ],
              [
                124.01788264800007,
                12.87783646500003
              ],
              [
                124.01788265300002,
                12.877922246000026
              ],
              [
                124.01788585400004,
                12.877934723000067
              ],
              [
                124.01788905400008,
                12.877940961000036
              ],
              [
                124.01791785400007,
                12.877967474000059
              ],
              [
                124.01792585300007,
                12.877970593000043
              ],
              [
                124.0179386530001,
                12.877979950000054
              ],
              [
                124.017940253,
                12.877987748000066
              ],
              [
                124.01793705400007,
                12.877993987000025
              ],
              [
                124.01791785600005,
                12.878003346000071
              ],
              [
                124.01791465600002,
                12.878008025000042
              ],
              [
                124.01791145700008,
                12.878014264000058
              ],
              [
                124.01791625700002,
                12.878026741000042
              ],
              [
                124.01793065700008,
                12.878036098000052
              ],
              [
                124.01793545700002,
                12.87803765700005
              ],
              [
                124.01796425500004,
                12.87804389400003
              ],
              [
                124.01797225500002,
                12.87804389400003
              ],
              [
                124.01799305300005,
                12.878039214000069
              ],
              [
                124.01800425200008,
                12.87803453500004
              ],
              [
                124.01801865000004,
                12.878017378000038
              ],
              [
                124.01802185000008,
                12.878011139000023
              ],
              [
                124.01802664900003,
                12.878008019000049
              ],
              [
                124.01803464900001,
                12.878008019000049
              ],
              [
                124.01805544800004,
                12.878018935000057
              ],
              [
                124.0180602480001,
                12.878023614000028
              ],
              [
                124.01806664900005,
                12.878037651000056
              ],
              [
                124.0180714490001,
                12.878043889000026
              ],
              [
                124.01808424800004,
                12.878051687000038
              ],
              [
                124.01809864800009,
                12.878057925000064
              ],
              [
                124.01812904700012,
                12.878064162000044
              ],
              [
                124.0181546450001,
                12.878067280000039
              ],
              [
                124.01820904200008,
                12.878070396000055
              ],
              [
                124.01823144100001,
                12.87807351500004
              ],
              [
                124.01824904000011,
                12.87807351400005
              ],
              [
                124.018268239,
                12.878065715000048
              ],
              [
                124.01827783800002,
                12.878054797000061
              ],
              [
                124.01827943700005,
                12.87804231900003
              ],
              [
                124.01827943600006,
                12.878036081000062
              ],
              [
                124.01827463600011,
                12.878020484000047
              ],
              [
                124.01827137500004,
                12.877995528000042
              ],
              [
                124.01827297300008,
                12.87796901400003
              ],
              [
                124.01827777100004,
                12.877937820000056
              ],
              [
                124.01827777000005,
                12.877914426000075
              ],
              [
                124.018272969,
                12.877901949000034
              ],
              [
                124.0182713690001,
                12.877887912000062
              ],
              [
                124.01826176700001,
                12.877856720000068
              ],
              [
                124.01826176700001,
                12.877848921000066
              ],
              [
                124.01826656600008,
                12.87784268300004
              ],
              [
                124.01827296600004,
                12.877838003000022
              ],
              [
                124.0182857640001,
                12.87783332400005
              ],
              [
                124.01830176300007,
                12.877834882000059
              ],
              [
                124.01831296300008,
                12.87783956100003
              ],
              [
                124.01836736100006,
                12.877869191000059
              ],
              [
                124.0183993600001,
                12.877889465000067
              ],
              [
                124.01843295800006,
                12.877903500000059
              ],
              [
                124.01844735800012,
                12.877911297000026
              ],
              [
                124.01849375600011,
                12.877930011000046
              ],
              [
                124.0185209550001,
                12.877948725000067
              ],
              [
                124.0185593540001,
                12.87797211800006
              ],
              [
                124.01858495300007,
                12.877997071000038
              ],
              [
                124.01862495300009,
                12.878040739000028
              ],
              [
                124.01864895400001,
                12.878071930000033
              ],
              [
                124.01865855400001,
                12.878081288000033
              ],
              [
                124.01872326900002,
                12.878130259000045
              ],
              [
                124.01873284100009,
                12.878142699000023
              ],
              [
                124.01873762700006,
                12.878145808000056
              ],
              [
                124.01879459000008,
                12.878216682000073
              ],
              [
                124.01879779,
                12.878224480000029
              ],
              [
                124.01880739,
                12.878236956000023
              ],
              [
                124.01881219000006,
                12.878249433000065
              ],
              [
                124.01883139000006,
                12.878272827000046
              ],
              [
                124.01883619000012,
                12.87827594600003
              ],
              [
                124.01885059000006,
                12.878291542000056
              ],
              [
                124.01887299100008,
                12.878319614000077
              ],
              [
                124.01889699000003,
                12.878344567000056
              ],
              [
                124.01891619000003,
                12.878357043000051
              ],
              [
                124.0189321900001,
                12.878371079000033
              ],
              [
                124.01893699000004,
                12.878383556000074
              ],
              [
                124.01893699100003,
                12.87839135400003
              ],
              [
                124.01892419300009,
                12.878408511000032
              ],
              [
                124.01892259300007,
                12.878414750000047
              ],
              [
                124.01892579300011,
                12.878420988000073
              ],
              [
                124.01895139300007,
                12.87843814300004
              ],
              [
                124.01895939300005,
                12.87844750000005
              ],
              [
                124.01896259300008,
                12.878459977000034
              ],
              [
                124.01896259400007,
                12.87846621600005
              ],
              [
                124.01895619600009,
                12.878492730000062
              ],
              [
                124.01895619600009,
                12.878498969000077
              ],
              [
                124.01896419700006,
                12.87851768400003
              ],
              [
                124.01897539600009,
                12.878525482000043
              ],
              [
                124.01898179600005,
                12.87852704100004
              ],
              [
                124.01900099500006,
                12.878527040000051
              ],
              [
                124.0190137940001,
                12.878520801000036
              ],
              [
                124.01902979200008,
                12.878506763000075
              ],
              [
                124.01903619100005,
                12.878505203000032
              ],
              [
                124.01904259100002,
                12.878508322000073
              ],
              [
                124.01918111900011,
                12.87871337200005
              ],
              [
                124.01920026200003,
                12.878736697000022
              ],
              [
                124.01965876300005,
                12.879416857000024
              ],
              [
                124.0199589770001,
                12.879886597000052
              ],
              [
                124.02002705300004,
                12.879993115000048
              ],
              [
                124.02003080800012,
                12.880036485000062
              ],
              [
                124.02003878700009,
                12.880084691000036
              ],
              [
                124.02004516900001,
                12.880098686000053
              ],
              [
                124.02005633700003,
                12.880132896000077
              ],
              [
                124.02006431400002,
                12.880148445000032
              ],
              [
                124.020077076,
                12.880167105000055
              ],
              [
                124.02012493400002,
                12.88021530800006
              ],
              [
                124.02016800600006,
                12.880251071000032
              ],
              [
                124.0201823640001,
                12.880266620000043
              ],
              [
                124.0202031020001,
                12.880283724000037
              ],
              [
                124.02022224500001,
                12.880303939000044
              ],
              [
                124.02023660300006,
                12.880316378000032
              ],
              [
                124.02026212700002,
                12.880349032000026
              ],
              [
                124.02030200900003,
                12.880387905000077
              ],
              [
                124.02037220200009,
                12.880464098000061
              ],
              [
                124.02038815500009,
                12.880493642000033
              ],
              [
                124.02039134600011,
                12.880496752000056
              ],
              [
                124.02040570400004,
                12.88052940700004
              ],
              [
                124.0204073000001,
                12.880538737000052
              ],
              [
                124.02041846800012,
                12.880562062000024
              ],
              [
                124.02042804100006,
                12.880588497000076
              ],
              [
                124.02044878100003,
                12.880628926000043
              ],
              [
                124.02046314000006,
                12.880663136000067
              ],
              [
                124.02047909300006,
                12.880694236000068
              ],
              [
                124.02051259600012,
                12.880750215000035
              ],
              [
                124.0205524810001,
                12.88083107500006
              ],
              [
                124.02064975200005,
                12.880994685000076
              ],
              [
                124.02067049100003,
                12.88102112000007
              ],
              [
                124.0206960160001,
                12.88104755300003
              ],
              [
                124.020699207,
                12.881061549000037
              ],
              [
                124.02069920800011,
                12.881073989000072
              ],
              [
                124.020694423,
                12.88108642900005
              ],
              [
                124.02069442400011,
                12.881100425000056
              ],
              [
                124.02069921100008,
                12.881115975000057
              ],
              [
                124.02071675900004,
                12.881140854000023
              ],
              [
                124.02073271200004,
                12.881157958000074
              ],
              [
                124.02075823700011,
                12.881192167000052
              ],
              [
                124.02077259500004,
                12.881215492000024
              ],
              [
                124.02080290700007,
                12.88125747600003
              ],
              [
                124.02084119300002,
                12.881296349000024
              ],
              [
                124.02088905100004,
                12.881327447000047
              ],
              [
                124.02090021800007,
                12.881341441000075
              ],
              [
                124.02091298100004,
                12.88136632100003
              ],
              [
                124.02092095800003,
                12.881384981000053
              ],
              [
                124.02092414900005,
                12.881397421000031
              ],
              [
                124.02092893500003,
                12.88140519600006
              ],
              [
                124.0209385070001,
                12.881419190000031
              ],
              [
                124.02096722200008,
                12.881444069000054
              ],
              [
                124.02097519900008,
                12.881456509000031
              ],
              [
                124.02097998500005,
                12.881461174000037
              ],
              [
                124.02099419800004,
                12.881507055000043
              ],
              [
                124.02103121800008,
                12.88158549800005
              ],
              [
                124.02103443800002,
                12.881616876000066
              ],
              [
                124.02104087700002,
                12.88163884100004
              ],
              [
                124.02104409600008,
                12.881643547000067
              ],
              [
                124.021052144,
                12.881663943000035
              ],
              [
                124.02107628700003,
                12.881701595000038
              ],
              [
                124.02109238100002,
                12.881718853000052
              ],
              [
                124.02111491500011,
                12.881750230000023
              ],
              [
                124.02112940000006,
                12.881765918000042
              ],
              [
                124.02115676200003,
                12.881802002000029
              ],
              [
                124.02118251400009,
                12.881839655000022
              ],
              [
                124.0212066570001,
                12.881869463000044
              ],
              [
                124.02122436200011,
                12.881894565000039
              ],
              [
                124.0212356290001,
                12.881932218000031
              ],
              [
                124.0212420680001,
                12.881946338000034
              ],
              [
                124.02124367700003,
                12.881954182000072
              ],
              [
                124.02124689700008,
                12.881958889000032
              ],
              [
                124.021248506,
                12.88196673400006
              ],
              [
                124.02125816400007,
                12.881987129000038
              ],
              [
                124.0212597740001,
                12.881994973000076
              ],
              [
                124.02126621200011,
                12.882009093000022
              ],
              [
                124.02128391700012,
                12.88204360900005
              ],
              [
                124.0212951850001,
                12.882074986000077
              ],
              [
                124.02130806100001,
                12.882104795000032
              ],
              [
                124.02132254700007,
                12.882128328000022
              ],
              [
                124.02134186100011,
                12.882148723000057
              ],
              [
                124.02135473800001,
                12.882169119000025
              ],
              [
                124.02144245700003,
                12.88244369900002
              ],
              [
                124.02146338200009,
                12.882490765000057
              ],
              [
                124.02148591600007,
                12.882525280000038
              ],
              [
                124.02149074400006,
                12.882529986000065
              ],
              [
                124.02150040100003,
                12.882548813000028
              ],
              [
                124.02150201100005,
                12.882556657000066
              ],
              [
                124.02150201200004,
                12.882570777000069
              ],
              [
                124.02145695100012,
                12.882625691000044
              ],
              [
                124.02145373200005,
                12.882631967000066
              ],
              [
                124.02145373300004,
                12.882639812000036
              ],
              [
                124.02145856200002,
                12.88265393100005
              ],
              [
                124.02146339,
                12.882663345000026
              ],
              [
                124.021474656,
                12.882669620000058
              ],
              [
                124.02148109400002,
                12.882671188000074
              ],
              [
                124.02149396900006,
                12.882666481000058
              ],
              [
                124.02150845400001,
                12.882666480000069
              ],
              [
                124.02153420600007,
                12.882683737000036
              ],
              [
                124.02155191000008,
                12.88270099500005
              ],
              [
                124.02156478600011,
                12.882719821000023
              ],
              [
                124.02156800700004,
                12.88274806100003
              ],
              [
                124.0215712260001,
                12.882759043000021
              ],
              [
                124.0215824930001,
                12.882782576000068
              ],
              [
                124.02158893100011,
                12.882788852000033
              ],
              [
                124.0216114640001,
                12.882804540000052
              ],
              [
                124.02163882400009,
                12.88281709000006
              ],
              [
                124.02165491900007,
                12.882828072000052
              ],
              [
                124.02167584300003,
                12.882851604000052
              ],
              [
                124.021698377,
                12.882893964000061
              ],
              [
                124.02170803400008,
                12.88291749700005
              ],
              [
                124.02171608300011,
                12.882947306000062
              ],
              [
                124.02172896000002,
                12.882983391000039
              ],
              [
                124.0217337900001,
                12.883005355000023
              ],
              [
                124.02173379100009,
                12.883043009000062
              ],
              [
                124.02173862000006,
                12.88305556000006
              ],
              [
                124.02175149700008,
                12.883077524000043
              ],
              [
                124.02177081200011,
                12.883116747000031
              ],
              [
                124.02177403100006,
                12.883129298000028
              ],
              [
                124.02177403200005,
                12.883143418000031
              ],
              [
                124.02178369,
                12.883186305000038
              ],
              [
                124.02178530000003,
                12.883201994000046
              ],
              [
                124.02178530100002,
                12.883223959000077
              ],
              [
                124.02178369300009,
                12.883236510000074
              ],
              [
                124.02178047400002,
                12.88324278600004
              ],
              [
                124.02178047500001,
                12.883256906000042
              ],
              [
                124.02178369400008,
                12.883267888000034
              ],
              [
                124.02178691300003,
                12.883275733000062
              ],
              [
                124.02179335100004,
                12.883282008000037
              ],
              [
                124.0217965710001,
                12.88328828300007
              ],
              [
                124.02181588400003,
                12.883300834000067
              ],
              [
                124.02182876000006,
                12.88331652200003
              ],
              [
                124.02183198000012,
                12.883322798000052
              ],
              [
                124.02184324600012,
                12.883336917000065
              ],
              [
                124.02184646600006,
                12.883344762000036
              ],
              [
                124.02185612300002,
                12.883357313000033
              ],
              [
                124.0218657800001,
                12.883382415000028
              ],
              [
                124.02188187800004,
                12.883456153000054
              ],
              [
                124.02188509900009,
                12.88348439300006
              ],
              [
                124.02188831800004,
                12.883498513000063
              ],
              [
                124.02189314700001,
                12.883517340000026
              ],
              [
                124.02190763400006,
                12.883548717000053
              ],
              [
                124.02191568300009,
                12.883583233000024
              ],
              [
                124.02191568300009,
                12.883589509000046
              ],
              [
                124.02192695100007,
                12.883624024000028
              ],
              [
                124.02192695100007,
                12.88363030000005
              ],
              [
                124.02192373300011,
                12.883641283000031
              ],
              [
                124.02191407700002,
                12.883661679000056
              ],
              [
                124.02191738700003,
                12.883678821000046
              ],
              [
                124.02193026400005,
                12.883697647000076
              ],
              [
                124.02193670100007,
                12.883702354000036
              ],
              [
                124.02195440600008,
                12.883710198000074
              ],
              [
                124.0219721090001,
                12.883711766000033
              ],
              [
                124.02197854700012,
                12.883710196000038
              ],
              [
                124.02198498400003,
                12.883707058000027
              ],
              [
                124.02200107800002,
                12.883692937000035
              ],
              [
                124.02201556300008,
                12.88369450600004
              ],
              [
                124.02204131400003,
                12.883702349000032
              ],
              [
                124.02206384700003,
                12.883718037000051
              ],
              [
                124.02207672300005,
                12.883729019000043
              ],
              [
                124.02210086500008,
                12.883744707000062
              ],
              [
                124.02213949300005,
                12.883788634000041
              ],
              [
                124.02214432200003,
                12.883791772000052
              ],
              [
                124.02216846500005,
                12.883823149000023
              ],
              [
                124.02217812300012,
                12.883849820000023
              ],
              [
                124.022184562,
                12.883884335000062
              ],
              [
                124.0221958300001,
                12.883921989000044
              ],
              [
                124.02221031700003,
                12.883961211000042
              ],
              [
                124.02221836500007,
                12.88397689900006
              ],
              [
                124.02224411800012,
                12.884017690000064
              ],
              [
                124.02224733700007,
                12.884025534000045
              ],
              [
                124.0222666520001,
                12.884055342000067
              ],
              [
                124.02228918700007,
                12.884108684000068
              ],
              [
                124.02229884500002,
                12.884151044000077
              ],
              [
                124.02229884600001,
                12.884157320000043
              ],
              [
                124.02230850400008,
                12.884187129000054
              ],
              [
                124.02230850400008,
                12.884194973000035
              ],
              [
                124.02231494400007,
                12.884227920000058
              ],
              [
                124.02230850700005,
                12.884256161000053
              ],
              [
                124.02231011800006,
                12.884278126000027
              ],
              [
                124.0223181660001,
                12.884293814000046
              ],
              [
                124.02233104200002,
                12.884303227000032
              ],
              [
                124.02233587,
                12.884307934000049
              ],
              [
                124.02233909000006,
                12.884314209000024
              ],
              [
                124.0223535770001,
                12.884355
              ],
              [
                124.02235679600005,
                12.88436912000003
              ],
              [
                124.02235679900002,
                12.884416188000046
              ],
              [
                124.0223551900001,
                12.884424032000027
              ],
              [
                124.02235519100009,
                12.884445997000057
              ],
              [
                124.02235358200005,
                12.884452273000022
              ],
              [
                124.02235358300004,
                12.884472669000047
              ],
              [
                124.02235519300007,
                12.884482082000034
              ],
              [
                124.02236002200004,
                12.884496202000037
              ],
              [
                124.02237933600009,
                12.884518166000078
              ],
              [
                124.02238577500009,
                12.884532286000024
              ],
              [
                124.02238899400004,
                12.884544837000021
              ],
              [
                124.0223873860001,
                12.884560527000076
              ],
              [
                124.02237933900005,
                12.884573078000074
              ],
              [
                124.02236807400004,
                12.88458249200005
              ],
              [
                124.02235841800007,
                12.884595044000037
              ],
              [
                124.02235680900003,
                12.884602889000064
              ],
              [
                124.02235841800007,
                12.88460916400004
              ],
              [
                124.022361638,
                12.884615440000061
              ],
              [
                124.02237451300005,
                12.884620146000032
              ],
              [
                124.02238095100006,
                12.884620146000032
              ],
              [
                124.02238738900007,
                12.884624852000059
              ],
              [
                124.02239865600006,
                12.884638972000062
              ],
              [
                124.02240348500004,
                12.884648385000048
              ],
              [
                124.02240831400002,
                12.884667212000068
              ],
              [
                124.02244533400005,
                12.88473562200005
              ],
              [
                124.02245016200004,
                12.884741897000026
              ],
              [
                124.02246303900006,
                12.884766999000021
              ],
              [
                124.0224710870001,
                12.884787395000046
              ],
              [
                124.02249362100008,
                12.884815634000063
              ],
              [
                124.02251293600011,
                12.884856425000066
              ],
              [
                124.02251615600005,
                12.884872113000029
              ],
              [
                124.02251615700004,
                12.884890940000048
              ],
              [
                124.02251293900008,
                12.884914474000027
              ],
              [
                124.02251615900002,
                12.884931732000041
              ],
              [
                124.02252903600004,
                12.884966247000023
              ],
              [
                124.02253547500004,
                12.884978798000077
              ],
              [
                124.02254513200012,
                12.884991349000074
              ],
              [
                124.022562837,
                12.885019589000024
              ],
              [
                124.02258054300012,
                12.885058811000022
              ],
              [
                124.02258215300003,
                12.885065086000054
              ],
              [
                124.02257893500007,
                12.885091758000044
              ],
              [
                124.02258859400001,
                12.885126273000026
              ],
              [
                124.0225934230001,
                12.885149807000062
              ],
              [
                124.02259664300004,
                12.885157651000043
              ],
              [
                124.0226111290001,
                12.885182753000038
              ],
              [
                124.02262078700005,
                12.885204717000022
              ],
              [
                124.02263205400004,
                12.885223544000041
              ],
              [
                124.02264815,
                12.885243939000077
              ],
              [
                124.02265458800002,
                12.885256490000074
              ],
              [
                124.02265458900001,
                12.885272179000026
              ],
              [
                124.02264976100003,
                12.885284730000024
              ],
              [
                124.0226368860001,
                12.885291007000035
              ],
              [
                124.02261596300002,
                12.885295714000051
              ],
              [
                124.02260952600011,
                12.88529571500004
              ],
              [
                124.02259021300006,
                12.885301991000063
              ],
              [
                124.02257090000012,
                12.885311406000028
              ],
              [
                124.02255802500008,
                12.885327095000036
              ],
              [
                124.02255641600004,
                12.885339647000023
              ],
              [
                124.02255802700006,
                12.885355336000032
              ],
              [
                124.02257734200009,
                12.885400833000062
              ],
              [
                124.02258860900008,
                12.885416522000071
              ],
              [
                124.02260470500005,
                12.885430641000028
              ],
              [
                124.022659427,
                12.885446328000057
              ],
              [
                124.02266425500011,
                12.885451035000074
              ],
              [
                124.02266747400006,
                12.88545731000005
              ],
              [
                124.02266747500005,
                12.885465155000077
              ],
              [
                124.02265299100009,
                12.885482413000034
              ],
              [
                124.02264977200002,
                12.885488689000056
              ],
              [
                124.02265299200008,
                12.885498102000042
              ],
              [
                124.02267391500004,
                12.88551379100005
              ],
              [
                124.0226759630001,
                12.88551478900007
              ],
              [
                124.02270932400006,
                12.885531047000029
              ],
              [
                124.02273507600012,
                12.885538890000078
              ],
              [
                124.0227511700001,
                12.885540459000026
              ],
              [
                124.02278336000006,
                12.885540457000047
              ],
              [
                124.02279140700011,
                12.885538888000042
              ],
              [
                124.02282116000003,
                12.885510084000032
              ],
              [
                124.02284208300011,
                12.885508514000037
              ],
              [
                124.02284691200009,
                12.885511652000048
              ],
              [
                124.02288714800011,
                12.885522632000061
              ],
              [
                124.02289519500005,
                12.885524200000077
              ],
              [
                124.02292255600003,
                12.88552419900003
              ],
              [
                124.02294347800012,
                12.885517922000076
              ],
              [
                124.02297405700006,
                12.885502232000022
              ],
              [
                124.02298049400008,
                12.885497525000062
              ],
              [
                124.02298854100002,
                12.885495955000067
              ],
              [
                124.02302716800011,
                12.885494384000026
              ],
              [
                124.02303521500005,
                12.885495953000031
              ],
              [
                124.02304004400003,
                12.885499090000053
              ],
              [
                124.0230657950001,
                12.885502227000075
              ],
              [
                124.0230770600001,
                12.885492813000042
              ],
              [
                124.02308993500003,
                12.885477123000044
              ],
              [
                124.02310602800003,
                12.885453589000065
              ],
              [
                124.02311568400012,
                12.885434761000056
              ],
              [
                124.02311729300004,
                12.885428485000034
              ],
              [
                124.0231253390001,
                12.885415934000036
              ],
              [
                124.02320903400005,
                12.885480255000061
              ],
              [
                124.02319937800007,
                12.885499082000024
              ],
              [
                124.0231897220001,
                12.885511634000068
              ],
              [
                124.02318006700011,
                12.88553046100003
              ],
              [
                124.02317845700009,
                12.885536737000052
              ],
              [
                124.02318006700011,
                12.885544582000023
              ],
              [
                124.02318811600003,
                12.885563408000053
              ],
              [
                124.02318972500007,
                12.88557282100004
              ],
              [
                124.02318811600003,
                12.885579097000061
              ],
              [
                124.02318489800007,
                12.885585373000026
              ],
              [
                124.02316880400008,
                12.885599494000076
              ],
              [
                124.02316075800002,
                12.885610477000057
              ],
              [
                124.02315593000003,
                12.885621459000049
              ],
              [
                124.02314949300012,
                12.885646562000034
              ],
              [
                124.02313983700003,
                12.885659114000077
              ],
              [
                124.02310925900008,
                12.88567794200003
              ],
              [
                124.02310443100009,
                12.885682649000046
              ],
              [
                124.02308672800007,
                12.885706184000071
              ],
              [
                124.0230835100001,
                12.885717166000063
              ],
              [
                124.02307063600006,
                12.885737563000077
              ],
              [
                124.02305937000006,
                12.885748546000059
              ],
              [
                124.02303844800008,
                12.885762667000051
              ],
              [
                124.02303362000009,
                12.885775219000038
              ],
              [
                124.02303201200004,
                12.885790908000047
              ],
              [
                124.02303362400005,
                12.885836406000067
              ],
              [
                124.02302074900001,
                12.885844251000037
              ],
              [
                124.02300626500005,
                12.885859941000035
              ],
              [
                124.02300465500002,
                12.885866217000057
              ],
              [
                124.02300465700012,
                12.885894457000063
              ],
              [
                124.02299983000012,
                12.885914853000031
              ],
              [
                124.02297890900002,
                12.885947801000043
              ],
              [
                124.02296603400009,
                12.88596035300003
              ],
              [
                124.02295959600008,
                12.885963491000041
              ],
              [
                124.02293062800004,
                12.88598545800005
              ],
              [
                124.02292740900009,
                12.885991733000026
              ],
              [
                124.02292741000008,
                12.88600899100004
              ],
              [
                124.02293223900006,
                12.88603095600007
              ],
              [
                124.02293224000005,
                12.886048214000027
              ],
              [
                124.02292902200008,
                12.886063903000036
              ],
              [
                124.02291292900009,
                12.886087438000061
              ],
              [
                124.02290166400007,
                12.886098421000042
              ],
              [
                124.02288235200001,
                12.886123524000027
              ],
              [
                124.02287913300006,
                12.886131369000054
              ],
              [
                124.02285016600001,
                12.886176869000053
              ],
              [
                124.02284212000006,
                12.886205109000059
              ],
              [
                124.02284212100005,
                12.886225505000027
              ],
              [
                124.02284695000003,
                12.886236487000076
              ],
              [
                124.02286143600008,
                12.886256883000044
              ],
              [
                124.02289040800008,
                12.88628198400005
              ],
              [
                124.02291776900006,
                12.886300809000033
              ],
              [
                124.0229435220001,
                12.886322773000074
              ],
              [
                124.02296122700011,
                12.88634787500007
              ],
              [
                124.0229724940001,
                12.886369839000054
              ],
              [
                124.02300068800002,
                12.886399634000043
              ],
              [
                124.02300873500008,
                12.88641218500004
              ],
              [
                124.02302000200007,
                12.886420029000021
              ],
              [
                124.02304253500006,
                12.88643101100007
              ],
              [
                124.02305219200002,
                12.88643257900003
              ],
              [
                124.0230731150001,
                12.886441991000027
              ],
              [
                124.02310530400007,
                12.886451403000024
              ],
              [
                124.02311979000001,
                12.886457678000056
              ],
              [
                124.02314715000011,
                12.886463952000042
              ],
              [
                124.02316002600003,
                12.88646865800007
              ],
              [
                124.02316646400004,
                12.886471796000023
              ],
              [
                124.023176121,
                12.886481209000067
              ],
              [
                124.02318256,
                12.886493760000064
              ],
              [
                124.02318417000004,
                12.886507880000067
              ],
              [
                124.02318095200008,
                12.886520431000065
              ],
              [
                124.02316807800003,
                12.886547103000055
              ],
              [
                124.02315842200005,
                12.886559655000042
              ],
              [
                124.02314554600002,
                12.886565931000064
              ],
              [
                124.02313749900009,
                12.886567501000059
              ],
              [
                124.02311335800005,
                12.886565933000043
              ],
              [
                124.02310048200002,
                12.886569071000054
              ],
              [
                124.02309404500011,
                12.88657377900006
              ],
              [
                124.023089217,
                12.886580054000035
              ],
              [
                124.02308599800006,
                12.886592606000022
              ],
              [
                124.02308760900007,
                12.88660358800007
              ],
              [
                124.02309404700009,
                12.886617708000074
              ],
              [
                124.02311014200006,
                12.886636534000047
              ],
              [
                124.02317935200006,
                12.886702425000067
              ],
              [
                124.0232051050001,
                12.886738508000064
              ],
              [
                124.02323407800009,
                12.886784005000038
              ],
              [
                124.0232405160001,
                12.88679028000007
              ],
              [
                124.02325661200007,
                12.88681381300006
              ],
              [
                124.0232807540001,
                12.886832639000033
              ],
              [
                124.02329363000001,
                12.886838914000066
              ],
              [
                124.02331294400005,
                12.886843619000047
              ],
              [
                124.0233209910001,
                12.886843619000047
              ],
              [
                124.02332742900012,
                12.886842050000041
              ],
              [
                124.02333386700002,
                12.886837343000025
              ],
              [
                124.023338695,
                12.886832636000065
              ],
              [
                124.02334191300008,
                12.886826360000043
              ],
              [
                124.02334191200009,
                12.88681224000004
              ],
              [
                124.02333869300003,
                12.886798120000037
              ],
              [
                124.02333869200004,
                12.886782431000029
              ],
              [
                124.02334351900004,
                12.886769879000042
              ],
              [
                124.02334995700005,
                12.886765172000025
              ],
              [
                124.02336605100004,
                12.886765171000036
              ],
              [
                124.02337248900005,
                12.886766740000041
              ],
              [
                124.02338375600004,
                12.886773015000074
              ],
              [
                124.02339985100002,
                12.88677929000005
              ],
              [
                124.02342882100004,
                12.886787133000041
              ],
              [
                124.0234996370001,
                12.886787129000027
              ],
              [
                124.02350768400004,
                12.886783991000073
              ],
              [
                124.02351412100006,
                12.886771439000029
              ],
              [
                124.02351733900002,
                12.886758888000031
              ],
              [
                124.02351733900002,
                12.886752612000066
              ],
              [
                124.02350768100007,
                12.886733786000036
              ],
              [
                124.02350285200009,
                12.886714959000074
              ],
              [
                124.02350607000005,
                12.88670240700003
              ],
              [
                124.02353182000002,
                12.886678872000061
              ],
              [
                124.02353825700004,
                12.886664752000058
              ],
              [
                124.02353825700004,
                12.886656907000031
              ],
              [
                124.02353020800001,
                12.886628667000025
              ],
              [
                124.02353181600006,
                12.886616116000027
              ],
              [
                124.02353664400005,
                12.886609840000062
              ],
              [
                124.02354308200006,
                12.886606702000051
              ],
              [
                124.02355273900002,
                12.886606702000051
              ],
              [
                124.02356561500005,
                12.886612976000038
              ],
              [
                124.02358975800007,
                12.886631802000068
              ],
              [
                124.02360907200011,
                12.886644352000076
              ],
              [
                124.0236316050001,
                12.88666945400007
              ],
              [
                124.023644482,
                12.886686711000038
              ],
              [
                124.02367184400009,
                12.886718088000066
              ],
              [
                124.02371852200008,
                12.886779273000059
              ],
              [
                124.02376680900011,
                12.886832613000024
              ],
              [
                124.02406458200005,
                12.88720913700007
              ],
              [
                124.02449675300011,
                12.887832367000044
              ],
              [
                124.02498575100003,
                12.888662959000044
              ],
              [
                124.02505860500003,
                12.888801010000066
              ],
              [
                124.02507148200004,
                12.888832387000036
              ],
              [
                124.02507792200004,
                12.888854352000067
              ],
              [
                124.02509562800003,
                12.888888867000048
              ],
              [
                124.02510206600004,
                12.888902986000062
              ],
              [
                124.0251052860001,
                12.888915538000049
              ],
              [
                124.02511011500007,
                12.888921813000024
              ],
              [
                124.02511333400003,
                12.888931226000068
              ],
              [
                124.02513265000005,
                12.888959465000028
              ],
              [
                124.0251471360001,
                12.888975154000036
              ],
              [
                124.02516806000006,
                12.888993979000077
              ],
              [
                124.02517449800007,
                12.889001823000058
              ],
              [
                124.02518898400001,
                12.88901280500005
              ],
              [
                124.02519542300001,
                12.889020649000031
              ],
              [
                124.02520186100003,
                12.889025355000058
              ],
              [
                124.02521634700008,
                12.889042613000072
              ],
              [
                124.02522278600009,
                12.889055163000023
              ],
              [
                124.02522761500006,
                12.889069283000026
              ],
              [
                124.02522922600008,
                12.889092817000062
              ],
              [
                124.0252147430001,
                12.889121058000057
              ],
              [
                124.02520991500012,
                12.88913517900005
              ],
              [
                124.02520830600008,
                12.889147730000047
              ],
              [
                124.02520830800006,
                12.889171264000026
              ],
              [
                124.02520991800009,
                12.889186953000035
              ],
              [
                124.02521474800005,
                12.88920421000006
              ],
              [
                124.02521474800005,
                12.889210486000025
              ],
              [
                124.02522601700002,
                12.889252846000034
              ],
              [
                124.02523084600011,
                12.889262259000077
              ],
              [
                124.02524050500006,
                12.889296775000048
              ],
              [
                124.02525177300004,
                12.88932658300007
              ],
              [
                124.0252678700001,
                12.889354823000076
              ],
              [
                124.0252791370001,
                12.889370511000038
              ],
              [
                124.025309719,
                12.889406594000036
              ],
              [
                124.02535961600006,
                12.889458366000042
              ],
              [
                124.02537088400004,
                12.889478761000078
              ],
              [
                124.0253805430001,
                12.889502294000067
              ],
              [
                124.02538537200007,
                12.88952112100003
              ],
              [
                124.02538537300006,
                12.889535241000033
              ],
              [
                124.02537089200007,
                12.889590154000075
              ],
              [
                124.02537089200007,
                12.889597999000046
              ],
              [
                124.0253725020001,
                12.889608981000038
              ],
              [
                124.02538860000004,
                12.889648203000036
              ],
              [
                124.02539021000007,
                12.889657617000069
              ],
              [
                124.02539342900002,
                12.889662323000039
              ],
              [
                124.02540308800008,
                12.88969213200005
              ],
              [
                124.02542079400007,
                12.889721941000062
              ],
              [
                124.02551673900007,
                12.889849530000049
              ],
              [
                124.02554410200003,
                12.889877769000066
              ],
              [
                124.02556341700006,
                12.889893457000028
              ],
              [
                124.02560687500011,
                12.889945228000045
              ],
              [
                124.02561975200001,
                12.889954641000031
              ],
              [
                124.02565355200011,
                12.88997032800006
              ],
              [
                124.0257098840001,
                12.889981307000028
              ],
              [
                124.02575655900011,
                12.889996993000068
              ],
              [
                124.02581450100001,
                12.890012679000051
              ],
              [
                124.02588853800012,
                12.89002679400005
              ],
              [
                124.02592233700011,
                12.890029930000026
              ],
              [
                124.02601729600008,
                12.890028355000027
              ],
              [
                124.02609455100003,
                12.89003619500005
              ],
              [
                124.02612835000002,
                12.890036193000071
              ],
              [
                124.02639874500005,
                12.89006284800007
              ],
              [
                124.02640518300007,
                12.89006755400004
              ],
              [
                124.0264132320001,
                12.890080105000038
              ],
              [
                124.02642127900003,
                12.89008324200006
              ],
              [
                124.02642449900009,
                12.89009108700003
              ],
              [
                124.02644703200008,
                12.890102068000033
              ],
              [
                124.02646634700011,
                12.89010677300007
              ],
              [
                124.0265364500001,
                12.890107489000059
              ],
              [
                124.02655093500005,
                12.890109057000075
              ],
              [
                124.02657507700007,
                12.890105917000028
              ],
              [
                124.0266330180001,
                12.89010591300007
              ],
              [
                124.02664106500004,
                12.890104344000065
              ],
              [
                124.0266555500001,
                12.890104343000075
              ],
              [
                124.02667003500005,
                12.890101204000075
              ],
              [
                124.02669417700008,
                12.890099634000023
              ],
              [
                124.02673602300001,
                12.890093355000033
              ],
              [
                124.02675855500001,
                12.890088647000027
              ],
              [
                124.02676660200007,
                12.890085509000073
              ],
              [
                124.02677304000008,
                12.890085508000027
              ],
              [
                124.02680362000001,
                12.890079231000072
              ],
              [
                124.02682132400003,
                12.890079230000026
              ],
              [
                124.0268535140001,
                12.890087072000028
              ],
              [
                124.02686639,
                12.890091778000055
              ],
              [
                124.02689375200009,
                12.890107465000028
              ],
              [
                124.02691628600007,
                12.890123153000047
              ],
              [
                124.02693077200001,
                12.890138841000066
              ],
              [
                124.02695491600002,
                12.89015766600005
              ],
              [
                124.02697906000003,
                12.890185905000067
              ],
              [
                124.0269822790001,
                12.890192180000042
              ],
              [
                124.02699354600009,
                12.890206300000045
              ],
              [
                124.02701447200002,
                12.890243952000048
              ],
              [
                124.0270193020001,
                12.890259641000057
              ],
              [
                124.0270257410001,
                12.890272192000054
              ],
              [
                124.0270257410001,
                12.89027376100006
              ],
              [
                124.02693078400011,
                12.890308283000024
              ],
              [
                124.0269243460001,
                12.890309853000076
              ],
              [
                124.02691790800009,
                12.89030828400007
              ],
              [
                124.02691147000007,
                12.890309853000076
              ],
              [
                124.02688089000003,
                12.890309855000055
              ],
              [
                124.0268680150001,
                12.89031456300006
              ],
              [
                124.02684709200003,
                12.890325547000032
              ],
              [
                124.0268293900001,
                12.89034437500004
              ],
              [
                124.02681007800004,
                12.890371048000077
              ],
              [
                124.02679881300003,
                12.890397720000067
              ],
              [
                124.02677306700002,
                12.890479305000042
              ],
              [
                124.0267618040001,
                12.890526373000057
              ],
              [
                124.0267521500001,
                12.890557752000063
              ],
              [
                124.02675054100007,
                12.890568734000055
              ],
              [
                124.02674732200012,
                12.890575010000077
              ],
              [
                124.02674732300011,
                12.890582854000058
              ],
              [
                124.02674249600011,
                12.890606388000037
              ],
              [
                124.02674088800006,
                12.890631491000022
              ],
              [
                124.02674250100006,
                12.890670714000066
              ],
              [
                124.02674894100005,
                12.89071150500007
              ],
              [
                124.0267586010001,
                12.890755434000027
              ],
              [
                124.0267714800001,
                12.890789949000066
              ],
              [
                124.02678596700002,
                12.890818189000072
              ],
              [
                124.02678757700005,
                12.890826033000053
              ],
              [
                124.026803674,
                12.890858980000075
              ],
              [
                124.02681494300009,
                12.890893495000057
              ],
              [
                124.02683747900005,
                12.890942130000042
              ],
              [
                124.02684552800008,
                12.890964095000072
              ],
              [
                124.02686806400004,
                12.89100802300004
              ],
              [
                124.02691381600005,
                12.891124782000077
              ],
              [
                124.02692347400011,
                12.891137333000074
              ],
              [
                124.02693796100004,
                12.891160866000064
              ],
              [
                124.0269524470001,
                12.891179692000037
              ],
              [
                124.02696854400006,
                12.891209500000059
              ],
              [
                124.02697337300003,
                12.891223620000062
              ],
              [
                124.02697981200004,
                12.89123617000007
              ],
              [
                124.02700235000009,
                12.891305201000023
              ],
              [
                124.02701039800002,
                12.891322458000047
              ],
              [
                124.0270152270001,
                12.89132873400007
              ],
              [
                124.0270281060001,
                12.891375800000048
              ],
              [
                124.02703132600004,
                12.891391489000057
              ],
              [
                124.02703132700003,
                12.891399334000027
              ],
              [
                124.0270345460001,
                12.891407178000065
              ],
              [
                124.02704420700002,
                12.89145581300005
              ],
              [
                124.027044208,
                12.89148248500004
              ],
              [
                124.02703938200011,
                12.891512294000051
              ],
              [
                124.0270393830001,
                12.89152798400005
              ],
              [
                124.02704099400012,
                12.891540535000047
              ],
              [
                124.027047433,
                12.891559361000077
              ],
              [
                124.02707479800006,
                12.891615840000043
              ],
              [
                124.02708123700006,
                12.891623684000024
              ],
              [
                124.02710377200003,
                12.891664475000027
              ],
              [
                124.02714884200009,
                12.89172565900003
              ],
              [
                124.02718425500007,
                12.891789982000034
              ],
              [
                124.02721001000009,
                12.891832341000054
              ],
              [
                124.02723254700004,
                12.891882545000044
              ],
              [
                124.0272856680001,
                12.891986090000046
              ],
              [
                124.02730659500003,
                12.892039432000047
              ],
              [
                124.0273162530001,
                12.89205669000006
              ],
              [
                124.02733235100004,
                12.892095912000059
              ],
              [
                124.027397629,
                12.892223365000063
              ],
              [
                124.02739924000002,
                12.892237485000066
              ],
              [
                124.02741372700007,
                12.892265725000073
              ],
              [
                124.027416947,
                12.892273569000054
              ],
              [
                124.02742016700006,
                12.892289258000062
              ],
              [
                124.027423386,
                12.892295533000038
              ],
              [
                124.027431438,
                12.89235515100006
              ],
              [
                124.02743143900011,
                12.892367703000048
              ],
              [
                124.0274378790001,
                12.892406925000046
              ],
              [
                124.02743788100008,
                12.892421045000049
              ],
              [
                124.02745720000007,
                12.892505765000067
              ],
              [
                124.02746686100011,
                12.892559107000068
              ],
              [
                124.02747974100009,
                12.892607743000042
              ],
              [
                124.02747974100009,
                12.892614018000074
              ],
              [
                124.02748296100003,
                12.892623431000061
              ],
              [
                124.02748296100003,
                12.892629707000026
              ],
              [
                124.02748457100006,
                12.892632845000037
              ],
              [
                124.0274942320001,
                12.89269246300006
              ],
              [
                124.02749423400007,
                12.89271913400006
              ],
              [
                124.0274974560001,
                12.892758357000048
              ],
              [
                124.02750067600005,
                12.892774046000056
              ],
              [
                124.02750067700003,
                12.89278816600006
              ],
              [
                124.02750228700006,
                12.89279130400007
              ],
              [
                124.02750711800002,
                12.892833664000023
              ],
              [
                124.02751355900011,
                12.892866611000045
              ],
              [
                124.02751516900003,
                12.89288386800007
              ],
              [
                124.02753126900006,
                12.89294191700003
              ],
              [
                124.02753287900009,
                12.892952900000068
              ],
              [
                124.027540928,
                12.892978002000063
              ],
              [
                124.02754576000007,
                12.893017224000062
              ],
              [
                124.02755381000009,
                12.893048602000022
              ],
              [
                124.02767372000005,
                12.893822896000074
              ],
              [
                124.02776227100003,
                12.894230582000034
              ],
              [
                124.02781875700009,
                12.894639925000035
              ],
              [
                124.02781875800008,
                12.894647770000063
              ],
              [
                124.02782197800002,
                12.894661890000066
              ],
              [
                124.02783002700005,
                12.894680716000039
              ],
              [
                124.02783002700005,
                12.89468699200006
              ],
              [
                124.02783485700002,
                12.89470738700004
              ],
              [
                124.02783164000004,
                12.894727783000064
              ],
              [
                124.02782520300002,
                12.894740335000051
              ],
              [
                124.02780589000008,
                12.894762301000071
              ],
              [
                124.02779784400002,
                12.894781128000034
              ],
              [
                124.02779301700002,
                12.894799955000053
              ],
              [
                124.02779462800004,
                12.894825058000038
              ],
              [
                124.02780106700004,
                12.894840746000057
              ],
              [
                124.02781555400009,
                12.894853297000054
              ],
              [
                124.02782682100008,
                12.89485957200003
              ],
              [
                124.0278396970001,
                12.894862709000051
              ],
              [
                124.02786866800011,
                12.894865844000037
              ],
              [
                124.02788959200007,
                12.894872118000023
              ],
              [
                124.0279089070001,
                12.894886237000037
              ],
              [
                124.02792661300009,
                12.894906632000072
              ],
              [
                124.02793788100007,
                12.894927027000051
              ],
              [
                124.02795236800011,
                12.89494271500007
              ],
              [
                124.0279636350001,
                12.894952128000057
              ],
              [
                124.02798295000002,
                12.894958402000043
              ],
              [
                124.02801835900004,
                12.894961537000029
              ],
              [
                124.02803928300011,
                12.894966243000056
              ],
              [
                124.02806342500003,
                12.894966241000077
              ],
              [
                124.02806986300004,
                12.894967809000036
              ],
              [
                124.02807791100008,
                12.894972516000053
              ],
              [
                124.028085959,
                12.89498192800005
              ],
              [
                124.02808596000011,
                12.894996049000042
              ],
              [
                124.02808435100008,
                12.895003893000023
              ],
              [
                124.02808274200004,
                12.89500860000004
              ],
              [
                124.02807630500001,
                12.895013307000056
              ],
              [
                124.028047334,
                12.895019585000057
              ],
              [
                124.02802802100007,
                12.895027431000074
              ],
              [
                124.02800709700011,
                12.895030570000074
              ],
              [
                124.02798456500011,
                12.895036847000029
              ],
              [
                124.02795076600012,
                12.895052539000062
              ],
              [
                124.02791857800003,
                12.895076075000077
              ],
              [
                124.02790248400004,
                12.895091765000075
              ],
              [
                124.02789121900003,
                12.895112161000043
              ],
              [
                124.02788317300008,
                12.895123144000024
              ],
              [
                124.02787673600005,
                12.895135696000068
              ],
              [
                124.02787673700004,
                12.895152954000025
              ],
              [
                124.02787834700007,
                12.895159230000047
              ],
              [
                124.02789766300009,
                12.895195313000045
              ],
              [
                124.0279105410001,
                12.895214139000075
              ],
              [
                124.02793307600007,
                12.895242378000034
              ],
              [
                124.02795883200008,
                12.895291013000076
              ],
              [
                124.02796849100002,
                12.895322390000047
              ],
              [
                124.02797815000008,
                12.89534435400003
              ],
              [
                124.02802000300005,
                12.895422797000037
              ],
              [
                124.02804737000008,
                12.895490259000042
              ],
              [
                124.02804898000011,
                12.895496534000074
              ],
              [
                124.02804743800004,
                12.895522472000039
              ],
              [
                124.02803778200007,
                12.895539731000042
              ],
              [
                124.02803617300003,
                12.895546007000064
              ],
              [
                124.02803617400002,
                12.895560127000067
              ],
              [
                124.02803778400005,
                12.895566403000032
              ],
              [
                124.02804422300005,
                12.895580522000046
              ],
              [
                124.02805388100012,
                12.895591504000038
              ],
              [
                124.02806836900004,
                12.895618174000049
              ],
              [
                124.02808607600002,
                12.895654258000036
              ],
              [
                124.02810056400006,
                12.895690342000023
              ],
              [
                124.02811183400001,
                12.895734271000038
              ],
              [
                124.02811344400004,
                12.895743684000024
              ],
              [
                124.02811344600002,
                12.895762511000044
              ],
              [
                124.02811827700009,
                12.895800164000036
              ],
              [
                124.02812471700008,
                12.895826835000037
              ],
              [
                124.02813759600008,
                12.895862919000024
              ],
              [
                124.02816818200006,
                12.895931949000044
              ],
              [
                124.02817301100004,
                12.895939794000071
              ],
              [
                124.0281891090001,
                12.89598372200004
              ],
              [
                124.02820843000006,
                12.896071580000068
              ],
              [
                124.028218089,
                12.896099819000028
              ],
              [
                124.02821809000011,
                12.89610609500005
              ],
              [
                124.02822130900006,
                12.896112371000072
              ],
              [
                124.02822131000005,
                12.896118646000048
              ],
              [
                124.02823741000009,
                12.896186108000052
              ],
              [
                124.02824063000003,
                12.896192384000074
              ],
              [
                124.02825028900008,
                12.89622533000005
              ],
              [
                124.0282583390001,
                12.896258277000072
              ],
              [
                124.02826317200004,
                12.896313189000068
              ],
              [
                124.02826317400002,
                12.896328878000077
              ],
              [
                124.0282567370001,
                12.896342999000069
              ],
              [
                124.0282454710001,
                12.89635084400004
              ],
              [
                124.02821489100006,
                12.896366535000027
              ],
              [
                124.02821006300007,
                12.896372811000049
              ],
              [
                124.02820684500011,
                12.896386932000041
              ],
              [
                124.02821167400009,
                12.896399483000039
              ],
              [
                124.02824064700008,
                12.896421446000033
              ],
              [
                124.02825030500003,
                12.896430859000077
              ],
              [
                124.0282599630001,
                12.896443409000028
              ],
              [
                124.02826479300006,
                12.896455960000026
              ],
              [
                124.02826479500004,
                12.896477925000056
              ],
              [
                124.02826962400002,
                12.896490476000054
              ],
              [
                124.02827767300005,
                12.896503027000051
              ],
              [
                124.02832449100003,
                12.896549509000067
              ],
              [
                124.0283277100001,
                12.896555784000043
              ],
              [
                124.02833737000003,
                12.896591869000076
              ],
              [
                124.02833737100002,
                12.896599713000057
              ],
              [
                124.0283422010001,
                12.896623246000047
              ],
              [
                124.028350251,
                12.896654624000064
              ],
              [
                124.02834864200008,
                12.896660900000029
              ],
              [
                124.02834059500003,
                12.896673452000073
              ],
              [
                124.02833415700002,
                12.896675021000021
              ],
              [
                124.02831806200004,
                12.896675022000068
              ],
              [
                124.02830518700011,
                12.896681299000022
              ],
              [
                124.0282987490001,
                12.89669228200006
              ],
              [
                124.02829714000006,
                12.896698557000036
              ],
              [
                124.02829553100003,
                12.896706402000063
              ],
              [
                124.02829553300012,
                12.896725229000026
              ],
              [
                124.0283003620001,
                12.896737780000024
              ],
              [
                124.02830841100001,
                12.896751899000037
              ],
              [
                124.02831967800012,
                12.896764450000035
              ],
              [
                124.02833255500002,
                12.896772293000026
              ],
              [
                124.02833899300003,
                12.896773862000032
              ],
              [
                124.02834543100005,
                12.896772292000037
              ],
              [
                124.02836313500006,
                12.896761309000055
              ],
              [
                124.0283711830001,
                12.896761308000066
              ],
              [
                124.02838727800008,
                12.896772290000058
              ],
              [
                124.02839371700009,
                12.896778565000034
              ],
              [
                124.02839854600006,
                12.896786409000072
              ],
              [
                124.02840015600009,
                12.896792684000047
              ],
              [
                124.02839371900006,
                12.896811512000056
              ],
              [
                124.0283905020001,
                12.896827201000065
              ],
              [
                124.02839050400007,
                12.896858579000025
              ],
              [
                124.02839694400006,
                12.89687897500005
              ],
              [
                124.02840660200002,
                12.896893094000063
              ],
              [
                124.02841626000009,
                12.89690250700005
              ],
              [
                124.0284226980001,
                12.896905644000071
              ],
              [
                124.0284404040001,
                12.89692603900005
              ],
              [
                124.02845489200001,
                12.896958985000026
              ],
              [
                124.02846455100007,
                12.896987225000032
              ],
              [
                124.02846938100004,
                12.897007620000068
              ],
              [
                124.02848225900004,
                12.897032722000063
              ],
              [
                124.02849352700002,
                12.897046841000076
              ],
              [
                124.02851445200008,
                12.89706566700005
              ],
              [
                124.0285643520001,
                12.897131134000063
              ],
              [
                124.02858527700005,
                12.897154666000063
              ],
              [
                124.02859332600008,
                12.89716721700006
              ],
              [
                124.02861586200004,
                12.897204869000063
              ],
              [
                124.02864322800008,
                12.89725664100007
              ],
              [
                124.02864805700005,
                12.897261348000029
              ],
              [
                124.0286561050001,
                12.897273898000037
              ],
              [
                124.02866737300008,
                12.897294293000073
              ],
              [
                124.02868025200007,
                12.897322533000022
              ],
              [
                124.02872049400003,
                12.897386855000036
              ],
              [
                124.02873176300011,
                12.897410388000026
              ],
              [
                124.02873659300008,
                12.89742764600004
              ],
              [
                124.02873981200003,
                12.897433921000072
              ],
              [
                124.02874786300004,
                12.89747000500006
              ],
              [
                124.02875752200009,
                12.89749667600006
              ],
              [
                124.02878006100002,
                12.897575120000056
              ],
              [
                124.02878006200001,
                12.897582964000037
              ],
              [
                124.02879455200002,
                12.897647289000076
              ],
              [
                124.02880260500001,
                12.897713182000075
              ],
              [
                124.02880260600011,
                12.897725734000062
              ],
              [
                124.02881065800011,
                12.897785352000028
              ],
              [
                124.02881066200007,
                12.897824575000072
              ],
              [
                124.02881871400007,
                12.897884193000039
              ],
              [
                124.02881710500003,
                12.897888900000055
              ],
              [
                124.02881710500003,
                12.897898313000042
              ],
              [
                124.02883159700002,
                12.897975189000022
              ],
              [
                124.0288428670001,
                12.89800970400006
              ],
              [
                124.02885252600004,
                12.898028531000023
              ],
              [
                124.02887184400004,
                12.898080303000029
              ],
              [
                124.02887828500002,
                12.89811011200004
              ],
              [
                124.02888794400008,
                12.89813678300004
              ],
              [
                124.02889438400007,
                12.898160317000077
              ],
              [
                124.0288959940001,
                12.898172868000074
              ],
              [
                124.02889599700006,
                12.898229797000056
              ],
              [
                124.028889563,
                12.898283140000046
              ],
              [
                124.02889117500001,
                12.898314519000053
              ],
              [
                124.02890888500008,
                12.898375705000035
              ],
              [
                124.02891210400003,
                12.898380411000062
              ],
              [
                124.02892337300011,
                12.898411789000022
              ],
              [
                124.028931424,
                12.898444735000055
              ],
              [
                124.02893464300007,
                12.898452579000036
              ],
              [
                124.02893786400011,
                12.89846983700005
              ],
              [
                124.02894108300006,
                12.898477682000077
              ],
              [
                124.02895235400001,
                12.898532593000027
              ],
              [
                124.02895396500003,
                12.898552988000063
              ],
              [
                124.02896201700003,
                12.898601624000037
              ],
              [
                124.02897489700001,
                12.898648690000073
              ],
              [
                124.02897811700007,
                12.89866908600004
              ],
              [
                124.02898294700003,
                12.898683206000044
              ],
              [
                124.028987432,
                12.898702869000033
              ],
              [
                124.02898938800001,
                12.89871144600005
              ],
              [
                124.02898938800001,
                12.898717722000072
              ],
              [
                124.02900387800003,
                12.89876478800005
              ],
              [
                124.02900387800003,
                12.898769495000067
              ],
              [
                124.0290087080001,
                12.89878518300003
              ],
              [
                124.0290087080001,
                12.898791459000051
              ],
              [
                124.02901353800007,
                12.898804010000049
              ],
              [
                124.02902480600005,
                12.898816561000046
              ],
              [
                124.02903285400009,
                12.898822836000022
              ],
              [
                124.02903321800011,
                12.898822925000047
              ],
              [
                124.0290392920001,
                12.898824404000038
              ],
              [
                124.02907148300005,
                12.89882440200006
              ],
              [
                124.02908436000007,
                12.89882910800003
              ],
              [
                124.02910045600004,
                12.898841658000038
              ],
              [
                124.02912138200008,
                12.898868328000049
              ],
              [
                124.02914874900011,
                12.89892166900006
              ],
              [
                124.02915062500006,
                12.898927152000056
              ],
              [
                124.02915357900008,
                12.898935789000063
              ],
              [
                124.02916001800008,
                12.898946771000055
              ],
              [
                124.02916162800011,
                12.898954615000036
              ],
              [
                124.0291745070001,
                12.898989131000064
              ],
              [
                124.02918255800012,
                12.899028353000062
              ],
              [
                124.02918417100011,
                12.89906757600005
              ],
              [
                124.02917773400009,
                12.899087972000075
              ],
              [
                124.02917451600001,
                12.899092679000034
              ],
              [
                124.02916646900007,
                12.899102094000057
              ],
              [
                124.02915359300005,
                12.899111508000033
              ],
              [
                124.02911979400005,
                12.89912249300005
              ],
              [
                124.0290811650001,
                12.899122495000029
              ],
              [
                124.02905702100009,
                12.899119359000053
              ],
              [
                124.029000687,
                12.899117794000063
              ],
              [
                124.02899585900002,
                12.899119363000068
              ],
              [
                124.02897332500004,
                12.899119365000047
              ],
              [
                124.02893952500006,
                12.899122505000037
              ],
              [
                124.02892664900003,
                12.899125644000037
              ],
              [
                124.028902506,
                12.899127215000021
              ],
              [
                124.02887997300002,
                12.899133492000033
              ],
              [
                124.0288670970001,
                12.899139768000055
              ],
              [
                124.02885744100001,
                12.899150751000036
              ],
              [
                124.02885422300005,
                12.899163303000023
              ],
              [
                124.02885422300005,
                12.89917114800005
              ],
              [
                124.02885905300002,
                12.899183699000048
              ],
              [
                124.02886549200002,
                12.89919468100004
              ],
              [
                124.02887193100003,
                12.899200956000072
              ],
              [
                124.0289057330001,
                12.899224487000026
              ],
              [
                124.02893218100007,
                12.899263189000067
              ],
              [
                124.02894183900003,
                12.899274171000059
              ],
              [
                124.02895632700006,
                12.89930554800003
              ],
              [
                124.02896276700005,
                12.899325943000065
              ],
              [
                124.02897242600011,
                12.899344770000027
              ],
              [
                124.02898530300001,
                12.899363596000057
              ],
              [
                124.0289965710001,
                12.899373008000055
              ],
              [
                124.02902393400007,
                12.899390264000033
              ],
              [
                124.02903359200002,
                12.899401246000025
              ],
              [
                124.02903520200005,
                12.899409090000063
              ],
              [
                124.02903520500001,
                12.899449882000056
              ],
              [
                124.02904164400002,
                12.899462433000053
              ],
              [
                124.02905935100011,
                12.899484396000048
              ],
              [
                124.02908510500004,
                12.899503221000032
              ],
              [
                124.02909154300005,
                12.899504790000037
              ],
              [
                124.02911246800011,
                12.899517339000056
              ],
              [
                124.02913822100004,
                12.899528320000059
              ],
              [
                124.02914305100012,
                12.899540871000056
              ],
              [
                124.02915110000004,
                12.89955499000007
              ],
              [
                124.02916397700005,
                12.899572247000037
              ],
              [
                124.02918168300005,
                12.899581660000024
              ],
              [
                124.0291961690001,
                12.899584796000056
              ],
              [
                124.02920421600004,
                12.89958322700005
              ],
              [
                124.02922836000005,
                12.899589501000037
              ],
              [
                124.0292428460001,
                12.899595775000023
              ],
              [
                124.029255723,
                12.899605188000066
              ],
              [
                124.02925894300006,
                12.899617739000064
              ],
              [
                124.02925411500007,
                12.899630290000061
              ],
              [
                124.02924928700008,
                12.899634997000021
              ],
              [
                124.02922997300004,
                12.899639705000027
              ],
              [
                124.02922353500003,
                12.899642844000027
              ],
              [
                124.0292042210001,
                12.899645983000028
              ],
              [
                124.0291752490001,
                12.899644416000058
              ],
              [
                124.02916076400004,
                12.899645986000053
              ],
              [
                124.02915271600011,
                12.899644418000037
              ],
              [
                124.029141449,
                12.899645988000032
              ],
              [
                124.02913340200007,
                12.899649126000043
              ],
              [
                124.02912696400006,
                12.899653833000059
              ],
              [
                124.02911569800006,
                12.89966481700003
              ],
              [
                124.0291076520001,
                12.89968364400005
              ],
              [
                124.02910926200002,
                12.899689920000071
              ],
              [
                124.02911248200007,
                12.899694626000041
              ],
              [
                124.02912374900006,
                12.899704039000028
              ],
              [
                124.02913018700008,
                12.89970717600005
              ],
              [
                124.02913984500003,
                12.89970717500006
              ],
              [
                124.02914628300005,
                12.899704037000049
              ],
              [
                124.02918008200004,
                12.899694621000037
              ],
              [
                124.0292058340001,
                12.899694619000059
              ],
              [
                124.02922032100003,
                12.899699325000029
              ],
              [
                124.0292299780001,
                12.899708737000026
              ],
              [
                124.02924768500009,
                12.899733839000021
              ],
              [
                124.02925734300004,
                12.899743251000075
              ],
              [
                124.02926861100002,
                12.899758940000027
              ],
              [
                124.02927183100007,
                12.899769922000075
              ],
              [
                124.02927183200006,
                12.899779335000062
              ],
              [
                124.02926700400008,
                12.899793456000054
              ],
              [
                124.02925895800001,
                12.899806008000041
              ],
              [
                124.02925091100008,
                12.899815422000074
              ],
              [
                124.02922676900005,
                12.899834250000026
              ],
              [
                124.02921389300002,
                12.899832682000067
              ],
              [
                124.02918653000006,
                12.899821702000054
              ],
              [
                124.029172044,
                12.899821703000043
              ],
              [
                124.02916077800012,
                12.899827980000055
              ],
              [
                124.02915595000002,
                12.899834256000076
              ],
              [
                124.0291543410001,
                12.899843669000063
              ],
              [
                124.02915917000007,
                12.89985308200005
              ],
              [
                124.02917043800005,
                12.899862495000036
              ],
              [
                124.0291849240001,
                12.899864063000052
              ],
              [
                124.029191362,
                12.899860924000052
              ],
              [
                124.02920423800003,
                12.899859355000046
              ],
              [
                124.02921711400006,
                12.899864060000027
              ],
              [
                124.02923321000003,
                12.89987347300007
              ],
              [
                124.02923964900003,
                12.899881317000052
              ],
              [
                124.02923965000002,
                12.899889161000033
              ],
              [
                124.02923160300008,
                12.899901713000077
              ],
              [
                124.02922999400005,
                12.899907989000042
              ],
              [
                124.02922999500004,
                12.899922109000045
              ],
              [
                124.02923321500009,
                12.899928384000077
              ],
              [
                124.02923804500006,
                12.899948780000045
              ],
              [
                124.02923643600002,
                12.899961331000043
              ],
              [
                124.02922195300005,
                12.899989573000028
              ],
              [
                124.02921229700007,
                12.900000556000066
              ],
              [
                124.02918654600012,
                12.900019385000064
              ],
              [
                124.02915918400004,
                12.90003193800004
              ],
              [
                124.02914469900008,
                12.900036646000046
              ],
              [
                124.02913021300003,
                12.900038216000041
              ],
              [
                124.02911733600001,
                12.90003037200006
              ],
              [
                124.02910124000005,
                12.90001154600003
              ],
              [
                124.02909963000002,
                12.900005271000055
              ],
              [
                124.02910767600008,
                12.899992719000068
              ],
              [
                124.02912055200011,
                12.899986442000056
              ],
              [
                124.0291430850001,
                12.899983303000056
              ],
              [
                124.02915596100001,
                12.89997545700004
              ],
              [
                124.02916078900012,
                12.899969181000074
              ],
              [
                124.02916400700008,
                12.899961337000036
              ],
              [
                124.0291591780001,
                12.899947217000033
              ],
              [
                124.0291463000001,
                12.89992839100006
              ],
              [
                124.0291221550001,
                12.899898583000038
              ],
              [
                124.02910927800008,
                12.89988917100004
              ],
              [
                124.02909801100009,
                12.89988446500007
              ],
              [
                124.02908996300005,
                12.899882897000055
              ],
              [
                124.0290754770001,
                12.89988446700005
              ],
              [
                124.02906904000008,
                12.899889174000066
              ],
              [
                124.0290642110001,
                12.899895450000031
              ],
              [
                124.02905938600009,
                12.89993781100003
              ],
              [
                124.02905616800001,
                12.899944087000051
              ],
              [
                124.02904973000011,
                12.899948794000068
              ],
              [
                124.0290320250001,
                12.899950364000063
              ],
              [
                124.02900144400007,
                12.89994722800003
              ],
              [
                124.02899339700002,
                12.899959780000074
              ],
              [
                124.02899017900006,
                12.899975470000072
              ],
              [
                124.02899178900009,
                12.899983314000053
              ],
              [
                124.02899661900005,
                12.899994296000045
              ],
              [
                124.02901593600006,
                12.900025673000073
              ],
              [
                124.02903364300005,
                12.900058619000049
              ],
              [
                124.02904330100012,
                12.900071169000057
              ],
              [
                124.02905135000003,
                12.90008999500003
              ],
              [
                124.02905457200006,
                12.90012764900007
              ],
              [
                124.02905779200012,
                12.900140200000067
              ],
              [
                124.02905618500006,
                12.900168441000062
              ],
              [
                124.0290529670001,
                12.900182561000065
              ],
              [
                124.02904974900002,
                12.90018883700003
              ],
              [
                124.02903848300002,
                12.900198251000063
              ],
              [
                124.02900951100003,
                12.900204529000064
              ],
              [
                124.02898697800003,
                12.900204531000043
              ],
              [
                124.02897249300008,
                12.900209238000059
              ],
              [
                124.02896927400002,
                12.900213945000075
              ],
              [
                124.02896766600009,
                12.900231203000033
              ],
              [
                124.02898054400009,
                12.900251598000068
              ],
              [
                124.02898215400012,
                12.900257874000033
              ],
              [
                124.02897893500005,
                12.900264150000055
              ],
              [
                124.02896927900008,
                12.900273564000031
              ],
              [
                124.02896284100007,
                12.900276702000042
              ],
              [
                124.02893065,
                12.900279842000032
              ],
              [
                124.0289242120001,
                12.900282981000032
              ],
              [
                124.02891938400012,
                12.900287688000049
              ],
              [
                124.02891616600004,
                12.900295533000076
              ],
              [
                124.02891616700003,
                12.900308084000073
              ],
              [
                124.02892260600004,
                12.900322204000076
              ],
              [
                124.02892743500001,
                12.900328479000052
              ],
              [
                124.02893709300008,
                12.900336323000033
              ],
              [
                124.02895158000001,
                12.900353580000058
              ],
              [
                124.0289564090001,
                12.90036456200005
              ],
              [
                124.02895963000003,
                12.900380251000058
              ],
              [
                124.02895641100008,
                12.900386527000023
              ],
              [
                124.0289515830001,
                12.90039123400004
              ],
              [
                124.02894514500008,
                12.90039437200005
              ],
              [
                124.0289247720001,
                12.900417611000023
              ],
              [
                124.02892477300009,
                12.900434870000026
              ],
              [
                124.02891672700002,
                12.900447421000024
              ],
              [
                124.02890063200005,
                12.900459974000057
              ],
              [
                124.02888131800012,
                12.900467820000074
              ],
              [
                124.02887327100007,
                12.90047723400005
              ],
              [
                124.02887327300004,
                12.900499199000024
              ],
              [
                124.02887971300004,
                12.900525870000024
              ],
              [
                124.02887971400003,
                12.900541559000033
              ],
              [
                124.02887005900004,
                12.900566662000074
              ],
              [
                124.02886523100005,
                12.900572938000039
              ],
              [
                124.02885235700012,
                12.90059804200007
              ],
              [
                124.02884592100008,
                12.900635696000052
              ],
              [
                124.02884592400005,
                12.900676488000045
              ],
              [
                124.02884753500007,
                12.900684332000026
              ],
              [
                124.02884431700011,
                12.900706297000056
              ],
              [
                124.02884431900009,
                12.900729831000035
              ],
              [
                124.02884915000004,
                12.900759640000047
              ],
              [
                124.0288523700001,
                12.900767484000028
              ],
              [
                124.02885719900007,
                12.90077375900006
              ],
              [
                124.02886846600006,
                12.900783172000047
              ],
              [
                124.02888617200006,
                12.90079415300005
              ],
              [
                124.0288942200001,
                12.900795721000065
              ],
              [
                124.02890065800011,
                12.900800427000036
              ],
              [
                124.02893124000002,
                12.900808270000027
              ],
              [
                124.02895538300004,
                12.900808268000048
              ],
              [
                124.02896987000008,
                12.90081611100004
              ],
              [
                124.02897469900006,
                12.900820818000057
              ],
              [
                124.02897952800004,
                12.900833369000054
              ],
              [
                124.02897952900003,
                12.900841213000035
              ],
              [
                124.02896987300005,
                12.900860041000044
              ],
              [
                124.02896504600005,
                12.900874161000047
              ],
              [
                124.02896504600005,
                12.900883575000023
              ],
              [
                124.02896987600002,
                12.900902401000053
              ],
              [
                124.0289682670001,
                12.900910246000024
              ],
              [
                124.02896504900002,
                12.900916522000045
              ],
              [
                124.0289521730001,
                12.900925936000021
              ],
              [
                124.02893768800004,
                12.900930644000027
              ],
              [
                124.02891354600001,
                12.900951042000031
              ],
              [
                124.02889906200005,
                12.900968301000034
              ],
              [
                124.02887653100004,
                12.901001249000046
              ],
              [
                124.02884595100011,
                12.901020079000034
              ],
              [
                124.028841123,
                12.901026355000056
              ],
              [
                124.02882985700012,
                12.901045182000075
              ],
              [
                124.0288185930001,
                12.90107028600005
              ],
              [
                124.02881698400006,
                12.901076561000025
              ],
              [
                124.02881698500005,
                12.901092250000033
              ],
              [
                124.02882181400003,
                12.901101664000066
              ],
              [
                124.02884113000005,
                12.901117351000039
              ],
              [
                124.02884917900008,
                12.901129902000037
              ],
              [
                124.02885239900002,
                12.90114402200004
              ],
              [
                124.02884435200008,
                12.901156574000026
              ],
              [
                124.02882664800006,
                12.901170695000076
              ],
              [
                124.02881377200003,
                12.90117697200003
              ],
              [
                124.0287831920001,
                12.901186388000042
              ],
              [
                124.02876870700004,
                12.901195802000075
              ],
              [
                124.02875905000008,
                12.901206785000056
              ],
              [
                124.02875100300002,
                12.901219337000043
              ],
              [
                124.02873812900009,
                12.901246009000033
              ],
              [
                124.02873491200012,
                12.901266405000058
              ],
              [
                124.02873974200008,
                12.901282094000067
              ],
              [
                124.0287461800001,
                12.901286800000037
              ],
              [
                124.02876227500008,
                12.901285230000042
              ],
              [
                124.02877676100002,
                12.901282091000041
              ],
              [
                124.02878319900003,
                12.90127895300003
              ],
              [
                124.02881056100011,
                12.901277382000046
              ],
              [
                124.02881699900001,
                12.901278951000052
              ],
              [
                124.02883792400007,
                12.901289932000054
              ],
              [
                124.02885241100012,
                12.901305620000073
              ],
              [
                124.02885563200005,
                12.901321309000025
              ],
              [
                124.02885241400008,
                12.901333860000022
              ],
              [
                124.028842757,
                12.901347981000072
              ],
              [
                124.02882344600005,
                12.901384067000038
              ],
              [
                124.02882022800009,
                12.90139818800003
              ],
              [
                124.02882023000006,
                12.901427997000042
              ],
              [
                124.0288170120001,
                12.901440549000029
              ],
              [
                124.02881218400012,
                12.901448394000056
              ],
              [
                124.02880252700004,
                12.901456239000026
              ],
              [
                124.02872849100004,
                12.90149389800007
              ],
              [
                124.02868986400006,
                12.901517435000073
              ],
              [
                124.02866894100009,
                12.901533125000071
              ],
              [
                124.02866572200003,
                12.901537832000031
              ],
              [
                124.0286415810001,
                12.901558151000074
              ],
              [
                124.02862870600006,
                12.901583254000059
              ],
              [
                124.02860939400011,
                12.901614634000055
              ],
              [
                124.02859973800003,
                12.901635030000023
              ],
              [
                124.02859491100003,
                12.901656995000053
              ],
              [
                124.028594913,
                12.901683667000043
              ],
              [
                124.02859974400008,
                12.901704062000022
              ],
              [
                124.02861262200008,
                12.901737008000055
              ],
              [
                124.02862710900001,
                12.901752696000074
              ],
              [
                124.028644815,
                12.90176681500003
              ],
              [
                124.02865286400004,
                12.901777797000022
              ],
              [
                124.02865930400003,
                12.901804468000023
              ],
              [
                124.02865125800008,
                12.901823296000032
              ],
              [
                124.02863999200008,
                12.901832710000065
              ],
              [
                124.02861906900011,
                12.90184212500003
              ],
              [
                124.02858044000004,
                12.901843696000071
              ],
              [
                124.02856917300005,
                12.901849973000026
              ],
              [
                124.02856756400001,
                12.901856249000048
              ],
              [
                124.02856917500003,
                12.901868800000045
              ],
              [
                124.0285981510001,
                12.901925278000022
              ],
              [
                124.02860137200003,
                12.901947243000052
              ],
              [
                124.02859815300008,
                12.901953519000074
              ],
              [
                124.02859493400001,
                12.901958226000033
              ],
              [
                124.02858849600011,
                12.90196293300005
              ],
              [
                124.02857401100005,
                12.901969210000061
              ],
              [
                124.02855308700009,
                12.901973918000067
              ],
              [
                124.02853860100004,
                12.901973919000056
              ],
              [
                124.02849836400003,
                12.901984904000074
              ],
              [
                124.0284903160001,
                12.901984905000063
              ],
              [
                124.028467782,
                12.901980200000025
              ],
              [
                124.0284549050001,
                12.90197392500005
              ],
              [
                124.02843880900002,
                12.901961375000042
              ],
              [
                124.02843236900003,
                12.901945686000033
              ],
              [
                124.02843236800004,
                12.90192372100006
              ],
              [
                124.02843397600009,
                12.901911170000062
              ],
              [
                124.02842753700008,
                12.901898619000065
              ],
              [
                124.0284114420001,
                12.901898620000054
              ],
              [
                124.02839695600005,
                12.90190332800006
              ],
              [
                124.02838730000008,
                12.901914311000041
              ],
              [
                124.02838247300008,
                12.901931569000055
              ],
              [
                124.02838569300002,
                12.901945689000058
              ],
              [
                124.02839535200008,
                12.901973929000064
              ],
              [
                124.02840662000006,
                12.901992755000038
              ],
              [
                124.0284275460001,
                12.902011581000068
              ],
              [
                124.02843559400003,
                12.902016287000038
              ],
              [
                124.02846456600003,
                12.902025698000045
              ],
              [
                124.02848710100011,
                12.902039817000059
              ],
              [
                124.02849193000009,
                12.90204766100004
              ],
              [
                124.02849032100005,
                12.902053937000062
              ],
              [
                124.02848549300006,
                12.902060213000027
              ],
              [
                124.0284645690001,
                12.902066490000038
              ],
              [
                124.02844847400002,
                12.902066491000028
              ],
              [
                124.02844203600011,
                12.902068060000033
              ],
              [
                124.02843398900006,
                12.902072768000039
              ],
              [
                124.02842916100008,
                12.902080612000077
              ],
              [
                124.02842916200007,
                12.902096302000075
              ],
              [
                124.02843560100007,
                12.902115128000048
              ],
              [
                124.02843399200003,
                12.90212140400007
              ],
              [
                124.02843077300008,
                12.90212611100003
              ],
              [
                124.02841789700005,
                12.90212924900004
              ],
              [
                124.02840824000009,
                12.90212925000003
              ],
              [
                124.0283680010001,
                12.902119840000069
              ],
              [
                124.02834707700003,
                12.902129254000045
              ],
              [
                124.02834064000001,
                12.90213396200005
              ],
              [
                124.02833259300007,
                12.902144945000032
              ],
              [
                124.02833098300005,
                12.902149651000059
              ],
              [
                124.02833098500003,
                12.902166909000073
              ],
              [
                124.02833259500005,
                12.902174754000043
              ],
              [
                124.02834386300003,
                12.902195149000022
              ],
              [
                124.02835191200006,
                12.90220299300006
              ],
              [
                124.02836478900008,
                12.902212405000057
              ],
              [
                124.02837283600002,
                12.902212405000057
              ],
              [
                124.02838732200007,
                12.90220455900004
              ],
              [
                124.02840019700011,
                12.902195145000064
              ],
              [
                124.02841468300005,
                12.902196713000023
              ],
              [
                124.02842595100003,
                12.902204557000061
              ],
              [
                124.02844687700008,
                12.902228089000062
              ],
              [
                124.02846136300002,
                12.90224063900007
              ],
              [
                124.02847585100005,
                12.902261034000048
              ],
              [
                124.02847746100008,
                12.902273585000046
              ],
              [
                124.02847585200004,
                12.902279861000068
              ],
              [
                124.02847263400008,
                12.902287706000038
              ],
              [
                124.02846619600007,
                12.902292413000055
              ],
              [
                124.02845975800005,
                12.90229398200006
              ],
              [
                124.02844527200011,
                12.902292414000044
              ],
              [
                124.02842434700005,
                12.902286140000058
              ],
              [
                124.02841469000009,
                12.902284572000042
              ],
              [
                124.02839698500009,
                12.902284573000031
              ],
              [
                124.02837606100002,
                12.902292419000048
              ],
              [
                124.02836640500004,
                12.902301833000024
              ],
              [
                124.02834870200002,
                12.902326937000055
              ],
              [
                124.02834226400012,
                12.902339489000042
              ],
              [
                124.02833743700012,
                12.902353610000034
              ],
              [
                124.02834065700006,
                12.902370867000059
              ],
              [
                124.02834548700002,
                12.90237871200003
              ],
              [
                124.02838411800008,
                12.902403811000056
              ],
              [
                124.02839055600009,
                12.902410087000021
              ],
              [
                124.02839055700008,
                12.902417931000059
              ],
              [
                124.02838572900009,
                12.902430483000046
              ],
              [
                124.0283809010001,
                12.902436759000068
              ],
              [
                124.02836802500008,
                12.902439898000068
              ],
              [
                124.02836158600007,
                12.902438329000063
              ],
              [
                124.02834871000005,
                12.902438330000052
              ],
              [
                124.02830364200008,
                12.902425782000023
              ],
              [
                124.02828432700005,
                12.902424214000064
              ],
              [
                124.02824165700008,
                12.902428231000044
              ],
              [
                124.02821268500009,
                12.90242823400007
              ],
              [
                124.0282014180001,
                12.902426665000064
              ],
              [
                124.02819337000005,
                12.902429804000064
              ],
              [
                124.02819015200009,
                12.90243608000003
              ],
              [
                124.02818693400002,
                12.902450200000033
              ],
              [
                124.02817888700008,
                12.902462752000076
              ],
              [
                124.02817244900007,
                12.90246589000003
              ],
              [
                124.0281563530001,
                12.902467460000025
              ],
              [
                124.028140258,
                12.902467462000061
              ],
              [
                124.02812094300009,
                12.902462756000034
              ],
              [
                124.02811450500008,
                12.902462757000023
              ],
              [
                124.02810001800003,
                12.902456482000048
              ],
              [
                124.0280678260001,
                12.90244707100004
              ],
              [
                124.02805012100009,
                12.90244707200003
              ],
              [
                124.02803724500006,
                12.90245334900004
              ],
              [
                124.02803241700008,
                12.902459625000063
              ],
              [
                124.02803080800004,
                12.902465900000038
              ],
              [
                124.02803241800007,
                12.902476883000077
              ],
              [
                124.02803724800003,
                12.902484727000058
              ],
              [
                124.02804851500002,
                12.902492571000039
              ],
              [
                124.02805656300006,
                12.90249570800006
              ],
              [
                124.02807909700005,
                12.902500413000041
              ],
              [
                124.02809519300001,
                12.902500412000052
              ],
              [
                124.02810163100003,
                12.902501980000068
              ],
              [
                124.02812738500006,
                12.902514530000076
              ],
              [
                124.02813865200005,
                12.902525511000022
              ],
              [
                124.0281418720001,
                12.902530218000038
              ],
              [
                124.02814348200002,
                12.90253649300007
              ],
              [
                124.02814348200002,
                12.902544338000041
              ],
              [
                124.02813865500002,
                12.902558458000044
              ],
              [
                124.02813543600007,
                12.90256316500006
              ],
              [
                124.02812899800006,
                12.902569441000026
              ],
              [
                124.02812256000004,
                12.902572580000026
              ],
              [
                124.02810646500006,
                12.902575719000026
              ],
              [
                124.02809037000009,
                12.902575720000073
              ],
              [
                124.02806944500003,
                12.90257258400004
              ],
              [
                124.02805656900011,
                12.90257258400004
              ],
              [
                124.02804691200004,
                12.902577292000046
              ],
              [
                124.02802598900007,
                12.90259455100005
              ],
              [
                124.02801150300002,
                12.902600828000061
              ],
              [
                124.02799540800004,
                12.90260082900005
              ],
              [
                124.02798897000002,
                12.902599261000034
              ],
              [
                124.02796804500008,
                12.902589849000037
              ],
              [
                124.02793746200007,
                12.902571024000054
              ],
              [
                124.02792297600001,
                12.902569456000037
              ],
              [
                124.02791653800011,
                12.902572594000048
              ],
              [
                124.02791171000001,
                12.902577301000065
              ],
              [
                124.02790688200002,
                12.902589853000052
              ],
              [
                124.02790849200005,
                12.902597697000033
              ],
              [
                124.02791815100011,
                12.902616524000052
              ],
              [
                124.02791815100011,
                12.902624368000033
              ],
              [
                124.02790205800011,
                12.902657316000045
              ],
              [
                124.02789401100006,
                12.902668299000027
              ],
              [
                124.0278795260001,
                12.902676145000044
              ],
              [
                124.02786343100001,
                12.902682422000055
              ],
              [
                124.02784894500007,
                12.90268399100006
              ],
              [
                124.02782319300002,
                12.902694976000078
              ],
              [
                124.0278103170001,
                12.902704390000054
              ],
              [
                124.02779583300003,
                12.902721649000057
              ],
              [
                124.02779422300011,
                12.902727925000022
              ],
              [
                124.02778456700003,
                12.902746752000041
              ],
              [
                124.0277733040001,
                12.90279225100005
              ],
              [
                124.0277620390001,
                12.902817355000025
              ],
              [
                124.02775238400011,
                12.902848733000042
              ],
              [
                124.02775077600006,
                12.90286442300004
              ],
              [
                124.02775077800004,
                12.902894232000051
              ],
              [
                124.0277539980001,
                12.90291305900007
              ],
              [
                124.02776204700001,
                12.902925609000022
              ],
              [
                124.02777814300009,
                12.902939728000035
              ],
              [
                124.02780228800009,
                12.902955416000054
              ],
              [
                124.02781677500002,
                12.902967966000062
              ],
              [
                124.02782482300006,
                12.902977379000049
              ],
              [
                124.02782804300011,
                12.90298522300003
              ],
              [
                124.02783287300008,
                12.903008757000066
              ],
              [
                124.02783287500006,
                12.903032290000056
              ],
              [
                124.0278360960001,
                12.90305425500003
              ],
              [
                124.02784575400005,
                12.90307308100006
              ],
              [
                124.02785058300003,
                12.903079356000035
              ],
              [
                124.02785702200003,
                12.903082494000046
              ],
              [
                124.02786185100001,
                12.903087200000073
              ],
              [
                124.02790048100007,
                12.903096611000024
              ],
              [
                124.0279197960001,
                12.903106023000078
              ],
              [
                124.02792462500008,
                12.903112298000053
              ],
              [
                124.0279262360001,
                12.90312171200003
              ],
              [
                124.02791979800008,
                12.903135832000032
              ],
              [
                124.02790692300005,
                12.903143678000049
              ],
              [
                124.02787634200001,
                12.903151524000066
              ],
              [
                124.02784898000004,
                12.903157802000067
              ],
              [
                124.02783288400008,
                12.903157803000056
              ],
              [
                124.02781839800002,
                12.903154666000034
              ],
              [
                124.02779103500006,
                12.903142117000073
              ],
              [
                124.0277685000001,
                12.903123291000043
              ],
              [
                124.02775401300005,
                12.903120155000067
              ],
              [
                124.02774596600011,
                12.903120155000067
              ],
              [
                124.02772987000003,
                12.903124863000073
              ],
              [
                124.02771860500002,
                12.90314526000003
              ],
              [
                124.02771216700012,
                12.903148398000042
              ],
              [
                124.02770411900008,
                12.903148398000042
              ],
              [
                124.0276703180001,
                12.903137418000028
              ],
              [
                124.0276349070001,
                12.90312016300004
              ],
              [
                124.02762524900004,
                12.903113888000064
              ],
              [
                124.0276043230001,
                12.903090356000064
              ],
              [
                124.02759949400001,
                12.903087218000053
              ],
              [
                124.02758983600006,
                12.903074667000055
              ],
              [
                124.0275737390001,
                12.903062117000047
              ],
              [
                124.02755925300005,
                12.903057412000067
              ],
              [
                124.02754637700002,
                12.903060550000077
              ],
              [
                124.02754154900003,
                12.903063688000032
              ],
              [
                124.02753672000006,
                12.903069964000053
              ],
              [
                124.02753028300003,
                12.903084085000046
              ],
              [
                124.02752545700002,
                12.903126446000044
              ],
              [
                124.02751741200007,
                12.903153118000034
              ],
              [
                124.02749649000009,
                12.903190773000063
              ],
              [
                124.02749488100005,
                12.903197049000028
              ],
              [
                124.02748361600004,
                12.903217446000042
              ],
              [
                124.02747878800005,
                12.90322999700004
              ],
              [
                124.02747074100012,
                12.903242549000026
              ],
              [
                124.02746108500003,
                12.903253532000065
              ],
              [
                124.02745625600005,
                12.903256670000076
              ],
              [
                124.02744820800001,
                12.90325824000007
              ],
              [
                124.0274353320001,
                12.903256672000055
              ],
              [
                124.02742406400012,
                12.903244121000057
              ],
              [
                124.02742084500005,
                12.903237846000025
              ],
              [
                124.027417624,
                12.903214312000046
              ],
              [
                124.02741440400007,
                12.903201761000048
              ],
              [
                124.02740957500009,
                12.903193917000067
              ],
              [
                124.02739669800008,
                12.90318921100004
              ],
              [
                124.02738865000003,
                12.90318921200003
              ],
              [
                124.02738221200002,
                12.90319235000004
              ],
              [
                124.02737255600005,
                12.903204902000027
              ],
              [
                124.0273693370001,
                12.90321117800005
              ],
              [
                124.0273645100001,
                12.903230005000069
              ],
              [
                124.02735646300005,
                12.903244126000061
              ],
              [
                124.0273532440001,
                12.903253539000048
              ],
              [
                124.02733876000002,
                12.903280212000027
              ],
              [
                124.02733232300011,
                12.903288057000054
              ],
              [
                124.02732749400002,
                12.90329276400007
              ],
              [
                124.02728886700004,
                12.903314731000023
              ],
              [
                124.02727599100001,
                12.903324146000045
              ],
              [
                124.02726150600006,
                12.903338267000038
              ],
              [
                124.02724380200004,
                12.90335238800003
              ],
              [
                124.02721000300005,
                12.903386907000026
              ],
              [
                124.02717814700009,
                12.903414884000028
              ],
              [
                124.02715561600007,
                12.903449402000035
              ],
              [
                124.02714435100006,
                12.903472936000071
              ],
              [
                124.02714113200011,
                12.903485488000058
              ],
              [
                124.02713791400004,
                12.903491764000023
              ],
              [
                124.02713308700004,
                12.903520004000029
              ],
              [
                124.02713308700004,
                12.903527849000056
              ],
              [
                124.02712986900008,
                12.903543538000065
              ],
              [
                124.02712665100012,
                12.90354981400003
              ],
              [
                124.02711699400004,
                12.903559228000063
              ],
              [
                124.02709768000011,
                12.90357178100004
              ],
              [
                124.02707675700003,
                12.903590609000048
              ],
              [
                124.02706710100006,
                12.903607868000051
              ],
              [
                124.02706549200002,
                12.903617281000038
              ],
              [
                124.02706710200005,
                12.90362355700006
              ],
              [
                124.02707837000003,
                12.903642383000033
              ],
              [
                124.02710412500005,
                12.903665915000033
              ],
              [
                124.02711217300009,
                12.90367062100006
              ],
              [
                124.027120222,
                12.903681603000052
              ],
              [
                124.02712183200003,
                12.903687879000074
              ],
              [
                124.02712183200003,
                12.903695723000055
              ],
              [
                124.02711861400007,
                12.903711412000064
              ],
              [
                124.02710252100007,
                12.90375063600004
              ],
              [
                124.02709125700005,
                12.903789860000074
              ],
              [
                124.02708965000011,
                12.903819669000029
              ],
              [
                124.02708482300011,
                12.903852617000041
              ],
              [
                124.02707516700002,
                12.903863600000022
              ],
              [
                124.02707033800004,
                12.903866738000033
              ],
              [
                124.02704941400009,
                12.90387144600004
              ],
              [
                124.02704297600008,
                12.90387458400005
              ],
              [
                124.02702849100001,
                12.903887136000037
              ],
              [
                124.02702366300002,
                12.903894981000064
              ],
              [
                124.02701400700005,
                12.903918515000043
              ],
              [
                124.02700918000005,
                12.903940480000074
              ],
              [
                124.0270059610001,
                12.903946756000039
              ],
              [
                124.02700274300003,
                12.903959308000026
              ],
              [
                124.02697216600006,
                12.904023635000044
              ],
              [
                124.02696733800008,
                12.904036187000031
              ],
              [
                124.02696251100008,
                12.904056583000056
              ],
              [
                124.02694963700003,
                12.904089531000068
              ],
              [
                124.02694159000009,
                12.904106789000025
              ],
              [
                124.02693193400012,
                12.904120910000074
              ],
              [
                124.02691905800009,
                12.904131893000056
              ],
              [
                124.02689974400005,
                12.904141308000021
              ],
              [
                124.0268852580001,
                12.904144447000022
              ],
              [
                124.02687077200005,
                12.904144448000068
              ],
              [
                124.02685789600002,
                12.90413974200004
              ],
              [
                124.0268498480001,
                12.90413974200004
              ],
              [
                124.02683053400006,
                12.904150726000069
              ],
              [
                124.02682892500002,
                12.904157002000034
              ],
              [
                124.026828926,
                12.904171122000037
              ],
              [
                124.02682409800002,
                12.904183673000034
              ],
              [
                124.02681444100006,
                12.904196225000021
              ],
              [
                124.02680317500005,
                12.90420720800006
              ],
              [
                124.02679190900005,
                12.904222898000057
              ],
              [
                124.02678708200006,
                12.90423701900005
              ],
              [
                124.02678708300004,
                12.904257414000028
              ],
              [
                124.02678225500006,
                12.904265259000056
              ],
              [
                124.02677581700004,
                12.904271535000078
              ],
              [
                124.02676455000005,
                12.904273105000073
              ],
              [
                124.02674201600007,
                12.90426683100003
              ],
              [
                124.02672753000002,
                12.904266832000076
              ],
              [
                124.02671948300008,
                12.90426997000003
              ],
              [
                124.02671143500004,
                12.904276246000052
              ],
              [
                124.0267033880001,
                12.904288798000039
              ],
              [
                124.02671143700002,
                12.904307624000069
              ],
              [
                124.02671465800006,
                12.904329589000042
              ],
              [
                124.02671144100009,
                12.904356261000032
              ],
              [
                124.0267066130001,
                12.904375088000052
              ],
              [
                124.02669212900003,
                12.904406467000058
              ],
              [
                124.0266792540001,
                12.904415881000034
              ],
              [
                124.02667120600006,
                12.904419020000034
              ],
              [
                124.02665511100008,
                12.904431572000021
              ],
              [
                124.02664706400003,
                12.904444124000065
              ],
              [
                124.0266454560001,
                12.904456675000063
              ],
              [
                124.02664646300002,
                12.904496552000069
              ],
              [
                124.0266448540001,
                12.904502828000034
              ],
              [
                124.02664324600005,
                12.904532638000035
              ],
              [
                124.02663359100006,
                12.90455617200007
              ],
              [
                124.0266239340001,
                12.904573430000028
              ],
              [
                124.02661105800007,
                12.904578138000034
              ],
              [
                124.02660301000003,
                12.904578139000023
              ],
              [
                124.02659174300004,
                12.904571864000047
              ],
              [
                124.02657725600011,
                12.904553038000074
              ],
              [
                124.0265643780001,
                12.904527936000022
              ],
              [
                124.02656276800008,
                12.904521660000057
              ],
              [
                124.02654828000004,
                12.904494990000046
              ],
              [
                124.02652574500007,
                12.904476164000073
              ],
              [
                124.02649999100004,
                12.904469891000076
              ],
              [
                124.02648711400002,
                12.904462047000038
              ],
              [
                124.02647745600007,
                12.904451065000046
              ],
              [
                124.02645813900006,
                12.904408706000027
              ],
              [
                124.02644043300006,
                12.904396156000075
              ],
              [
                124.02643399400006,
                12.904397725000024
              ],
              [
                124.02642755700003,
                12.90440243200004
              ],
              [
                124.02640824200012,
                12.904408709000052
              ],
              [
                124.02637444200002,
                12.904416556000058
              ],
              [
                124.02636639400009,
                12.904418125000063
              ],
              [
                124.02635029900011,
                12.904418126000053
              ],
              [
                124.02632132700012,
                12.904422835000048
              ],
              [
                124.02630684100006,
                12.90442911100007
              ],
              [
                124.02630040400004,
                12.904441663000057
              ],
              [
                124.02630201500006,
                12.904460490000076
              ],
              [
                124.02630523500011,
                12.904473041000074
              ],
              [
                124.02632133300006,
                12.90450598700005
              ],
              [
                124.02632777100007,
                12.904515400000037
              ],
              [
                124.026355136,
                12.904546776000075
              ],
              [
                124.02640503700002,
                12.904615805000049
              ],
              [
                124.02642274400012,
                12.904636200000027
              ],
              [
                124.02644849900003,
                12.90467385200003
              ],
              [
                124.02650000900007,
                12.904730329000074
              ],
              [
                124.02656439500004,
                12.904782099000045
              ],
              [
                124.02659497800005,
                12.90480406200004
              ],
              [
                124.02660463600012,
                12.904808768000066
              ],
              [
                124.02664487700008,
                12.904838575000042
              ],
              [
                124.02677364700003,
                12.904902892000052
              ],
              [
                124.02683159300011,
                12.904926422000074
              ],
              [
                124.02687505200004,
                12.904942108000057
              ],
              [
                124.02693621700007,
                12.904959362000056
              ],
              [
                124.02700221100008,
                12.904982891000031
              ],
              [
                124.02705050000009,
                12.905004853000037
              ],
              [
                124.02707947300007,
                12.90501583400004
              ],
              [
                124.02710844600006,
                12.905029952000064
              ],
              [
                124.0271164940001,
                12.905031520000023
              ],
              [
                124.02712615200005,
                12.90503622600005
              ],
              [
                124.02716961200008,
                12.905050344000074
              ],
              [
                124.0271824890001,
                12.905053481000039
              ],
              [
                124.0273273890001,
                12.905073369000036
              ],
              [
                124.02737406800009,
                12.90508905400003
              ],
              [
                124.0273869450001,
                12.905095329000062
              ],
              [
                124.0274159170001,
                12.905103172000054
              ],
              [
                124.02744971900006,
                12.905114152000067
              ],
              [
                124.02746420500011,
                12.905120427000043
              ],
              [
                124.02751732200011,
                12.905136112000037
              ],
              [
                124.02757365800005,
                12.905148659000076
              ],
              [
                124.02766540400012,
                12.90516277300003
              ],
              [
                124.02769115800004,
                12.905169047000072
              ],
              [
                124.02772335000009,
                12.905180027000029
              ],
              [
                124.02773300700005,
                12.905181596000034
              ],
              [
                124.02774427500003,
                12.905187870000077
              ],
              [
                124.02780222100012,
                12.905211400000042
              ],
              [
                124.02780866000012,
                12.905216106000069
              ],
              [
                124.02784729100006,
                12.905234931000052
              ],
              [
                124.02787304500009,
                12.905250618000025
              ],
              [
                124.02787787400007,
                12.905255324000052
              ],
              [
                124.02789075100009,
                12.905261599000028
              ],
              [
                124.02789558000006,
                12.905266306000044
              ],
              [
                124.02791006700011,
                12.905274149000036
              ],
              [
                124.02791489600008,
                12.905278856000052
              ],
              [
                124.027947089,
                12.905297680000047
              ],
              [
                124.027977673,
                12.905321212000047
              ],
              [
                124.02800825600002,
                12.905338468000025
              ],
              [
                124.02804044800007,
                12.905351017000044
              ],
              [
                124.02806781200002,
                12.90535729100003
              ],
              [
                124.02816277800002,
                12.90537140400005
              ],
              [
                124.02818853200006,
                12.905372972000066
              ],
              [
                124.02820462800003,
                12.905376108000041
              ],
              [
                124.02823842900011,
                12.905379244000073
              ],
              [
                124.0282561350001,
                12.905377674000022
              ],
              [
                124.02816653200011,
                12.905788247000032
              ],
              [
                124.02816169800008,
                12.905792960000042
              ],
              [
                124.02815525300002,
                12.905796101000021
              ],
              [
                124.02812785900005,
                12.905800815000077
              ],
              [
                124.0281036880001,
                12.905800817000056
              ],
              [
                124.02809079700012,
                12.90580238900003
              ],
              [
                124.02807468300011,
                12.905800819000035
              ],
              [
                124.02806018000001,
                12.905802391000066
              ],
              [
                124.0280247290001,
                12.90579611100003
              ],
              [
                124.0279957240001,
                12.90579297100004
              ],
              [
                124.02794093600005,
                12.905794546000038
              ],
              [
                124.027919988,
                12.905797689000053
              ],
              [
                124.02789904000008,
                12.905797690000043
              ],
              [
                124.02789581700006,
                12.905799261000027
              ],
              [
                124.02783780700008,
                12.905805548000046
              ],
              [
                124.02780074500004,
                12.90581183300003
              ],
              [
                124.02779913400002,
                12.905813404000071
              ],
              [
                124.0277636830001,
                12.90581811800007
              ],
              [
                124.02776207200009,
                12.905819689000054
              ],
              [
                124.02772178700002,
                12.905824404000043
              ],
              [
                124.02764121700011,
                12.905822839000052
              ],
              [
                124.02761221100002,
                12.905819700000052
              ],
              [
                124.02753325200001,
                12.905805569000051
              ],
              [
                124.02750424600003,
                12.905802429000062
              ],
              [
                124.02746073800006,
                12.90580243200003
              ],
              [
                124.02744462400005,
                12.90580400400006
              ],
              [
                124.02737211200008,
                12.905818145000069
              ],
              [
                124.02733827300005,
                12.905829142000073
              ],
              [
                124.02730282300001,
                12.90583699800004
              ],
              [
                124.0272834860001,
                12.905843282000035
              ],
              [
                124.02725448100011,
                12.905847996000034
              ],
              [
                124.0272222540001,
                12.905855852000059
              ],
              [
                124.02719969400005,
                12.905863707000037
              ],
              [
                124.02716650900004,
                12.905883517000063
              ],
              [
                124.027163287,
                12.905888230000073
              ],
              [
                124.02715039600002,
                12.905896084000062
              ],
              [
                124.02710850000005,
                12.90590865300004
              ],
              [
                124.02706016000002,
                12.905930646000058
              ],
              [
                124.02703437800005,
                12.90594792500002
              ],
              [
                124.02699892900011,
                12.905980912000075
              ],
              [
                124.02697153800011,
                12.906017040000052
              ],
              [
                124.0269570370001,
                12.906043743000055
              ],
              [
                124.02692481200006,
                12.906090866000056
              ],
              [
                124.02690870100002,
                12.906125423000049
              ],
              [
                124.02689420100012,
                12.90617254500006
              ],
              [
                124.02687808900009,
                12.906203960000028
              ],
              [
                124.02687808900009,
                12.906207101000064
              ],
              [
                124.0268539220001,
                12.906262077000065
              ],
              [
                124.026842643,
                12.906280926000022
              ],
              [
                124.02682975400012,
                12.906309199000077
              ],
              [
                124.02681686400001,
                12.90632647800004
              ],
              [
                124.02680236300012,
                12.906351610000058
              ],
              [
                124.0267733600001,
                12.906389309000076
              ],
              [
                124.02675724700009,
                12.906406587000049
              ],
              [
                124.026733078,
                12.906425437000053
              ],
              [
                124.02672663300007,
                12.906433291000042
              ],
              [
                124.02672018700002,
                12.906438004000051
              ],
              [
                124.02669440700004,
                12.906469419000075
              ],
              [
                124.02668151700004,
                12.906488269000022
              ],
              [
                124.0266750720001,
                12.906505547000052
              ],
              [
                124.02667346200008,
                12.90652125400004
              ],
              [
                124.02667507500007,
                12.906538531000024
              ],
              [
                124.0266799100001,
                12.906552667000028
              ],
              [
                124.026683133,
                12.906557379000049
              ],
              [
                124.02669280200007,
                12.906565232000048
              ],
              [
                124.02669924800011,
                12.906568373000027
              ],
              [
                124.02672019600004,
                12.906571513000074
              ],
              [
                124.0267443670001,
                12.906566800000064
              ],
              [
                124.02676853800006,
                12.906554232000076
              ],
              [
                124.0267878730001,
                12.906538524000041
              ],
              [
                124.02679915300007,
                12.906532241000036
              ],
              [
                124.02680721000002,
                12.906530669000063
              ],
              [
                124.02681526700007,
                12.906533810000042
              ],
              [
                124.026823325,
                12.906540093000046
              ],
              [
                124.02683460500009,
                12.906554228000061
              ],
              [
                124.0268378290001,
                12.906560511000066
              ],
              [
                124.026841052,
                12.906571505000045
              ],
              [
                124.02684105300011,
                12.90657778800005
              ],
              [
                124.0268410540001,
                12.906593495000038
              ],
              [
                124.02683783200007,
                12.906606061000048
              ],
              [
                124.02683138700002,
                12.906620198000041
              ],
              [
                124.02680399600001,
                12.906667321000043
              ],
              [
                124.02679755200006,
                12.906681457000047
              ],
              [
                124.02679271900001,
                12.90670344700004
              ],
              [
                124.0267911090001,
                12.90671601300005
              ],
              [
                124.02679111700002,
                12.906843240000057
              ],
              [
                124.02679434200002,
                12.906874654000035
              ],
              [
                124.02679756600003,
                12.906890361000023
              ],
              [
                124.02680079000004,
                12.906898214000023
              ],
              [
                124.02680723700007,
                12.906926486000032
              ],
              [
                124.02683141300008,
                12.906990884000038
              ],
              [
                124.02685392700005,
                12.907079126000042
              ],
              [
                124.02685070400003,
                12.907085409000047
              ],
              [
                124.02684587200008,
                12.907105828000056
              ],
              [
                124.02684587300007,
                12.907121535000044
              ],
              [
                124.02684265100004,
                12.907134101000054
              ],
              [
                124.02684265100004,
                12.907141954000053
              ],
              [
                124.0268378190001,
                12.907170227000051
              ],
              [
                124.02683782000008,
                12.90718593400004
              ],
              [
                124.02683298800002,
                12.907214207000038
              ],
              [
                124.02682654300008,
                12.907226773000048
              ],
              [
                124.02682170900005,
                12.907233056000052
              ],
              [
                124.0268152640001,
                12.907237769000062
              ],
              [
                124.0267991500001,
                12.907242482000072
              ],
              [
                124.02679109300004,
                12.907240912000077
              ],
              [
                124.02677175600002,
                12.907234630000062
              ],
              [
                124.02676047500006,
                12.907225207000067
              ],
              [
                124.02675241700001,
                12.907212642000047
              ],
              [
                124.02673952400005,
                12.907185941000023
              ],
              [
                124.02673791200004,
                12.907178087000034
              ],
              [
                124.02673790900008,
                12.907140390000052
              ],
              [
                124.02674113100011,
                12.907123113000068
              ],
              [
                124.02674274200001,
                12.907121542000027
              ],
              [
                124.02674918500009,
                12.907080703000076
              ],
              [
                124.0267491840001,
                12.907057143000031
              ],
              [
                124.02674596000008,
                12.907039865000058
              ],
              [
                124.02673790100005,
                12.90702415900006
              ],
              [
                124.02672501000006,
                12.907019448000028
              ],
              [
                124.02671856400002,
                12.907019448000028
              ],
              [
                124.02670567300004,
                12.907022590000054
              ],
              [
                124.02668956000002,
                12.907030445000032
              ],
              [
                124.02667828000006,
                12.907039870000062
              ],
              [
                124.0266702240001,
                12.907052436000072
              ],
              [
                124.02666377900005,
                12.907066572000076
              ],
              [
                124.02665089100003,
                12.907112124000037
              ],
              [
                124.0266476700001,
                12.907137255000066
              ],
              [
                124.02664767200008,
                12.907170240000028
              ],
              [
                124.02665089700008,
                12.907195371000057
              ],
              [
                124.02665089800007,
                12.907211077000056
              ],
              [
                124.02665251000008,
                12.907214219000025
              ],
              [
                124.02665573500008,
                12.90724563300006
              ],
              [
                124.02666379400011,
                12.907273905000068
              ],
              [
                124.02667346300007,
                12.907292752000046
              ],
              [
                124.026683133,
                12.907305317000066
              ],
              [
                124.02671697400001,
                12.907336729000065
              ],
              [
                124.02672503200006,
                12.907339870000044
              ],
              [
                124.02675403800004,
                12.907358716000033
              ],
              [
                124.0267959360001,
                12.907374421000043
              ],
              [
                124.02688617700005,
                12.907399546000022
              ],
              [
                124.0269731950001,
                12.907415247000074
              ],
              [
                124.02699575500003,
                12.907416816000023
              ],
              [
                124.02702959500004,
                12.907423097000049
              ],
              [
                124.0270376520001,
                12.907423097000049
              ],
              [
                124.0271004980001,
                12.907437229000038
              ],
              [
                124.02711339000007,
                12.907438799000033
              ],
              [
                124.02712144700001,
                12.907441939000023
              ],
              [
                124.0272455270001,
                12.90745763800004
              ],
              [
                124.027264865,
                12.90746234900007
              ],
              [
                124.02730354000005,
                12.907478054000023
              ],
              [
                124.02733415800003,
                12.907493759000033
              ],
              [
                124.027348662,
                12.907504753000069
              ],
              [
                124.02735510800005,
                12.907511035000027
              ],
              [
                124.0273615540001,
                12.907522029000063
              ],
              [
                124.02736800100001,
                12.907537736000052
              ],
              [
                124.02736961300002,
                12.907551872000056
              ],
              [
                124.02736155900004,
                12.907583287000023
              ],
              [
                124.02733900200008,
                12.907627268000056
              ],
              [
                124.02733739100006,
                12.907635122000045
              ],
              [
                124.02733739200005,
                12.907650829000033
              ],
              [
                124.02735189600003,
                12.907668106000074
              ],
              [
                124.02738251500011,
                12.907686952000063
              ],
              [
                124.02738896100004,
                12.907694805000062
              ],
              [
                124.02739057400004,
                12.90771836600004
              ],
              [
                124.02738090800005,
                12.907751351000059
              ],
              [
                124.02738252000006,
                12.907763917000068
              ],
              [
                124.02738896700009,
                12.907776482000031
              ],
              [
                124.02739541300002,
                12.907779623000067
              ],
              [
                124.02740991600001,
                12.907782763000057
              ],
              [
                124.02744053300012,
                12.907774908000022
              ],
              [
                124.02746309300005,
                12.907774906000043
              ],
              [
                124.02747920700006,
                12.907781188000058
              ],
              [
                124.02748404200008,
                12.907784329000037
              ],
              [
                124.02748887700011,
                12.907790612000042
              ],
              [
                124.02749210000002,
                12.907800036000026
              ],
              [
                124.027492101,
                12.907815743000072
              ],
              [
                124.02748887900009,
                12.907822026000076
              ],
              [
                124.02747437700009,
                12.90783616300007
              ],
              [
                124.02746471000012,
                12.907850301000053
              ],
              [
                124.02745987700007,
                12.907869149000021
              ],
              [
                124.02746569400006,
                12.90789994000005
              ],
              [
                124.0274737520001,
                12.907920359000059
              ],
              [
                124.02748825600008,
                12.907937635000053
              ],
              [
                124.02753015600001,
                12.907973758000026
              ],
              [
                124.02753660200005,
                12.907981611000025
              ],
              [
                124.02755594000007,
                12.907998888000066
              ],
              [
                124.02756883200004,
                12.908006740000076
              ],
              [
                124.02760750700008,
                12.908017733000065
              ],
              [
                124.02771063900002,
                12.90804128600007
              ],
              [
                124.02771708500006,
                12.90804442700005
              ],
              [
                124.02775092500008,
                12.90805227800007
              ],
              [
                124.02776381700005,
                12.90806013100007
              ],
              [
                124.02777671000001,
                12.90807583700007
              ],
              [
                124.02778476800006,
                12.908091543000069
              ],
              [
                124.0277928270001,
                12.908118245000026
              ],
              [
                124.02780088500003,
                12.908130810000046
              ],
              [
                124.02781538900001,
                12.90814808600004
              ],
              [
                124.02783795000005,
                12.908163792000039
              ],
              [
                124.02784923100012,
                12.908174786000075
              ],
              [
                124.02785728800006,
                12.908179497000049
              ],
              [
                124.02788629600002,
                12.908206197000027
              ],
              [
                124.0279346430001,
                12.908262739000065
              ],
              [
                124.027957205,
                12.908294151000064
              ],
              [
                124.02798460100007,
                12.908325563000062
              ],
              [
                124.02799588200003,
                12.908334987000046
              ],
              [
                124.02800877400011,
                12.908342839000056
              ],
              [
                124.0280232770001,
                12.90834755000003
              ],
              [
                124.02804583700004,
                12.908350690000077
              ],
              [
                124.02806034000002,
                12.908355401000051
              ],
              [
                124.02809095900011,
                12.90837896000005
              ],
              [
                124.02811029800012,
                12.908396236000044
              ],
              [
                124.02812157900007,
                12.908416654000064
              ],
              [
                124.02812641500009,
                12.908437073000073
              ],
              [
                124.02812641600008,
                12.908446497000057
              ],
              [
                124.02813769900001,
                12.90848890500007
              ],
              [
                124.02815381500011,
                12.908515606000037
              ],
              [
                124.0281699310001,
                12.908536024000057
              ],
              [
                124.02819571500004,
                12.908558012000071
              ],
              [
                124.02825373000007,
                12.908598847000064
              ],
              [
                124.02828757100008,
                12.908612981000033
              ],
              [
                124.02833269200005,
                12.908625543000028
              ],
              [
                124.02836814500006,
                12.908639677000053
              ],
              [
                124.02838909400009,
                12.908650670000043
              ],
              [
                124.02840359800007,
                12.908661664000022
              ],
              [
                124.02842293700007,
                12.908682082000041
              ],
              [
                124.02843905300006,
                12.908700930000066
              ],
              [
                124.0284454990001,
                12.908711924000045
              ],
              [
                124.02845678000006,
                12.908726060000049
              ],
              [
                124.0284648390001,
                12.908741766000048
              ],
              [
                124.02847128500002,
                12.908749619000048
              ],
              [
                124.02849223500004,
                12.908768466000026
              ],
              [
                124.02850996200004,
                12.908779460000062
              ],
              [
                124.02851640800009,
                12.908781030000057
              ],
              [
                124.02852446500003,
                12.908782601000041
              ],
              [
                124.02856152800007,
                12.908782598000073
              ],
              [
                124.02857442000004,
                12.908785739000052
              ],
              [
                124.02858731200001,
                12.908793591000062
              ],
              [
                124.028606652,
                12.908815580000066
              ],
              [
                124.02862599000002,
                12.90883285600006
              ],
              [
                124.02864210500002,
                12.908842280000044
              ],
              [
                124.02866144400002,
                12.908853273000034
              ],
              [
                124.02866789000007,
                12.908854843000029
              ],
              [
                124.02868239300005,
                12.908862696000028
              ],
              [
                124.02876797600004,
                12.908898582000063
              ],
              [
                124.02880665000009,
                12.908900150000022
              ],
              [
                124.028842101,
                12.908893865000039
              ],
              [
                124.02888238600008,
                12.908890721000034
              ],
              [
                124.02892428400003,
                12.908897
              ],
              [
                124.02894362100005,
                12.90890328200004
              ],
              [
                124.02895812500003,
                12.908909563000066
              ],
              [
                124.02899680100006,
                12.908939404000023
              ],
              [
                124.0290193620001,
                12.908951968000054
              ],
              [
                124.02903225400007,
                12.908956679000028
              ],
              [
                124.02903708800011,
                12.908956678000038
              ],
              [
                124.02905803700003,
                12.908962960000053
              ],
              [
                124.02908059800006,
                12.908972382000059
              ],
              [
                124.02910477000012,
                12.908978663000028
              ],
              [
                124.02917728600005,
                12.909003789000053
              ],
              [
                124.02921273900006,
                12.909027347000062
              ],
              [
                124.02922885400005,
                12.909041482000077
              ],
              [
                124.02927397600001,
                12.909068180000077
              ],
              [
                124.02933360100008,
                12.90909173600005
              ],
              [
                124.02935616200011,
                12.909098017000076
              ],
              [
                124.02943673400011,
                12.909115289000056
              ],
              [
                124.02945123800009,
                12.909121571000071
              ],
              [
                124.02949474800005,
                12.90914355700005
              ],
              [
                124.02952697900002,
                12.90916711500006
              ],
              [
                124.02953181300006,
                12.909173398000064
              ],
              [
                124.02954148300012,
                12.909181251000064
              ],
              [
                124.0295559870001,
                12.909201669000026
              ],
              [
                124.0295753260001,
                12.909218945000077
              ],
              [
                124.029578549,
                12.909225227000036
              ],
              [
                124.0295930530001,
                12.909237792000056
              ],
              [
                124.02961561400002,
                12.909253497000066
              ],
              [
                124.02969296700007,
                12.909294330000023
              ],
              [
                124.0297139160001,
                12.909303752000028
              ],
              [
                124.0297300310001,
                12.909314746000064
              ],
              [
                124.02978321100011,
                12.909343015000047
              ],
              [
                124.02978643400002,
                12.909343015000047
              ],
              [
                124.02980899500005,
                12.909352437000052
              ],
              [
                124.02983800100003,
                12.909358718000021
              ],
              [
                124.02990407100003,
                12.909361854000053
              ],
              [
                124.02991857400002,
                12.909364995000033
              ],
              [
                124.02993630100002,
                12.909380700000042
              ],
              [
                124.02994597100007,
                12.909393265000062
              ],
              [
                124.0299669210001,
                12.909407400000077
              ],
              [
                124.02997981400006,
                12.909418394000056
              ],
              [
                124.03000882100002,
                12.909432528000025
              ],
              [
                124.03006522400005,
                12.90945451400006
              ],
              [
                124.03008295000006,
                12.90945765400005
              ],
              [
                124.03011356700006,
                12.909457652000071
              ],
              [
                124.0301216250001,
                12.909459222000066
              ],
              [
                124.03016147800008,
                12.909470729000077
              ],
              [
                124.03016792400001,
                12.909473870000056
              ],
              [
                124.0301969300001,
                12.909478579000051
              ],
              [
                124.03022432500006,
                12.909486431000062
              ],
              [
                124.03023077000012,
                12.909486430000072
              ],
              [
                124.03023882800005,
                12.909489571000051
              ],
              [
                124.0302613880001,
                12.909494281000036
              ],
              [
                124.0302775030001,
                12.909494280000047
              ],
              [
                124.03028555900005,
                12.909491138000021
              ],
              [
                124.0303081190001,
                12.909486424000022
              ],
              [
                124.03031295300002,
                12.909483282000053
              ],
              [
                124.03033551300007,
                12.909478569000044
              ],
              [
                124.03034840400005,
                12.909478568000054
              ],
              [
                124.03035323800009,
                12.909476996000024
              ],
              [
                124.0304354210001,
                12.909478561000071
              ],
              [
                124.03045959300005,
                12.909481700000072
              ],
              [
                124.03051438200009,
                12.909494261000077
              ],
              [
                124.03055950400005,
                12.909514677000061
              ],
              [
                124.030603014,
                12.90952881000004
              ],
              [
                124.03066908400001,
                12.909544511000036
              ],
              [
                124.03067069500003,
                12.909546082000077
              ],
              [
                124.03073354300011,
                12.90956492500004
              ],
              [
                124.03077060600003,
                12.909574346000056
              ],
              [
                124.03083989800007,
                12.909580624000057
              ],
              [
                124.0308769620001,
                12.909588474000032
              ],
              [
                124.03090596800007,
                12.909597896000037
              ],
              [
                124.03091724900003,
                12.909604178000052
              ],
              [
                124.03093658700004,
                12.909618313000067
              ],
              [
                124.030968819,
                12.909648153000035
              ],
              [
                124.03100104900011,
                12.90966228700006
              ],
              [
                124.031018775,
                12.909666998000034
              ],
              [
                124.03103972400004,
                12.909670137000035
              ],
              [
                124.03104617000008,
                12.90967327800007
              ],
              [
                124.03105100500011,
                12.909679561000075
              ],
              [
                124.03105745200003,
                12.909698409000043
              ],
              [
                124.03106873400009,
                12.909718827000063
              ],
              [
                124.03107679200002,
                12.909728250000057
              ],
              [
                124.03109290700002,
                12.909740815000077
              ],
              [
                124.03109935300006,
                12.909743955000067
              ],
              [
                124.03111224500003,
                12.909747096000046
              ],
              [
                124.03112030200009,
                12.909747095000057
              ],
              [
                124.03114608400006,
                12.909736098000053
              ],
              [
                124.0311525300001,
                12.909731386000033
              ],
              [
                124.0311654200001,
                12.909715677000065
              ],
              [
                124.03117347700004,
                12.909710965000045
              ],
              [
                124.0311815340001,
                12.909710964000055
              ],
              [
                124.03120087200011,
                12.90972038700005
              ],
              [
                124.03121215300007,
                12.909734522000065
              ],
              [
                124.03122343500002,
                12.909754940000028
              ],
              [
                124.03124277400002,
                12.909770646000027
              ],
              [
                124.03126372300005,
                12.909778498000037
              ],
              [
                124.0312878950001,
                12.909781637000037
              ],
              [
                124.03130884400002,
                12.909787918000063
              ],
              [
                124.03131367900005,
                12.909792630000027
              ],
              [
                124.03132335100008,
                12.90982718500004
              ],
              [
                124.03132979700001,
                12.909833467000055
              ],
              [
                124.03134269000009,
                12.909841319000066
              ],
              [
                124.03138136500002,
                12.90984917000003
              ],
              [
                124.0314087590001,
                12.909847597000066
              ],
              [
                124.03142326200009,
                12.909844454000051
              ],
              [
                124.03144582200002,
                12.90984288200002
              ],
              [
                124.03145549100009,
                12.909844452000073
              ],
              [
                124.03147805200001,
                12.90985387400002
              ],
              [
                124.03148772200007,
                12.909861727000077
              ],
              [
                124.03149094500009,
                12.909869580000077
              ],
              [
                124.0314941690001,
                12.909883716000024
              ],
              [
                124.03149578400007,
                12.909921413000063
              ],
              [
                124.03149900800008,
                12.909929266000063
              ],
              [
                124.03150545500012,
                12.909941831000026
              ],
              [
                124.03151996000008,
                12.909962249000046
              ],
              [
                124.03153929900009,
                12.90997952600003
              ],
              [
                124.03155219100006,
                12.90998737800004
              ],
              [
                124.03155611800003,
                12.910009127000023
              ],
              [
                124.03155934200004,
                12.910016980000023
              ],
              [
                124.03158029200006,
                12.910042110000063
              ],
              [
                124.03161413500004,
                12.910071950000031
              ],
              [
                124.03161897000007,
                12.910078233000036
              ],
              [
                124.03165442400007,
                12.910100219000071
              ],
              [
                124.03168343000004,
                12.910112783000045
              ],
              [
                124.03169471100011,
                12.910115923000035
              ],
              [
                124.03172049400007,
                12.91011749200004
              ],
              [
                124.03173660800007,
                12.910114349000025
              ],
              [
                124.03175272100009,
                12.910100211000042
              ],
              [
                124.03177527900004,
                12.91007350700005
              ],
              [
                124.03178816800005,
                12.910053087000051
              ],
              [
                124.03180750100012,
                12.91000282300007
              ],
              [
                124.0318171670001,
                12.909969838000052
              ],
              [
                124.03182844500009,
                12.909944706000033
              ],
              [
                124.03183811200006,
                12.909933710000075
              ],
              [
                124.03186711600006,
                12.909910147000062
              ],
              [
                124.03188806300011,
                12.909896009000022
              ],
              [
                124.03190740000002,
                12.909886583000059
              ],
              [
                124.03193479300012,
                12.90987715700004
              ],
              [
                124.03196057600007,
                12.909875584000076
              ],
              [
                124.03199280500007,
                12.909881864000056
              ],
              [
                124.03202503400007,
                12.90988186100003
              ],
              [
                124.03203309100002,
                12.909883431000026
              ],
              [
                124.03208465700004,
                12.909881856000027
              ],
              [
                124.0320943260001,
                12.909883426000022
              ],
              [
                124.03217651000011,
                12.909884989000034
              ],
              [
                124.03217973300002,
                12.909886560000075
              ],
              [
                124.03219262400012,
                12.909886559000029
              ],
              [
                124.0322893120001,
                12.909902257000056
              ],
              [
                124.03230059300006,
                12.909902256000066
              ],
              [
                124.03238438900007,
                12.909914815000036
              ],
              [
                124.03242306400011,
                12.909914811000021
              ],
              [
                124.032455292,
                12.909911667000074
              ],
              [
                124.03247624100004,
                12.909905382000034
              ],
              [
                124.0325270300001,
                12.909878724000066
              ],
              [
                124.03254792200005,
                12.909863057000052
              ],
              [
                124.03258327900005,
                12.909844256000042
              ],
              [
                124.03260256400006,
                12.909830156000055
              ],
              [
                124.03262827800006,
                12.909808223000027
              ],
              [
                124.03263631200002,
                12.909790990000033
              ],
              [
                124.03272792100006,
                12.909787851000033
              ],
              [
                124.03272792200005,
                12.909795684000073
              ],
              [
                124.03273113700004,
                12.909803517000057
              ],
              [
                124.03273756600004,
                12.909806649000075
              ],
              [
                124.03275845900009,
                12.909805082000048
              ],
              [
                124.03277292400003,
                12.909808214000066
              ],
              [
                124.03278417400008,
                12.909814479000033
              ],
              [
                124.03279221100001,
                12.909828578000031
              ],
              [
                124.032795426,
                12.909841110000059
              ],
              [
                124.03278417800004,
                12.90987244200005
              ],
              [
                124.03278578600009,
                12.909878708000065
              ],
              [
                124.03279221500009,
                12.909889673000066
              ],
              [
                124.03280989500001,
                12.909900638000067
              ],
              [
                124.03281953900012,
                12.909913170000038
              ],
              [
                124.0328195400001,
                12.909927269000036
              ],
              [
                124.0328163260001,
                12.909939801000064
              ],
              [
                124.03282114900003,
                12.909952333000035
              ],
              [
                124.03282436400002,
                12.909957033000069
              ],
              [
                124.03283079300002,
                12.909961732000056
              ],
              [
                124.03287097300006,
                12.909975829000075
              ],
              [
                124.03288543800011,
                12.909983660000023
              ],
              [
                124.03289347500004,
                12.910002459000054
              ],
              [
                124.03289347600003,
                12.910016558000052
              ],
              [
                124.03289026200002,
                12.910022824000066
              ],
              [
                124.03287901300007,
                12.910032224000076
              ],
              [
                124.03287097800012,
                12.910044757000037
              ],
              [
                124.03287580200004,
                12.910077654000077
              ],
              [
                124.03288223100003,
                12.910090186000048
              ],
              [
                124.03290312600006,
                12.910107417000063
              ],
              [
                124.03291759000001,
                12.910107416000073
              ],
              [
                124.03293044800012,
                12.910113681000041
              ],
              [
                124.03293527000005,
                12.910118381000075
              ],
              [
                124.0329400930001,
                12.910130913000046
              ],
              [
                124.0329400930001,
                12.91013717900006
              ],
              [
                124.03293205900002,
                12.910170077000032
              ],
              [
                124.03293206,
                12.910185743000056
              ],
              [
                124.03293366800006,
                12.91019200900007
              ],
              [
                124.03294331200004,
                12.910202974000072
              ],
              [
                124.03295777700009,
                12.910207673000059
              ],
              [
                124.03296420600009,
                12.910207673000059
              ],
              [
                124.0329834910001,
                12.910199839000029
              ],
              [
                124.03299152700004,
                12.91019983800004
              ],
              [
                124.03300599200008,
                12.910202970000057
              ],
              [
                124.03301242100008,
                12.910206103000064
              ],
              [
                124.03302206500007,
                12.910217068000065
              ],
              [
                124.0330365320001,
                12.910242132000064
              ],
              [
                124.03303813900004,
                12.910248398000022
              ],
              [
                124.03304135700012,
                12.910298528000055
              ],
              [
                124.03303653800003,
                12.910332993000054
              ],
              [
                124.03303654100011,
                12.910369023000044
              ],
              [
                124.03303975600011,
                12.910383122000042
              ],
              [
                124.03304618600009,
                12.91039722100004
              ],
              [
                124.03305743700002,
                12.91040662000006
              ],
              [
                124.03306547300008,
                12.91040818600004
              ],
              [
                124.03308636600002,
                12.910401918000048
              ],
              [
                124.03310083100007,
                12.910403484000028
              ],
              [
                124.03311368900006,
                12.910411316000022
              ],
              [
                124.03311690400005,
                12.910417582000036
              ],
              [
                124.03312654800004,
                12.910428547000038
              ],
              [
                124.033149051,
                12.91045987700005
              ],
              [
                124.03315869500011,
                12.910477109000055
              ],
              [
                124.0331619110001,
                12.910492774000033
              ],
              [
                124.03316030400003,
                12.910500607000074
              ],
              [
                124.03314584100008,
                12.910517840000068
              ],
              [
                124.03312977000007,
                12.910533507000025
              ],
              [
                124.03312655600007,
                12.910539773000039
              ],
              [
                124.03312816400012,
                12.910553872000037
              ],
              [
                124.03313298700004,
                12.910567971000035
              ],
              [
                124.03313620200004,
                12.910574237000048
              ],
              [
                124.03315388200008,
                12.910589901000037
              ],
              [
                124.03316031100007,
                12.910593034000044
              ],
              [
                124.03319567000005,
                12.91060243100003
              ],
              [
                124.03320852800005,
                12.910610263000024
              ],
              [
                124.03321656500009,
                12.910619662000045
              ],
              [
                124.03321978100007,
                12.91063689400005
              ],
              [
                124.03321496,
                12.910655693000024
              ],
              [
                124.03321013900006,
                12.910663527000054
              ],
              [
                124.03319728200006,
                12.910672927000064
              ],
              [
                124.03318281800011,
                12.91067606100006
              ],
              [
                124.03316031700001,
                12.91067606200005
              ],
              [
                124.03307995600005,
                12.910663534000037
              ],
              [
                124.03299798900002,
                12.910660406000034
              ],
              [
                124.03299638100009,
                12.910658839000064
              ],
              [
                124.03298352400009,
                12.910657274000073
              ],
              [
                124.03291762900005,
                12.910654144000034
              ],
              [
                124.03289834200007,
                12.910651012000073
              ],
              [
                124.03284530400003,
                12.910646316000054
              ],
              [
                124.03283084000009,
                12.910646317000044
              ],
              [
                124.03280673200004,
                12.910643185000026
              ],
              [
                124.03278744500005,
                12.910643186000073
              ],
              [
                124.03277298000012,
                12.910640054000055
              ],
              [
                124.03275369300002,
                12.910629089000054
              ],
              [
                124.03274887100008,
                12.910624390000066
              ],
              [
                124.0327424410001,
                12.910605591000035
              ],
              [
                124.03273761900005,
                12.91059775900004
              ],
              [
                124.03273119000005,
                12.91059619300006
              ],
              [
                124.0327167260001,
                12.910600893000037
              ],
              [
                124.0326974400001,
                12.910610294000037
              ],
              [
                124.03267012000003,
                12.910629094000058
              ],
              [
                124.03265726300003,
                12.910641627000075
              ],
              [
                124.03263637200007,
                12.910672960000056
              ],
              [
                124.03263315800007,
                12.910682359000077
              ],
              [
                124.03263315800007,
                12.910687059000054
              ],
              [
                124.03264440900011,
                12.910693325000068
              ],
              [
                124.03266369500011,
                12.910694890000059
              ],
              [
                124.03267173100005,
                12.910691757000052
              ],
              [
                124.03267655200011,
                12.910687057000075
              ],
              [
                124.03267976600011,
                12.910680790000072
              ],
              [
                124.03268940900011,
                12.910674523000068
              ],
              [
                124.03269905200011,
                12.910674523000068
              ],
              [
                124.03270387400005,
                12.910676089000049
              ],
              [
                124.0327119100001,
                12.910683921000043
              ],
              [
                124.03271351800004,
                12.910694887000034
              ],
              [
                124.03271994800002,
                12.910708986000031
              ],
              [
                124.03273762800006,
                12.910718384000063
              ],
              [
                124.032748878,
                12.910719950000043
              ],
              [
                124.03276334300006,
                12.910715250000067
              ],
              [
                124.03277459200001,
                12.910707416000037
              ],
              [
                124.03279066400012,
                12.910701149000033
              ],
              [
                124.03280995000011,
                12.910696448000067
              ],
              [
                124.03282441500005,
                12.910698014000047
              ],
              [
                124.0328388800001,
                12.910702713000035
              ],
              [
                124.03285013000004,
                12.910707412000022
              ],
              [
                124.03289015000007,
                12.910730956000066
              ],
              [
                124.03290622300005,
                12.910746620000054
              ],
              [
                124.0329142600001,
                12.910759152000026
              ],
              [
                124.03291586800003,
                12.910771684000053
              ],
              [
                124.03291104800007,
                12.910792050000055
              ],
              [
                124.03291105000005,
                12.910817114000054
              ],
              [
                124.03290783800003,
                12.91085627800004
              ],
              [
                124.03290783800003,
                12.910864111000024
              ],
              [
                124.03291266000008,
                12.910868810000068
              ],
              [
                124.03292230300008,
                12.910868810000068
              ],
              [
                124.03294319600002,
                12.910864109000045
              ],
              [
                124.03296408900007,
                12.910851575000038
              ],
              [
                124.03298658800009,
                12.910829642000067
              ],
              [
                124.03300265900009,
                12.91081710900005
              ],
              [
                124.03300908800009,
                12.91081867500003
              ],
              [
                124.03304284,
                12.910848437000027
              ],
              [
                124.03306855700009,
                12.910867234000023
              ],
              [
                124.03307337800004,
                12.910871933000067
              ],
              [
                124.03307498600009,
                12.910878199000024
              ],
              [
                124.033060524,
                12.910909531000073
              ],
              [
                124.03305731000012,
                12.91092519700004
              ],
              [
                124.0330573120001,
                12.910947129000022
              ],
              [
                124.03306374200008,
                12.910973760000047
              ],
              [
                124.03307338700006,
                12.911000390000027
              ],
              [
                124.03309910500002,
                12.911048952000044
              ],
              [
                124.03312000100004,
                12.911075582000024
              ],
              [
                124.0331280370001,
                12.911083414000075
              ],
              [
                124.03314250300002,
                12.91110377800004
              ],
              [
                124.03314571800001,
                12.911105345000067
              ],
              [
                124.03315375400007,
                12.911116310000068
              ],
              [
                124.033159812,
                12.911122215000034
              ],
              [
                124.03316982700005,
                12.911131975000046
              ],
              [
                124.03322447500011,
                12.911177401000032
              ],
              [
                124.03323411800011,
                12.911182100000076
              ],
              [
                124.03323894000005,
                12.911186800000053
              ],
              [
                124.03326787100002,
                12.911204030000022
              ],
              [
                124.03330483800005,
                12.911233792000075
              ],
              [
                124.03333376900002,
                12.911254156000041
              ],
              [
                124.03333537600008,
                12.911257289000048
              ],
              [
                124.03336109300005,
                12.911277652000024
              ],
              [
                124.03339002400003,
                12.91130584800004
              ],
              [
                124.033402883,
                12.911321513000075
              ],
              [
                124.03340609800011,
                12.911332479000066
              ],
              [
                124.03340449200005,
                12.91135127800004
              ],
              [
                124.03338038700008,
                12.911390443000073
              ],
              [
                124.03337717400007,
                12.91140454200007
              ],
              [
                124.03337717500006,
                12.911426474000052
              ],
              [
                124.03338360700002,
                12.911460938000062
              ],
              [
                124.0333996810001,
                12.911492268000075
              ],
              [
                124.03343084300002,
                12.911589157000037
              ],
              [
                124.0334340600001,
                12.911628321000023
              ],
              [
                124.03343727600009,
                12.911647119000065
              ],
              [
                124.03344852900011,
                12.911694115000046
              ],
              [
                124.03345335200004,
                12.911705081000036
              ],
              [
                124.03345496000009,
                12.911716046000038
              ],
              [
                124.03346460500006,
                12.91174581000007
              ],
              [
                124.0334726420001,
                12.911767741000062
              ],
              [
                124.03351604300008,
                12.911857032000057
              ],
              [
                124.03352086500001,
                12.911863298000071
              ],
              [
                124.03353533100005,
                12.911891495000077
              ],
              [
                124.03357390800011,
                12.91195102100005
              ],
              [
                124.03358516000003,
                12.911974518000022
              ],
              [
                124.03363820400011,
                12.912066942000024
              ],
              [
                124.03365427900007,
                12.912112370000045
              ],
              [
                124.03365910200012,
                12.912137435000034
              ],
              [
                124.03368160900004,
                12.912215761000027
              ],
              [
                124.03370411300011,
                12.912267456000052
              ],
              [
                124.0337250120001,
                12.912334816000055
              ],
              [
                124.03374912400011,
                12.912395911000033
              ],
              [
                124.03376519800008,
                12.912427241000046
              ],
              [
                124.03377002000002,
                12.91243350700006
              ],
              [
                124.0337828800001,
                12.912461704000066
              ],
              [
                124.03379091800002,
                12.912486768000065
              ],
              [
                124.03381985300007,
                12.912558828000044
              ],
              [
                124.03383432100009,
                12.912604258000044
              ],
              [
                124.03383753600008,
                12.912610524000058
              ],
              [
                124.03408167400005,
                12.913433088000033
              ],
              [
                124.03427137400001,
                12.914114526000048
              ],
              [
                124.0344879910001,
                12.915020428000048
              ],
              [
                124.03466462200004,
                12.915879671000027
              ],
              [
                124.0348125490001,
                12.91672045000007
              ],
              [
                124.03487526000004,
                12.917111976000058
              ],
              [
                124.03487847500003,
                12.917118242000072
              ],
              [
                124.0348913360001,
                12.917162104000056
              ],
              [
                124.03489937800009,
                12.917241998000065
              ],
              [
                124.03489937900008,
                12.91725139700003
              ],
              [
                124.03489455800002,
                12.917267063000054
              ],
              [
                124.03488491600001,
                12.917281163000041
              ],
              [
                124.03484874900005,
                12.91732496800006
              ],
              [
                124.03482949500005,
                12.91735781400007
              ],
              [
                124.0348086360001,
                12.917376584000067
              ],
              [
                124.034787778,
                12.917398482000067
              ],
              [
                124.03475408300005,
                12.917440713000076
              ],
              [
                124.03474285200002,
                12.917465738000033
              ],
              [
                124.0347380390001,
                12.917471995000028
              ],
              [
                124.03473001700002,
                12.917497020000042
              ],
              [
                124.03472520500009,
                12.917518916000063
              ],
              [
                124.03472520900004,
                12.917572093000047
              ],
              [
                124.03472681400001,
                12.917583041000057
              ],
              [
                124.0347268160001,
                12.917604938000068
              ],
              [
                124.03473002600003,
                12.917623706000029
              ],
              [
                124.03473002700002,
                12.917637782000043
              ],
              [
                124.0347460800001,
                12.917728495000063
              ],
              [
                124.03475571000001,
                12.91776446700004
              ],
              [
                124.03475731600008,
                12.917778543000054
              ],
              [
                124.03476373600006,
                12.917802003000077
              ],
              [
                124.03476373600006,
                12.917808259000026
              ],
              [
                124.03477497200004,
                12.917850487000067
              ],
              [
                124.03478460300005,
                12.917895843000053
              ],
              [
                124.03479583600006,
                12.917914611000072
              ],
              [
                124.03480065000008,
                12.917917738000028
              ],
              [
                124.03481188300009,
                12.91791930200003
              ],
              [
                124.03481830200008,
                12.917917737000039
              ],
              [
                124.03482632500004,
                12.917914609000036
              ],
              [
                124.03484397500006,
                12.917903659000046
              ],
              [
                124.03488087900007,
                12.91786455600004
              ],
              [
                124.03491778400007,
                12.917842657000051
              ],
              [
                124.03494827100008,
                12.91783014300006
              ],
              [
                124.03498517700007,
                12.917820756000026
              ],
              [
                124.03499159600005,
                12.917817628000023
              ],
              [
                124.03504454800009,
                12.917806676000055
              ],
              [
                124.03519217500002,
                12.917805102000045
              ],
              [
                124.03521464000005,
                12.91780979300006
              ],
              [
                124.0352355010001,
                12.917820739000035
              ],
              [
                124.03524192100008,
                12.917826995000041
              ],
              [
                124.03525155000011,
                12.91784576300006
              ],
              [
                124.03525797000009,
                12.917866095000022
              ],
              [
                124.03525797100008,
                12.917889555000045
              ],
              [
                124.03525476300001,
                12.91790519600005
              ],
              [
                124.03525155500006,
                12.917913016000057
              ],
              [
                124.03524513700006,
                12.917923965000057
              ],
              [
                124.03524032300004,
                12.917928657000061
              ],
              [
                124.03522748600005,
                12.917931786000054
              ],
              [
                124.03521946300009,
                12.917930223000042
              ],
              [
                124.03519057900007,
                12.917930225000077
              ],
              [
                124.03518255600011,
                12.917934917000025
              ],
              [
                124.03517774300008,
                12.917941174000077
              ],
              [
                124.03517293000004,
                12.917959942000039
              ],
              [
                124.0351697210001,
                12.917966199000034
              ],
              [
                124.03516169800002,
                12.917967763000036
              ],
              [
                124.03514886100004,
                12.917967764000025
              ],
              [
                124.03513602400005,
                12.917964637000068
              ],
              [
                124.03508627800011,
                12.91793961600007
              ],
              [
                124.03505578900001,
                12.917934926000044
              ],
              [
                124.03504937100001,
                12.917934926000044
              ],
              [
                124.03504134800005,
                12.917938055000036
              ],
              [
                124.03502369800003,
                12.917952132000039
              ],
              [
                124.03501567600006,
                12.91796464500004
              ],
              [
                124.03501407200008,
                12.917978721000054
              ],
              [
                124.03502049300005,
                12.918014693000032
              ],
              [
                124.03503172700005,
                12.918039717000056
              ],
              [
                124.03506703200003,
                12.918078815000058
              ],
              [
                124.03508468500002,
                12.918103839000025
              ],
              [
                124.03509912800007,
                12.918121042000053
              ],
              [
                124.035124805,
                12.918163269000047
              ],
              [
                124.035136039,
                12.91817734500006
              ],
              [
                124.03515529700007,
                12.918207060000043
              ],
              [
                124.03516813600004,
                12.918230520000066
              ],
              [
                124.0351761610001,
                12.918264928000042
              ],
              [
                124.03517776700005,
                12.91828369600006
              ],
              [
                124.03517135000004,
                12.918297773000063
              ],
              [
                124.03514567700006,
                12.918311851000055
              ],
              [
                124.03514246800012,
                12.918318107000061
              ],
              [
                124.03513925900006,
                12.918330619000074
              ],
              [
                124.03513926100004,
                12.918347824000023
              ],
              [
                124.03514407600005,
                12.918369720000044
              ],
              [
                124.03516012600005,
                12.918410384000026
              ],
              [
                124.03516815100011,
                12.918436972000052
              ],
              [
                124.03517136100004,
                12.918454176000068
              ],
              [
                124.03517778100002,
                12.918469816000027
              ],
              [
                124.03518901500001,
                12.918488584000045
              ],
              [
                124.03520827200009,
                12.918508915000075
              ],
              [
                124.03522111000007,
                12.918518298000038
              ],
              [
                124.03523234300008,
                12.918522989000053
              ],
              [
                124.03526122800008,
                12.918540192000023
              ],
              [
                124.03527406600006,
                12.918549575000043
              ],
              [
                124.03529011400008,
                12.918565215000058
              ],
              [
                124.03530776700006,
                12.918590238000036
              ],
              [
                124.03532060600003,
                12.918616826000061
              ],
              [
                124.03532542200003,
                12.918635594000023
              ],
              [
                124.03532542200003,
                12.918641850000029
              ],
              [
                124.03532381800005,
                12.918648107000024
              ],
              [
                124.03531258600003,
                12.918657492000023
              ],
              [
                124.03530616700004,
                12.918659056000024
              ],
              [
                124.03527888800011,
                12.91865905800006
              ],
              [
                124.03525237800011,
                12.918661477000057
              ],
              [
                124.035245959,
                12.918658349000054
              ],
              [
                124.03523151700006,
                12.91865522200004
              ],
              [
                124.03522509900006,
                12.918656787000032
              ],
              [
                124.03521868000007,
                12.918661479000036
              ],
              [
                124.03521386700004,
                12.918673992000038
              ],
              [
                124.03521386800003,
                12.918680248000044
              ],
              [
                124.03521868300004,
                12.918694324000057
              ],
              [
                124.0352267070001,
                12.91870683600007
              ],
              [
                124.03523152100001,
                12.918711528000074
              ],
              [
                124.03525559200011,
                12.918725602000052
              ],
              [
                124.03529250000008,
                12.918741240000031
              ],
              [
                124.03531817600003,
                12.918764699000064
              ],
              [
                124.03532299000005,
                12.918772518000026
              ],
              [
                124.03532459500002,
                12.918778774000032
              ],
              [
                124.03531817800001,
                12.91879754300004
              ],
              [
                124.03531657400003,
                12.918811620000042
              ],
              [
                124.03531978400008,
                12.91881943900006
              ],
              [
                124.03533743600008,
                12.918833515000074
              ],
              [
                124.03534546000003,
                12.91884602600004
              ],
              [
                124.03534867100007,
                12.918861666000055
              ],
              [
                124.0353406480001,
                12.918871051000053
              ],
              [
                124.03532620700003,
                12.918875744000047
              ],
              [
                124.03532139300012,
                12.918880437000041
              ],
              [
                124.03531978900003,
                12.918886693000047
              ],
              [
                124.03532299900007,
                12.918894513000055
              ],
              [
                124.0353278130001,
                12.918900768000071
              ],
              [
                124.03533744200001,
                12.918921100000034
              ],
              [
                124.03536151600008,
                12.918977403000042
              ],
              [
                124.03536633100009,
                12.91898522300005
              ],
              [
                124.03536633100009,
                12.918988351000053
              ],
              [
                124.03537756500009,
                12.919010247000074
              ],
              [
                124.03538879900009,
                12.919027451000034
              ],
              [
                124.03539040400005,
                12.91903370700004
              ],
              [
                124.03540484700011,
                12.91905403800007
              ],
              [
                124.03541447700002,
                12.919074370000033
              ],
              [
                124.03543052500004,
                12.91910252100007
              ],
              [
                124.03546583200011,
                12.919160388000023
              ],
              [
                124.03547385600007,
                12.919176027000049
              ],
              [
                124.03547546100003,
                12.919183847000056
              ],
              [
                124.03548509100006,
                12.919204179000076
              ],
              [
                124.0354883010001,
                12.91921512700003
              ],
              [
                124.03550916400002,
                12.919251098000075
              ],
              [
                124.0355332360001,
                12.919287069000063
              ],
              [
                124.03557335900007,
                12.919371524000042
              ],
              [
                124.03559903700011,
                12.91941844300004
              ],
              [
                124.03563274100009,
                12.919504463000067
              ],
              [
                124.03566644300008,
                12.919562330000076
              ],
              [
                124.03566804900004,
                12.919576406000033
              ],
              [
                124.03566644500006,
                12.919582662000039
              ],
              [
                124.03564398300011,
                12.919628021000051
              ],
              [
                124.03563917000008,
                12.919642097000064
              ],
              [
                124.03563917000008,
                12.91964835300007
              ],
              [
                124.03565040400008,
                12.919662429000027
              ],
              [
                124.03566645100011,
                12.919671812000047
              ],
              [
                124.03568570800007,
                12.919679631000065
              ],
              [
                124.0357017560001,
                12.91969214200003
              ],
              [
                124.03570817500008,
                12.919699962000038
              ],
              [
                124.03573866800002,
                12.919762521000052
              ],
              [
                124.03574829700005,
                12.919773469000063
              ],
              [
                124.03577718300005,
                12.919793800000036
              ],
              [
                124.0357803920001,
                12.919793799000047
              ],
              [
                124.03581409100002,
                12.919811002000074
              ],
              [
                124.03583495300006,
                12.919826641000043
              ],
              [
                124.03585742000007,
                12.919846972000073
              ],
              [
                124.03586384000005,
                12.919856356000025
              ],
              [
                124.03587660000005,
                12.919887003000042
              ],
              [
                124.03588302000003,
                12.91991515500007
              ],
              [
                124.03588302100002,
                12.919922975000077
              ],
              [
                124.03588783600003,
                12.919940179000037
              ],
              [
                124.03589265100004,
                12.919947999000044
              ],
              [
                124.035894256,
                12.91995425500005
              ],
              [
                124.0359119090001,
                12.919985534000034
              ],
              [
                124.03593758600005,
                12.920016813000075
              ],
              [
                124.03594881900005,
                12.920027760000039
              ],
              [
                124.03597449500012,
                12.92004809100007
              ],
              [
                124.03600498500009,
                12.920068421000053
              ],
              [
                124.036032266,
                12.920090316000028
              ],
              [
                124.0360563370001,
                12.920104390000063
              ],
              [
                124.03607078000005,
                12.920115337000027
              ],
              [
                124.036101271,
                12.92014974400007
              ],
              [
                124.03613497100002,
                12.920184150000068
              ],
              [
                124.03613978600004,
                12.920193534000077
              ],
              [
                124.03616706700006,
                12.92022324800007
              ],
              [
                124.03619435200005,
                12.920293628000024
              ],
              [
                124.03620558800003,
                12.92034054800007
              ],
              [
                124.03621200900011,
                12.920376520000048
              ],
              [
                124.03621842900009,
                12.920398416000069
              ],
              [
                124.03623126900004,
                12.92042656700005
              ],
              [
                124.03624089900006,
                12.920454719000077
              ],
              [
                124.03624250500002,
                12.920470359000035
              ],
              [
                124.03623288000006,
                12.920509461000051
              ],
              [
                124.03623288100005,
                12.920525101000067
              ],
              [
                124.03623448600001,
                12.920532921000074
              ],
              [
                124.03624411600003,
                12.92055638100004
              ],
              [
                124.03625535000003,
                12.92057671200007
              ],
              [
                124.03629226100009,
                12.920631451000077
              ],
              [
                124.03630670500002,
                12.920647090000045
              ],
              [
                124.03634361400009,
                12.920675240000037
              ],
              [
                124.03639817500004,
                12.920706517000042
              ],
              [
                124.03642545600007,
                12.92072528400007
              ],
              [
                124.03643829400005,
                12.92073153900003
              ],
              [
                124.03648162200011,
                12.920762816000035
              ],
              [
                124.03651371800004,
                12.920783147000066
              ],
              [
                124.03654581300009,
                12.920808169000054
              ],
              [
                124.03658753800005,
                12.920845703000055
              ],
              [
                124.03660840000009,
                12.920861342000023
              ],
              [
                124.036646915,
                12.920894184000076
              ],
              [
                124.03667259100007,
                12.92091451500005
              ],
              [
                124.03671271000007,
                12.920942665000041
              ],
              [
                124.03704469200011,
                12.921119808000071
              ],
              [
                124.03711048700006,
                12.92116203200004
              ],
              [
                124.0371554190001,
                12.921185489000038
              ],
              [
                124.03718109600004,
                12.921204256000067
              ],
              [
                124.03718911900012,
                12.921207383000024
              ],
              [
                124.0372067720001,
                12.92122302200005
              ],
              [
                124.03721640000003,
                12.921229278000055
              ],
              [
                124.037240472,
                12.92125117200004
              ],
              [
                124.03725010100004,
                12.92126055600005
              ],
              [
                124.03726614900006,
                12.921280887000023
              ],
              [
                124.0372693590001,
                12.92128870700003
              ],
              [
                124.0372693600001,
                12.921296527000038
              ],
              [
                124.03726615100004,
                12.921304347000046
              ],
              [
                124.03726454900004,
                12.921334064000064
              ],
              [
                124.03727257300011,
                12.921346576000076
              ],
              [
                124.03728541100008,
                12.921355959000039
              ],
              [
                124.03729183000007,
                12.92135752200005
              ],
              [
                124.03729824900006,
                12.92135595800005
              ],
              [
                124.03730466700006,
                12.921351265000055
              ],
              [
                124.037320711,
                12.92132467600004
              ],
              [
                124.03732873500007,
                12.92132311100005
              ],
              [
                124.03735120100009,
                12.921335622000072
              ],
              [
                124.03742020600009,
                12.92138723000005
              ],
              [
                124.03745551200007,
                12.921426328000052
              ],
              [
                124.03748119000011,
                12.921457607000036
              ],
              [
                124.03748440000004,
                12.921463863000042
              ],
              [
                124.03748921500005,
                12.921479503000057
              ],
              [
                124.03749082200011,
                12.921501399000022
              ],
              [
                124.03748119500005,
                12.921523296000032
              ],
              [
                124.0374715700001,
                12.921551450000038
              ],
              [
                124.03747157100008,
                12.921567090000053
              ],
              [
                124.03747317600005,
                12.92157334600006
              ],
              [
                124.0374763860001,
                12.921581166000067
              ],
              [
                124.03748280600007,
                12.921590550000076
              ],
              [
                124.03749403900008,
                12.921598369000037
              ],
              [
                124.03750848200002,
                12.92160149600005
              ],
              [
                124.03754378400004,
                12.921590545000072
              ],
              [
                124.03755983000008,
                12.921588980000024
              ],
              [
                124.03757908700004,
                12.921588979000035
              ],
              [
                124.03759513400007,
                12.921592106000048
              ],
              [
                124.03760636700008,
                12.921592105000059
              ],
              [
                124.03763043700008,
                12.921596795000028
              ],
              [
                124.03763685600006,
                12.92159992300003
              ],
              [
                124.0376513000001,
                12.921615562000056
              ],
              [
                124.03767537200008,
                12.92163589300003
              ],
              [
                124.0376801860001,
                12.921642149000036
              ],
              [
                124.03770842900008,
                12.921661872000072
              ],
              [
                124.03771966300008,
                12.921672819000037
              ],
              [
                124.03775978200008,
                12.92170253300003
              ],
              [
                124.03777262100004,
                12.921721300000058
              ],
              [
                124.03777583200008,
                12.921743196000023
              ],
              [
                124.0377742280001,
                12.921749453000075
              ],
              [
                124.03777101900005,
                12.921755709000024
              ],
              [
                124.03775818200006,
                12.921765094000023
              ],
              [
                124.0377196710001,
                12.92177760900006
              ],
              [
                124.03771164800003,
                12.921782302000054
              ],
              [
                124.03770362600005,
                12.921802635000063
              ],
              [
                124.03770362900002,
                12.921829224000021
              ],
              [
                124.0377100500001,
                12.921866760000057
              ],
              [
                124.03771647100007,
                12.921890220000023
              ],
              [
                124.03773412700002,
                12.921946524000077
              ],
              [
                124.03773733700007,
                12.921951215000036
              ],
              [
                124.03774857200005,
                12.921980931000064
              ],
              [
                124.03776622600003,
                12.922013775000039
              ],
              [
                124.03778227500004,
                12.922037234000072
              ],
              [
                124.03779511400012,
                12.922054437000043
              ],
              [
                124.03780955700006,
                12.922068512000067
              ],
              [
                124.03782239500003,
                12.922077896000076
              ],
              [
                124.03783683800009,
                12.922085715000037
              ],
              [
                124.03785609500005,
                12.922090405000063
              ],
              [
                124.03786411800002,
                12.922090405000063
              ],
              [
                124.03788818800001,
                12.922085711000022
              ],
              [
                124.0379138620001,
                12.922077889000036
              ],
              [
                124.03793632800011,
                12.922076323000056
              ],
              [
                124.03795558400009,
                12.92208101400007
              ],
              [
                124.03798447000008,
                12.922095088000049
              ],
              [
                124.03800533100002,
                12.922101343000065
              ],
              [
                124.03801977400008,
                12.922102906000077
              ],
              [
                124.03803582000012,
                12.92210134000004
              ],
              [
                124.0380422390001,
                12.922099776000039
              ],
              [
                124.03805026200007,
                12.922095083000045
              ],
              [
                124.03805347100001,
                12.92209039100004
              ],
              [
                124.03805667900008,
                12.922074750000036
              ],
              [
                124.03805507400011,
                12.92206849400003
              ],
              [
                124.0380502590001,
                12.922062238000024
              ],
              [
                124.03803742100001,
                12.92205285500006
              ],
              [
                124.03801495400012,
                12.92204190800004
              ],
              [
                124.0379571850001,
                12.922030965000033
              ],
              [
                124.037944347,
                12.922026273000029
              ],
              [
                124.03793471900008,
                12.922024710000073
              ],
              [
                124.03791706600009,
                12.922016891000055
              ],
              [
                124.03790583300008,
                12.922007508000036
              ],
              [
                124.0378994140001,
                12.922004380000033
              ],
              [
                124.03788015600003,
                12.921979357000055
              ],
              [
                124.037870526,
                12.921960590000026
              ],
              [
                124.03786731600007,
                12.92194807800007
              ],
              [
                124.03786731500009,
                12.921941821000075
              ],
              [
                124.0378721290001,
                12.92193556500007
              ],
              [
                124.03787533800005,
                12.921932437000066
              ],
              [
                124.03788657000007,
                12.921927744000072
              ],
              [
                124.03789459300003,
                12.921926179000025
              ],
              [
                124.03791224500003,
                12.921926178000035
              ],
              [
                124.03792989700003,
                12.92193086800006
              ],
              [
                124.03795717700007,
                12.921943379000027
              ],
              [
                124.03796841000008,
                12.92194650600004
              ],
              [
                124.03799248200005,
                12.921957452000072
              ],
              [
                124.03801976200009,
                12.921966834000045
              ],
              [
                124.0380887660001,
                12.921999674000062
              ],
              [
                124.03810802400005,
                12.922015313000031
              ],
              [
                124.038204,
                12.922122922000028
              ],
              [
                124.03825535400006,
                12.92217140200006
              ],
              [
                124.03827140200008,
                12.922191734000023
              ],
              [
                124.038274612,
                12.92219798900004
              ],
              [
                124.03827461300011,
                12.922205810000037
              ],
              [
                124.03826819500011,
                12.922216758000047
              ],
              [
                124.0382681960001,
                12.922230834000061
              ],
              [
                124.03828103600006,
                12.922266806000039
              ],
              [
                124.03828585100007,
                12.922273062000045
              ],
              [
                124.03830511000001,
                12.922312161000036
              ],
              [
                124.03831153100009,
                12.922332493000056
              ],
              [
                124.03832918400008,
                12.922359080000035
              ],
              [
                124.03835967600003,
                12.922393486000033
              ],
              [
                124.03838053900006,
                12.922420073000069
              ],
              [
                124.03840140300008,
                12.922451352000053
              ],
              [
                124.03842226600011,
                12.92247637500003
              ],
              [
                124.03845115400009,
                12.922524858000031
              ],
              [
                124.03846078300012,
                12.922537369000054
              ],
              [
                124.0384672020001,
                12.92254362500006
              ],
              [
                124.0385073220001,
                12.922573338000063
              ],
              [
                124.03856990700001,
                12.922607742000025
              ],
              [
                124.038581141,
                12.922610869000039
              ],
              [
                124.0386052120001,
                12.92262181600006
              ],
              [
                124.03865335400008,
                12.92263745200006
              ],
              [
                124.03867421500001,
                12.922642143000076
              ],
              [
                124.03867902900004,
                12.922645271000022
              ],
              [
                124.03869989100008,
                12.922651525000049
              ],
              [
                124.03875445200003,
                12.922671853000054
              ],
              [
                124.03877852300002,
                12.922682800000075
              ],
              [
                124.03879617500002,
                12.922687491000033
              ],
              [
                124.03881543300008,
                12.922695309000062
              ],
              [
                124.03882987600002,
                12.922704692000025
              ],
              [
                124.03884592300005,
                12.922712511000043
              ],
              [
                124.038853947,
                12.922712511000043
              ],
              [
                124.03916749700011,
                12.922890460000076
              ],
              [
                124.03921403700008,
                12.922932685000035
              ],
              [
                124.0392300850001,
                12.922943632000056
              ],
              [
                124.03923650400009,
                12.922949887000073
              ],
              [
                124.03923971400002,
                12.922956143000022
              ],
              [
                124.03925415700007,
                12.922967090000043
              ],
              [
                124.03926057600006,
                12.92297491000005
              ],
              [
                124.0392926720001,
                12.922998368000037
              ],
              [
                124.0393151400001,
                12.923021826000024
              ],
              [
                124.03932476900002,
                12.92302808200003
              ],
              [
                124.03933439800005,
                12.923039029000051
              ],
              [
                124.03935205100004,
                12.923054668000077
              ],
              [
                124.03936007700008,
                12.923079692000044
              ],
              [
                124.03937131000009,
                12.923085947000061
              ],
              [
                124.03937772900008,
                12.923087511000062
              ],
              [
                124.03941624200002,
                12.923087508000037
              ],
              [
                124.03942266100012,
                12.92308907100005
              ],
              [
                124.03947080300009,
                12.923110964000045
              ],
              [
                124.03950974300005,
                12.923144122000053
              ],
              [
                124.03952097700005,
                12.923156634000065
              ],
              [
                124.03956751500004,
                12.923187910000024
              ],
              [
                124.03958356200008,
                12.92319416500004
              ],
              [
                124.03959800500002,
                12.923197292000054
              ],
              [
                124.03964293800004,
                12.923216056000058
              ],
              [
                124.03966051600003,
                12.923220524000044
              ],
              [
                124.03967984600001,
                12.923225438000031
              ],
              [
                124.0397279880001,
                12.923244202000035
              ],
              [
                124.03974243100004,
                12.923247329000048
              ],
              [
                124.0397568730001,
                12.923245763000068
              ],
              [
                124.0397632910001,
                12.923241071000064
              ],
              [
                124.03978415000006,
                12.923220737000065
              ],
              [
                124.03979698600006,
                12.92320353100007
              ],
              [
                124.03980340500004,
                12.923200403000067
              ],
              [
                124.03982908100011,
                12.923214477000045
              ],
              [
                124.03983710500006,
                12.923216040000057
              ],
              [
                124.03985957000009,
                12.923209782000072
              ],
              [
                124.03986919800002,
                12.923209781000025
              ],
              [
                124.039875617,
                12.923212909000029
              ],
              [
                124.03988364100007,
                12.923217600000044
              ],
              [
                124.03989647900005,
                12.923231675000068
              ],
              [
                124.03990290000002,
                12.92325200700003
              ],
              [
                124.03990450600008,
                12.923264519000043
              ],
              [
                124.03991092600006,
                12.923280159000058
              ],
              [
                124.03993179000008,
                12.923314566000045
              ],
              [
                124.03997351700002,
                12.92336774000006
              ],
              [
                124.03999182900009,
                12.923404297000047
              ],
              [
                124.04000466800005,
                12.92341680800007
              ],
              [
                124.04001108700004,
                12.923419936000073
              ],
              [
                124.04002873800005,
                12.923421498000039
              ],
              [
                124.04003676200011,
                12.923424626000042
              ],
              [
                124.04004157600002,
                12.923429318000046
              ],
              [
                124.04005120700003,
                12.923455905000026
              ],
              [
                124.0400592310001,
                12.923468417000038
              ],
              [
                124.04006404600011,
                12.923473108000053
              ],
              [
                124.04007688400009,
                12.923480927000071
              ],
              [
                124.04010095500007,
                12.923490309000044
              ],
              [
                124.04014588600012,
                12.923498126000027
              ],
              [
                124.04015551400005,
                12.923498125000037
              ],
              [
                124.04017637600009,
                12.923502815000063
              ],
              [
                124.04018279500008,
                12.923505943000066
              ],
              [
                124.04022130700002,
                12.923507503000053
              ],
              [
                124.04024858600008,
                12.923499681000067
              ],
              [
                124.0402598180001,
                12.92349186000007
              ],
              [
                124.04026944500004,
                12.923482475000071
              ],
              [
                124.04029190900008,
                12.923466832000031
              ],
              [
                124.0403031410001,
                12.923455883000031
              ],
              [
                124.04031918800001,
                12.92345431800004
              ],
              [
                124.04032400200003,
                12.923455881000052
              ],
              [
                124.04033684,
                12.923465264000072
              ],
              [
                124.04034325900011,
                12.923471520000021
              ],
              [
                124.04034967900009,
                12.923484032000033
              ],
              [
                124.04034807500011,
                12.92349185200004
              ],
              [
                124.04034486600005,
                12.923498108000047
              ],
              [
                124.04033523900011,
                12.923505929000044
              ],
              [
                124.04032721600004,
                12.923507494000035
              ],
              [
                124.04030796100005,
                12.923516880000022
              ],
              [
                124.04029352000009,
                12.92353564900003
              ],
              [
                124.04028228900006,
                12.92355754700003
              ],
              [
                124.04028068600007,
                12.923566931000039
              ],
              [
                124.04028710600005,
                12.923582571000054
              ],
              [
                124.04028710800003,
                12.923610723000024
              ],
              [
                124.04028550400005,
                12.923620108000023
              ],
              [
                124.04028390000008,
                12.923621672000024
              ],
              [
                124.04028390100007,
                12.923638876000041
              ],
              [
                124.04029032100004,
                12.923652952000054
              ],
              [
                124.04030155500004,
                12.923660771000073
              ],
              [
                124.04031760200007,
                12.92366389800003
              ],
              [
                124.04034167200007,
                12.923662332000049
              ],
              [
                124.04034809100006,
                12.923665459000063
              ],
              [
                124.04037055900005,
                12.92369048200004
              ],
              [
                124.040378583,
                12.923695173000056
              ],
              [
                124.04039302500007,
                12.92369830000007
              ],
              [
                124.04039944400006,
                12.923701427000026
              ],
              [
                124.0404026540001,
                12.923707683000032
              ],
              [
                124.04040586500003,
                12.923721759000045
              ],
              [
                124.04040265600008,
                12.923729579000053
              ],
              [
                124.04039623800008,
                12.923734272000047
              ],
              [
                124.04034488900004,
                12.923746789000063
              ],
              [
                124.04034007500002,
                12.923749917000066
              ],
              [
                124.04033365700002,
                12.923751482000057
              ],
              [
                124.04032563400006,
                12.923757739000052
              ],
              [
                124.04031600700011,
                12.923768688000052
              ],
              [
                124.04030638100005,
                12.923789021000061
              ],
              [
                124.04030638300003,
                12.923809353000024
              ],
              [
                124.040312803,
                12.923823429000038
              ],
              [
                124.04034971500005,
                12.923871911000049
              ],
              [
                124.04035613400004,
                12.923879730000067
              ],
              [
                124.04036255300002,
                12.923884422000071
              ],
              [
                124.04037699700007,
                12.923903189000043
              ],
              [
                124.04039304500009,
                12.923917264000067
              ],
              [
                124.04039946400007,
                12.923920391000024
              ],
              [
                124.04040909300011,
                12.923921954000036
              ],
              [
                124.04041872100004,
                12.923920390000035
              ],
              [
                124.04042513900004,
                12.923917261000042
              ],
              [
                124.04042995300006,
                12.923912569000038
              ],
              [
                124.04043316100001,
                12.923906312000042
              ],
              [
                124.04043637000007,
                12.923898492000035
              ],
              [
                124.04043797300005,
                12.923884415000032
              ],
              [
                124.04043797100007,
                12.923860955000066
              ],
              [
                124.04044117900003,
                12.923848442000065
              ],
              [
                124.04044599300005,
                12.923842186000059
              ],
              [
                124.04045883000003,
                12.923835929000063
              ],
              [
                124.04047166700002,
                12.923832799000024
              ],
              [
                124.04048610900008,
                12.923832798000035
              ],
              [
                124.04049413200005,
                12.923831233000044
              ],
              [
                124.0405085750001,
                12.923832796000056
              ],
              [
                124.04051338900001,
                12.92383748800006
              ],
              [
                124.04052141400007,
                12.923856256000022
              ],
              [
                124.04052302100001,
                12.923870332000035
              ],
              [
                124.04052141700004,
                12.923878152000043
              ],
              [
                124.0405182080001,
                12.923884408000049
              ],
              [
                124.04047328100012,
                12.923931333000041
              ],
              [
                124.04043958500006,
                12.923959489000026
              ],
              [
                124.04043316800005,
                12.923972001000038
              ],
              [
                124.04043156400007,
                12.923981386000037
              ],
              [
                124.04043156400007,
                12.923989206000044
              ],
              [
                124.04043477500011,
                12.924003282000058
              ],
              [
                124.04044440500002,
                12.924025177000033
              ],
              [
                124.04045243000007,
                12.924036125000043
              ],
              [
                124.04047008200007,
                12.924047072000064
              ],
              [
                124.04047489700008,
                12.924053327000024
              ],
              [
                124.04047971200009,
                12.924065839000036
              ],
              [
                124.04047971800003,
                12.924131529000022
              ],
              [
                124.04048293000005,
                12.92415029700004
              ],
              [
                124.04048453900009,
                12.924200346000077
              ],
              [
                124.04049096000006,
                12.924226934000046
              ],
              [
                124.04049096200004,
                12.924248830000067
              ],
              [
                124.04048454500003,
                12.924259779000067
              ],
              [
                124.04047170900003,
                12.92427385600007
              ],
              [
                124.04046529100003,
                12.92428480500007
              ],
              [
                124.04046208200009,
                12.924294190000069
              ],
              [
                124.04045887600012,
                12.924322343000028
              ],
              [
                124.04046850600002,
                12.924345802000062
              ],
              [
                124.04050381400009,
                12.924394285000062
              ],
              [
                124.04051986200011,
                12.924409924000031
              ],
              [
                124.04052788600006,
                12.924413051000045
              ],
              [
                124.04054714200004,
                12.92440679300006
              ],
              [
                124.04055516500011,
                12.92440679300006
              ],
              [
                124.04056639900011,
                12.924413048000076
              ],
              [
                124.04057121400001,
                12.924419303000036
              ],
              [
                124.04057281900009,
                12.924425560000032
              ],
              [
                124.04056479700012,
                12.924438073000033
              ],
              [
                124.04056158800006,
                12.924450585000045
              ],
              [
                124.04055998500007,
                12.92446622600005
              ],
              [
                124.04056159100003,
                12.924472482000056
              ],
              [
                124.0405744300001,
                12.924491249000027
              ],
              [
                124.04065712700003,
                12.924586240000053
              ],
              [
                124.04066033600009,
                12.92459249600006
              ],
              [
                124.04067157100008,
                12.924606571000027
              ],
              [
                124.04068119900012,
                12.924615954000046
              ],
              [
                124.04069403800008,
                12.924625338000055
              ],
              [
                124.04070366700012,
                12.924636285000076
              ],
              [
                124.04071650500009,
                12.92464566800004
              ],
              [
                124.04079513900001,
                12.924694146000036
              ],
              [
                124.04085130500005,
                12.924719165000056
              ],
              [
                124.04088661000003,
                12.92473949400005
              ],
              [
                124.0409171020001,
                12.924762952000037
              ],
              [
                124.04096043100003,
                12.924789537000038
              ],
              [
                124.04098450100003,
                12.92479109900006
              ],
              [
                124.04101338600003,
                12.924798916000043
              ],
              [
                124.04104548200007,
                12.924816118000024
              ],
              [
                124.04107918200009,
                12.924841139000023
              ],
              [
                124.04108881200011,
                12.924852086000044
              ],
              [
                124.04111288600006,
                12.924892749000037
              ],
              [
                124.04112091000002,
                12.924903696000058
              ],
              [
                124.04114338000011,
                12.924949051000056
              ],
              [
                124.04116905900003,
                12.924986586000045
              ],
              [
                124.04119634100005,
                12.925014736000037
              ],
              [
                124.04121720400008,
                12.925028810000072
              ],
              [
                124.0412332520001,
                12.925042885000039
              ],
              [
                124.04126855800007,
                12.925069471000029
              ],
              [
                124.04132633100005,
                12.925107002000061
              ],
              [
                124.04134398400004,
                12.925121077000028
              ],
              [
                124.04135521800004,
                12.925133588000051
              ],
              [
                124.04136484800006,
                12.925155484000072
              ],
              [
                124.0413809040001,
                12.925238376000038
              ],
              [
                124.0413969550001,
                12.925282168000024
              ],
              [
                124.04139856000006,
                12.925289988000031
              ],
              [
                124.04141621700012,
                12.925333780000074
              ],
              [
                124.041425849,
                12.925377572000059
              ],
              [
                124.04142906200002,
                12.925413545000026
              ],
              [
                124.04143387800002,
                12.925433877000046
              ],
              [
                124.04143708800007,
                12.92543856900005
              ],
              [
                124.04143869400002,
                12.925444825000056
              ],
              [
                124.04145634800011,
                12.925474540000039
              ],
              [
                124.04146918800006,
                12.925493307000067
              ],
              [
                124.04148684200004,
                12.925510510000038
              ],
              [
                124.04149647200006,
                12.925529278000056
              ],
              [
                124.04151977000004,
                12.925653237000063
              ],
              [
                124.04153100700012,
                12.925692337000044
              ],
              [
                124.04153261300007,
                12.925707977000059
              ],
              [
                124.04153261600004,
                12.925742385000035
              ],
              [
                124.04152940900008,
                12.925767410000049
              ],
              [
                124.04152780700008,
                12.925798691000068
              ],
              [
                124.0415310200001,
                12.92582840700004
              ],
              [
                124.04153904700001,
                12.925864379000075
              ],
              [
                124.0415567020001,
                12.92590817000007
              ],
              [
                124.0415615180001,
                12.925923810000029
              ],
              [
                124.04156793800007,
                12.925936322000041
              ],
              [
                124.0415711490001,
                12.925951962000056
              ],
              [
                124.04157115400005,
                12.92600513800005
              ],
              [
                124.04157276,
                12.926016086000061
              ],
              [
                124.04158560000008,
                12.926047366000034
              ],
              [
                124.04160806900006,
                12.926083336000033
              ],
              [
                124.04161930500004,
                12.926109924000059
              ],
              [
                124.041625726,
                12.926131820000023
              ],
              [
                124.04162733200008,
                12.926150588000041
              ],
              [
                124.04162733700002,
                12.926200637000022
              ],
              [
                124.04162412900007,
                12.926214713000036
              ],
              [
                124.04161611200004,
                12.926283531000024
              ],
              [
                124.04162735200009,
                12.926357039000038
              ],
              [
                124.04162896000003,
                12.926388320000058
              ],
              [
                124.04163699100002,
                12.926468085000067
              ],
              [
                124.04163699700007,
                12.92653064600006
              ],
              [
                124.04164021000008,
                12.926565054000037
              ],
              [
                124.0416482380001,
                12.926613539000073
              ],
              [
                124.04164984500005,
                12.926632307000034
              ],
              [
                124.0416498510001,
                12.926693304000025
              ],
              [
                124.04164824700001,
                12.926699560000031
              ],
              [
                124.0416482490001,
                12.926718329000039
              ],
              [
                124.04166912500011,
                12.926879860000042
              ],
              [
                124.04168036200008,
                12.92692678000003
              ],
              [
                124.04168999600006,
                12.92698464800003
              ],
              [
                124.04168999700005,
                12.926994032000039
              ],
              [
                124.04170765800006,
                12.927091
              ],
              [
                124.04170605800005,
                12.927141049000056
              ],
              [
                124.04169483600003,
                12.927250532000073
              ],
              [
                124.0416948410001,
                12.927302145000056
              ],
              [
                124.04170126300005,
                12.927339681000035
              ],
              [
                124.04171089500005,
                12.92737565300007
              ],
              [
                124.041717317,
                12.927406933000043
              ],
              [
                124.04173978900008,
                12.927474184000062
              ],
              [
                124.04174781400002,
                12.927491387000032
              ],
              [
                124.04175263000002,
                12.927511719000051
              ],
              [
                124.04176226200002,
                12.927541435000023
              ],
              [
                124.0417934300001,
                12.927724099000045
              ],
              [
                124.04179503700004,
                12.927745995000066
              ],
              [
                124.04179183400004,
                12.927816377000056
              ],
              [
                124.04179023000006,
                12.92782106900006
              ],
              [
                124.04179025700012,
                12.92810103100004
              ],
              [
                124.04178704900005,
                12.928119799000058
              ],
              [
                124.04178544800004,
                12.928155772000025
              ],
              [
                124.04178384400007,
                12.928163592000033
              ],
              [
                124.04178705600009,
                12.928196437000054
              ],
              [
                124.04179668900008,
                12.928237101000036
              ],
              [
                124.04180311100004,
                12.928276201000074
              ],
              [
                124.04180632300006,
                12.928301225000041
              ],
              [
                124.04180632600003,
                12.928326249000065
              ],
              [
                124.04180151600008,
                12.928373171000032
              ],
              [
                124.04179028900012,
                12.928427913000064
              ],
              [
                124.04178066600002,
                12.928487347000043
              ],
              [
                124.04177746100004,
                12.92852644800007
              ],
              [
                124.04176944300002,
                12.928581190000045
              ],
              [
                124.04176463300007,
                12.928629675000025
              ],
              [
                124.041764639,
                12.928692237000064
              ],
              [
                124.04176945800009,
                12.928731337000045
              ],
              [
                124.04176945900008,
                12.928743849000057
              ],
              [
                124.0417678550001,
                12.928750106000052
              ],
              [
                124.04176946100006,
                12.92876887400007
              ],
              [
                124.04176785800007,
                12.928786079000076
              ],
              [
                124.04176947000008,
                12.92885020400007
              ],
              [
                124.04176626200001,
                12.928870537000023
              ],
              [
                124.0417556430001,
                12.929630036000049
              ],
              [
                124.04174283500004,
                12.929935041000022
              ],
              [
                124.04174123100006,
                12.929941297000028
              ],
              [
                124.04174123300004,
                12.92996475800004
              ],
              [
                124.04174604900004,
                12.929988218000062
              ],
              [
                124.04175086400005,
                12.929994473000022
              ],
              [
                124.04176851700004,
                12.93000229200004
              ],
              [
                124.04177493600002,
                12.930006983000055
              ],
              [
                124.04178617000002,
                12.930010110000069
              ],
              [
                124.04181024000002,
                12.930010108000033
              ],
              [
                124.04182628700005,
                12.93000541400005
              ],
              [
                124.0418535660001,
                12.92999446400006
              ],
              [
                124.04186159000005,
                12.92999289900007
              ],
              [
                124.04187763700008,
                12.92999915400003
              ],
              [
                124.04190171100004,
                12.930027304000077
              ],
              [
                124.04190973700008,
                12.930049200000042
              ],
              [
                124.04190332000007,
                12.93006796800006
              ],
              [
                124.04189529700011,
                12.93007891700006
              ],
              [
                124.04189208900004,
                12.930086738000057
              ],
              [
                124.04185999800006,
                12.930125842000052
              ],
              [
                124.04185037200011,
                12.930146175000061
              ],
              [
                124.04184395400011,
                12.93015556000006
              ],
              [
                124.04184074500006,
                12.93016650800007
              ],
              [
                124.04183432800005,
                12.93017745700007
              ],
              [
                124.04182630800005,
                12.93021655800004
              ],
              [
                124.0418263140001,
                12.930279119000033
              ],
              [
                124.04185360200006,
                12.930362010000067
              ],
              [
                124.04186323600004,
                12.930416751000052
              ],
              [
                124.04186484400009,
                12.930446467000024
              ],
              [
                124.041868055,
                12.930466799000044
              ],
              [
                124.04186806300004,
                12.930545001000041
              ],
              [
                124.0418696690001,
                12.93055438500005
              ],
              [
                124.04186967300006,
                12.930591922000076
              ],
              [
                124.04186807000008,
                12.930610690000037
              ],
              [
                124.04186486200001,
                12.930623203000039
              ],
              [
                124.04186486200001,
                12.930631023000046
              ],
              [
                124.04185684400011,
                12.930682637000075
              ],
              [
                124.04185684600009,
                12.930707662000032
              ],
              [
                124.04185203600002,
                12.930740507000053
              ],
              [
                124.04185203700001,
                12.93075771100007
              ],
              [
                124.04184883100004,
                12.930788992000032
              ],
              [
                124.04173175400001,
                12.931505254000058
              ],
              [
                124.04165156700003,
                12.932008878000033
              ],
              [
                124.04164194200007,
                12.932045010000024
              ],
              [
                124.0416339190001,
                12.932057523000026
              ],
              [
                124.04160182800001,
                12.932087242000023
              ],
              [
                124.04159059500012,
                12.932095063000077
              ],
              [
                124.04158578200008,
                12.93209975600007
              ],
              [
                124.04158417700012,
                12.932104448000075
              ],
              [
                124.04158578300007,
                12.932113832000027
              ],
              [
                124.04159380700003,
                12.932123216000036
              ],
              [
                124.04160022700012,
                12.932129471000053
              ],
              [
                124.04162108900005,
                12.932140417000028
              ],
              [
                124.0416403480001,
                12.932154492000052
              ],
              [
                124.0416515820001,
                12.932167003000075
              ],
              [
                124.04165800100009,
                12.932171695000022
              ],
              [
                124.04168047000007,
                12.93219984500007
              ],
              [
                124.04169170400007,
                12.932209228000033
              ],
              [
                124.04170935700006,
                12.932218611000053
              ],
              [
                124.04173663900008,
                12.932229556000038
              ],
              [
                124.04175268600011,
                12.932232683000052
              ],
              [
                124.04176993100009,
                12.932232681000073
              ],
              [
                124.04174467200005,
                12.932329653000068
              ],
              [
                124.04173183500006,
                12.932334347000051
              ],
              [
                124.04167887800008,
                12.932326531000058
              ],
              [
                124.0416548070001,
                12.932326533000037
              ],
              [
                124.04164036500003,
                12.932329663000075
              ],
              [
                124.04162752700006,
                12.932335920000071
              ],
              [
                124.0416179,
                12.93234530500007
              ],
              [
                124.04160185500007,
                12.93236720300007
              ],
              [
                124.0415938320001,
                12.932382844000074
              ],
              [
                124.04158420700003,
                12.932414125000037
              ],
              [
                124.04157779000002,
                12.93242820200004
              ],
              [
                124.04157618600004,
                12.932436023000037
              ],
              [
                124.04156976800004,
                12.93245009900005
              ],
              [
                124.04156976800004,
                12.932454791000055
              ],
              [
                124.04156495500001,
                12.932465740000055
              ],
              [
                124.04156014300008,
                12.932489201000067
              ],
              [
                124.04156014500006,
                12.93250953300003
              ],
              [
                124.04145351200009,
                12.932919413000036
              ],
              [
                124.04139882000004,
                12.933117195000023
              ],
              [
                124.04139240200004,
                12.93311876000007
              ],
              [
                124.04138758700003,
                12.933114068000066
              ],
              [
                124.04137956200009,
                12.933101557000043
              ],
              [
                124.04135067000004,
                12.933034306000025
              ],
              [
                124.04134906500008,
                12.933024922000072
              ],
              [
                124.04135869000004,
                12.932993641000053
              ],
              [
                124.04135708500007,
                12.932987385000047
              ],
              [
                124.0413506650001,
                12.932976437000036
              ],
              [
                124.04134264100003,
                12.932970182000076
              ],
              [
                124.04132980200006,
                12.93296392700006
              ],
              [
                124.04130091600007,
                12.932957674000022
              ],
              [
                124.04128647400012,
                12.932956111000067
              ],
              [
                124.041268822,
                12.932957677000047
              ],
              [
                124.0412640080001,
                12.93296080500005
              ],
              [
                124.04126079900004,
                12.932965497000055
              ],
              [
                124.04126080000003,
                12.932978010000056
              ],
              [
                124.04126240500011,
                12.932984266000062
              ],
              [
                124.04127043000005,
                12.932996777000028
              ],
              [
                124.04128005900009,
                12.933004596000046
              ],
              [
                124.04128968900011,
                12.933015544000057
              ],
              [
                124.04129771400005,
                12.933029619000024
              ],
              [
                124.04131216000007,
                12.93306715400007
              ],
              [
                124.04131858000005,
                12.933078102000025
              ],
              [
                124.04132018500002,
                12.933085922000032
              ],
              [
                124.0413217900001,
                12.933087486000034
              ],
              [
                124.04132660700009,
                12.93311407400006
              ],
              [
                124.04133142300009,
                12.933128150000073
              ],
              [
                124.04135068300002,
                12.933170377000067
              ],
              [
                124.04135710500009,
                12.933196965000036
              ],
              [
                124.04135871200003,
                12.933218861000057
              ],
              [
                124.04135550500007,
                12.933251706000021
              ],
              [
                124.04134909000004,
                12.933284551000042
              ],
              [
                124.04134748900003,
                12.933326780000073
              ],
              [
                124.04134267900008,
                12.933375265000052
              ],
              [
                124.04134268300004,
                12.933414366000022
              ],
              [
                124.04134108000005,
                12.933430006000037
              ],
              [
                124.04133306000006,
                12.933469108000054
              ],
              [
                124.04132022500005,
                12.933500389000073
              ],
              [
                124.04131220300007,
                12.933514466000076
              ],
              [
                124.04129455300006,
                12.933537928000021
              ],
              [
                124.04128492600012,
                12.933555134000073
              ],
              [
                124.04127850800012,
                12.933561390000023
              ],
              [
                124.04124962600008,
                12.933603622000021
              ],
              [
                124.04124481300005,
                12.933608314000026
              ],
              [
                124.04123518600011,
                12.933627083000033
              ],
              [
                124.04123358200002,
                12.93363490400003
              ],
              [
                124.041233583,
                12.933641160000036
              ],
              [
                124.04123839800002,
                12.933650544000045
              ],
              [
                124.04124160800006,
                12.933653671000059
              ],
              [
                124.04124963200002,
                12.933656799000062
              ],
              [
                124.04125765600008,
                12.933664618000023
              ],
              [
                124.04126407600006,
                12.933674002000032
              ],
              [
                124.04127049700003,
                12.933694334000052
              ],
              [
                124.04127210400009,
                12.933717794000074
              ],
              [
                124.04117469900007,
                12.93459714200003
              ],
              [
                124.0410447810001,
                12.935296746000063
              ],
              [
                124.0409982540001,
                12.935410618000049
              ],
              [
                124.04099344200006,
                12.935432515000059
              ],
              [
                124.04099505300007,
                12.935499768000057
              ],
              [
                124.04099826400011,
                12.935516972000073
              ],
              [
                124.04099826800007,
                12.935557637000045
              ],
              [
                124.0409966630001,
                12.935560765000048
              ],
              [
                124.04099666400009,
                12.93557327700006
              ],
              [
                124.040985438,
                12.935646787000053
              ],
              [
                124.04098223000005,
                12.935659300000054
              ],
              [
                124.04098223000005,
                12.935667120000062
              ],
              [
                124.04097260500009,
                12.93570465700003
              ],
              [
                124.0409710020001,
                12.935723426000038
              ],
              [
                124.04096779400004,
                12.935734374000049
              ],
              [
                124.04096458700008,
                12.935759399000062
              ],
              [
                124.04096619300003,
                12.935771911000074
              ],
              [
                124.04096298500008,
                12.935787552000022
              ],
              [
                124.04096138400007,
                12.935832908000066
              ],
              [
                124.04095657500011,
                12.935881394000035
              ],
              [
                124.04095176300007,
                12.935904855000047
              ],
              [
                124.04092930200011,
                12.935968982000077
              ],
              [
                124.04090684300002,
                12.936050313000067
              ],
              [
                124.040894008,
                12.936084723000022
              ],
              [
                124.04088117200001,
                12.936106620000032
              ],
              [
                124.04085870800009,
                12.936128519000022
              ],
              [
                124.04085068400002,
                12.936133212000072
              ],
              [
                124.04084266100006,
                12.936136340000076
              ],
              [
                124.04082661400003,
                12.936139470000057
              ],
              [
                124.04079772800003,
                12.93614260000004
              ],
              [
                124.04077526200001,
                12.936147295000069
              ],
              [
                124.04073193600004,
                12.936167631000046
              ],
              [
                124.04070947100001,
                12.936191093000048
              ],
              [
                124.04070626300006,
                12.936198914000045
              ],
              [
                124.04070144900004,
                12.93620517000005
              ],
              [
                124.04069663700011,
                12.936227067000061
              ],
              [
                124.04069584600006,
                12.936238639000067
              ],
              [
                124.04091105900011,
                12.936324357000046
              ],
              [
                124.04086639800005,
                12.936568228000056
              ],
              [
                124.0495707870001,
                12.936987758000043
              ],
              [
                124.05300966300001,
                12.936552498000026
              ],
              [
                124.054542749,
                12.936287165000067
              ],
              [
                124.0590687990001,
                12.933570579000047
              ],
              [
                124.06099278500005,
                12.931611700000076
              ],
              [
                124.0637497680001,
                12.929487828000049
              ],
              [
                124.06805774500003,
                12.926807985000039
              ],
              [
                124.0726355600001,
                12.926738759000045
              ]
            ]
          ]
        ]
      }
    }
  ]
}