{
  "type": "FeatureCollection",
  "name": "Santa Magdalena",
  "crs": {
    "type": "name",
    "properties": {
      "name": "urn:ogc:def:crs:OGC:1.3:CRS84"
    }
  },
  "features": [
    {
      "type": "Feature",
      "properties": {
        "ADM3_EN": "Santa Magdalena",
        "ADM3_PCODE": "PH0506215",
        "ADM2_EN": "Sorsogon",
        "ADM2_PCODE": "PH05062",
        "ADM1_EN": "Region V (Bicol Region)",
        "ADM1_PCODE": "PH05",
        "ADM0_EN": "Philippines (the)",
        "ADM0_PCODE": "PH",
        "date": "2022-11-09",
        "validOn": "2023-11-06",
        "validTo": null,
        "ADM3_REF": null,
        "ADM3ALT1EN": null,
        "Shape_Leng": 0.3194477363,
        "Shape_Area": 0.00437082953,
        "AREA_SQKM": 52.52718106
      },
      "geometry": {
        "type": "MultiPolygon",
        "coordinates": [
          [
            [
              [
                124.130766504,
                12.691976619000059
              ],
              [
                124.13073762600004,
                12.691959716000042
              ],
              [
                124.13072743600003,
                12.691951195000058
              ],
              [
                124.13072306900006,
                12.691945515000043
              ],
              [
                124.13071288000003,
                12.69193699400006
              ],
              [
                124.13070269000002,
                12.69192421300005
              ],
              [
                124.13069395600007,
                12.691917112000056
              ],
              [
                124.13065174200005,
                12.691867408000064
              ],
              [
                124.13063136200003,
                12.691853207000065
              ],
              [
                124.13061389400002,
                12.691843266000035
              ],
              [
                124.13055726200002,
                12.691804036000065
              ],
              [
                124.13052669300009,
                12.691779893000046
              ],
              [
                124.13047574400002,
                12.691728769000065
              ],
              [
                124.13046846600002,
                12.69172308800006
              ],
              [
                124.13045682000006,
                12.69171030700005
              ],
              [
                124.13045245300009,
                12.691703206000057
              ],
              [
                124.13042916300003,
                12.691679064000027
              ],
              [
                124.1304233400001,
                12.691674804000058
              ],
              [
                124.13039568200008,
                12.691642141000045
              ],
              [
                124.13038403700011,
                12.691630780000025
              ],
              [
                124.13035637900009,
                12.691592437000054
              ],
              [
                124.13032581000004,
                12.691541312000027
              ],
              [
                124.1303097980001,
                12.691504389000045
              ],
              [
                124.13029524100011,
                12.691480247000072
              ],
              [
                124.13027195100005,
                12.691449005000038
              ],
              [
                124.13024866,
                12.691413502000046
              ],
              [
                124.1302384710001,
                12.691393620000042
              ],
              [
                124.13019771200004,
                12.691333975000077
              ],
              [
                124.13017879000006,
                12.69128369200007
              ],
              [
                124.13017587900003,
                12.691269491000071
              ],
              [
                124.13015404400005,
                12.691222627000059
              ],
              [
                124.13015113300003,
                12.691219786000033
              ],
              [
                124.13012784200009,
                12.691164402000027
              ],
              [
                124.13008854000009,
                12.69105789300005
              ],
              [
                124.13007107200008,
                12.691019550000021
              ],
              [
                124.1300667050001,
                12.691013869000074
              ],
              [
                124.13005360500006,
                12.69098262700004
              ],
              [
                124.13003613700005,
                12.690951384000073
              ],
              [
                124.13001139100004,
                12.690894580000077
              ],
              [
                124.12999246800007,
                12.690834935000055
              ],
              [
                124.12997791200007,
                12.690799432000063
              ],
              [
                124.1299735450001,
                12.690782391000027
              ],
              [
                124.12996917800001,
                12.69075398800004
              ],
              [
                124.12996917900011,
                12.690704285000038
              ],
              [
                124.12997209100001,
                12.690660261000062
              ],
              [
                124.12998228100003,
                12.690603457000066
              ],
              [
                124.12999247100004,
                12.690569375000052
              ],
              [
                124.12999247100004,
                12.690563694000048
              ],
              [
                124.12999538300005,
                12.690558014000032
              ],
              [
                124.13000266200004,
                12.690453517000037
              ],
              [
                124.12999684800002,
                12.689755903000048
              ],
              [
                124.12997647400005,
                12.68930905600007
              ],
              [
                124.12986936900006,
                12.688032054000075
              ],
              [
                124.12976104000006,
                12.687498240000025
              ],
              [
                124.12969990500005,
                12.687262501000077
              ],
              [
                124.12959364700009,
                12.686891951000064
              ],
              [
                124.12950601200009,
                12.685916888000065
              ],
              [
                124.12950442400006,
                12.685764923000022
              ],
              [
                124.12950601500006,
                12.685696694000058
              ],
              [
                124.12951237300001,
                12.685647073000041
              ],
              [
                124.12951555300003,
                12.685605205000059
              ],
              [
                124.12951778400009,
                12.685597044000076
              ],
              [
                124.1295219110001,
                12.685581945000024
              ],
              [
                124.12952350000012,
                12.685563337000076
              ],
              [
                124.12953462700011,
                12.685516818000053
              ],
              [
                124.12954098500006,
                12.685496659000023
              ],
              [
                124.1295457540001,
                12.685471849000066
              ],
              [
                124.12955052200005,
                12.685460994000039
              ],
              [
                124.12956006000002,
                12.685420677000025
              ],
              [
                124.12957118600002,
                12.68536795500006
              ],
              [
                124.12957118700001,
                12.685360202000027
              ],
              [
                124.12957595500006,
                12.685333840000055
              ],
              [
                124.12958231300001,
                12.685310581000067
              ],
              [
                124.12958390300003,
                12.685293523000041
              ],
              [
                124.12959344,
                12.685251656000048
              ],
              [
                124.12960615700001,
                12.68516016700005
              ],
              [
                124.12961092600005,
                12.685110546000033
              ],
              [
                124.1296156950001,
                12.68508418500005
              ],
              [
                124.12962046400003,
                12.68503146300003
              ],
              [
                124.12962523300007,
                12.685009754000077
              ],
              [
                124.1296284120001,
                12.684978740000076
              ],
              [
                124.12963318100003,
                12.684955481000031
              ],
              [
                124.1296395390001,
                12.684936873000026
              ],
              [
                124.1296395390001,
                12.684932221000054
              ],
              [
                124.12971992300004,
                12.684691544000032
              ],
              [
                124.12972155600005,
                12.684691544000032
              ],
              [
                124.12972645500008,
                12.684677205000071
              ],
              [
                124.12973625400002,
                12.684640561000037
              ],
              [
                124.12974605200009,
                12.684616664000032
              ],
              [
                124.1297672820001,
                12.684578427000076
              ],
              [
                124.12979177800003,
                12.684541784000032
              ],
              [
                124.12979831100006,
                12.684533818000034
              ],
              [
                124.12980647600011,
                12.684527445000072
              ],
              [
                124.12981790700007,
                12.684509920000039
              ],
              [
                124.1298244400001,
                12.684505141000045
              ],
              [
                124.1298603670001,
                12.684466905000022
              ],
              [
                124.12988976300005,
                12.684428668000066
              ],
              [
                124.12989466200008,
                12.684419109000032
              ],
              [
                124.12992079100002,
                12.684382466000045
              ],
              [
                124.1299338560001,
                12.684366534000048
              ],
              [
                124.12996815000008,
                12.684307587000035
              ],
              [
                124.12999428000012,
                12.684250232000068
              ],
              [
                124.13000081200005,
                12.684221555000022
              ],
              [
                124.13000081200005,
                12.684213589000024
              ],
              [
                124.13000734500008,
                12.68418172500003
              ],
              [
                124.13000734500008,
                12.684173759000032
              ],
              [
                124.1300106110001,
                12.684164200000055
              ],
              [
                124.13001224400011,
                12.684149861000037
              ],
              [
                124.13001877700003,
                12.684124370000063
              ],
              [
                124.13001877700003,
                12.684117997000044
              ],
              [
                124.13002530900008,
                12.684094099000049
              ],
              [
                124.13003837400004,
                12.684055863000026
              ],
              [
                124.13005143900011,
                12.684028779000073
              ],
              [
                124.13005307200001,
                12.684022406000054
              ],
              [
                124.13006123800005,
                12.684008067000036
              ],
              [
                124.13007756900004,
                12.683958679000057
              ],
              [
                124.13010206500007,
                12.683893358000034
              ],
              [
                124.13011186400001,
                12.683848749000049
              ],
              [
                124.13011513000004,
                12.68384237600003
              ],
              [
                124.13012003000006,
                12.683816885000056
              ],
              [
                124.130129828,
                12.683781835000048
              ],
              [
                124.13013962700006,
                12.683756344000074
              ],
              [
                124.1301445260001,
                12.683738819000041
              ],
              [
                124.1301477930001,
                12.683734039000058
              ],
              [
                124.13015105900001,
                12.683718107000061
              ],
              [
                124.13015432500003,
                12.683710141000063
              ],
              [
                124.13015432500003,
                12.683705362000069
              ],
              [
                124.13019107100001,
                12.683556929000076
              ],
              [
                124.13030362800009,
                12.682530851000024
              ],
              [
                124.1303068950001,
                12.682516512000063
              ],
              [
                124.13030852800011,
                12.682468716000074
              ],
              [
                124.13031016100001,
                12.682463937000023
              ],
              [
                124.13031506100003,
                12.682377904000077
              ],
              [
                124.13031832700005,
                12.682347633000063
              ],
              [
                124.13032159300008,
                12.682331701000066
              ],
              [
                124.13032486000009,
                12.682285499000045
              ],
              [
                124.13033139200002,
                12.682256821000067
              ],
              [
                124.13033629200004,
                12.682204246000026
              ],
              [
                124.13034282400008,
                12.682169196000075
              ],
              [
                124.1303640540001,
                12.682118213000024
              ],
              [
                124.13037711800007,
                12.682078384000022
              ],
              [
                124.13037711900006,
                12.682060859000046
              ],
              [
                124.13037875200007,
                12.682052893000048
              ],
              [
                124.13037711900006,
                12.68199713100006
              ],
              [
                124.13036895400012,
                12.681944556000076
              ],
              [
                124.13036568900009,
                12.681899946000044
              ],
              [
                124.13036079000005,
                12.681872862000034
              ],
              [
                124.13035752400003,
                12.681833032000043
              ],
              [
                124.13036079100004,
                12.681751779000024
              ],
              [
                124.13036405700007,
                12.681735847000027
              ],
              [
                124.13036732400008,
                12.68169920400004
              ],
              [
                124.13037548900002,
                12.681659374000049
              ],
              [
                124.13037548900002,
                12.68165140800005
              ],
              [
                124.13038202200005,
                12.681632290000039
              ],
              [
                124.13038528800007,
                12.681616358000042
              ],
              [
                124.13039345300001,
                12.681594054000072
              ],
              [
                124.13045178700008,
                12.681469209000056
              ],
              [
                124.13046648500006,
                12.681443718000025
              ],
              [
                124.13048118200004,
                12.681402295000055
              ],
              [
                124.13048771400008,
                12.681389550000063
              ],
              [
                124.13050241200006,
                12.681348127000035
              ],
              [
                124.13051711000003,
                12.681313077000027
              ],
              [
                124.13055140400002,
                12.681252535000056
              ],
              [
                124.13055630300005,
                12.681239790000063
              ],
              [
                124.13056120200008,
                12.681235010000023
              ],
              [
                124.13057589900006,
                12.681212706000053
              ],
              [
                124.1305824320001,
                12.681195181000021
              ],
              [
                124.13058569800012,
                12.681179249000024
              ],
              [
                124.13058569800012,
                12.681139419000033
              ],
              [
                124.13058406500011,
                12.681131453000035
              ],
              [
                124.13058406500011,
                12.681086844000049
              ],
              [
                124.13058080000008,
                12.68105975900005
              ],
              [
                124.13058080000008,
                12.681013557000028
              ],
              [
                124.13058733200012,
                12.680973727000037
              ],
              [
                124.13059876400007,
                12.680922745000032
              ],
              [
                124.13060203000009,
                12.680914779000034
              ],
              [
                124.13060203000009,
                12.680906813000036
              ],
              [
                124.13060856300001,
                12.680873356000063
              ],
              [
                124.13061019600002,
                12.68085583100003
              ],
              [
                124.13061182900003,
                12.680852645000073
              ],
              [
                124.13061182900003,
                12.680839899000034
              ],
              [
                124.13061509500005,
                12.680811222000045
              ],
              [
                124.13061672800006,
                12.680808035000041
              ],
              [
                124.13061672800006,
                12.680795290000049
              ],
              [
                124.13062816000001,
                12.68074112100004
              ],
              [
                124.13062816000001,
                12.680734748000077
              ],
              [
                124.13063632600006,
                12.680704478000052
              ],
              [
                124.13063959200008,
                12.680674207000038
              ],
              [
                124.1306428580001,
                12.680658275000042
              ],
              [
                124.1306428580001,
                12.680647123000028
              ],
              [
                124.1306624550001,
                12.68056427700003
              ],
              [
                124.1306640890001,
                12.680548345000034
              ],
              [
                124.13074034600004,
                12.680412130000036
              ],
              [
                124.13098514600006,
                12.67979925800006
              ],
              [
                124.13098841200008,
                12.679794478000076
              ],
              [
                124.13099331100011,
                12.679775360000065
              ],
              [
                124.1310096420001,
                12.679729157000054
              ],
              [
                124.13102597200009,
                12.679692514000067
              ],
              [
                124.1310276050001,
                12.679681361000064
              ],
              [
                124.13103250400002,
                12.679665429000067
              ],
              [
                124.131032505,
                12.679659056000048
              ],
              [
                124.13103740400004,
                12.679636752000022
              ],
              [
                124.13103740400004,
                12.679628786000023
              ],
              [
                124.13105210100002,
                12.67957621000005
              ],
              [
                124.13105700100004,
                12.679568244000052
              ],
              [
                124.131068432,
                12.679536381000048
              ],
              [
                124.13108639500001,
                12.679498144000036
              ],
              [
                124.13109619400007,
                12.679458314000044
              ],
              [
                124.13110435900012,
                12.679437603000054
              ],
              [
                124.13111252400006,
                12.679408925000075
              ],
              [
                124.13112395500002,
                12.679383434000044
              ],
              [
                124.13114191900002,
                12.679349978000062
              ],
              [
                124.13115008400007,
                12.679340418000038
              ],
              [
                124.13116478100005,
                12.679314928000053
              ],
              [
                124.13116641400006,
                12.679308555000034
              ],
              [
                124.13116968000008,
                12.679305369000076
              ],
              [
                124.13121703800005,
                12.67922889600004
              ],
              [
                124.13123663500005,
                12.679189066000049
              ],
              [
                124.13124153400008,
                12.67918269300003
              ],
              [
                124.13125296500004,
                12.67916038900006
              ],
              [
                124.13130685500005,
                12.679072764000068
              ],
              [
                124.13132155200003,
                12.679052052000031
              ],
              [
                124.13133461600012,
                12.679024968000022
              ],
              [
                124.13134278200005,
                12.67901222300003
              ],
              [
                124.1313509470001,
                12.678986732000055
              ],
              [
                124.13136401100007,
                12.678927784000052
              ],
              [
                124.13137054300012,
                12.678911852000056
              ],
              [
                124.13137217600001,
                12.678903886000057
              ],
              [
                124.13138850700011,
                12.678865650000034
              ],
              [
                124.13139340600003,
                12.678859277000072
              ],
              [
                124.13140708600008,
                12.678833289000067
              ],
              [
                124.13142178300006,
                12.678793460000065
              ],
              [
                124.13145281100003,
                12.678734512000062
              ],
              [
                124.1314985360001,
                12.678591124000036
              ],
              [
                124.13152139800002,
                12.678544922000071
              ],
              [
                124.13153119600008,
                12.678521024000077
              ],
              [
                124.13154589300007,
                12.678497126000025
              ],
              [
                124.1315507920001,
                12.678485974000068
              ],
              [
                124.13158345300008,
                12.678439772000047
              ],
              [
                124.13159488400004,
                12.678419060000067
              ],
              [
                124.13161448000005,
                12.678391976000057
              ],
              [
                124.13163570900008,
                12.67836967200003
              ],
              [
                124.1316389750001,
                12.678363299000068
              ],
              [
                124.13164550800002,
                12.678356926000049
              ],
              [
                124.13166347100002,
                12.67832824900006
              ],
              [
                124.13166673700005,
                12.678320283000062
              ],
              [
                124.13168306700004,
                12.678294792000031
              ],
              [
                124.13171572700003,
                12.678237437000064
              ],
              [
                124.13173859000005,
                12.67818645500006
              ],
              [
                124.13179411200008,
                12.678089271000033
              ],
              [
                124.13182187400002,
                12.678049441000041
              ],
              [
                124.13182840600007,
                12.678043069000068
              ],
              [
                124.13184147000004,
                12.678025544000036
              ],
              [
                124.13187249700002,
                12.67796181600005
              ],
              [
                124.13189046000002,
                12.677917207000064
              ],
              [
                124.13189536000004,
                12.677910834000045
              ],
              [
                124.13190025900008,
                12.677842983000062
              ],
              [
                124.13190842400002,
                12.677812713000037
              ],
              [
                124.13191495600006,
                12.677795188000061
              ],
              [
                124.13192475400001,
                12.677760137000064
              ],
              [
                124.13195088300006,
                12.677696410000067
              ],
              [
                124.13195088300006,
                12.677693224000052
              ],
              [
                124.13196721300005,
                12.677656580000075
              ],
              [
                124.131994974,
                12.677570548000062
              ],
              [
                124.13199987300004,
                12.677560989000028
              ],
              [
                124.13201130400012,
                12.677519566000058
              ],
              [
                124.13201620300003,
                12.677495668000063
              ],
              [
                124.13202600200009,
                12.677468584000053
              ],
              [
                124.13202926800011,
                12.677451059000077
              ],
              [
                124.13203253400002,
                12.677444686000058
              ],
              [
                124.13203416700003,
                12.677435127000024
              ],
              [
                124.1320455980001,
                12.677400077000073
              ],
              [
                124.13216219700007,
                12.67712866100004
              ],
              [
                124.13217526100004,
                12.677104763000045
              ],
              [
                124.13221445300007,
                12.677017137000064
              ],
              [
                124.13222098500012,
                12.676990053000054
              ],
              [
                124.13222915000006,
                12.67693907100005
              ],
              [
                124.13224384700004,
                12.67689127500006
              ],
              [
                124.13226507600007,
                12.676845073000038
              ],
              [
                124.13230263500009,
                12.676781346000041
              ],
              [
                124.13231080000003,
                12.676773380000043
              ],
              [
                124.13231569900006,
                12.676765414000045
              ],
              [
                124.13233366200006,
                12.676744702000065
              ],
              [
                124.13234346000002,
                12.676736736000066
              ],
              [
                124.13235162500007,
                12.676723991000074
              ],
              [
                124.13235815700011,
                12.676717618000055
              ],
              [
                124.13236469000003,
                12.676706466000041
              ],
              [
                124.13240388100007,
                12.67666663600005
              ],
              [
                124.13243654200005,
                12.676647518000038
              ],
              [
                124.13244470600011,
                12.676644332000023
              ],
              [
                124.13250676000007,
                12.676634773000046
              ],
              [
                124.13253452100003,
                12.67663317900002
              ],
              [
                124.13254758500011,
                12.676626807000048
              ],
              [
                124.13256064900008,
                12.67661724800007
              ],
              [
                124.13257208000005,
                12.676606095000068
              ],
              [
                124.13258187800011,
                12.676590163000071
              ],
              [
                124.13260800700004,
                12.676539181000066
              ],
              [
                124.13261780500011,
                12.676526436000074
              ],
              [
                124.13264230000004,
                12.676507317000073
              ],
              [
                124.13265373100012,
                12.67649616500006
              ],
              [
                124.13267332700002,
                12.676481826000042
              ],
              [
                124.13272721600003,
                12.676434031000042
              ],
              [
                124.13276314200004,
                12.676397387000065
              ],
              [
                124.13276640800007,
                12.676391014000046
              ],
              [
                124.13281507400006,
                12.67636107900006
              ],
              [
                124.13284446800003,
                12.676335588000029
              ],
              [
                124.13285916500001,
                12.676319656000032
              ],
              [
                124.13287059600009,
                12.676310097000055
              ],
              [
                124.13291958600007,
                12.676278233000062
              ],
              [
                124.13293754800009,
                12.676263895000034
              ],
              [
                124.13297184100009,
                12.676241590000075
              ],
              [
                124.13298163900004,
                12.676236810000034
              ],
              [
                124.13299960200004,
                12.676220878000038
              ],
              [
                124.13301429900002,
                12.67621131900006
              ],
              [
                124.13301756500005,
                12.676206540000067
              ],
              [
                124.13303716100006,
                12.67619060800007
              ],
              [
                124.13304532600011,
                12.67618582800003
              ],
              [
                124.13310248100004,
                12.676141219000044
              ],
              [
                124.13312534300007,
                12.676118914000028
              ],
              [
                124.13316780100001,
                12.676093423000054
              ],
              [
                124.13321515700011,
                12.676058373000046
              ],
              [
                124.13323965200004,
                12.676045628000054
              ],
              [
                124.13325598200004,
                12.676032882000072
              ],
              [
                124.13328047700008,
                12.676020137000023
              ],
              [
                124.13329844000009,
                12.67601376400006
              ],
              [
                124.1333180360001,
                12.676001018000022
              ],
              [
                124.13333599900011,
                12.675993052000024
              ],
              [
                124.13336376000007,
                12.675985086000026
              ],
              [
                124.13340621800012,
                12.67596118800003
              ],
              [
                124.1334209150001,
                12.675956409000037
              ],
              [
                124.13343397900007,
                12.675948443000038
              ],
              [
                124.13344541000004,
                12.675935697000057
              ],
              [
                124.133810089,
                12.675767282000038
              ],
              [
                124.13385907800011,
                12.675741791000064
              ],
              [
                124.13386397700003,
                12.675737011000024
              ],
              [
                124.1339260310001,
                12.675698774000068
              ],
              [
                124.13398971800007,
                12.675649385000042
              ],
              [
                124.13399788200002,
                12.675639826000065
              ],
              [
                124.13400604700007,
                12.675633453000046
              ],
              [
                124.13401257900011,
                12.675630267000031
              ],
              [
                124.13403707400005,
                12.67561114800003
              ],
              [
                124.13404687200011,
                12.675606369000036
              ],
              [
                124.13406973400004,
                12.675587250000035
              ],
              [
                124.13408443100002,
                12.675577691000058
              ],
              [
                124.1341301550001,
                12.675552200000027
              ],
              [
                124.13420200600001,
                12.675507590000052
              ],
              [
                124.13431305000006,
                12.675461387000041
              ],
              [
                124.13433427900009,
                12.675447048000024
              ],
              [
                124.13436040700003,
                12.675424744000054
              ],
              [
                124.13438490200008,
                12.675396066000076
              ],
              [
                124.1343881680001,
                12.675389693000056
              ],
              [
                124.13441756200007,
                12.67535305000007
              ],
              [
                124.13444532300002,
                12.675324372000034
              ],
              [
                124.1344567540001,
                12.675314813000057
              ],
              [
                124.13446328600003,
                12.675311626000052
              ],
              [
                124.13448614800006,
                12.675290915000062
              ],
              [
                124.13451805000011,
                12.675268310000035
              ],
              [
                124.13453764500002,
                12.67525078500006
              ],
              [
                124.13457847000006,
                12.675204582000049
              ],
              [
                124.13460296500011,
                12.675172718000056
              ],
              [
                124.13461112900006,
                12.67515678600006
              ],
              [
                124.13462256000003,
                12.675126515000045
              ],
              [
                124.13464052300003,
                12.675065974000063
              ],
              [
                124.13464052200004,
                12.675059601000044
              ],
              [
                124.1346486870001,
                12.675021364000031
              ],
              [
                124.1346503200001,
                12.675005433000024
              ],
              [
                124.1346503200001,
                12.674978348000025
              ],
              [
                124.13465195300012,
                12.674970382000026
              ],
              [
                124.13465195200001,
                12.674936925000054
              ],
              [
                124.13465358500002,
                12.674930552000035
              ],
              [
                124.13465195200001,
                12.674922586000037
              ],
              [
                124.13465031900012,
                12.674870011000053
              ],
              [
                124.1346486860001,
                12.674862045000054
              ],
              [
                124.13464868500012,
                12.674819029000048
              ],
              [
                124.13465195100002,
                12.674796724000032
              ],
              [
                124.13465358400003,
                12.674758488000066
              ],
              [
                124.13465848300007,
                12.67472981000003
              ],
              [
                124.13466011500009,
                12.674694760000023
              ],
              [
                124.134665014,
                12.674674049000032
              ],
              [
                124.134665014,
                12.674664489000065
              ],
              [
                124.13466828000003,
                12.674646964000033
              ],
              [
                124.13468297700001,
                12.674599168000043
              ],
              [
                124.13469114100008,
                12.674578457000052
              ],
              [
                124.13469277400009,
                12.67456730500004
              ],
              [
                124.13469604000011,
                12.674560932000077
              ],
              [
                124.13469930600002,
                12.674541813000076
              ],
              [
                124.13471726900002,
                12.674478086000022
              ],
              [
                124.13472380000007,
                12.674443035000024
              ],
              [
                124.13472521800009,
                12.674366820000046
              ],
              [
                124.1347268510001,
                12.674363633000041
              ],
              [
                124.13472521800009,
                12.67434451500003
              ],
              [
                124.13472031900005,
                12.67432221000007
              ],
              [
                124.134712153,
                12.674298312000076
              ],
              [
                124.13470562100008,
                12.67426963500003
              ],
              [
                124.13470398800007,
                12.674253703000034
              ],
              [
                124.13470398800007,
                12.674196348000066
              ],
              [
                124.1347072530001,
                12.674175637000076
              ],
              [
                124.1347072530001,
                12.674164484000073
              ],
              [
                124.13471378500003,
                12.674140586000021
              ],
              [
                124.1347235830001,
                12.674089604000073
              ],
              [
                124.13473011400004,
                12.674041808000027
              ],
              [
                124.13473011400004,
                12.674024283000051
              ],
              [
                124.13473338000006,
                12.674001978000035
              ],
              [
                124.13473501200008,
                12.673839473000044
              ],
              [
                124.13473337900007,
                12.67383469300006
              ],
              [
                124.13473011200006,
                12.673796457000037
              ],
              [
                124.13473011200006,
                12.673742289000074
              ],
              [
                124.13472847900005,
                12.673726357000021
              ],
              [
                124.1347203140001,
                12.673697679000043
              ],
              [
                124.13471704800008,
                12.673676968000052
              ],
              [
                124.13471378200006,
                12.673670595000033
              ],
              [
                124.13471051600004,
                12.673648290000074
              ],
              [
                124.13470076700003,
                12.673617207000063
              ],
              [
                124.13469916000008,
                12.67355453500005
              ],
              [
                124.13470076600004,
                12.673546701000078
              ],
              [
                124.13470076600004,
                12.673509097000021
              ],
              [
                124.1347023720001,
                12.673488729000042
              ],
              [
                124.13469755400001,
                12.673451125000042
              ],
              [
                124.13469434100011,
                12.673408821000066
              ],
              [
                124.13469112900009,
                12.673394720000033
              ],
              [
                124.13468952300002,
                12.673347716000023
              ],
              [
                124.13469112900009,
                12.673341449000077
              ],
              [
                124.13469112900009,
                12.673324214000047
              ],
              [
                124.13469755200003,
                12.673289744000044
              ],
              [
                124.13469755200003,
                12.673280343000044
              ],
              [
                124.13470558200004,
                12.673241173000065
              ],
              [
                124.1347120050001,
                12.673219237000069
              ],
              [
                124.1347200350001,
                12.673198869000032
              ],
              [
                124.1347328820001,
                12.673176933000036
              ],
              [
                124.13473770000007,
                12.67317223300006
              ],
              [
                124.13474572900009,
                12.673159699000053
              ],
              [
                124.13474894100011,
                12.673151865000023
              ],
              [
                124.13475215300002,
                12.673148731000026
              ],
              [
                124.13476339500005,
                12.673128362000057
              ],
              [
                124.13477303000002,
                12.673100160000047
              ],
              [
                124.13477624200004,
                12.67307039000002
              ],
              [
                124.1347826650001,
                12.673048455000071
              ],
              [
                124.13480836000008,
                12.672999884000035
              ],
              [
                124.13481799500005,
                12.672974815000032
              ],
              [
                124.13482763000002,
                12.67293094400003
              ],
              [
                124.13482763000002,
                12.672907442000053
              ],
              [
                124.13482441800011,
                12.672899608000023
              ],
              [
                124.13481799500005,
                12.67286357100005
              ],
              [
                124.13481799400006,
                12.672849470000074
              ],
              [
                124.13482120600008,
                12.672821268000064
              ],
              [
                124.13483565900003,
                12.672771130000058
              ],
              [
                124.13484208300008,
                12.672742927000058
              ],
              [
                124.13484208300008,
                12.672733526000059
              ],
              [
                124.13484850600003,
                12.672711591000052
              ],
              [
                124.13484850600003,
                12.672703757000022
              ],
              [
                124.13485332400012,
                12.672686522000049
              ],
              [
                124.13486617100011,
                12.672661453000046
              ],
              [
                124.13511830200002,
                12.67191024500005
              ],
              [
                124.1351199070001,
                12.67191024500005
              ],
              [
                124.13513436100004,
                12.671864808000066
              ],
              [
                124.13513917800003,
                12.671855407000066
              ],
              [
                124.13514720700005,
                12.671820937000064
              ],
              [
                124.1351536310001,
                12.67180526900006
              ],
              [
                124.13515844900007,
                12.671783333000064
              ],
              [
                124.13516969000011,
                12.671745730000055
              ],
              [
                124.13518414300006,
                12.671711260000052
              ],
              [
                124.13520180700004,
                12.671625086000063
              ],
              [
                124.13520180700004,
                12.67161881800007
              ],
              [
                124.13520501900007,
                12.67161098400004
              ],
              [
                124.13520501900007,
                12.671604717000037
              ],
              [
                124.13520983600006,
                12.67159218300003
              ],
              [
                124.13528852400009,
                12.671269634000055
              ],
              [
                124.13529334200007,
                12.671261800000025
              ],
              [
                124.135312612,
                12.671211662000076
              ],
              [
                124.13532545900011,
                12.671156823000047
              ],
              [
                124.13533188300005,
                12.671139588000074
              ],
              [
                124.13533509400008,
                12.671122353000044
              ],
              [
                124.13534151800002,
                12.671108252000067
              ],
              [
                124.13535436500001,
                12.671064381000065
              ],
              [
                124.13535918200012,
                12.671042446000058
              ],
              [
                124.13537524100002,
                12.670992308000052
              ],
              [
                124.13539451100007,
                12.670906133000074
              ],
              [
                124.1354186000001,
                12.670855995000068
              ],
              [
                124.13542502300004,
                12.670848161000038
              ],
              [
                124.13544268800001,
                12.670813691000035
              ],
              [
                124.13545232400008,
                12.670798023000032
              ],
              [
                124.13549086500007,
                12.670747885000026
              ],
              [
                124.13550050100002,
                12.670721249000053
              ],
              [
                124.13550371200006,
                12.67070558100005
              ],
              [
                124.13551013500012,
                12.670600604000072
              ],
              [
                124.13551816400002,
                12.670575535000069
              ],
              [
                124.13552619400002,
                12.670563001000062
              ],
              [
                124.13555831200006,
                12.67050032800006
              ],
              [
                124.1355695530001,
                12.67046429100003
              ],
              [
                124.13558079400002,
                12.670406319000051
              ],
              [
                124.13558240000009,
                12.670384384000045
              ],
              [
                124.13558079400002,
                12.670373416000075
              ],
              [
                124.13558079300003,
                12.670343647000038
              ],
              [
                124.13558400500006,
                12.670329545000072
              ],
              [
                124.13558721700008,
                12.670321711000042
              ],
              [
                124.13559203500006,
                12.670315444000039
              ],
              [
                124.13560809400008,
                12.670299775000046
              ],
              [
                124.13564181800007,
                12.67027784000004
              ],
              [
                124.13569160200007,
                12.670260604000077
              ],
              [
                124.13571087300011,
                12.670251203000078
              ],
              [
                124.13575423300006,
                12.670226133000028
              ],
              [
                124.13578113200003,
                12.670224224000037
              ],
              [
                124.13580682700001,
                12.670213256000068
              ],
              [
                124.13581325000007,
                12.670208556000034
              ],
              [
                124.13582770300002,
                12.670191321000061
              ],
              [
                124.13583412700007,
                12.670178786000065
              ],
              [
                124.13583573300002,
                12.670167818000039
              ],
              [
                124.13583573200003,
                12.670130215000029
              ],
              [
                124.13583412600008,
                12.670123948000025
              ],
              [
                124.1358293080001,
                12.670117681000022
              ],
              [
                124.13582288500004,
                12.670112980000056
              ],
              [
                124.1358084310001,
                12.670103580000045
              ],
              [
                124.13579397800004,
                12.670097312000053
              ],
              [
                124.13578113100004,
                12.670095746000072
              ],
              [
                124.13577470700011,
                12.670097313000042
              ],
              [
                124.13571528800003,
                12.670097313000042
              ],
              [
                124.13569441100003,
                12.670103581000035
              ],
              [
                124.13567835200001,
                12.670103581000035
              ],
              [
                124.13567192800008,
                12.670098881000058
              ],
              [
                124.13566871700004,
                12.670094180000035
              ],
              [
                124.13563581800008,
                12.670083212000065
              ],
              [
                124.13562778900007,
                12.670086346000062
              ],
              [
                124.13557800500007,
                12.670097314000031
              ],
              [
                124.13554106800007,
                12.670094181000024
              ],
              [
                124.13552822100007,
                12.670091048000074
              ],
              [
                124.1355105560001,
                12.670091048000074
              ],
              [
                124.135484861,
                12.670097315000021
              ],
              [
                124.13547040700007,
                12.670105149000051
              ],
              [
                124.13546237800006,
                12.670106716000078
              ],
              [
                124.13544631900004,
                12.670106716000078
              ],
              [
                124.13543507700001,
                12.670102016000044
              ],
              [
                124.13542865300008,
                12.670097316000067
              ],
              [
                124.13541741200004,
                12.67008634800004
              ],
              [
                124.13540456400005,
                12.670069113000068
              ],
              [
                124.13539974600008,
                12.67006598000006
              ],
              [
                124.13539332200003,
                12.670064413000034
              ],
              [
                124.13538529300001,
                12.670064413000034
              ],
              [
                124.13536923400011,
                12.67006754700003
              ],
              [
                124.13534835700011,
                12.67007538100006
              ],
              [
                124.13530178500002,
                12.670100451000053
              ],
              [
                124.13528893800003,
                12.670109852000053
              ],
              [
                124.1352696670001,
                12.670119253000053
              ],
              [
                124.13525039600006,
                12.67013178700006
              ],
              [
                124.13520864200007,
                12.670163124000055
              ],
              [
                124.13519258300005,
                12.670177225000032
              ],
              [
                124.135173312,
                12.670186626000032
              ],
              [
                124.13515082900005,
                12.670189760000028
              ],
              [
                124.13513477000004,
                12.670189760000028
              ],
              [
                124.13511228700008,
                12.670186627000021
              ],
              [
                124.13508498600004,
                12.670186627000021
              ],
              [
                124.13507535100007,
                12.670185060000051
              ],
              [
                124.135011114,
                12.67018506100004
              ],
              [
                124.13499184300008,
                12.67018349400007
              ],
              [
                124.1349789950001,
                12.670180361000064
              ],
              [
                124.13492118200008,
                12.670172527000034
              ],
              [
                124.13490512300007,
                12.67017409400006
              ],
              [
                124.13489709400005,
                12.67017566100003
              ],
              [
                124.13488424600007,
                12.67018349500006
              ],
              [
                124.13485855200008,
                12.67021326500003
              ],
              [
                124.13484570500009,
                12.670219532000033
              ],
              [
                124.13483125100004,
                12.67022109900006
              ],
              [
                124.13482322200002,
                12.670219532000033
              ],
              [
                124.13480876900007,
                12.67021169800006
              ],
              [
                124.13478468000005,
                12.670186629000057
              ],
              [
                124.13476862100003,
                12.67017409500005
              ],
              [
                124.1347621970001,
                12.670166261000077
              ],
              [
                124.13474774400004,
                12.67015372700007
              ],
              [
                124.13470920100008,
                12.67012552400007
              ],
              [
                124.13469474800002,
                12.670111423000037
              ],
              [
                124.13468029500007,
                12.670100456000057
              ],
              [
                124.13464978200011,
                12.670081654000057
              ],
              [
                124.13463372300009,
                12.670073820000027
              ],
              [
                124.13458394000008,
                12.670055019000074
              ],
              [
                124.1345502150001,
                12.670036217000074
              ],
              [
                124.13454058000002,
                12.670033084000067
              ],
              [
                124.13450685600003,
                12.670015849000038
              ],
              [
                124.1344875850001,
                12.670008015000064
              ],
              [
                124.13443459000007,
                12.669990781000024
              ],
              [
                124.13440086500009,
                12.669982947000051
              ],
              [
                124.1343751710001,
                12.669971979000024
              ],
              [
                124.13429244100007,
                12.669958291000057
              ],
              [
                124.13426543700007,
                12.669952089000049
              ],
              [
                124.13422731300011,
                12.669936587000052
              ],
              [
                124.13416853900003,
                12.669921083000077
              ],
              [
                124.13412247300005,
                12.669911779000074
              ],
              [
                124.13410817600004,
                12.669911778000028
              ],
              [
                124.13406846200007,
                12.669917973000054
              ],
              [
                124.13403986900005,
                12.669917971000075
              ],
              [
                124.13401921800005,
                12.669911769000066
              ],
              [
                124.13400333400011,
                12.669904018000068
              ],
              [
                124.13399221500003,
                12.669896268000059
              ],
              [
                124.1339699770001,
                12.669877668000026
              ],
              [
                124.13395250500002,
                12.66986061800003
              ],
              [
                124.13392709100003,
                12.669840468000075
              ],
              [
                124.13391756100009,
                12.669829618000051
              ],
              [
                124.13390167700004,
                12.669817217000059
              ],
              [
                124.1338985000001,
                12.669812568000054
              ],
              [
                124.13387626300005,
                12.669792417000053
              ],
              [
                124.13384926000003,
                12.669770717000063
              ],
              [
                124.13381272800007,
                12.66973661700007
              ],
              [
                124.13379366700008,
                12.669721117000051
              ],
              [
                124.13375872300003,
                12.669687017000058
              ],
              [
                124.13373966300003,
                12.669665317000067
              ],
              [
                124.13370789500004,
                12.669640517000062
              ],
              [
                124.13369042300008,
                12.669623467000065
              ],
              [
                124.1336793050001,
                12.669609517000026
              ],
              [
                124.1336665980001,
                12.669600217000038
              ],
              [
                124.13364436100005,
                12.669578517000048
              ],
              [
                124.13359353500005,
                12.66951651900007
              ],
              [
                124.1335585920001,
                12.669468471000073
              ],
              [
                124.1335014120001,
                12.669400272000075
              ],
              [
                124.13349188300003,
                12.669387873000062
              ],
              [
                124.1334887060001,
                12.669380123000053
              ],
              [
                124.133476,
                12.669359974000031
              ],
              [
                124.13346647100002,
                12.669339825000066
              ],
              [
                124.13346170800003,
                12.669319677000033
              ],
              [
                124.1334601210001,
                12.66929797900002
              ],
              [
                124.13346171100011,
                12.669284031000075
              ],
              [
                124.13346647900005,
                12.669265433000021
              ],
              [
                124.13348077800003,
                12.669235988000025
              ],
              [
                124.13348531500003,
                12.669188623000025
              ],
              [
                124.1334900810001,
                12.669180874000062
              ],
              [
                124.133507559,
                12.669139030000053
              ],
              [
                124.13351232700006,
                12.669115783000052
              ],
              [
                124.13351391800006,
                12.66909408500004
              ],
              [
                124.13351392400011,
                12.669033642000045
              ],
              [
                124.13351075000003,
                12.669004194000024
              ],
              [
                124.13350598700004,
                12.668980946000033
              ],
              [
                124.13349645900007,
                12.668948399000044
              ],
              [
                124.13348852100012,
                12.668897253000068
              ],
              [
                124.13347899400003,
                12.66885850600005
              ],
              [
                124.13345993700011,
                12.668807360000073
              ],
              [
                124.13343611400012,
                12.668762412000035
              ],
              [
                124.133417054,
                12.668742262000023
              ],
              [
                124.13341546600009,
                12.668737613000076
              ],
              [
                124.13340434700001,
                12.668725213000073
              ],
              [
                124.13336940300007,
                12.668691113000023
              ],
              [
                124.1332868080001,
                12.668622912000046
              ],
              [
                124.13327727800004,
                12.668610513000033
              ],
              [
                124.13326933700012,
                12.668595014000061
              ],
              [
                124.13326774900008,
                12.668587264000053
              ],
              [
                124.13326457300002,
                12.668581065000069
              ],
              [
                124.13326298700008,
                12.668553167000027
              ],
              [
                124.13326457700009,
                12.668539219000024
              ],
              [
                124.13326458200004,
                12.668492724000032
              ],
              [
                124.13326617100006,
                12.668486525000048
              ],
              [
                124.13326617300004,
                12.668467927000052
              ],
              [
                124.13327094100009,
                12.668449329000055
              ],
              [
                124.13325507500008,
                12.668257499000049
              ],
              [
                124.13324404100001,
                12.667437562000032
              ],
              [
                124.1332424530001,
                12.66742981300007
              ],
              [
                124.1332440430001,
                12.667418964000035
              ],
              [
                124.13324404600007,
                12.667386417000046
              ],
              [
                124.13324245800004,
                12.667384867000067
              ],
              [
                124.13323928700004,
                12.667322873000046
              ],
              [
                124.13323452400004,
                12.66729497600005
              ],
              [
                124.13323135100006,
                12.667262429000061
              ],
              [
                124.133225,
                12.667228331000047
              ],
              [
                124.13322500400011,
                12.667188035000038
              ],
              [
                124.13322799000002,
                12.667164384000046
              ],
              [
                124.1332377220001,
                12.667087297000023
              ],
              [
                124.13324249000004,
                12.667065600000058
              ],
              [
                124.13324566900008,
                12.667040803000077
              ],
              [
                124.13324884800011,
                12.667029954000043
              ],
              [
                124.13325361800003,
                12.666981910000061
              ],
              [
                124.13325838600008,
                12.666955563000045
              ],
              [
                124.13326633600002,
                12.66688582100005
              ],
              [
                124.13326634100008,
                12.666831577000039
              ],
              [
                124.13326475400004,
                12.666822277000051
              ],
              [
                124.13326475600002,
                12.66679903000005
              ],
              [
                124.13326158200005,
                12.666775782000059
              ],
              [
                124.13326158400002,
                12.666752534000068
              ],
              [
                124.13326953100011,
                12.66670294000005
              ],
              [
                124.13328860100012,
                12.666627
              ],
              [
                124.13329654900008,
                12.66657275700004
              ],
              [
                124.133299727,
                12.666565008000077
              ],
              [
                124.13331720800011,
                12.666493717000037
              ],
              [
                124.13332992000005,
                12.666459622000048
              ],
              [
                124.13335216300004,
                12.66641467900007
              ],
              [
                124.13336010700004,
                12.666402281000046
              ],
              [
                124.13337758400007,
                12.666363537000052
              ],
              [
                124.13337917400008,
                12.666355788000033
              ],
              [
                124.13346170500006,
                12.666200953000043
              ],
              [
                124.13348553600008,
                12.666168408000033
              ],
              [
                124.13349189100006,
                12.66615446000003
              ],
              [
                124.13350460100003,
                12.666140513000073
              ],
              [
                124.13350777800008,
                12.666134314000033
              ],
              [
                124.13353478500005,
                12.666106419000073
              ],
              [
                124.13355702700005,
                12.666080074000035
              ],
              [
                124.13356973600003,
                12.666069227000037
              ],
              [
                124.1335824460001,
                12.666053730000044
              ],
              [
                124.13358562300004,
                12.666047530000071
              ],
              [
                124.1335967440001,
                12.666035133000037
              ],
              [
                124.13360786600003,
                12.66601498600005
              ],
              [
                124.13362216400003,
                12.665997939000022
              ],
              [
                124.13362375300005,
                12.665993290000074
              ],
              [
                124.13363169600007,
                12.665983992000065
              ],
              [
                124.13363328500009,
                12.665979342000071
              ],
              [
                124.1336412280001,
                12.665970044000062
              ],
              [
                124.1336650610001,
                12.665915802000029
              ],
              [
                124.13368571700005,
                12.665860010000074
              ],
              [
                124.13373179100006,
                12.665782522000029
              ],
              [
                124.1337349690001,
                12.66577322300003
              ],
              [
                124.13374450200001,
                12.665759276000074
              ],
              [
                124.13375562400006,
                12.665731380000068
              ],
              [
                124.1337651560001,
                12.665715882000029
              ],
              [
                124.13378104500009,
                12.665677138000035
              ],
              [
                124.13379534900002,
                12.665608946000077
              ],
              [
                124.13379694200012,
                12.66555935200006
              ],
              [
                124.13379853100002,
                12.665554702000065
              ],
              [
                124.13379694700006,
                12.665512857000067
              ],
              [
                124.13379377100011,
                12.66549580800006
              ],
              [
                124.13379059500005,
                12.66548805900004
              ],
              [
                124.13378742200007,
                12.665452412000036
              ],
              [
                124.13377472000002,
                12.665402536000045
              ],
              [
                124.13376678000009,
                12.665377738000075
              ],
              [
                124.13376519400003,
                12.665354490000027
              ],
              [
                124.133774732,
                12.665283198000054
              ],
              [
                124.133776323,
                12.665256851000038
              ],
              [
                124.13377632900006,
                12.665201056000058
              ],
              [
                124.13377791800008,
                12.66519175700006
              ],
              [
                124.13377792000006,
                12.665171609000026
              ],
              [
                124.1337826890001,
                12.665131314000064
              ],
              [
                124.13378269100008,
                12.665115815000036
              ],
              [
                124.13378587000011,
                12.665097217000039
              ],
              [
                124.1337858710001,
                12.665083269000036
              ],
              [
                124.13379064100002,
                12.665042974000073
              ],
              [
                124.13379382200003,
                12.664993379000066
              ],
              [
                124.13380495100012,
                12.664898840000035
              ],
              [
                124.13381925400006,
                12.664833748000035
              ],
              [
                124.13383196600012,
                12.664793453000073
              ],
              [
                124.13383355600001,
                12.664777955000034
              ],
              [
                124.13383673400006,
                12.664768656000035
              ],
              [
                124.13384309100002,
                12.664736110000035
              ],
              [
                124.13385580200008,
                12.664709764000065
              ],
              [
                124.13385898000001,
                12.664697366000041
              ],
              [
                124.13387010200006,
                12.664671020000071
              ],
              [
                124.13388281700009,
                12.664596629000073
              ],
              [
                124.13389554300011,
                12.664432623000039
              ],
              [
                124.13389555200001,
                12.664339632000065
              ],
              [
                124.13389714200002,
                12.66432878300003
              ],
              [
                124.1338955550001,
                12.664316384000074
              ],
              [
                124.13389555800006,
                12.664277638000044
              ],
              [
                124.13389397000003,
                12.66427143900006
              ],
              [
                124.13389397200001,
                12.664255940000032
              ],
              [
                124.13389556300001,
                12.66423269300003
              ],
              [
                124.13389874200004,
                12.664214095000034
              ],
              [
                124.13389874400002,
                12.664190847000043
              ],
              [
                124.13390033300004,
                12.664181548000045
              ],
              [
                124.13390033700011,
                12.664142802000072
              ],
              [
                124.13389716200004,
                12.66411955500007
              ],
              [
                124.133897165,
                12.664087008000024
              ],
              [
                124.13389557800008,
                12.664077709000026
              ],
              [
                124.13389558200004,
                12.664040512000042
              ],
              [
                124.13389876100007,
                12.664014166000072
              ],
              [
                124.13389876800011,
                12.663939773000038
              ],
              [
                124.13389400800008,
                12.663890178000031
              ],
              [
                124.13388924500009,
                12.663865380000061
              ],
              [
                124.13388924600008,
                12.663856081000063
              ],
              [
                124.1338590790001,
                12.663708843000052
              ],
              [
                124.1338543170001,
                12.663677846000041
              ],
              [
                124.1338559080001,
                12.663656149000076
              ],
              [
                124.13385432000007,
                12.663643750000062
              ],
              [
                124.13385590900009,
                12.663639100000069
              ],
              [
                124.13384479800004,
                12.663564719000021
              ],
              [
                124.13384479900003,
                12.663555420000023
              ],
              [
                124.13384162400007,
                12.66354147100003
              ],
              [
                124.13383527100007,
                12.663529071000028
              ],
              [
                124.13382415300009,
                12.66351822100006
              ],
              [
                124.13378444200009,
                12.663496520000024
              ],
              [
                124.13376379500005,
                12.66346862000006
              ],
              [
                124.1337542660001,
                12.66344537200007
              ],
              [
                124.13374791500007,
                12.663417474000028
              ],
              [
                124.13374474200009,
                12.663380278000034
              ],
              [
                124.13374474400007,
                12.663361680000037
              ],
              [
                124.13374156800012,
                12.663347731000044
              ],
              [
                124.13374156900011,
                12.663339981000036
              ],
              [
                124.13374474900002,
                12.663304335000078
              ],
              [
                124.13375587400003,
                12.663256292000028
              ],
              [
                124.13376541000002,
                12.663205148000031
              ],
              [
                124.133767,
                12.663180351000051
              ],
              [
                124.13377335700011,
                12.663150904000076
              ],
              [
                124.13377335900009,
                12.663135406000038
              ],
              [
                124.13378130500007,
                12.663102860000038
              ],
              [
                124.13378924900007,
                12.663078063000057
              ],
              [
                124.13379719800002,
                12.663019170000041
              ],
              [
                124.13380196500009,
                12.663000573000033
              ],
              [
                124.13380196600008,
                12.66299282400007
              ],
              [
                124.13380673300003,
                12.662978875000022
              ],
              [
                124.13382103600009,
                12.662913784000068
              ],
              [
                124.13382422000006,
                12.662855684000021
              ],
              [
                124.13382898900011,
                12.662821588000043
              ],
              [
                124.13382899300007,
                12.662773542000025
              ],
              [
                124.13382740600002,
                12.662762693000047
              ],
              [
                124.13382899500004,
                12.662753394000049
              ],
              [
                124.1338290000001,
                12.662702249000063
              ],
              [
                124.13382582600002,
                12.662672802000031
              ],
              [
                124.13382582800011,
                12.662658853000039
              ],
              [
                124.13381947800008,
                12.662615457000072
              ],
              [
                124.13381948000006,
                12.662596859000075
              ],
              [
                124.1338226580001,
                12.662578261000021
              ],
              [
                124.13382742500005,
                12.66256276300004
              ],
              [
                124.13384331300006,
                12.662534868000023
              ],
              [
                124.13386873200011,
                12.662500774000023
              ],
              [
                124.13389256300002,
                12.662462030000029
              ],
              [
                124.13391798500004,
                12.66239383900006
              ],
              [
                124.13392910700009,
                12.662373693000063
              ],
              [
                124.13395135000007,
                12.66232565000007
              ],
              [
                124.133964063,
                12.662279156000068
              ],
              [
                124.13396883100006,
                12.662252809000051
              ],
              [
                124.13396883300004,
                12.66223111100004
              ],
              [
                124.13396407100004,
                12.66219856400005
              ],
              [
                124.133951367,
                12.662158267000052
              ],
              [
                124.13393072000008,
                12.662124169000037
              ],
              [
                124.13391801400007,
                12.662108669000077
              ],
              [
                124.13390530700008,
                12.662096269000074
              ],
              [
                124.13389260000008,
                12.662086969000029
              ],
              [
                124.1338608320001,
                12.662073017000068
              ],
              [
                124.13381317900007,
                12.662057514000026
              ],
              [
                124.1338084140001,
                12.662057514000026
              ],
              [
                124.13379411800008,
                12.662052863000042
              ],
              [
                124.13376711400008,
                12.66204821100007
              ],
              [
                124.133749641,
                12.662048209000034
              ],
              [
                124.13372581400006,
                12.66204510700004
              ],
              [
                124.13366863100009,
                12.662031153000044
              ],
              [
                124.13365115800002,
                12.662029602000075
              ],
              [
                124.13358761900008,
                12.662029596000025
              ],
              [
                124.13355267300005,
                12.662024943000063
              ],
              [
                124.13353361200006,
                12.662020291000033
              ],
              [
                124.13348754700007,
                12.662012538000056
              ],
              [
                124.13345101200002,
                12.662012534000041
              ],
              [
                124.13343671600012,
                12.662010983000073
              ],
              [
                124.13340335900011,
                12.662003230000039
              ],
              [
                124.1333509420001,
                12.661984627000038
              ],
              [
                124.13333664600009,
                12.66197687700003
              ],
              [
                124.13330454400011,
                12.661969597000052
              ],
              [
                124.13329819100011,
                12.661960297000064
              ],
              [
                124.13324418700006,
                12.661915346000058
              ],
              [
                124.1331758870001,
                12.661873494000076
              ],
              [
                124.13312505800002,
                12.66185179100006
              ],
              [
                124.1331091730001,
                12.661847140000077
              ],
              [
                124.13308693500005,
                12.661844038000027
              ],
              [
                124.13305834200003,
                12.661845585000037
              ],
              [
                124.133044046,
                12.661844034000069
              ],
              [
                124.13296939000008,
                12.661822329000074
              ],
              [
                124.1329312680001,
                12.661813026000061
              ],
              [
                124.13291856100011,
                12.661808375000021
              ],
              [
                124.13285661200007,
                12.661795970000071
              ],
              [
                124.13285025800008,
                12.661795970000071
              ],
              [
                124.13281213500011,
                12.661786667000058
              ],
              [
                124.13274700900001,
                12.661777361000077
              ],
              [
                124.13273747900007,
                12.661774261000062
              ],
              [
                124.13269935500011,
                12.661774257000047
              ],
              [
                124.13268506000009,
                12.661771156000043
              ],
              [
                124.1326423370001,
                12.661777351000069
              ],
              [
                124.13260421200005,
                12.661788196000032
              ],
              [
                124.13258197200003,
                12.661797493000051
              ],
              [
                124.13253749300009,
                12.66180988700006
              ],
              [
                124.13247554200007,
                12.661820730000045
              ],
              [
                124.13245965600004,
                12.66182537800006
              ],
              [
                124.13241200200002,
                12.661828473000071
              ],
              [
                124.13237387800007,
                12.661828469000056
              ],
              [
                124.13234052100006,
                12.661825366000073
              ],
              [
                124.13231192800004,
                12.661825363000048
              ],
              [
                124.13223568,
                12.661839303000022
              ],
              [
                124.13220391000004,
                12.661839300000054
              ],
              [
                124.13218802600011,
                12.661840848000054
              ],
              [
                124.13214037000012,
                12.661850142000048
              ],
              [
                124.13210542400009,
                12.661853238000049
              ],
              [
                124.1320530050001,
                12.66184858400004
              ],
              [
                124.13203712000006,
                12.661848582000061
              ],
              [
                124.13195452100001,
                12.661839274000044
              ],
              [
                124.13191798600008,
                12.66183772100004
              ],
              [
                124.1318925710001,
                12.661829969000053
              ],
              [
                124.13186239200002,
                12.661817567000071
              ],
              [
                124.13184968500002,
                12.661809817000062
              ],
              [
                124.13183697800002,
                12.661805166000022
              ],
              [
                124.13183380100008,
                12.661802066000064
              ],
              [
                124.13181156400003,
                12.66179121500005
              ],
              [
                124.1317893260001,
                12.661783463000063
              ],
              [
                124.13177820800001,
                12.661777263000033
              ],
              [
                124.13176073700004,
                12.661757113000021
              ],
              [
                124.131727382,
                12.661727663000022
              ],
              [
                124.13165860300012,
                12.661674751000021
              ],
              [
                124.13161780400003,
                12.66164946200007
              ],
              [
                124.13159555200002,
                12.661638025000059
              ],
              [
                124.13155017600002,
                12.661607210000057
              ],
              [
                124.13150440000004,
                12.661579568000036
              ],
              [
                124.13149524300002,
                12.66157064600003
              ],
              [
                124.13148700300007,
                12.661565296000049
              ],
              [
                124.13146960100005,
                12.661545667000041
              ],
              [
                124.131465939,
                12.661543884000025
              ],
              [
                124.13144853900008,
                12.661526934000051
              ],
              [
                124.13139635200002,
                12.661491260000048
              ],
              [
                124.13137529200003,
                12.661474313000042
              ],
              [
                124.13136064000003,
                12.661460039000076
              ],
              [
                124.13134690700008,
                12.661451121000027
              ],
              [
                124.13133408700003,
                12.661439524000059
              ],
              [
                124.13129380300006,
                12.661413663000076
              ],
              [
                124.13125351600002,
                12.661382445000072
              ],
              [
                124.13115370600008,
                12.661296810000067
              ],
              [
                124.13113630500004,
                12.661278074000052
              ],
              [
                124.13111707600001,
                12.66126201700007
              ],
              [
                124.13110242300002,
                12.661246850000055
              ],
              [
                124.13107219200003,
                12.661204911000027
              ],
              [
                124.13106040100001,
                12.661194464000062
              ],
              [
                124.13105856800007,
                12.661190895000061
              ],
              [
                124.13095508700007,
                12.661091870000064
              ],
              [
                124.13085161800007,
                12.66100713000003
              ],
              [
                124.13080239600004,
                12.660963889000072
              ],
              [
                124.13073646200007,
                12.66090054800003
              ],
              [
                124.13058228900002,
                12.660747100000037
              ],
              [
                124.13053282900012,
                12.660687319000033
              ],
              [
                124.13051725200012,
                12.660660546000031
              ],
              [
                124.13047970600007,
                12.66062486100003
              ],
              [
                124.13043156900005,
                12.660590381000077
              ],
              [
                124.13039035800011,
                12.660548449000032
              ],
              [
                124.1303326520001,
                12.660476175000042
              ],
              [
                124.13030415000003,
                12.660436401000027
              ],
              [
                124.13026110200008,
                12.660385543000075
              ],
              [
                124.13017439500004,
                12.660299290000069
              ],
              [
                124.13011486700009,
                12.660237730000063
              ],
              [
                124.13006541100003,
                12.660183306000022
              ],
              [
                124.130008642,
                12.660138707000044
              ],
              [
                124.12998391300005,
                12.66011015600003
              ],
              [
                124.12972014500008,
                12.659858843000052
              ],
              [
                124.12966703600011,
                12.659813349000046
              ],
              [
                124.12959194600012,
                12.65974376500003
              ],
              [
                124.12951005800005,
                12.659652832000063
              ],
              [
                124.12936078200005,
                12.659497594000072
              ],
              [
                124.12931797300007,
                12.659462317000077
              ],
              [
                124.12924930200006,
                12.659409692000054
              ],
              [
                124.12914035100005,
                12.659333884000034
              ],
              [
                124.12905336200004,
                12.659259846000054
              ],
              [
                124.12901627400004,
                12.65923130300007
              ],
              [
                124.12894944200002,
                12.659190284000033
              ],
              [
                124.12877559500009,
                12.659095774000036
              ],
              [
                124.12872434000008,
                12.659081528000058
              ],
              [
                124.12866034700005,
                12.659083360000068
              ],
              [
                124.12862903900009,
                12.659086062000029
              ],
              [
                124.12857140200003,
                12.659101283000041
              ],
              [
                124.1285146780001,
                12.65911382400003
              ],
              [
                124.12849729800007,
                12.65912187300006
              ],
              [
                124.128466193,
                12.659131717000037
              ],
              [
                124.12845430200002,
                12.65913708200003
              ],
              [
                124.12844240800007,
                12.659139770000024
              ],
              [
                124.12843051200002,
                12.659139779000043
              ],
              [
                124.12838476600007,
                12.659148741000024
              ],
              [
                124.12834450600008,
                12.659151449000035
              ],
              [
                124.12824569000009,
                12.659165808000068
              ],
              [
                124.12819261800007,
                12.659167633000038
              ],
              [
                124.12815053000008,
                12.659173021000072
              ],
              [
                124.12811301700003,
                12.659178405000034
              ],
              [
                124.12807916600002,
                12.659187359000043
              ],
              [
                124.12798493100001,
                12.659207963000028
              ],
              [
                124.12791631000005,
                12.65921783500005
              ],
              [
                124.12782298000002,
                12.659225939000066
              ],
              [
                124.12776351000002,
                12.659237590000032
              ],
              [
                124.12772874000007,
                12.659240294000028
              ],
              [
                124.12756219900007,
                12.659240417000035
              ],
              [
                124.12748258400006,
                12.659234226000024
              ],
              [
                124.12744597800008,
                12.659229789000051
              ],
              [
                124.12742872000001,
                12.659225080000056
              ],
              [
                124.12739236700008,
                12.659209679000071
              ],
              [
                124.12737980600002,
                12.659209171000043
              ],
              [
                124.12736513100003,
                12.659204235000061
              ],
              [
                124.12733652100007,
                12.659198587000049
              ],
              [
                124.12732944900006,
                12.659198900000035
              ],
              [
                124.12727297300012,
                12.65919182500005
              ],
              [
                124.12725745600005,
                12.659192246000032
              ],
              [
                124.12720393400002,
                12.659184242000038
              ],
              [
                124.127098197,
                12.659177807000049
              ],
              [
                124.12707898400004,
                12.659174934000077
              ],
              [
                124.12705607500004,
                12.65916876700004
              ],
              [
                124.12702967900009,
                12.659157968000045
              ],
              [
                124.1270067700001,
                12.659151801000064
              ],
              [
                124.12698481200005,
                12.659148518000052
              ],
              [
                124.12690785000007,
                12.659128787000043
              ],
              [
                124.12681937800005,
                12.659101852000049
              ],
              [
                124.12675961500008,
                12.659070989000043
              ],
              [
                124.12671283500003,
                12.65903795500003
              ],
              [
                124.12669298000003,
                12.659021281000037
              ],
              [
                124.12663700300004,
                12.658966316000033
              ],
              [
                124.12662337900008,
                12.658954685000026
              ],
              [
                124.1266090150001,
                12.658938833000036
              ],
              [
                124.12657932200011,
                12.658886427000027
              ],
              [
                124.126498147,
                12.658751453000036
              ],
              [
                124.12649391900004,
                12.65874259800006
              ],
              [
                124.12647795100008,
                12.658692245000054
              ],
              [
                124.12647498600006,
                12.65867535600006
              ],
              [
                124.12646695100011,
                12.658654969000054
              ],
              [
                124.12645099400004,
                12.658622433000062
              ],
              [
                124.12644126600003,
                12.658594940000057
              ],
              [
                124.1264304770001,
                12.658556324000074
              ],
              [
                124.12641726400011,
                12.658524199000055
              ],
              [
                124.12640374000011,
                12.658502990000045
              ],
              [
                124.1263928620001,
                12.658491770000069
              ],
              [
                124.12637649300007,
                12.658479730000067
              ],
              [
                124.12635442500005,
                12.658468207000055
              ],
              [
                124.1263189550001,
                12.658461532000047
              ],
              [
                124.12629657600007,
                12.658460927000021
              ],
              [
                124.12611607800011,
                12.658465455000055
              ],
              [
                124.12608588600006,
                12.658460941000044
              ],
              [
                124.126029549,
                12.65845775400004
              ],
              [
                124.12593316400012,
                12.658436488000063
              ],
              [
                124.1258758460001,
                12.658434769000053
              ],
              [
                124.1258330930001,
                12.658429746000024
              ],
              [
                124.12580522600001,
                12.658428320000041
              ],
              [
                124.1257531870001,
                12.658428761000039
              ],
              [
                124.12570589600011,
                12.658425800000032
              ],
              [
                124.12562767300005,
                12.658414103000041
              ],
              [
                124.12559843300005,
                12.658412471000076
              ],
              [
                124.12554216600006,
                12.658404057000041
              ],
              [
                124.12551841600009,
                12.658403246000034
              ],
              [
                124.12549424500003,
                12.658405113000072
              ],
              [
                124.12544368800002,
                12.658413998000071
              ],
              [
                124.12542891300006,
                12.658418641000026
              ],
              [
                124.12540625500003,
                12.65843009200006
              ],
              [
                124.12534725400008,
                12.658439084000065
              ],
              [
                124.12532382400002,
                12.658445174000065
              ],
              [
                124.1253021870001,
                12.658448790000023
              ],
              [
                124.12527685400005,
                12.658449113000074
              ],
              [
                124.12525510700004,
                12.658444491000068
              ],
              [
                124.12524043200006,
                12.65843955500003
              ],
              [
                124.125218474,
                12.658436272000074
              ],
              [
                124.12520570200002,
                12.65843710300004
              ],
              [
                124.12519409300012,
                12.658439478000048
              ],
              [
                124.125179107,
                12.658445460000053
              ],
              [
                124.12514850500008,
                12.658461440000053
              ],
              [
                124.12513214700004,
                12.658467216000076
              ],
              [
                124.1251162100001,
                12.658470315000045
              ],
              [
                124.12506005400007,
                12.658470140000077
              ],
              [
                124.12501202200008,
                12.65846295700004
              ],
              [
                124.12500357800002,
                12.658463065000035
              ],
              [
                124.12495829000011,
                12.65845629200004
              ],
              [
                124.12491131000002,
                12.658442414000035
              ],
              [
                124.12489758700008,
                12.658440362000022
              ],
              [
                124.12483204500006,
                12.658455229000026
              ],
              [
                124.12481790100003,
                12.658455854000067
              ],
              [
                124.12477831300009,
                12.658448564000025
              ],
              [
                124.12475076600003,
                12.65845403700007
              ],
              [
                124.12472870900001,
                12.658460332000061
              ],
              [
                124.12471435400005,
                12.658462297000028
              ],
              [
                124.12466031200006,
                12.658466549000025
              ],
              [
                124.12464658800002,
                12.658464497000068
              ],
              [
                124.12461713800008,
                12.65846420400004
              ],
              [
                124.1245844120001,
                12.658457939000073
              ],
              [
                124.124564458,
                12.658450844000072
              ],
              [
                124.12453194200009,
                12.658443240000054
              ],
              [
                124.12448854800004,
                12.658424417000049
              ],
              [
                124.12441190700008,
                12.658411585000067
              ],
              [
                124.1244025100001,
                12.658408809000036
              ],
              [
                124.12436302300011,
                12.658391941000048
              ],
              [
                124.12434091300008,
                12.65837358400006
              ],
              [
                124.124313045,
                12.65837215700003
              ],
              [
                124.12430027300002,
                12.658372988000053
              ],
              [
                124.12426438200009,
                12.658368991000032
              ],
              [
                124.12424442800011,
                12.65836189600003
              ],
              [
                124.12421835300006,
                12.658357997000053
              ],
              [
                124.12419839900008,
                12.658350901000063
              ],
              [
                124.12416482100002,
                12.658332175000055
              ],
              [
                124.12411382400012,
                12.658308103000024
              ],
              [
                124.12404825200008,
                12.658269518000054
              ],
              [
                124.12402470100005,
                12.65824955100004
              ],
              [
                124.12397929400004,
                12.658216722000077
              ],
              [
                124.1239288270001,
                12.65819821100007
              ],
              [
                124.12388722600008,
                12.65817691500007
              ],
              [
                124.12379894500009,
                12.658113006000065
              ],
              [
                124.12377211900002,
                12.658087067000054
              ],
              [
                124.12372671100002,
                12.658054238000034
              ],
              [
                124.12366693800004,
                12.658005556000035
              ],
              [
                124.12363906100006,
                12.657986312000048
              ],
              [
                124.12360664500011,
                12.657969130000026
              ],
              [
                124.12357781600008,
                12.65794700300006
              ],
              [
                124.12353547300006,
                12.657921485000031
              ],
              [
                124.12349829900006,
                12.657889887000067
              ],
              [
                124.123492198,
                12.657861508000053
              ],
              [
                124.12347999100007,
                12.657841383000061
              ],
              [
                124.12347095100006,
                12.657831102000046
              ],
              [
                124.12345949900009,
                12.657813916000066
              ],
              [
                124.1234188090001,
                12.65774267200004
              ],
              [
                124.12339937100012,
                12.65771432200006
              ],
              [
                124.12336968900001,
                12.65767848400003
              ],
              [
                124.12335823700005,
                12.65766129800005
              ],
              [
                124.1233437730001,
                12.657644847000029
              ],
              [
                124.12330187900011,
                12.657576395000035
              ],
              [
                124.12329193500011,
                12.657565086000034
              ],
              [
                124.12325833300008,
                12.657516466000061
              ],
              [
                124.12324552200005,
                12.657491493000066
              ],
              [
                124.12322367100012,
                12.657456239000055
              ],
              [
                124.123204987,
                12.657430828000031
              ],
              [
                124.1231912720001,
                12.65740482700005
              ],
              [
                124.12300528100002,
                12.657173038000053
              ],
              [
                124.12285862100009,
                12.656964625000057
              ],
              [
                124.12276248900002,
                12.65679878800006
              ],
              [
                124.12272534700003,
                12.656704532000049
              ],
              [
                124.12269383600005,
                12.65661668100006
              ],
              [
                124.12268010500009,
                12.656553213000052
              ],
              [
                124.12266608000004,
                12.656506054000033
              ],
              [
                124.12266015800003,
                12.656425341000045
              ],
              [
                124.12266070300007,
                12.656292810000025
              ],
              [
                124.122672695,
                12.65616497600007
              ],
              [
                124.12268137600006,
                12.65604169900007
              ],
              [
                124.12268447400004,
                12.656011424000042
              ],
              [
                124.12269139000011,
                12.655986003000066
              ],
              [
                124.12269966500003,
                12.65596836800006
              ],
              [
                124.12270974800003,
                12.655952789000025
              ],
              [
                124.12271591500007,
                12.655936918000066
              ],
              [
                124.12271831700002,
                12.65591884500003
              ],
              [
                124.12271800700012,
                12.65589768700005
              ],
              [
                124.12272357000006,
                12.65587696800003
              ],
              [
                124.12272506700003,
                12.655857866000076
              ],
              [
                124.12271601100008,
                12.655810118000034
              ],
              [
                124.12271449800005,
                12.655791752000027
              ],
              [
                124.1227096670001,
                12.655765454000061
              ],
              [
                124.12269684600005,
                12.655715503000067
              ],
              [
                124.12269005300004,
                12.655676569000036
              ],
              [
                124.12268447400004,
                12.655659821000029
              ],
              [
                124.12267754100003,
                12.655647776000023
              ],
              [
                124.12266518500007,
                12.655629562000058
              ],
              [
                124.12262254900008,
                12.655583149000051
              ],
              [
                124.12258036700007,
                12.655543495000074
              ],
              [
                124.12255626400008,
                12.655524404000062
              ],
              [
                124.12253743600002,
                12.655513392000046
              ],
              [
                124.12250586700009,
                12.655500372000063
              ],
              [
                124.12248884700011,
                12.655491416000075
              ],
              [
                124.12246851500004,
                12.655487017000041
              ],
              [
                124.12245616500002,
                12.655481292000047
              ],
              [
                124.1224236270001,
                12.655456768000022
              ],
              [
                124.12239786600003,
                12.655433710000068
              ],
              [
                124.12238009200007,
                12.655421816000057
              ],
              [
                124.12237466800002,
                12.65541564700004
              ],
              [
                124.12233670700004,
                12.655384955000045
              ],
              [
                124.12231320400008,
                12.655358223000064
              ],
              [
                124.12230099700002,
                12.655338099000062
              ],
              [
                124.12228909100008,
                12.655314154000052
              ],
              [
                124.12225548900005,
                12.655265534000023
              ],
              [
                124.1222419290001,
                12.655250112000033
              ],
              [
                124.12220832700007,
                12.65520149200006
              ],
              [
                124.12217306700006,
                12.655148905000033
              ],
              [
                124.12214428400011,
                12.655101606000073
              ],
              [
                124.12211173100002,
                12.655039614000032
              ],
              [
                124.12209891500004,
                12.655002152000066
              ],
              [
                124.1220889650001,
                12.654978354000036
              ],
              [
                124.12206123700003,
                12.654930172000036
              ],
              [
                124.12205972800007,
                12.654924295000058
              ],
              [
                124.12203562400009,
                12.654884656000036
              ],
              [
                124.12203224600012,
                12.654885481000065
              ],
              [
                124.12201129100004,
                12.65487098400007
              ],
              [
                124.12198172,
                12.65485368900005
              ],
              [
                124.121958059,
                12.65483144600006
              ],
              [
                124.12194014700003,
                12.654820409000024
              ],
              [
                124.12188337400005,
                12.654797850000023
              ],
              [
                124.12187492500004,
                12.654792908000047
              ],
              [
                124.12180040200008,
                12.65474315800003
              ],
              [
                124.121796345,
                12.654738545000043
              ],
              [
                124.12177234800004,
                12.654720587000043
              ],
              [
                124.12175105200004,
                12.654696365000063
              ],
              [
                124.1217182580001,
                12.654649731000063
              ],
              [
                124.12169577300006,
                12.654612487000065
              ],
              [
                124.12165993700012,
                12.65456239200006
              ],
              [
                124.12164979500005,
                12.65455085700006
              ],
              [
                124.1216359340001,
                12.65453042400003
              ],
              [
                124.1216115950001,
                12.654502741000044
              ],
              [
                124.12153639400003,
                12.654447552000022
              ],
              [
                124.12148197300007,
                12.65439499200005
              ],
              [
                124.1214361750001,
                12.654359241000066
              ],
              [
                124.12142037100011,
                12.654350618000024
              ],
              [
                124.12139049600012,
                12.654329811000025
              ],
              [
                124.12132525000004,
                12.654293718000076
              ],
              [
                124.1212823940001,
                12.654262753000069
              ],
              [
                124.12120199900005,
                12.654220886000076
              ],
              [
                124.12116363700011,
                12.654192035000051
              ],
              [
                124.12115061600002,
                12.654179155000065
              ],
              [
                124.12112977000004,
                12.654165297000077
              ],
              [
                124.12111113000003,
                12.654149775000064
              ],
              [
                124.12108183700002,
                12.654130592000058
              ],
              [
                124.12104022500012,
                12.654108318000056
              ],
              [
                124.12100415100008,
                12.654083244000049
              ],
              [
                124.12098151900011,
                12.65406179100006
              ],
              [
                124.12094912200007,
                12.654035746000034
              ],
              [
                124.12090363900006,
                12.654015703000027
              ],
              [
                124.12085911800011,
                12.653985305000049
              ],
              [
                124.12083889400003,
                12.65397579300003
              ],
              [
                124.1208118080001,
                12.653954947000045
              ],
              [
                124.12079042000005,
                12.653942185000062
              ],
              [
                124.12074993200008,
                12.653920439000046
              ],
              [
                124.12073311900008,
                12.653915233000077
              ],
              [
                124.12072188400009,
                12.653909949000024
              ],
              [
                124.12065908600005,
                12.65388851800003
              ],
              [
                124.1206394840001,
                12.653883351000047
              ],
              [
                124.12060806500006,
                12.653871275000029
              ],
              [
                124.12050714800012,
                12.653837318000058
              ],
              [
                124.12049258200011,
                12.653833169000052
              ],
              [
                124.12044896500004,
                12.653826163000076
              ],
              [
                124.120409762,
                12.653815830000042
              ],
              [
                124.12031879500012,
                12.653775745000075
              ],
              [
                124.12028067500012,
                12.65376321900004
              ],
              [
                124.12019452400011,
                12.653747016000068
              ],
              [
                124.1201737990001,
                12.653741321000041
              ],
              [
                124.12012166900001,
                12.653741355000022
              ],
              [
                124.12008924800011,
                12.653736913000046
              ],
              [
                124.12002785600009,
                12.653735057000063
              ],
              [
                124.119927802,
                12.65372177100005
              ],
              [
                124.11982128900001,
                12.653724362000048
              ],
              [
                124.119797274,
                12.653722523000056
              ],
              [
                124.11974408700007,
                12.653709665000065
              ],
              [
                124.119671218,
                12.65368619800006
              ],
              [
                124.11964100300008,
                12.653680093000048
              ],
              [
                124.11960525100005,
                12.653676786000062
              ],
              [
                124.11958199800006,
                12.653670029000068
              ],
              [
                124.11955694000005,
                12.653673104000063
              ],
              [
                124.11953517200004,
                12.653672322000034
              ],
              [
                124.11952738800005,
                12.653674065000075
              ],
              [
                124.11949558800006,
                12.653673969000067
              ],
              [
                124.11948385200003,
                12.653672501000074
              ],
              [
                124.11940049000009,
                12.653656259000059
              ],
              [
                124.11938143000009,
                12.65364999600007
              ],
              [
                124.11929329200007,
                12.653612592000059
              ],
              [
                124.11925908500007,
                12.653600555000025
              ],
              [
                124.11924676600006,
                12.65359746300004
              ],
              [
                124.11922945200001,
                12.653596074000063
              ],
              [
                124.11919757200008,
                12.653590536000024
              ],
              [
                124.119103773,
                12.653582894000067
              ],
              [
                124.11909478500002,
                12.653578666000044
              ],
              [
                124.11906735900004,
                12.653572521000058
              ],
              [
                124.11903218900011,
                12.653570840000043
              ],
              [
                124.11897733700005,
                12.65355855000007
              ],
              [
                124.118945918,
                12.653546473000063
              ],
              [
                124.11889760600002,
                12.653523749000044
              ],
              [
                124.11885766000012,
                12.653500907000023
              ],
              [
                124.11884467800007,
                12.653490748000024
              ],
              [
                124.11882166300006,
                12.653467727000077
              ],
              [
                124.11881411200011,
                12.65345605400006
              ],
              [
                124.1187925690001,
                12.653405313000064
              ],
              [
                124.118782269,
                12.653389098000048
              ],
              [
                124.11873730500008,
                12.653341960000034
              ],
              [
                124.11871894800004,
                12.653325204000055
              ],
              [
                124.11868978400003,
                12.653303365000056
              ],
              [
                124.11867548000009,
                12.653288515000042
              ],
              [
                124.11864561700008,
                12.653264723000063
              ],
              [
                124.1186136550001,
                12.65323507000005
              ],
              [
                124.1185834040001,
                12.65318510700007
              ],
              [
                124.11857725300001,
                12.65317734100006
              ],
              [
                124.1185620550001,
                12.653147452000042
              ],
              [
                124.1185538530001,
                12.65313709700007
              ],
              [
                124.11849948200006,
                12.653088782000054
              ],
              [
                124.11848993000001,
                12.653077792000033
              ],
              [
                124.11846662700009,
                12.653044091000027
              ],
              [
                124.118455433,
                12.653012837000063
              ],
              [
                124.11845253800004,
                12.652998481000054
              ],
              [
                124.11844563800003,
                12.652985490000049
              ],
              [
                124.11843258800002,
                12.652964732000044
              ],
              [
                124.11841893400003,
                12.652948565000031
              ],
              [
                124.11841548500001,
                12.652942069000062
              ],
              [
                124.1183915790001,
                12.65291295700007
              ],
              [
                124.11838547600007,
                12.652908463000074
              ],
              [
                124.11837042400009,
                12.652888388000065
              ],
              [
                124.11835797600008,
                12.652863041000046
              ],
              [
                124.11835387500003,
                12.652857864000055
              ],
              [
                124.1183482780001,
                12.652842237000073
              ],
              [
                124.11834347800004,
                12.652835106000055
              ],
              [
                124.11832203200004,
                12.652790908000043
              ],
              [
                124.11830087600003,
                12.652766338000049
              ],
              [
                124.11828512400007,
                12.65274431000006
              ],
              [
                124.11826671900008,
                12.652724283000055
              ],
              [
                124.11824826500003,
                12.652700984000035
              ],
              [
                124.11822472000006,
                12.652650926000035
              ],
              [
                124.11821926800008,
                12.652645113000062
              ],
              [
                124.1182089670001,
                12.652628898000046
              ],
              [
                124.1181981960001,
                12.65260388400003
              ],
              [
                124.11814638200008,
                12.652547026000036
              ],
              [
                124.1181231270001,
                12.652516596000055
              ],
              [
                124.11810276900007,
                12.652500523000072
              ],
              [
                124.11807640400002,
                12.65248649700004
              ],
              [
                124.11804538400008,
                12.652475155000047
              ],
              [
                124.11799289600003,
                12.652463461000025
              ],
              [
                124.1179699810001,
                12.652455931000077
              ],
              [
                124.11795577300006,
                12.652447624000047
              ],
              [
                124.11795032100008,
                12.652441811000074
              ],
              [
                124.11794356700011,
                12.652438634000077
              ],
              [
                124.117934063,
                12.652430915000025
              ],
              [
                124.11791715400011,
                12.652421337000021
              ],
              [
                124.11783615400009,
                12.652386486000069
              ],
              [
                124.11779971400006,
                12.65236122400006
              ],
              [
                124.1177795000001,
                12.652354965000029
              ],
              [
                124.11774773200011,
                12.65233839800004
              ],
              [
                124.117724672,
                12.652321053000037
              ],
              [
                124.11771116400007,
                12.652314700000034
              ],
              [
                124.11767934700003,
                12.65229486100003
              ],
              [
                124.11765838600002,
                12.65228337700006
              ],
              [
                124.11756247900007,
                12.65223826500005
              ],
              [
                124.11751710600004,
                12.652208802000075
              ],
              [
                124.11748198500004,
                12.652192282000044
              ],
              [
                124.11743210300006,
                12.652175316000069
              ],
              [
                124.11736275400006,
                12.652157315000068
              ],
              [
                124.11733498100011,
                12.652144590000034
              ],
              [
                124.11732627300012,
                12.65214536700006
              ],
              [
                124.1173013560001,
                12.652138520000051
              ],
              [
                124.11726493300011,
                12.652124636000053
              ],
              [
                124.1172446710001,
                12.652115105000064
              ],
              [
                124.11722436000002,
                12.65210230300005
              ],
              [
                124.11720680000008,
                12.652094043000034
              ],
              [
                124.1171784820001,
                12.652083971000025
              ],
              [
                124.11712459500006,
                12.652068370000052
              ],
              [
                124.11707751100005,
                12.652059217000044
              ],
              [
                124.11704593700006,
                12.652055736000023
              ],
              [
                124.11700756000005,
                12.652045806000046
              ],
              [
                124.11697924100008,
                12.652035734000037
              ],
              [
                124.11696242900007,
                12.652032699000074
              ],
              [
                124.11694356600003,
                12.652027075000035
              ],
              [
                124.1168904760001,
                12.652019970000026
              ],
              [
                124.1168596010001,
                12.652018442000042
              ],
              [
                124.11685554900009,
                12.652016536000076
              ],
              [
                124.11684549100005,
                12.652016677000063
              ],
              [
                124.11683203100006,
                12.652013595000028
              ],
              [
                124.11680120500012,
                12.65201533800007
              ],
              [
                124.11673270100005,
                12.652009104000058
              ],
              [
                124.11670257500009,
                12.652012801000069
              ],
              [
                124.11667375000002,
                12.652013861000057
              ],
              [
                124.11664087300005,
                12.652013015000023
              ],
              [
                124.11658913400004,
                12.652006546000052
              ],
              [
                124.116555607,
                12.652008010000031
              ],
              [
                124.11654489600005,
                12.652008478000027
              ],
              [
                124.1165276160001,
                12.652000495000038
              ],
              [
                124.1165169300001,
                12.652000495000038
              ],
              [
                124.11650197100005,
                12.651992154000027
              ],
              [
                124.11648060000005,
                12.65197547200006
              ],
              [
                124.11647418900009,
                12.651967131000049
              ],
              [
                124.11645922900004,
                12.651958790000037
              ],
              [
                124.11645068100006,
                12.651954620000026
              ],
              [
                124.11642717300003,
                12.651950449000026
              ],
              [
                124.11640580200003,
                12.651950449000026
              ],
              [
                124.11638656800005,
                12.651954619000037
              ],
              [
                124.11637588200006,
                12.651958789000048
              ],
              [
                124.11636306000003,
                12.651960874000054
              ],
              [
                124.11632459200007,
                12.651975470000025
              ],
              [
                124.11631604400009,
                12.651975470000025
              ],
              [
                124.11629467300008,
                12.651979641000025
              ],
              [
                124.11628185000006,
                12.651979640000036
              ],
              [
                124.1162540680001,
                12.651985896000042
              ],
              [
                124.11624551900002,
                12.651990066000053
              ],
              [
                124.11623483400001,
                12.651992151000059
              ],
              [
                124.1162006400001,
                12.652019258000053
              ],
              [
                124.11616858400009,
                12.65203385500007
              ],
              [
                124.116160035,
                12.65204011000003
              ],
              [
                124.11615148700002,
                12.652042195000035
              ],
              [
                124.11609592200011,
                12.652075558000035
              ],
              [
                124.11608096200007,
                12.652088069000058
              ],
              [
                124.11604676900004,
                12.652108920000046
              ],
              [
                124.11602112300011,
                12.652121431000069
              ],
              [
                124.1159676960001,
                12.652142283000046
              ],
              [
                124.11594205100005,
                12.652148538000063
              ],
              [
                124.11589930900004,
                12.652167304000045
              ],
              [
                124.11588862300005,
                12.65216938900005
              ],
              [
                124.11587793800004,
                12.652173560000051
              ],
              [
                124.11586084100009,
                12.652177730000062
              ],
              [
                124.11583092100011,
                12.652179815000068
              ],
              [
                124.11580100200001,
                12.652186070000027
              ],
              [
                124.11579245400003,
                12.652190240000039
              ],
              [
                124.11577108300003,
                12.65219441000005
              ],
              [
                124.11573688900012,
                12.65219441000005
              ],
              [
                124.11570697000002,
                12.652188154000044
              ],
              [
                124.11568559900002,
                12.652186068000049
              ],
              [
                124.11566422800001,
                12.652186068000049
              ],
              [
                124.1156407200001,
                12.652179812000043
              ],
              [
                124.11560225200003,
                12.652165215000025
              ],
              [
                124.11557447000007,
                12.652158959000076
              ],
              [
                124.11554882500002,
                12.652150618000064
              ],
              [
                124.11551890600003,
                12.652144362000058
              ],
              [
                124.11546547900002,
                12.652140191000058
              ],
              [
                124.11540777700009,
                12.652127679000046
              ],
              [
                124.11536503500008,
                12.652106826000022
              ],
              [
                124.1153351160001,
                12.65208805900005
              ],
              [
                124.1152624550001,
                12.652052610000055
              ],
              [
                124.11522826100008,
                12.652029672000026
              ],
              [
                124.1152090280001,
                12.652021331000071
              ],
              [
                124.11518552000007,
                12.652006734000054
              ],
              [
                124.1151556000001,
                12.651994222000042
              ],
              [
                124.11514705200011,
                12.651992137000036
              ],
              [
                124.11509576200001,
                12.651969199000064
              ],
              [
                124.1150615680001,
                12.651950431000046
              ],
              [
                124.1150401970001,
                12.651935834000028
              ],
              [
                124.11502523800004,
                12.651919152000062
              ],
              [
                124.1150188260001,
                12.65191498200005
              ],
              [
                124.11500600400007,
                12.651900385000033
              ],
              [
                124.11499531800007,
                12.651892044000022
              ],
              [
                124.11495898800001,
                12.651856595000027
              ],
              [
                124.11494830200002,
                12.651841998000066
              ],
              [
                124.11492906900003,
                12.651825316000043
              ],
              [
                124.11487991500007,
                12.651777355000036
              ],
              [
                124.11487350400012,
                12.651769014000024
              ],
              [
                124.11485640700005,
                12.651752332000058
              ],
              [
                124.11482435100004,
                12.651710627000057
              ],
              [
                124.11480511700006,
                12.651675178000062
              ],
              [
                124.11475810200011,
                12.651566746000071
              ],
              [
                124.11472924100008,
                12.65153907000007
              ],
              [
                124.11472924100008,
                12.651531412000054
              ],
              [
                124.11472296300008,
                12.65151456500007
              ],
              [
                124.11470412800008,
                12.651482403000045
              ],
              [
                124.11463977400001,
                12.651399699000024
              ],
              [
                124.11462564700003,
                12.651379789000032
              ],
              [
                124.11460995200002,
                12.651352221000025
              ],
              [
                124.11458169900004,
                12.65129096000004
              ],
              [
                124.11457699100004,
                12.651272581000057
              ],
              [
                124.11457071300003,
                12.651223572000049
              ],
              [
                124.11455972600004,
                12.651173031000042
              ],
              [
                124.11454873900004,
                12.651150058000042
              ],
              [
                124.11450479000007,
                12.651094923000073
              ],
              [
                124.11446712000009,
                12.651052039000035
              ],
              [
                124.1144467150001,
                12.651024471000028
              ],
              [
                124.11442631000011,
                12.651003029000037
              ],
              [
                124.11442317100011,
                12.650996903000078
              ],
              [
                124.11438863900003,
                12.65096933500007
              ],
              [
                124.11437922200003,
                12.650960146000045
              ],
              [
                124.11433056400006,
                12.650889694000057
              ],
              [
                124.11431172900006,
                12.650854469000024
              ],
              [
                124.11429132500007,
                12.650828432000026
              ],
              [
                124.11428504600008,
                12.650823838000065
              ],
              [
                124.1142458060001,
                12.650779422000028
              ],
              [
                124.1142442360001,
                12.650779422000028
              ],
              [
                124.11421487100006,
                12.650752989000068
              ],
              [
                124.11421173200006,
                12.650740737000035
              ],
              [
                124.11420545400006,
                12.650730016000068
              ],
              [
                124.11420388400006,
                12.650723890000052
              ],
              [
                124.11419760600006,
                12.650716232000036
              ],
              [
                124.11417249300007,
                12.650674881000043
              ],
              [
                124.11413953200008,
                12.650598304000027
              ],
              [
                124.11411912800008,
                12.65052019500007
              ],
              [
                124.11411598900008,
                12.650484970000036
              ],
              [
                124.11410971200007,
                12.65044974500006
              ],
              [
                124.11410971200007,
                12.650435961000028
              ],
              [
                124.11410343400007,
                12.650409925000076
              ],
              [
                124.11409715600007,
                12.650394609000045
              ],
              [
                124.11408930800008,
                12.65038082500007
              ],
              [
                124.11407047300008,
                12.65035785200007
              ],
              [
                124.1140641940001,
                12.650353257000063
              ],
              [
                124.11403437100012,
                12.650334878000024
              ],
              [
                124.11401239700001,
                12.650325689000056
              ],
              [
                124.11396216900005,
                12.65031803000005
              ],
              [
                124.11392606700008,
                12.650316498000052
              ],
              [
                124.1138993830001,
                12.650313434000054
              ],
              [
                124.113867991,
                12.650307308000038
              ],
              [
                124.11381619300005,
                12.650285865000058
              ],
              [
                124.11380834500005,
                12.65028127000005
              ],
              [
                124.11377067400008,
                12.650267486000075
              ],
              [
                124.11375654800008,
                12.65025982800006
              ],
              [
                124.11374713000009,
                12.650256765000051
              ],
              [
                124.11363411800005,
                12.650184780000075
              ],
              [
                124.11359330800008,
                12.650148022000053
              ],
              [
                124.11357022900006,
                12.650112423000053
              ],
              [
                124.11355767200007,
                12.650101702000029
              ],
              [
                124.11353098900008,
                12.650097107000022
              ],
              [
                124.11349174800011,
                12.650086385000066
              ],
              [
                124.11344622900003,
                12.650064943000075
              ],
              [
                124.11336617800009,
                12.650046563000046
              ],
              [
                124.1133583300001,
                12.650043500000038
              ],
              [
                124.11333635500011,
                12.65003890500003
              ],
              [
                124.11332693800011,
                12.65003890500003
              ],
              [
                124.11329083600003,
                12.650029715000073
              ],
              [
                124.11326415300005,
                12.65001746200005
              ],
              [
                124.11322805200007,
                12.650006740000038
              ],
              [
                124.1131841020001,
                12.649999082000022
              ],
              [
                124.11313701300003,
                12.649992955000073
              ],
              [
                124.11312288700003,
                12.649992954000027
              ],
              [
                124.1130271400001,
                12.649974574000055
              ],
              [
                124.11301929100011,
                12.649974574000055
              ],
              [
                124.113000456,
                12.649969979000048
              ],
              [
                124.11299103800002,
                12.649969979000048
              ],
              [
                124.1128748860001,
                12.649942408000072
              ],
              [
                124.11284506400011,
                12.649933219000047
              ],
              [
                124.11281367100003,
                12.649919434000026
              ],
              [
                124.11276501300006,
                12.649890334000077
              ],
              [
                124.11273519100007,
                12.649875018000046
              ],
              [
                124.1126959500001,
                12.64986735900004
              ],
              [
                124.11265984900001,
                12.64986889000005
              ],
              [
                124.11262845600004,
                12.649875015000077
              ],
              [
                124.11256724000009,
                12.649897987000031
              ],
              [
                124.11253741700011,
                12.649905644000057
              ],
              [
                124.11251544200002,
                12.649907175000067
              ],
              [
                124.11246364400006,
                12.649907173000031
              ],
              [
                124.11236909900003,
                12.649896450000028
              ],
              [
                124.11234084600005,
                12.64988726100006
              ],
              [
                124.11229846600008,
                12.649868881000032
              ],
              [
                124.11228904900008,
                12.649867349000033
              ],
              [
                124.11225765600011,
                12.649856628000066
              ],
              [
                124.11223411200001,
                12.649845907000042
              ],
              [
                124.11219801100003,
                12.649836716000038
              ],
              [
                124.11217132800004,
                12.649825995000072
              ],
              [
                124.11213051800007,
                12.649806084000033
              ],
              [
                124.1120881390001,
                12.649775452000029
              ],
              [
                124.1120724430001,
                12.649763200000052
              ],
              [
                124.11203634200001,
                12.649723379000022
              ],
              [
                124.11202221600001,
                12.649712658000055
              ],
              [
                124.11199396300003,
                12.64968355800005
              ],
              [
                124.11198140600004,
                12.649674369000024
              ],
              [
                124.11197669800003,
                12.649668242000075
              ],
              [
                124.11194687600005,
                12.649640674000068
              ],
              [
                124.11193588900005,
                12.649625358000037
              ],
              [
                124.11193274900006,
                12.649617700000022
              ],
              [
                124.11191391500006,
                12.649588601000062
              ],
              [
                124.11190292800006,
                12.649556438000047
              ],
              [
                124.11189822000006,
                12.64952733900003
              ],
              [
                124.11188623700002,
                12.649484125000072
              ],
              [
                124.11187054200002,
                12.649441242000023
              ],
              [
                124.11187054200002,
                12.649435116000063
              ],
              [
                124.11186583400001,
                12.64942286300004
              ],
              [
                124.11185641600002,
                12.649406016000057
              ],
              [
                124.11181874700003,
                12.649350880000043
              ],
              [
                124.11180619000004,
                12.649329439000041
              ],
              [
                124.11178735600004,
                12.649289618000068
              ],
              [
                124.11178264800003,
                12.649274303000027
              ],
              [
                124.11178107800004,
                12.649258988000042
              ],
              [
                124.11177323100003,
                12.649229888000036
              ],
              [
                124.11177009300002,
                12.649193131000061
              ],
              [
                124.11176695400002,
                12.649180879000028
              ],
              [
                124.111766955,
                12.649131870000076
              ],
              [
                124.11176381700011,
                12.649110429000075
              ],
              [
                124.11176067800011,
                12.64910123900006
              ],
              [
                124.11176067800011,
                12.649092050000036
              ],
              [
                124.11175440000011,
                12.649059888000068
              ],
              [
                124.1117402750001,
                12.649021599000037
              ],
              [
                124.1117324280001,
                12.648989437000068
              ],
              [
                124.1117324280001,
                12.648975653000036
              ],
              [
                124.11173699100004,
                12.648938251000061
              ],
              [
                124.11174327000003,
                12.648929062000036
              ],
              [
                124.11175896700001,
                12.648896900000068
              ],
              [
                124.11176524600012,
                12.648858612000026
              ],
              [
                124.11176524700011,
                12.648834108000074
              ],
              [
                124.11176210800011,
                12.648808072000065
              ],
              [
                124.1117558310001,
                12.648786630000075
              ],
              [
                124.1117464130001,
                12.648765188000027
              ],
              [
                124.1117040360001,
                12.648694737000028
              ],
              [
                124.11168206200011,
                12.648665637000022
              ],
              [
                124.11166479600001,
                12.64864725800004
              ],
              [
                124.11163654400002,
                12.64862275300004
              ],
              [
                124.11161770900003,
                12.648602843000049
              ],
              [
                124.11160358300003,
                12.648592122000025
              ],
              [
                124.11157376100005,
                12.648561490000077
              ],
              [
                124.11154237000005,
                12.648523201000046
              ],
              [
                124.11149999200006,
                12.648452750000047
              ],
              [
                124.11148900500007,
                12.648438966000072
              ],
              [
                124.11142308300009,
                12.64837923400006
              ],
              [
                124.11139796900011,
                12.648362387000077
              ],
              [
                124.11136029900001,
                12.648331755000072
              ],
              [
                124.11131478100003,
                12.648304186000075
              ],
              [
                124.11127240200005,
                12.64827355400007
              ],
              [
                124.11125670600006,
                12.64825823800004
              ],
              [
                124.11123944100007,
                12.648232202000031
              ],
              [
                124.11121746700007,
                12.64821076000004
              ],
              [
                124.11118764500009,
                12.648187786000051
              ],
              [
                124.11114055700011,
                12.648163280000063
              ],
              [
                124.11110759600001,
                12.648135711000066
              ],
              [
                124.11108248200003,
                12.648117332000027
              ],
              [
                124.11108405200002,
                12.648114269000075
              ],
              [
                124.11106746200005,
                12.64808963400003
              ],
              [
                124.11104252700011,
                12.648069727000063
              ],
              [
                124.11102665800001,
                12.648060878000024
              ],
              [
                124.11098358800007,
                12.648027699000068
              ],
              [
                124.11096545300006,
                12.648018850000028
              ],
              [
                124.11095865200002,
                12.648012215000051
              ],
              [
                124.11094051700002,
                12.648001154000042
              ],
              [
                124.11089291300004,
                12.647981246000029
              ],
              [
                124.11087477800004,
                12.647972398000036
              ],
              [
                124.1108657100001,
                12.64796576200007
              ],
              [
                124.11085664300003,
                12.647963550000043
              ],
              [
                124.1108317070001,
                12.647950277000064
              ],
              [
                124.11082037300002,
                12.64794142900007
              ],
              [
                124.11081130500008,
                12.647932581000077
              ],
              [
                124.11080450500003,
                12.647921522000047
              ],
              [
                124.11077050200004,
                12.647881706000021
              ],
              [
                124.11075236800002,
                12.647868434000031
              ],
              [
                124.11074330000008,
                12.647859587000028
              ],
              [
                124.11074103400006,
                12.647850739000035
              ],
              [
                124.11073423300002,
                12.647844103000068
              ],
              [
                124.11071836500003,
                12.647821983000028
              ],
              [
                124.11070249700003,
                12.647808712000028
              ],
              [
                124.1106956970001,
                12.647799864000035
              ],
              [
                124.11065716100006,
                12.647762260000036
              ],
              [
                124.11064129300007,
                12.647751200000073
              ],
              [
                124.11060655500012,
                12.647741309000025
              ],
              [
                124.11058289700009,
                12.647741308000036
              ],
              [
                124.11054819800006,
                12.647736690000045
              ],
              [
                124.11052296200012,
                12.647736689000055
              ],
              [
                124.110500881,
                12.647732072000053
              ],
              [
                124.11047091400008,
                12.647730532000026
              ],
              [
                124.11044883200009,
                12.647727453000073
              ],
              [
                124.11040782400005,
                12.647727452000026
              ],
              [
                124.110388897,
                12.647725912000055
              ],
              [
                124.11023275200012,
                12.647707440000033
              ],
              [
                124.11015073700003,
                12.647690509000029
              ],
              [
                124.11013496500004,
                12.647688969000058
              ],
              [
                124.11008449400003,
                12.647675117000063
              ],
              [
                124.11003875400002,
                12.647672038000053
              ],
              [
                124.10998512900005,
                12.647665880000034
              ],
              [
                124.10996935700007,
                12.647665880000034
              ],
              [
                124.1099488530001,
                12.647662801000024
              ],
              [
                124.10991415400008,
                12.64765510500007
              ],
              [
                124.10989680500006,
                12.64765356600003
              ],
              [
                124.109871569,
                12.647647409000058
              ],
              [
                124.10986368300007,
                12.647647409000058
              ],
              [
                124.1098542200001,
                12.647644330000048
              ],
              [
                124.10983529300006,
                12.647642791000067
              ],
              [
                124.10980690300005,
                12.647636634000037
              ],
              [
                124.10979901700011,
                12.647633556000073
              ],
              [
                124.10976905000007,
                12.647628938000025
              ],
              [
                124.10976116400002,
                12.647625860000062
              ],
              [
                124.10973119700009,
                12.647619703000032
              ],
              [
                124.10970123000004,
                12.647610468000039
              ],
              [
                124.10969019000004,
                12.647608929000057
              ],
              [
                124.10963971900003,
                12.647591998000053
              ],
              [
                124.10961448400008,
                12.647578147000047
              ],
              [
                124.10960186700004,
                12.647567374000062
              ],
              [
                124.10959555800002,
                12.647564296000041
              ],
              [
                124.10955885900012,
                12.647558661000062
              ],
              [
                124.10955255100009,
                12.647555583000042
              ],
              [
                124.10953362400005,
                12.64755096500005
              ],
              [
                124.10951627500003,
                12.647543270000028
              ],
              [
                124.10947842200005,
                12.647535574000074
              ],
              [
                124.10942795100004,
                12.647518643000069
              ],
              [
                124.10939956200002,
                12.647504792000063
              ],
              [
                124.1093759040001,
                12.647486323000066
              ],
              [
                124.10938063600008,
                12.647474012000032
              ],
              [
                124.10941375900006,
                12.647435539000071
              ],
              [
                124.10940587300001,
                12.647423227000047
              ],
              [
                124.10939325600009,
                12.647415532000025
              ],
              [
                124.10938221600009,
                12.647406298000021
              ],
              [
                124.10937433000004,
                12.64740475900004
              ],
              [
                124.109361712,
                12.647412453000072
              ],
              [
                124.10933489800004,
                12.64744477000005
              ],
              [
                124.10933016600006,
                12.64744477000005
              ],
              [
                124.10932385700005,
                12.647438614000066
              ],
              [
                124.10931124000001,
                12.647430919000044
              ],
              [
                124.10928127300008,
                12.647407833000045
              ],
              [
                124.10926550200008,
                12.647392443000058
              ],
              [
                124.10924026700002,
                12.647363202000065
              ],
              [
                124.10923236200006,
                12.647356081000055
              ],
              [
                124.10921976400004,
                12.647344734000058
              ],
              [
                124.10916140900008,
                12.64727855700005
              ],
              [
                124.10911409500011,
                12.647212380000042
              ],
              [
                124.10908886100003,
                12.647167749000062
              ],
              [
                124.10905574100002,
                12.647130813000047
              ],
              [
                124.10903208400009,
                12.647098494000033
              ],
              [
                124.10901789000002,
                12.647067715000048
              ],
              [
                124.10901000500007,
                12.647044630000039
              ],
              [
                124.10900685100012,
                12.647040013000037
              ],
              [
                124.10900527400008,
                12.647032318000072
              ],
              [
                124.1090005420001,
                12.64702462300005
              ],
              [
                124.10899581100011,
                12.647010772000044
              ],
              [
                124.1089847720001,
                12.646989226000073
              ],
              [
                124.10897530900002,
                12.646975375000068
              ],
              [
                124.10895638400007,
                12.646932284000059
              ],
              [
                124.10893272700002,
                12.646893809000062
              ],
              [
                124.10892326400005,
                12.646883036000077
              ],
              [
                124.10890276100008,
                12.646852256000045
              ],
              [
                124.10888383600002,
                12.646809164000047
              ],
              [
                124.10887493500002,
                12.646774246000064
              ],
              [
                124.10887020300004,
                12.646766551000042
              ],
              [
                124.10886862600012,
                12.646755778000056
              ],
              [
                124.10884497000006,
                12.646709608000037
              ],
              [
                124.10883235300003,
                12.646688063000056
              ],
              [
                124.10882604400001,
                12.646680368000034
              ],
              [
                124.1088197360001,
                12.646664978000047
              ],
              [
                124.10881500500011,
                12.646658822000063
              ],
              [
                124.10880238800007,
                12.64662958100007
              ],
              [
                124.10879765700008,
                12.646621886000048
              ],
              [
                124.10878661700008,
                12.646595723000075
              ],
              [
                124.10878504000004,
                12.646588029000043
              ],
              [
                124.10878030900005,
                12.646580334000078
              ],
              [
                124.10876453800006,
                12.646541859000024
              ],
              [
                124.10874561300011,
                12.646509540000068
              ],
              [
                124.10872195600007,
                12.646458754000037
              ],
              [
                124.10871249400009,
                12.646434130000046
              ],
              [
                124.1086967230001,
                12.646409506000055
              ],
              [
                124.10866202500006,
                12.646377187000041
              ],
              [
                124.10861155700002,
                12.646317166000074
              ],
              [
                124.10858947800011,
                12.646270996000055
              ],
              [
                124.10856424500003,
                12.646206359000075
              ],
              [
                124.10853901100006,
                12.64616942300006
              ],
              [
                124.10850115900007,
                12.646146338000051
              ],
              [
                124.10847592400012,
                12.646127869000054
              ],
              [
                124.10846015300001,
                12.646107862000065
              ],
              [
                124.10845069000004,
                12.646087855000076
              ],
              [
                124.10844595900005,
                12.646067849000076
              ],
              [
                124.10844438300012,
                12.646046303000048
              ],
              [
                124.10843965200002,
                12.646033991000024
              ],
              [
                124.10842388000003,
                12.646020140000076
              ],
              [
                124.10841126300011,
                12.646013984000035
              ],
              [
                124.10840653100001,
                12.646013984000035
              ],
              [
                124.10839864500008,
                12.646010905000026
              ],
              [
                124.10839233700005,
                12.646006288000024
              ],
              [
                124.10838287400009,
                12.645997054000077
              ],
              [
                124.10837341100012,
                12.645984742000053
              ],
              [
                124.10837498800004,
                12.645981664000033
              ],
              [
                124.10835497200003,
                12.645960113000058
              ],
              [
                124.10835181800007,
                12.645935489000067
              ],
              [
                124.10834551000005,
                12.645907788000045
              ],
              [
                124.10833604800007,
                12.645887781000056
              ],
              [
                124.10832658600009,
                12.645864696000046
              ],
              [
                124.10832343200002,
                12.645852385000069
              ],
              [
                124.10831396900005,
                12.645830839000041
              ],
              [
                124.1083060840001,
                12.645820066000056
              ],
              [
                124.108290312,
                12.64580313700003
              ],
              [
                124.1082508830001,
                12.645772356000066
              ],
              [
                124.10823038,
                12.64575850500006
              ],
              [
                124.10822249400007,
                12.645750810000038
              ],
              [
                124.10821460800003,
                12.645746192000047
              ],
              [
                124.10818779700003,
                12.645721568000056
              ],
              [
                124.1081799110001,
                12.645716951000054
              ],
              [
                124.10817675600003,
                12.645712334000052
              ],
              [
                124.108159408,
                12.645696944000065
              ],
              [
                124.10812155700012,
                12.645650774000046
              ],
              [
                124.1080931680001,
                12.645621532000064
              ],
              [
                124.10808541000006,
                12.645611158000065
              ],
              [
                124.108008003,
                12.645507646000056
              ],
              [
                124.10799538600008,
                12.645495334000032
              ],
              [
                124.107970152,
                12.645475326000053
              ],
              [
                124.10792756900003,
                12.645418383000049
              ],
              [
                124.10790706600005,
                12.645404532000043
              ],
              [
                124.10790075800003,
                12.64539837600006
              ],
              [
                124.10785186500004,
                12.64537067200007
              ],
              [
                124.10781401300005,
                12.645342970000058
              ],
              [
                124.1078108590001,
                12.645338353000056
              ],
              [
                124.10778877900009,
                12.64531988400006
              ],
              [
                124.10778720200005,
                12.645313728000076
              ],
              [
                124.10775917,
                12.645278759000064
              ],
              [
                124.10775601500006,
                12.645272603000024
              ],
              [
                124.10773551200009,
                12.645249518000071
              ],
              [
                124.10771027800001,
                12.645231050000064
              ],
              [
                124.10768031200007,
                12.645204886000045
              ],
              [
                124.10767715700001,
                12.645198730000061
              ],
              [
                124.10767400400005,
                12.645175646000041
              ],
              [
                124.10766769600002,
                12.645163334000074
              ],
              [
                124.10765034700012,
                12.645146404000059
              ],
              [
                124.10762353500002,
                12.645135630000027
              ],
              [
                124.10761564900008,
                12.645134091000045
              ],
              [
                124.10760303100005,
                12.645126396000023
              ],
              [
                124.10759199100005,
                12.645115623000038
              ],
              [
                124.10757148900007,
                12.645087921000027
              ],
              [
                124.10754625400011,
                12.645067913000048
              ],
              [
                124.10751944200001,
                12.645049444000051
              ],
              [
                124.10750840300011,
                12.645037132000027
              ],
              [
                124.1075020940001,
                12.645032515000025
              ],
              [
                124.10747370600006,
                12.644990962000065
              ],
              [
                124.10747212900003,
                12.644983267000043
              ],
              [
                124.10746582100012,
                12.644969417000027
              ],
              [
                124.10746266700005,
                12.644963261000044
              ],
              [
                124.10745793500007,
                12.644958643000052
              ],
              [
                124.10744058700004,
                12.644944792000047
              ],
              [
                124.10739642500005,
                12.644932479000033
              ],
              [
                124.10737749900011,
                12.644918627000038
              ],
              [
                124.10737276800012,
                12.644912471000055
              ],
              [
                124.10734122500003,
                12.644889386000045
              ],
              [
                124.10733649300005,
                12.644883230000062
              ],
              [
                124.107319146,
                12.644846294000047
              ],
              [
                124.10730810600012,
                12.644837060000043
              ],
              [
                124.10730022000007,
                12.644826287000058
              ],
              [
                124.1072970670001,
                12.644798585000046
              ],
              [
                124.10729233600011,
                12.644786273000022
              ],
              [
                124.10728287300003,
                12.644773961000055
              ],
              [
                124.10727183300003,
                12.64476318800007
              ],
              [
                124.10725763900007,
                12.644753954000066
              ],
              [
                124.1072260950001,
                12.644746258000055
              ],
              [
                124.10720559200001,
                12.644738562000043
              ],
              [
                124.10717089400009,
                12.644720093000046
              ],
              [
                124.1071551230001,
                12.64470624200004
              ],
              [
                124.10713935100011,
                12.644695468000066
              ],
              [
                124.107101499,
                12.644683155000052
              ],
              [
                124.10708730400006,
                12.644673921000049
              ],
              [
                124.10708257300007,
                12.644667765000065
              ],
              [
                124.10707300700005,
                12.644641977000049
              ],
              [
                124.10706827500007,
                12.644635821000065
              ],
              [
                124.10706196700005,
                12.644631204000063
              ],
              [
                124.10705408100011,
                12.64461889200004
              ],
              [
                124.10705250400008,
                12.644611197000074
              ],
              [
                124.10705250500007,
                12.64459580700003
              ],
              [
                124.10704935100011,
                12.644585035000034
              ],
              [
                124.10704304300009,
                12.644574262000049
              ],
              [
                124.10701307700003,
                12.644546559000048
              ],
              [
                124.10698153500005,
                12.644509623000033
              ],
              [
                124.10696103100008,
                12.644495771000038
              ],
              [
                124.10695472300006,
                12.644489615000055
              ],
              [
                124.10691529400003,
                12.644460373000072
              ],
              [
                124.1069074080001,
                12.644457295000052
              ],
              [
                124.10683959000005,
                12.644412662000036
              ],
              [
                124.10683328200003,
                12.644406506000053
              ],
              [
                124.10682855000005,
                12.64439881100003
              ],
              [
                124.10682224200002,
                12.644386499000063
              ],
              [
                124.10681593400011,
                12.644366492000074
              ],
              [
                124.10680331800006,
                12.644346485000028
              ],
              [
                124.1067891240001,
                12.64432955600006
              ],
              [
                124.10678281500009,
                12.644324939000057
              ],
              [
                124.10676546700006,
                12.64430647100005
              ],
              [
                124.10674496400009,
                12.644291080000073
              ],
              [
                124.10673865500007,
                12.644289541000035
              ],
              [
                124.10672603800003,
                12.64428184600007
              ],
              [
                124.10672130600005,
                12.644277229000068
              ],
              [
                124.1067071120001,
                12.644271072000038
              ],
              [
                124.10669247500005,
                12.644249303000038
              ],
              [
                124.10668616700002,
                12.644244685000047
              ],
              [
                124.10667828100009,
                12.644233912000061
              ],
              [
                124.10667039600003,
                12.644215444000054
              ],
              [
                124.10665304800011,
                12.644189281000024
              ],
              [
                124.106648317,
                12.644167736000043
              ],
              [
                124.10664831800011,
                12.644161580000059
              ],
              [
                124.10665462700001,
                12.64414157400006
              ],
              [
                124.10666409100008,
                12.644123107000041
              ],
              [
                124.1066656700001,
                12.644104639000034
              ],
              [
                124.10665620800012,
                12.64407847700005
              ],
              [
                124.10665147600002,
                12.644070782000028
              ],
              [
                124.10663570500003,
                12.64405385200007
              ],
              [
                124.10659627600012,
                12.64402614900007
              ],
              [
                124.10656631000006,
                12.644007681000062
              ],
              [
                124.10655527000006,
                12.64399690700003
              ],
              [
                124.1065521160001,
                12.643989212000065
              ],
              [
                124.10654738500011,
                12.643983056000025
              ],
              [
                124.10654107700009,
                12.643961511000043
              ],
              [
                124.10654107800008,
                12.643950738000058
              ],
              [
                124.106537924,
                12.643930731000069
              ],
              [
                124.10653319300002,
                12.643918420000034
              ],
              [
                124.10652846200003,
                12.64391226400005
              ],
              [
                124.10651742200002,
                12.643901490000076
              ],
              [
                124.106473262,
                12.643867631000035
              ],
              [
                124.10645433600007,
                12.643850702000066
              ],
              [
                124.10642594800004,
                12.64383377200005
              ],
              [
                124.10642121600006,
                12.643829155000049
              ],
              [
                124.10640859900002,
                12.643822999000065
              ],
              [
                124.1063691710001,
                12.643781445000059
              ],
              [
                124.10635655400006,
                12.643772211000055
              ],
              [
                124.10631554800011,
                12.64373527400005
              ],
              [
                124.10630787900004,
                12.643726470000047
              ],
              [
                124.10628873700011,
                12.643704494000076
              ],
              [
                124.10625561900008,
                12.643658323000068
              ],
              [
                124.10621303800008,
                12.643584451000038
              ],
              [
                124.10619884400012,
                12.643564444000049
              ],
              [
                124.10618307300001,
                12.643538281000076
              ],
              [
                124.10617834200002,
                12.643533664000074
              ],
              [
                124.10617045700008,
                12.643519813000069
              ],
              [
                124.10616414800006,
                12.643512118000046
              ],
              [
                124.10615153200001,
                12.643489033000037
              ],
              [
                124.10614364700007,
                12.643467487000066
              ],
              [
                124.10614364700007,
                12.643459793000034
              ],
              [
                124.10614049300011,
                12.643447481000067
              ],
              [
                124.10613891700007,
                12.643425935000039
              ],
              [
                124.10614207200001,
                12.643424397000047
              ],
              [
                124.106141793,
                12.643404155000042
              ],
              [
                124.1061354850001,
                12.643384148000052
              ],
              [
                124.1061307540001,
                12.643377992000069
              ],
              [
                124.10608974800004,
                12.643345672000066
              ],
              [
                124.10607870900003,
                12.643334899000024
              ],
              [
                124.10607397700005,
                12.643328742000051
              ],
              [
                124.1060660920001,
                12.643310275000033
              ],
              [
                124.10606136100012,
                12.64330411900005
              ],
              [
                124.10605347600006,
                12.643282573000022
              ],
              [
                124.10604559,
                12.643271800000036
              ],
              [
                124.10601877900001,
                12.643254870000021
              ],
              [
                124.10601089300008,
                12.643251792000058
              ],
              [
                124.1059793500001,
                12.64323332300006
              ],
              [
                124.10593992100007,
                12.643207159000042
              ],
              [
                124.10590995600012,
                12.64317483900004
              ],
              [
                124.10590049400002,
                12.643160988000034
              ],
              [
                124.10586895100005,
                12.643128668000031
              ],
              [
                124.10585948900007,
                12.64311020100007
              ],
              [
                124.10585475900007,
                12.643090194000024
              ],
              [
                124.105846874,
                12.643073265000055
              ],
              [
                124.10583583400012,
                12.64305941400005
              ],
              [
                124.10582164000004,
                12.643050179000056
              ],
              [
                124.1058027140001,
                12.643040945000052
              ],
              [
                124.1057585530001,
                12.643024014000048
              ],
              [
                124.10574435900003,
                12.643014780000044
              ],
              [
                124.10572701000001,
                12.642997850000029
              ],
              [
                124.10571754800003,
                12.642985538000062
              ],
              [
                124.10569389200009,
                12.642945524000027
              ],
              [
                124.1056781210001,
                12.642927056000076
              ],
              [
                124.10565604100009,
                12.642908587000022
              ],
              [
                124.10563080800011,
                12.642877807000048
              ],
              [
                124.10560242000008,
                12.642848565000065
              ],
              [
                124.10553618100005,
                12.642788542000062
              ],
              [
                124.10552829500011,
                12.642774691000056
              ],
              [
                124.10551455100006,
                12.642743498000073
              ],
              [
                124.10550351100005,
                12.642734264000069
              ],
              [
                124.10546092800007,
                12.64270809900006
              ],
              [
                124.1054246540001,
                12.642688091000025
              ],
              [
                124.10540572800005,
                12.642674240000076
              ],
              [
                124.10539153400009,
                12.642660388000024
              ],
              [
                124.105382071,
                12.642648076000057
              ],
              [
                124.10537418600006,
                12.642628069000068
              ],
              [
                124.10536472400008,
                12.642611140000042
              ],
              [
                124.10534737600005,
                12.642595750000055
              ],
              [
                124.10533475900002,
                12.642588054000043
              ],
              [
                124.10531741000011,
                12.642580359000021
              ],
              [
                124.10523539700011,
                12.642555731000073
              ],
              [
                124.10521489400003,
                12.64254495800003
              ],
              [
                124.10518492900007,
                12.642504943000063
              ],
              [
                124.10517231200004,
                12.642492631000039
              ],
              [
                124.10514392400012,
                12.64247262300006
              ],
              [
                124.10507926100001,
                12.64244491900007
              ],
              [
                124.10506979700006,
                12.642443379000042
              ],
              [
                124.10505244900003,
                12.64243722200007
              ],
              [
                124.10502405900002,
                12.64243414300006
              ],
              [
                124.10499882400006,
                12.64243414200007
              ],
              [
                124.10497516700002,
                12.642429524000022
              ],
              [
                124.10496728100009,
                12.64242644500007
              ],
              [
                124.10493889200006,
                12.642409515000054
              ],
              [
                124.1049026180001,
                12.642381812000053
              ],
              [
                124.10488369300003,
                12.642371039000068
              ],
              [
                124.10486928000012,
                12.642357438000033
              ],
              [
                124.10484683000004,
                12.642347061000066
              ],
              [
                124.10480547500003,
                12.642336685000032
              ],
              [
                124.10477120900009,
                12.642322849000038
              ],
              [
                124.10475242600012,
                12.642307748000064
              ],
              [
                124.10473562100003,
                12.642300295000041
              ],
              [
                124.10469589900003,
                12.642276443000071
              ],
              [
                124.10468215000003,
                12.642258554000023
              ],
              [
                124.1046745110001,
                12.642251100000067
              ],
              [
                124.10466534500006,
                12.642245137000032
              ],
              [
                124.10460576300011,
                12.642218304000039
              ],
              [
                124.1045538190001,
                12.642200415000048
              ],
              [
                124.10450798700003,
                12.642179544000044
              ],
              [
                124.10450187600009,
                12.642178053000066
              ],
              [
                124.10448048800004,
                12.642166127000053
              ],
              [
                124.10446673800004,
                12.642157183000052
              ],
              [
                124.10446215500008,
                12.642149729000039
              ],
              [
                124.10443160000011,
                12.642119915000023
              ],
              [
                124.10439799000005,
                12.642099044000076
              ],
              [
                124.1043918790001,
                12.642087118000063
              ],
              [
                124.10438729600003,
                12.642072211000027
              ],
              [
                124.10438729600003,
                12.642067739000026
              ],
              [
                124.10438118600007,
                12.642054323000025
              ],
              [
                124.10437049100005,
                12.642045378000034
              ],
              [
                124.10435674200005,
                12.642043887000057
              ],
              [
                124.10433382500003,
                12.642049850000035
              ],
              [
                124.10431396500007,
                12.642058794000036
              ],
              [
                124.10430785400001,
                12.64206028500007
              ],
              [
                124.10429257600003,
                12.642060284000024
              ],
              [
                124.10428035400002,
                12.642057303000058
              ],
              [
                124.10424063300002,
                12.642042395000033
              ],
              [
                124.10418868900001,
                12.642034941000077
              ],
              [
                124.10417341200002,
                12.64203046800003
              ],
              [
                124.10413827400009,
                12.642012579000038
              ],
              [
                124.1041229970001,
                12.64200214400006
              ],
              [
                124.10410466400003,
                12.641993200000059
              ],
              [
                124.10408480300009,
                12.641988727000069
              ],
              [
                124.1040695260001,
                12.641981273000056
              ],
              [
                124.10406341500004,
                12.641976801000055
              ],
              [
                124.10406036000006,
                12.641963385000054
              ],
              [
                124.1040573040001,
                12.641957422000075
              ],
              [
                124.10404661000007,
                12.64194698700004
              ],
              [
                124.10403897100002,
                12.641944005000028
              ],
              [
                124.10402369400003,
                12.641939533000027
              ],
              [
                124.10400994400004,
                12.641939533000027
              ],
              [
                124.10399619500004,
                12.641941023000072
              ],
              [
                124.10398244500004,
                12.64194698600005
              ],
              [
                124.1039625840001,
                12.641951458000051
              ],
              [
                124.10395647300004,
                12.641951458000051
              ],
              [
                124.10390758500012,
                12.641932078000025
              ],
              [
                124.1038831410001,
                12.641924624000069
              ],
              [
                124.10384342000009,
                12.641909716000043
              ],
              [
                124.10379606000004,
                12.641896299000052
              ],
              [
                124.10377314400012,
                12.64189331700004
              ],
              [
                124.10375022800008,
                12.64188437200005
              ],
              [
                124.10373036700003,
                12.641870955000059
              ],
              [
                124.10370897900009,
                12.641835178000065
              ],
              [
                124.10370286800003,
                12.641830706000064
              ],
              [
                124.10368911900002,
                12.64182474300003
              ],
              [
                124.10367231300006,
                12.641821761000074
              ],
              [
                124.10366314700002,
                12.641821761000074
              ],
              [
                124.1036264810001,
                12.64182921400004
              ],
              [
                124.10359439800004,
                12.641829213000051
              ],
              [
                124.10357912000006,
                12.641826231000039
              ],
              [
                124.10353023200003,
                12.641809832000035
              ],
              [
                124.10352412100008,
                12.64180685100007
              ],
              [
                124.10352259400008,
                12.641802379000069
              ],
              [
                124.10308129200007,
                12.641695198000036
              ],
              [
                124.102671858,
                12.641569971000024
              ],
              [
                124.1022563140001,
                12.641453687000023
              ],
              [
                124.10224867500006,
                12.641453687000023
              ],
              [
                124.10162299100011,
                12.641270741000028
              ],
              [
                124.10160465800004,
                12.641267759000073
              ],
              [
                124.10137244300006,
                12.641203653000048
              ],
              [
                124.10107600600008,
                12.641116277000037
              ],
              [
                124.10060087900001,
                12.641040238000073
              ],
              [
                124.09981910800002,
                12.640973522000024
              ],
              [
                124.09944758100005,
                12.640941816000066
              ],
              [
                124.09942089800006,
                12.640936554000064
              ],
              [
                124.09939713100005,
                12.640936553000074
              ],
              [
                124.09939052900006,
                12.640937841000039
              ],
              [
                124.09931264900001,
                12.640977011000075
              ],
              [
                124.09923364100007,
                12.64100269000005
              ],
              [
                124.09885062900003,
                12.640867126000046
              ],
              [
                124.09887457700006,
                12.64083209100005
              ],
              [
                124.09889373100009,
                12.64082275100003
              ],
              [
                124.0989033080001,
                12.640815745000054
              ],
              [
                124.09891288500012,
                12.640813411000067
              ],
              [
                124.0989296460001,
                12.640797063000036
              ],
              [
                124.09893204700006,
                12.640766696000071
              ],
              [
                124.09891050200008,
                12.640762019000022
              ],
              [
                124.09890092700005,
                12.640757345000054
              ],
              [
                124.0988889570001,
                12.640757343000075
              ],
              [
                124.09887938200006,
                12.640755005000074
              ],
              [
                124.09886980700003,
                12.64075033100005
              ],
              [
                124.09879643200009,
                12.640743478000047
              ],
              [
                124.0987535060001,
                12.640734502000043
              ],
              [
                124.09870444700005,
                12.640719541000067
              ],
              [
                124.09866152100005,
                12.640709069000025
              ],
              [
                124.09864312400009,
                12.64070158900006
              ],
              [
                124.09860633100004,
                12.640694108000048
              ],
              [
                124.09858333400007,
                12.640686628000026
              ],
              [
                124.098541941,
                12.640677651000033
              ],
              [
                124.09848215200009,
                12.640656707000062
              ],
              [
                124.0984468910001,
                12.64064623400003
              ],
              [
                124.09839783300004,
                12.64062529000006
              ],
              [
                124.09838556800003,
                12.64062229800004
              ],
              [
                124.09835797300002,
                12.640611826000054
              ],
              [
                124.09835184100007,
                12.640607338000052
              ],
              [
                124.09831811300012,
                12.640593874000047
              ],
              [
                124.09827672000006,
                12.640581905000033
              ],
              [
                124.09824452600003,
                12.640569937000066
              ],
              [
                124.09822306300009,
                12.640559465000024
              ],
              [
                124.09821693100002,
                12.640554977000022
              ],
              [
                124.09820160000004,
                12.640548993000039
              ],
              [
                124.09819853400006,
                12.640546001000075
              ],
              [
                124.09816940600001,
                12.640531041000031
              ],
              [
                124.09815867400005,
                12.640523561000066
              ],
              [
                124.09814181000002,
                12.640516081000044
              ],
              [
                124.09808815300005,
                12.64048616100007
              ],
              [
                124.09803602900001,
                12.64046072900004
              ],
              [
                124.098008434,
                12.640442777000032
              ],
              [
                124.09791491700003,
                12.640390417000049
              ],
              [
                124.09785359500006,
                12.64034553700003
              ],
              [
                124.097819705,
                12.64031667100005
              ],
              [
                124.09777064700006,
                12.64028974300004
              ],
              [
                124.09775838200005,
                12.640282263000074
              ],
              [
                124.09774765100008,
                12.64027328700007
              ],
              [
                124.0976638950001,
                12.640240334000055
              ],
              [
                124.09764775800011,
                12.640230615000064
              ],
              [
                124.0976005550001,
                12.640191952000066
              ],
              [
                124.09758022000005,
                12.640171602000066
              ],
              [
                124.09756743100002,
                12.640154519000077
              ],
              [
                124.0975470950001,
                12.64013416900002
              ],
              [
                124.097487021,
                12.640084769000055
              ],
              [
                124.0974720370001,
                12.64006977400004
              ],
              [
                124.09744088900004,
                12.640047176000053
              ],
              [
                124.09740878000002,
                12.640015045000041
              ],
              [
                124.09732408900004,
                12.639941011000076
              ],
              [
                124.09725668700003,
                12.639871421000066
              ],
              [
                124.09721587900003,
                12.639841299000068
              ],
              [
                124.0971986720001,
                12.639830509000035
              ],
              [
                124.09717713000009,
                12.639819665000061
              ],
              [
                124.09716209100009,
                12.639808901000038
              ],
              [
                124.09714068500011,
                12.639787481000042
              ],
              [
                124.09711516100003,
                12.639749084000073
              ],
              [
                124.09708313400006,
                12.63971060700004
              ],
              [
                124.09702561100005,
                12.639631617000077
              ],
              [
                124.09695815400005,
                12.63956625700007
              ],
              [
                124.09694327900002,
                12.639542801000061
              ],
              [
                124.09669465800005,
                12.639242585000034
              ],
              [
                124.09666803800008,
                12.639205232000052
              ],
              [
                124.0966401280001,
                12.63918373100006
              ],
              [
                124.09661872200002,
                12.639162311000064
              ],
              [
                124.09661125700006,
                12.639152698000032
              ],
              [
                124.0966038470001,
                12.639138855000056
              ],
              [
                124.09657505900009,
                12.639101475000075
              ],
              [
                124.09655708200012,
                12.63906634500006
              ],
              [
                124.09654327800001,
                12.639043960000038
              ],
              [
                124.09651382900006,
                12.638973778000036
              ],
              [
                124.09648092300006,
                12.638919422000072
              ],
              [
                124.09645858300007,
                12.638886354000022
              ],
              [
                124.09644469700004,
                12.638870315000077
              ],
              [
                124.0964330060001,
                12.638852187000055
              ],
              [
                124.09642340000005,
                12.638840433000041
              ],
              [
                124.09641069300005,
                12.638817003000042
              ],
              [
                124.09640641200008,
                12.638812719000043
              ],
              [
                124.09637784200004,
                12.63875841600003
              ],
              [
                124.09635660000004,
                12.63872430300006
              ],
              [
                124.09634713100002,
                12.638701972000035
              ],
              [
                124.09633859600001,
                12.638691288000075
              ],
              [
                124.09633332700002,
                12.63867958700007
              ],
              [
                124.09631633900005,
                12.638651873000072
              ],
              [
                124.09628680800006,
                12.638588038000023
              ],
              [
                124.096284749,
                12.638579549000042
              ],
              [
                124.09624311400012,
                12.638518913000041
              ],
              [
                124.09623787200007,
                12.638505097000063
              ],
              [
                124.09621778200005,
                12.63846570800007
              ],
              [
                124.09619684100005,
                12.638408326000047
              ],
              [
                124.09616881800002,
                12.638311716000032
              ],
              [
                124.09616261500003,
                12.63828836600004
              ],
              [
                124.09615654800007,
                12.638254440000026
              ],
              [
                124.09614823200002,
                12.638226833000033
              ],
              [
                124.09614828700012,
                12.638222602000042
              ],
              [
                124.09614408800007,
                12.638211972000022
              ],
              [
                124.09614117700005,
                12.638185490000069
              ],
              [
                124.09614043500005,
                12.638159034000068
              ],
              [
                124.09613859100011,
                12.63814187500003
              ],
              [
                124.09613269300007,
                12.638087004000056
              ],
              [
                124.09613302100001,
                12.638061619000041
              ],
              [
                124.09613554400005,
                12.638034146000052
              ],
              [
                124.09613902800004,
                12.638016205000042
              ],
              [
                124.09613806700008,
                12.638006672000074
              ],
              [
                124.09614061800005,
                12.637977083000067
              ],
              [
                124.09613987600005,
                12.637950628000056
              ],
              [
                124.09613781700011,
                12.637942139000074
              ],
              [
                124.09614141100008,
                12.637915737000071
              ],
              [
                124.0961409140001,
                12.637870243000066
              ],
              [
                124.09616306900011,
                12.637855166000065
              ],
              [
                124.09617973800005,
                12.637841424000044
              ],
              [
                124.09619081400001,
                12.637835124000048
              ],
              [
                124.09623609200003,
                12.63781958900006
              ],
              [
                124.0962638100001,
                12.637801692000039
              ],
              [
                124.09630106400004,
                12.637753532000033
              ],
              [
                124.096305572,
                12.637745005000056
              ],
              [
                124.09631016300011,
                12.637730042000044
              ],
              [
                124.09631155300008,
                12.637707530000057
              ],
              [
                124.0963074330001,
                12.637686023000072
              ],
              [
                124.09630211700005,
                12.637672011000063
              ],
              [
                124.0963001130001,
                12.637656967000055
              ],
              [
                124.09628847800002,
                12.637621421000063
              ],
              [
                124.09627996100005,
                12.637599860000023
              ],
              [
                124.09627239100007,
                12.637590112000055
              ],
              [
                124.0962485120001,
                12.637566216000039
              ],
              [
                124.09622997600002,
                12.637554187000035
              ],
              [
                124.09617751600001,
                12.637529940000036
              ],
              [
                124.09615463900002,
                12.637513566000052
              ],
              [
                124.0961481270001,
                12.637507049000021
              ],
              [
                124.09614375800004,
                12.637504849000038
              ],
              [
                124.09613835800008,
                12.637497273000065
              ],
              [
                124.09612986900004,
                12.637473567000029
              ],
              [
                124.09612452500005,
                12.637461700000074
              ],
              [
                124.09611912600008,
                12.637454124000044
              ],
              [
                124.0961082440001,
                12.637445408000076
              ],
              [
                124.09609622100004,
                12.637439896000046
              ],
              [
                124.09607760300003,
                12.637434303000077
              ],
              [
                124.09604134100005,
                12.637432784000055
              ],
              [
                124.09602041300002,
                12.637435745000062
              ],
              [
                124.09597293600007,
                12.637451253000052
              ],
              [
                124.09591432800005,
                12.637477352000076
              ],
              [
                124.0958878350001,
                12.637485608000077
              ],
              [
                124.09584603500002,
                12.637487240000041
              ],
              [
                124.09582847400009,
                12.637484878000066
              ],
              [
                124.09582410500002,
                12.637482679000072
              ],
              [
                124.09576702600009,
                12.637475539000036
              ],
              [
                124.09572099500008,
                12.637464245000047
              ],
              [
                124.09566514000005,
                12.637447465000037
              ],
              [
                124.09562144600011,
                12.637425471000029
              ],
              [
                124.09561167700008,
                12.637415696000062
              ],
              [
                124.095596537,
                12.637396199000023
              ],
              [
                124.09558576600011,
                12.637378901000034
              ],
              [
                124.09556736900004,
                12.637356146000059
              ],
              [
                124.09556416800001,
                12.637348597000027
              ],
              [
                124.0955587410001,
                12.63734316600005
              ],
              [
                124.09555228400006,
                12.637332358000037
              ],
              [
                124.09550452600001,
                12.637284567000052
              ],
              [
                124.09549684500007,
                12.637283399000069
              ],
              [
                124.09548276200007,
                12.63726713400007
              ],
              [
                124.09547961700002,
                12.637255294000056
              ],
              [
                124.09548978500004,
                12.637214954000058
              ],
              [
                124.09549006300006,
                12.63719350100007
              ],
              [
                124.09548794700004,
                12.637187038000036
              ],
              [
                124.0954804050001,
                12.637175144000025
              ],
              [
                124.09547714900009,
                12.637171886000033
              ],
              [
                124.09546512600002,
                12.63716637400006
              ],
              [
                124.09545635900008,
                12.637164120000023
              ],
              [
                124.09544205500003,
                12.63716501700003
              ],
              [
                124.09541450400002,
                12.637170042000037
              ],
              [
                124.09540462400003,
                12.637168847000055
              ],
              [
                124.095399197,
                12.637163417000068
              ],
              [
                124.09538845400004,
                12.637143974000026
              ],
              [
                124.09538138300002,
                12.637095610000074
              ],
              [
                124.09537061200001,
                12.637078312000028
              ],
              [
                124.09535324600006,
                12.637060934000033
              ],
              [
                124.09534678900002,
                12.637050126000076
              ],
              [
                124.09534147300008,
                12.637036114000068
              ],
              [
                124.0953373530001,
                12.637014607000026
              ],
              [
                124.09533412400003,
                12.637009203000048
              ],
              [
                124.09530587600011,
                12.636983108000038
              ],
              [
                124.0952951050001,
                12.636965811000039
              ],
              [
                124.09527990900006,
                12.636950604000049
              ],
              [
                124.09525374900011,
                12.63693311700007
              ],
              [
                124.09523078900008,
                12.636923179000064
              ],
              [
                124.09519461000002,
                12.636915224000063
              ],
              [
                124.0951769940001,
                12.63691715300007
              ],
              [
                124.09515272700003,
                12.636923292000063
              ],
              [
                124.0951173840001,
                12.636935730000062
              ],
              [
                124.09506537100003,
                12.636961910000025
              ],
              [
                124.09503999100002,
                12.636969108000073
              ],
              [
                124.09503339500009,
                12.636969027000077
              ],
              [
                124.09502134500008,
                12.636965660000044
              ],
              [
                124.09499924900001,
                12.636973970000042
              ],
              [
                124.0949737850001,
                12.636987604000069
              ],
              [
                124.09495491700011,
                12.637001318000046
              ],
              [
                124.09494484400011,
                12.637015140000074
              ],
              [
                124.09493259900012,
                12.63702679100004
              ],
              [
                124.09492597600001,
                12.63702885500004
              ],
              [
                124.09491829500007,
                12.637027687000057
              ],
              [
                124.09489405500005,
                12.637031680000064
              ],
              [
                124.09488409200003,
                12.63703692200005
              ],
              [
                124.0948718200001,
                12.637050717000022
              ],
              [
                124.09486842500007,
                12.637058185000058
              ],
              [
                124.09485050400008,
                12.637083712000049
              ],
              [
                124.09482707300003,
                12.637110244000041
              ],
              [
                124.09481379800002,
                12.637116518000028
              ],
              [
                124.09480828800008,
                12.637117523000029
              ],
              [
                124.09478204400011,
                12.637106471000038
              ],
              [
                124.09477544800006,
                12.637106390000042
              ],
              [
                124.09476882500007,
                12.637108454000042
              ],
              [
                124.0947610610001,
                12.637113723000027
              ],
              [
                124.09475318600005,
                12.637127572000054
              ],
              [
                124.09474091300001,
                12.637141368000073
              ],
              [
                124.09473317700008,
                12.637144491000072
              ],
              [
                124.09471670200003,
                12.637143216000027
              ],
              [
                124.09469368600003,
                12.637137568000071
              ],
              [
                124.0946870900001,
                12.637137487000075
              ],
              [
                124.09466724800006,
                12.637141534000023
              ],
              [
                124.09465505900005,
                12.637148894000063
              ],
              [
                124.094639475,
                12.637163721000036
              ],
              [
                124.0946238350001,
                12.637182840000037
              ],
              [
                124.09461707300011,
                12.637195630000065
              ],
              [
                124.09460034800009,
                12.637213662000022
              ],
              [
                124.09456269600003,
                12.637234655000043
              ],
              [
                124.0945494770001,
                12.637236638000047
              ],
              [
                124.09452977300009,
                12.637229958000034
              ],
              [
                124.09452326000007,
                12.63722344100006
              ],
              [
                124.09450038400007,
                12.637207068000066
              ],
              [
                124.09446253300007,
                12.63715832500003
              ],
              [
                124.09441803100003,
                12.637113792000036
              ],
              [
                124.094406036,
                12.637106134000021
              ],
              [
                124.09436801900006,
                12.637070264000045
              ],
              [
                124.09433559600006,
                12.637026952000042
              ],
              [
                124.09432365600003,
                12.637015004000034
              ],
              [
                124.09430851600007,
                12.636995507000051
              ],
              [
                124.0942846370001,
                12.636971611000035
              ],
              [
                124.09426949600004,
                12.636952114000053
              ],
              [
                124.0942608690001,
                12.636939134000045
              ],
              [
                124.09425229600004,
                12.636921863000055
              ],
              [
                124.09424795500001,
                12.636917519000065
              ],
              [
                124.0942231570001,
                12.636879665000038
              ],
              [
                124.094252202,
                12.636854412000048
              ],
              [
                124.09425448400009,
                12.636848003000068
              ],
              [
                124.094254567,
                12.636841567000033
              ],
              [
                124.094247246,
                12.636812511000073
              ],
              [
                124.09423547400002,
                12.636787691000052
              ],
              [
                124.09423235600002,
                12.636773706000042
              ],
              [
                124.09422595500007,
                12.636758608000036
              ],
              [
                124.09422308700005,
                12.636725316000025
              ],
              [
                124.09421676800002,
                12.63670378200004
              ],
              [
                124.0942064410001,
                12.63665215900005
              ],
              [
                124.09421100500003,
                12.636639342000024
              ],
              [
                124.09423435300005,
                12.636619246000066
              ],
              [
                124.09423883300008,
                12.636612864000028
              ],
              [
                124.094242312,
                12.636598960000072
              ],
              [
                124.09424030700006,
                12.636583916000063
              ],
              [
                124.09423607700012,
                12.636570990000052
              ],
              [
                124.09423176300004,
                12.636564500000077
              ],
              [
                124.09420137100005,
                12.63653408700003
              ],
              [
                124.09419705800008,
                12.636527597000054
              ],
              [
                124.09419519200003,
                12.636501827000075
              ],
              [
                124.09419981100007,
                12.636484719000066
              ],
              [
                124.09420548800006,
                12.636470842000051
              ],
              [
                124.09420788000011,
                12.63645585200004
              ],
              [
                124.09420590400009,
                12.636438663000035
              ],
              [
                124.09419961300011,
                12.636414984000055
              ],
              [
                124.0941855860001,
                12.636394427000027
              ],
              [
                124.0941802420001,
                12.636382561000062
              ],
              [
                124.09417715300003,
                12.636366430000066
              ],
              [
                124.0941794900001,
                12.636355731000037
              ],
              [
                124.094177596,
                12.636332106000054
              ],
              [
                124.09417450700005,
                12.636315976000049
              ],
              [
                124.09416184300005,
                12.636275053000077
              ],
              [
                124.09415666500001,
                12.636250314000051
              ],
              [
                124.09415822200003,
                12.63621493100004
              ],
              [
                124.09416275800004,
                12.636204259000067
              ],
              [
                124.09417951000012,
                12.636184081000067
              ],
              [
                124.09418738600004,
                12.63617023200004
              ],
              [
                124.09418638300008,
                12.636162710000065
              ],
              [
                124.09418318300004,
                12.636155161000033
              ],
              [
                124.09417132700003,
                12.636136777000047
              ],
              [
                124.09415846800005,
                12.636110871000028
              ],
              [
                124.09415318000003,
                12.636094714000023
              ],
              [
                124.09414569300009,
                12.63607852900003
              ],
              [
                124.09413255400011,
                12.635989324000036
              ],
              [
                124.09413377800001,
                12.635979684000063
              ],
              [
                124.0941371450001,
                12.635974361000024
              ],
              [
                124.09415153200007,
                12.635967029000028
              ],
              [
                124.09418014100004,
                12.635965235000072
              ],
              [
                124.09419238600003,
                12.635953585000038
              ],
              [
                124.09419686600006,
                12.635947203000057
              ],
              [
                124.094201429,
                12.63593438600003
              ],
              [
                124.09420298600003,
                12.63589900200003
              ],
              [
                124.09420874600005,
                12.635878689000037
              ],
              [
                124.09420665900006,
                12.635870081000064
              ],
              [
                124.0942034300001,
                12.63586467700003
              ],
              [
                124.09419210100009,
                12.635805533000052
              ],
              [
                124.094196914,
                12.635773408000034
              ],
              [
                124.09420039200006,
                12.635759504000077
              ],
              [
                124.09421732200008,
                12.635756334000064
              ],
              [
                124.09423287800007,
                12.63574365200003
              ],
              [
                124.09425734000001,
                12.635722497000074
              ],
              [
                124.09426635600005,
                12.635705443000063
              ],
              [
                124.09426872100005,
                12.635692598000048
              ],
              [
                124.09426807900002,
                12.635657188000039
              ],
              [
                124.09426512800007,
                12.635630331000073
              ],
              [
                124.09425677800004,
                12.635595898000076
              ],
              [
                124.09425819600006,
                12.635571241000036
              ],
              [
                124.09426512400012,
                12.635545579000052
              ],
              [
                124.09427636700002,
                12.635526406000054
              ],
              [
                124.09428749800009,
                12.635515815000076
              ],
              [
                124.09431190400005,
                12.635498951000045
              ],
              [
                124.0943196400001,
                12.635495828000046
              ],
              [
                124.09433188500009,
                12.635484177000023
              ],
              [
                124.09433636500012,
                12.635477796000032
              ],
              [
                124.09433864700009,
                12.635471387000052
              ],
              [
                124.0943400650001,
                12.63544673000007
              ],
              [
                124.09433705800006,
                12.635424164000028
              ],
              [
                124.09433825500003,
                12.635416669000051
              ],
              [
                124.09434735400009,
                12.635393179000062
              ],
              [
                124.09435411600009,
                12.635380388000044
              ],
              [
                124.09436524700004,
                12.635369797000067
              ],
              [
                124.09437412400007,
                12.635363470000073
              ],
              [
                124.0943818610001,
                12.635360346000027
              ],
              [
                124.09439964300009,
                12.635345546000053
              ],
              [
                124.09440760200005,
                12.635325260000059
              ],
              [
                124.09440888100005,
                12.635311330000036
              ],
              [
                124.094403843,
                12.63527586500004
              ],
              [
                124.09440400900007,
                12.635262993000026
              ],
              [
                124.09440968600006,
                12.635249116000068
              ],
              [
                124.09441642000002,
                12.635238471000036
              ],
              [
                124.09442980500012,
                12.635223616000076
              ],
              [
                124.09443756900009,
                12.635218348000024
              ],
              [
                124.09447945200009,
                12.63521028100007
              ],
              [
                124.094487189,
                12.635207158000071
              ],
              [
                124.09449386800009,
                12.635200803000032
              ],
              [
                124.09449843100003,
                12.635187986000062
              ],
              [
                124.09449965500005,
                12.635178345000043
              ],
              [
                124.09449876400004,
                12.635162242000035
              ],
              [
                124.09449347600003,
                12.63514608500003
              ],
              [
                124.09448916200006,
                12.635139595000055
              ],
              [
                124.09448604400006,
                12.635125610000046
              ],
              [
                124.09448852000003,
                12.635104184000056
              ],
              [
                124.09449188700012,
                12.635098861000074
              ],
              [
                124.09450855700004,
                12.635085120000042
              ],
              [
                124.09452291600007,
                12.635079933000043
              ],
              [
                124.09454275900009,
                12.635075886000038
              ],
              [
                124.09455595000009,
                12.63507604800003
              ],
              [
                124.09457248000001,
                12.635073033000026
              ],
              [
                124.09458016100007,
                12.635074200000076
              ],
              [
                124.09460657200009,
                12.635072380000054
              ],
              [
                124.09463089400003,
                12.635061951000068
              ],
              [
                124.0946475080001,
                12.635052500000029
              ],
              [
                124.0946575260001,
                12.63504296800005
              ],
              [
                124.09466209000004,
                12.635030151000024
              ],
              [
                124.09466334100011,
                12.635018365000064
              ],
              [
                124.09466030700003,
                12.634997944000077
              ],
              [
                124.09465610400002,
                12.63498287300007
              ],
              [
                124.09464967500003,
                12.63496992000006
              ],
              [
                124.09464764300003,
                12.634957021000048
              ],
              [
                124.09465668700011,
                12.63493782200004
              ],
              [
                124.09467335600004,
                12.634924080000076
              ],
              [
                124.09469439500003,
                12.634912538000037
              ],
              [
                124.09471535000011,
                12.634907432000034
              ],
              [
                124.09473074000005,
                12.634907622000071
              ],
              [
                124.09477916300011,
                12.63490392600005
              ],
              [
                124.09479352300002,
                12.63489873900005
              ],
              [
                124.0948045990001,
                12.634892438000065
              ],
              [
                124.09484550700006,
                12.634874704000026
              ],
              [
                124.09485769600008,
                12.634867344000043
              ],
              [
                124.09486994100007,
                12.634855694000066
              ],
              [
                124.09487778800008,
                12.634843989000046
              ],
              [
                124.09488345600005,
                12.634823764000032
              ],
              [
                124.0948867950001,
                12.634820587000036
              ],
              [
                124.09491225900001,
                12.634806954000055
              ],
              [
                124.09493544000009,
                12.634799730000054
              ],
              [
                124.09494874200004,
                12.634791311000072
              ],
              [
                124.09497417800003,
                12.63477982300003
              ],
              [
                124.0949863940001,
                12.63477031800005
              ],
              [
                124.09500865700011,
                12.634749136000039
              ],
              [
                124.0950143340001,
                12.634735259000024
              ],
              [
                124.09501783900009,
                12.634719210000071
              ],
              [
                124.09502037100003,
                12.634693494000032
              ],
              [
                124.0950272990001,
                12.634667831000058
              ],
              [
                124.09502983000004,
                12.634642115000077
              ],
              [
                124.09503322500007,
                12.634634647000041
              ],
              [
                124.09503798300011,
                12.634606813000062
              ],
              [
                124.09504468900002,
                12.634598313000026
              ],
              [
                124.09505357800003,
                12.634593778000067
              ],
              [
                124.09506624700009,
                12.634591861000047
              ],
              [
                124.09507914100004,
                12.63458655900007
              ],
              [
                124.09511729200005,
                12.634557702000052
              ],
              [
                124.09514308100006,
                12.634547097000052
              ],
              [
                124.09518312500006,
                12.634542155000076
              ],
              [
                124.09521034600004,
                12.634530962000042
              ],
              [
                124.095289739,
                12.634468683000023
              ],
              [
                124.0953135630001,
                12.634445717000062
              ],
              [
                124.0953603910001,
                12.634410524000032
              ],
              [
                124.09544011500009,
                12.634376605000057
              ],
              [
                124.09573064800009,
                12.634322972000064
              ],
              [
                124.09577642400006,
                12.634299328000054
              ],
              [
                124.09581344100002,
                12.634274466000022
              ],
              [
                124.0958190340001,
                12.634272166000073
              ],
              [
                124.09582845300008,
                12.634263472000043
              ],
              [
                124.0958424370001,
                12.63425772200003
              ],
              [
                124.0958524450001,
                12.634250393000059
              ],
              [
                124.09585943700006,
                12.634247518000052
              ],
              [
                124.09588489700002,
                12.634222588000057
              ],
              [
                124.09588791400006,
                12.634218134000037
              ],
              [
                124.095893208,
                12.634199889000058
              ],
              [
                124.09589820300005,
                12.63416569900005
              ],
              [
                124.09589893200007,
                12.634144510000056
              ],
              [
                124.09589677600002,
                12.634074697000074
              ],
              [
                124.09589390000008,
                12.63405659800003
              ],
              [
                124.09589095400008,
                12.63404977600004
              ],
              [
                124.09588616000008,
                12.634019611000042
              ],
              [
                124.09588187600002,
                12.633971562000056
              ],
              [
                124.09586809400002,
                12.633912957000064
              ],
              [
                124.09586403900005,
                12.63389212900006
              ],
              [
                124.09586388900004,
                12.633884156000022
              ],
              [
                124.09585062600001,
                12.633838192000042
              ],
              [
                124.09583957000007,
                12.633789714000045
              ],
              [
                124.09583603500005,
                12.633781527000053
              ],
              [
                124.09583234900003,
                12.63376536800007
              ],
              [
                124.09581901600006,
                12.633730680000042
              ],
              [
                124.09581746800006,
                12.633723283000052
              ],
              [
                124.09580074900009,
                12.63368838100007
              ],
              [
                124.09579058100007,
                12.63365721200006
              ],
              [
                124.095764873,
                12.633593870000027
              ],
              [
                124.0957531580001,
                12.633555304000026
              ],
              [
                124.09573687800003,
                12.633513794000066
              ],
              [
                124.09573142500005,
                12.633493541000064
              ],
              [
                124.09568369500005,
                12.633383017000028
              ],
              [
                124.09567935000007,
                12.633376769000051
              ],
              [
                124.095652244,
                12.633314002000077
              ],
              [
                124.09562050300008,
                12.633259568000028
              ],
              [
                124.09560871700012,
                12.633232278000037
              ],
              [
                124.09559826000009,
                12.633215690000043
              ],
              [
                124.09559251700011,
                12.633210017000067
              ],
              [
                124.0955791130001,
                12.633186606000038
              ],
              [
                124.0955633530001,
                12.633157737000033
              ],
              [
                124.09554567500004,
                12.633116802000075
              ],
              [
                124.09553087300003,
                12.633093966000047
              ],
              [
                124.09552063600006,
                12.633074074000035
              ],
              [
                124.09550686300008,
                12.633045994000042
              ],
              [
                124.095479167,
                12.632981862000065
              ],
              [
                124.0954736440001,
                12.632972886000061
              ],
              [
                124.0954388770001,
                12.632892380000044
              ],
              [
                124.09542679200001,
                12.632849144000033
              ],
              [
                124.09541661600008,
                12.632787449000034
              ],
              [
                124.09536985300008,
                12.632648664000044
              ],
              [
                124.09536697600004,
                12.632630565000056
              ],
              [
                124.09535334400005,
                12.632579932000056
              ],
              [
                124.0953356660001,
                12.63253899700004
              ],
              [
                124.09531202500011,
                12.632495694000056
              ],
              [
                124.09527903500009,
                12.632449808000047
              ],
              [
                124.09527329200012,
                12.632444135000071
              ],
              [
                124.09525908000012,
                12.632422664000046
              ],
              [
                124.09518964400002,
                12.632341953000036
              ],
              [
                124.09516350600006,
                12.632315745000028
              ],
              [
                124.09515121100003,
                12.632306339000024
              ],
              [
                124.0951256620001,
                12.63228149500003
              ],
              [
                124.09507279700006,
                12.632227714000066
              ],
              [
                124.0950656550001,
                12.632222616000035
              ],
              [
                124.09506131100011,
                12.632216369000048
              ],
              [
                124.09505416900004,
                12.632211271000074
              ],
              [
                124.09502670300003,
                12.632174361000068
              ],
              [
                124.09497044200009,
                12.632089840000049
              ],
              [
                124.09494945800009,
                12.63206794000007
              ],
              [
                124.09492118300011,
                12.632032969000022
              ],
              [
                124.09491900400008,
                12.632024948000037
              ],
              [
                124.09491784900001,
                12.632004660000064
              ],
              [
                124.09490976300003,
                12.631973101000028
              ],
              [
                124.09490976300003,
                12.631962957000042
              ],
              [
                124.09491438400005,
                12.631948305000037
              ],
              [
                124.09492131400009,
                12.63194154200005
              ],
              [
                124.09492593400012,
                12.631931398000063
              ],
              [
                124.09492939900008,
                12.631922382000027
              ],
              [
                124.09492939900008,
                12.63191336500006
              ],
              [
                124.09492131400009,
                12.631898713000055
              ],
              [
                124.0949028330001,
                12.631881806000024
              ],
              [
                124.0948924380001,
                12.631876171000044
              ],
              [
                124.09487742200008,
                12.631871662000037
              ],
              [
                124.09486009600005,
                12.631860391000032
              ],
              [
                124.09485201100006,
                12.631841230000077
              ],
              [
                124.09484970100004,
                12.631840103000059
              ],
              [
                124.09485114800009,
                12.631820092000055
              ],
              [
                124.09484750400009,
                12.63180587000005
              ],
              [
                124.09483657400006,
                12.63178216800003
              ],
              [
                124.09481957000003,
                12.631753725000067
              ],
              [
                124.09481835600002,
                12.631741873000067
              ],
              [
                124.09481106900012,
                12.631711060000043
              ],
              [
                124.0948001380001,
                12.631694468000035
              ],
              [
                124.09478070600005,
                12.631671950000054
              ],
              [
                124.09477827700005,
                12.631662469000048
              ],
              [
                124.09477827700005,
                12.631610323000075
              ],
              [
                124.09477949100005,
                12.631599657000038
              ],
              [
                124.09478192000006,
                12.631593732000056
              ],
              [
                124.09478192000006,
                12.631575955000073
              ],
              [
                124.09475884500011,
                12.631527364000021
              ],
              [
                124.09475884500011,
                12.631517883000072
              ],
              [
                124.09476370300001,
                12.63150958700004
              ],
              [
                124.09476370300001,
                12.631503661000067
              ],
              [
                124.09477220500003,
                12.631484699000055
              ],
              [
                124.09477584800004,
                12.63147166300007
              ],
              [
                124.09477584800004,
                12.631450330000064
              ],
              [
                124.09477220500003,
                12.631439664000027
              ],
              [
                124.09476248900012,
                12.631423072000075
              ],
              [
                124.0947576310001,
                12.631411221000064
              ],
              [
                124.0947527720001,
                12.631394629000056
              ],
              [
                124.0947527730001,
                12.631378037000047
              ],
              [
                124.0947552020001,
                12.631372111000076
              ],
              [
                124.09476613200002,
                12.631361445000039
              ],
              [
                124.09478381800011,
                12.631340131000059
              ],
              [
                124.09479501600003,
                12.631323739000038
              ],
              [
                124.09479921600007,
                12.631312812000033
              ],
              [
                124.09480061600004,
                12.631286858000067
              ],
              [
                124.0947978160001,
                12.63127319800003
              ],
              [
                124.09477961800008,
                12.631234951000067
              ],
              [
                124.09476981900002,
                12.631219925000039
              ],
              [
                124.09476422000012,
                12.63120626600005
              ],
              [
                124.09476562000009,
                12.631187142000044
              ],
              [
                124.09477541900003,
                12.631163920000063
              ],
              [
                124.09477681900012,
                12.631150261000073
              ],
              [
                124.09477401900006,
                12.631122941000058
              ],
              [
                124.09476562000009,
                12.63109425600004
              ],
              [
                124.09476282000003,
                12.631087426000022
              ],
              [
                124.09475302100009,
                12.631076498000027
              ],
              [
                124.0947390230001,
                12.63106420400004
              ],
              [
                124.09471522600006,
                12.631049178000069
              ],
              [
                124.09470962600005,
                12.631043715000033
              ],
              [
                124.094705427,
                12.631036885000071
              ],
              [
                124.09470262700006,
                12.631027323000069
              ],
              [
                124.09469842700003,
                12.631002735000038
              ],
              [
                124.09469842700003,
                12.630993173000036
              ],
              [
                124.09470262700006,
                12.63096722000006
              ],
              [
                124.09470822700007,
                12.630956292000064
              ],
              [
                124.09472922400005,
                12.630941266000036
              ],
              [
                124.0947390230001,
                12.630930339000031
              ],
              [
                124.09474742300006,
                12.630913947000067
              ],
              [
                124.0947516220001,
                12.630894823000062
              ],
              [
                124.09475302200008,
                12.630883895000068
              ],
              [
                124.0947516220001,
                12.630849746000024
              ],
              [
                124.09474742300006,
                12.630830622000076
              ],
              [
                124.09474042400007,
                12.630810133000068
              ],
              [
                124.09474042400007,
                12.63078691100003
              ],
              [
                124.09474462300011,
                12.630774617000043
              ],
              [
                124.09474742300006,
                12.630769153000074
              ],
              [
                124.09475862200009,
                12.630758226000069
              ],
              [
                124.09476562100008,
                12.630754128000035
              ],
              [
                124.09478102000003,
                12.630748664000066
              ],
              [
                124.09478661900005,
                12.630744566000033
              ],
              [
                124.09479361800004,
                12.630733638000038
              ],
              [
                124.09479501800001,
                12.630722710000043
              ],
              [
                124.09479221800007,
                12.630707684000072
              ],
              [
                124.09478521900007,
                12.630687195000064
              ],
              [
                124.09478801900002,
                12.63068309700003
              ],
              [
                124.09477031000006,
                12.630658766000067
              ],
              [
                124.09475771100006,
                12.630634179000026
              ],
              [
                124.09473951300004,
                12.63061642100007
              ],
              [
                124.094689119,
                12.63058636900007
              ],
              [
                124.0946779200001,
                12.630571343000042
              ],
              [
                124.09467652,
                12.630557684000053
              ],
              [
                124.09468351900011,
                12.630535828000063
              ],
              [
                124.0946905190001,
                12.630520802000035
              ],
              [
                124.09472131500002,
                12.630474359000061
              ],
              [
                124.09472551500005,
                12.630459334000022
              ],
              [
                124.09472551500005,
                12.630451138000069
              ],
              [
                124.09472131600012,
                12.630438844000025
              ],
              [
                124.09471151700006,
                12.630425184000046
              ],
              [
                124.0947031180001,
                12.630416988000036
              ],
              [
                124.09466112200005,
                12.630385571000033
              ],
              [
                124.09465132300011,
                12.630366447000029
              ],
              [
                124.09464852400004,
                12.630343226000036
              ],
              [
                124.094649924,
                12.630242144000022
              ],
              [
                124.09464852400004,
                12.630236680000053
              ],
              [
                124.09464852400004,
                12.630221654000025
              ],
              [
                124.09465505900005,
                12.63017639900005
              ],
              [
                124.0946565910001,
                12.630147990000069
              ],
              [
                124.09466441600011,
                12.630132295000067
              ],
              [
                124.09468417200003,
                12.630092668000032
              ],
              [
                124.09469489800006,
                12.630074726000032
              ],
              [
                124.09470102700004,
                12.630055288000051
              ],
              [
                124.09470715700002,
                12.630043327000067
              ],
              [
                124.09473780200005,
                12.629990995000071
              ],
              [
                124.09475006000002,
                12.629976043000056
              ],
              [
                124.09475465700007,
                12.629973052000025
              ],
              [
                124.09477151200008,
                12.629967071000067
              ],
              [
                124.09478070600005,
                12.629967071000067
              ],
              [
                124.09480369000005,
                12.629958100000067
              ],
              [
                124.09481594800002,
                12.62995062400006
              ],
              [
                124.09483280300003,
                12.629934177000052
              ],
              [
                124.09484352900006,
                12.629926701000045
              ],
              [
                124.0948481260001,
                12.62992072000003
              ],
              [
                124.09485425500009,
                12.629907263000064
              ],
              [
                124.09486038400007,
                12.62990277800003
              ],
              [
                124.09488255700012,
                12.629864174000033
              ],
              [
                124.09492239600002,
                12.629816327000071
              ],
              [
                124.0949285260001,
                12.629802870000049
              ],
              [
                124.09493771900009,
                12.629789414000072
              ],
              [
                124.09494384800007,
                12.629774462000057
              ],
              [
                124.09496376800007,
                12.629740072000061
              ],
              [
                124.09497602600004,
                12.629713159000062
              ],
              [
                124.09498062300008,
                12.629708673000039
              ],
              [
                124.0950005420001,
                12.629671293000058
              ],
              [
                124.09500667100008,
                12.629647370000043
              ],
              [
                124.09501433300011,
                12.629629427000054
              ],
              [
                124.09509401100001,
                12.629506821000064
              ],
              [
                124.09513078600003,
                12.629459189000045
              ],
              [
                124.09513385000002,
                12.62945320800003
              ],
              [
                124.09513691500001,
                12.629441246000056
              ],
              [
                124.09514764100004,
                12.629415828000049
              ],
              [
                124.095159899,
                12.62937097200006
              ],
              [
                124.09517828600008,
                12.62932163000005
              ],
              [
                124.09518135000008,
                12.629305183000042
              ],
              [
                124.09518747900006,
                12.629290231000027
              ],
              [
                124.09519360800005,
                12.62925733700007
              ],
              [
                124.09519360800005,
                12.629199024000059
              ],
              [
                124.0951920760001,
                12.629190053000059
              ],
              [
                124.0951920760001,
                12.629164634000063
              ],
              [
                124.09518901100012,
                12.62914220600004
              ],
              [
                124.09518901100012,
                12.629110807000075
              ],
              [
                124.0951920760001,
                12.62908688400006
              ],
              [
                124.09520586600001,
                12.629053989000056
              ],
              [
                124.09520586600001,
                12.629031561000033
              ],
              [
                124.09520126900009,
                12.629016609000075
              ],
              [
                124.09520280200002,
                12.629003153000042
              ],
              [
                124.09520586600001,
                12.628997172000027
              ],
              [
                124.0952150600001,
                12.628986705000045
              ],
              [
                124.0952411080001,
                12.62897175300003
              ],
              [
                124.09524570500002,
                12.628965773000061
              ],
              [
                124.09525949600004,
                12.628958297000054
              ],
              [
                124.09527328600007,
                12.628947830000072
              ],
              [
                124.09528554400003,
                12.628931383000065
              ],
              [
                124.09528860900002,
                12.628919421000035
              ],
              [
                124.09528860900002,
                12.628896993000069
              ],
              [
                124.095274818,
                12.62886110900007
              ],
              [
                124.09527635000006,
                12.628834195000024
              ],
              [
                124.09529167300002,
                12.628769901000055
              ],
              [
                124.09529780200012,
                12.628759435000063
              ],
              [
                124.09529933400006,
                12.628753454000048
              ],
              [
                124.09532844700004,
                12.62870859800006
              ],
              [
                124.09533151200003,
                12.628701122000052
              ],
              [
                124.09533151200003,
                12.628693646000045
              ],
              [
                124.09532538300004,
                12.628680189000022
              ],
              [
                124.09532078600012,
                12.628674209000053
              ],
              [
                124.09531465700002,
                12.62866972300003
              ],
              [
                124.09530086600012,
                12.62865178100003
              ],
              [
                124.09529320500008,
                12.628630848000057
              ],
              [
                124.0952840110001,
                12.628580011000054
              ],
              [
                124.0952809470001,
                12.628541136000024
              ],
              [
                124.09527175300002,
                12.628479833000029
              ],
              [
                124.09526255900005,
                12.628445443000032
              ],
              [
                124.09525336600007,
                12.62839759700006
              ],
              [
                124.09525030100008,
                12.62838862500007
              ],
              [
                124.09524570500002,
                12.62835872100004
              ],
              [
                124.0952441720001,
                12.628343769000026
              ],
              [
                124.0952441720001,
                12.628310875000068
              ],
              [
                124.09523957500005,
                12.628277980000064
              ],
              [
                124.09523957500005,
                12.628251067000065
              ],
              [
                124.09523344600007,
                12.62819723900003
              ],
              [
                124.09524263900005,
                12.628174343000069
              ],
              [
                124.09525336500008,
                12.628156400000023
              ],
              [
                124.09525796200012,
                12.628132477000065
              ],
              [
                124.09525643000006,
                12.628110049000043
              ],
              [
                124.09524723600009,
                12.628083135000054
              ],
              [
                124.09521046100008,
                12.628012861000059
              ],
              [
                124.09521046100008,
                12.627997909000044
              ],
              [
                124.09521352600007,
                12.627978471000063
              ],
              [
                124.09521352600007,
                12.627951558000063
              ],
              [
                124.09520280000004,
                12.627902216000052
              ],
              [
                124.09518747700008,
                12.627864836000072
              ],
              [
                124.09517368700006,
                12.627846894000072
              ],
              [
                124.09514610600002,
                12.627802038000027
              ],
              [
                124.09513231500011,
                12.627775125000028
              ],
              [
                124.09512005700003,
                12.627755687000047
              ],
              [
                124.0950725570001,
                12.627698870000074
              ],
              [
                124.09504344400011,
                12.627658499000063
              ],
              [
                124.09503731500001,
                12.62764504200004
              ],
              [
                124.09503578300007,
                12.627631586000064
              ],
              [
                124.09505263800008,
                12.627607663000049
              ],
              [
                124.09505570200008,
                12.627595701000075
              ],
              [
                124.09505417000003,
                12.62756878700003
              ],
              [
                124.09504344400011,
                12.62753290300003
              ],
              [
                124.09503578300007,
                12.627516455000034
              ],
              [
                124.09503425000003,
                12.627508979000027
              ],
              [
                124.09501739600012,
                12.62746711400007
              ],
              [
                124.09500820200003,
                12.627435715000047
              ],
              [
                124.09500820200003,
                12.627341517000048
              ],
              [
                124.09500667000009,
                12.62733404100004
              ],
              [
                124.09500667000009,
                12.62730563200006
              ],
              [
                124.0950036050001,
                12.627286194000021
              ],
              [
                124.09499594400006,
                12.627256290000048
              ],
              [
                124.09498675000009,
                12.627236853000056
              ],
              [
                124.09496683100008,
                12.627205453000045
              ],
              [
                124.09495610500005,
                12.62718153000003
              ],
              [
                124.09495304100005,
                12.627166578000072
              ],
              [
                124.09494844400001,
                12.627119587000038
              ],
              [
                124.09494844300002,
                12.627106130000072
              ],
              [
                124.09495916900005,
                12.627082207000058
              ],
              [
                124.09497296000006,
                12.627041837000036
              ],
              [
                124.09497908900005,
                12.627029875000062
              ],
              [
                124.09498828200003,
                12.626995486000055
              ],
              [
                124.09498675000009,
                12.626908764000063
              ],
              [
                124.09499287900007,
                12.626896802000033
              ],
              [
                124.09501126600003,
                12.626878860000033
              ],
              [
                124.09502045900001,
                12.62686689900005
              ],
              [
                124.09502658800011,
                12.626853442000026
              ],
              [
                124.09503118500004,
                12.626834004000045
              ],
              [
                124.09503425000003,
                12.626811576000023
              ],
              [
                124.0950327170001,
                12.626732331000028
              ],
              [
                124.09503425000003,
                12.626724855000077
              ],
              [
                124.09503578200008,
                12.626685980000047
              ],
              [
                124.09504037800002,
                12.626660561000051
              ],
              [
                124.09505110400005,
                12.626630657000021
              ],
              [
                124.09505416900004,
                12.626617200000055
              ],
              [
                124.09506336200002,
                12.626599258000056
              ],
              [
                124.09507408800005,
                12.626585801000033
              ],
              [
                124.09508021700003,
                12.626575335000041
              ],
              [
                124.09508941100012,
                12.626557392000052
              ],
              [
                124.0950955400001,
                12.626540945000045
              ],
              [
                124.09510473300008,
                12.62652898400006
              ],
              [
                124.09510779800007,
                12.626521508000053
              ],
              [
                124.09511545900011,
                12.626511041000072
              ],
              [
                124.09512005600004,
                12.626502070000072
              ],
              [
                124.0951246520001,
                12.626485623000065
              ],
              [
                124.09512618500003,
                12.626472166000042
              ],
              [
                124.0951246520001,
                12.626388435000024
              ],
              [
                124.09512312000004,
                12.626380959000073
              ],
              [
                124.09512312000004,
                12.626355540000077
              ],
              [
                124.0951246520001,
                12.62634806400007
              ],
              [
                124.09513691000006,
                12.626327132000029
              ],
              [
                124.09514150700011,
                12.626322646000062
              ],
              [
                124.09515989400006,
                12.626316665000047
              ],
              [
                124.09518134600012,
                12.62630021800004
              ],
              [
                124.09518900700004,
                12.626288256000066
              ],
              [
                124.09519666800009,
                12.626271809000059
              ],
              [
                124.09519820100002,
                12.626264333000051
              ],
              [
                124.09519820100002,
                12.62624489500007
              ],
              [
                124.09518900700004,
                12.626200039000025
              ],
              [
                124.09518900700004,
                12.626179106000052
              ],
              [
                124.09519666800009,
                12.626143221000063
              ],
              [
                124.09520586200006,
                12.626123784000072
              ],
              [
                124.09522271700007,
                12.626066966000053
              ],
              [
                124.09522884600005,
                12.626055004000023
              ],
              [
                124.09523957200008,
                12.626026595000042
              ],
              [
                124.09524535900005,
                12.625991357000032
              ],
              [
                124.09525093700006,
                12.625969585000064
              ],
              [
                124.09525093700006,
                12.625962782000045
              ],
              [
                124.09526348700001,
                12.62592604200006
              ],
              [
                124.09527185400009,
                12.625877056000036
              ],
              [
                124.09528440300005,
                12.62584031700004
              ],
              [
                124.09528858700003,
                12.625822628000037
              ],
              [
                124.09528998100006,
                12.625815824000028
              ],
              [
                124.09528998100006,
                12.625795413000048
              ],
              [
                124.09528858700003,
                12.62578861000003
              ],
              [
                124.09528998100006,
                12.625781806000077
              ],
              [
                124.09528998100006,
                12.62574098400006
              ],
              [
                124.09529695300012,
                12.625690638000037
              ],
              [
                124.09529555800009,
                12.625623962000077
              ],
              [
                124.09529834700004,
                12.625579059000074
              ],
              [
                124.09530392500005,
                12.62555048400003
              ],
              [
                124.09531508000009,
                12.62550966200007
              ],
              [
                124.09531786900004,
                12.625505580000038
              ],
              [
                124.09532763000004,
                12.625468840000053
              ],
              [
                124.09534715200004,
                12.625411690000021
              ],
              [
                124.09534854700007,
                12.625402165000025
              ],
              [
                124.09535830800007,
                12.625369508000063
              ],
              [
                124.09536946300011,
                12.625335489000065
              ],
              [
                124.09538480200001,
                12.625296028000037
              ],
              [
                124.09539316900009,
                12.625232074000053
              ],
              [
                124.09539316900009,
                12.625184449000074
              ],
              [
                124.0953889860001,
                12.625151792000054
              ],
              [
                124.0953889860001,
                12.62512865900004
              ],
              [
                124.09538619700004,
                12.625091920000045
              ],
              [
                124.09538061900003,
                12.625057902000037
              ],
              [
                124.09537504100001,
                12.625037491000057
              ],
              [
                124.09535830800007,
                12.624991226000077
              ],
              [
                124.0953443630001,
                12.624933221000049
              ],
              [
                124.09534157400003,
                12.624927778000028
              ],
              [
                124.09533320700007,
                12.624918253000033
              ],
              [
                124.09531926300008,
                12.624893760000077
              ],
              [
                124.09530950200008,
                12.62487334900004
              ],
              [
                124.0953053180001,
                12.624858381000024
              ],
              [
                124.09530113500011,
                12.624835249000057
              ],
              [
                124.09530113500011,
                12.62482028100004
              ],
              [
                124.0953053180001,
                12.624801231000049
              ],
              [
                124.09531229000004,
                12.624780820000069
              ],
              [
                124.09531368500006,
                12.624771295000073
              ],
              [
                124.0953150790001,
                12.624750884000036
              ],
              [
                124.09531229000004,
                12.624739998000052
              ],
              [
                124.09529416200007,
                12.624707341000033
              ],
              [
                124.09526348500003,
                12.624633862000053
              ],
              [
                124.09523977900005,
                12.624587598000062
              ],
              [
                124.09522165100009,
                12.62455766200003
              ],
              [
                124.09520212900009,
                12.624533169000074
              ],
              [
                124.09519236800008,
                12.624516841000059
              ],
              [
                124.09518260700008,
                12.624505955000075
              ],
              [
                124.09518121300005,
                12.624501873000042
              ],
              [
                124.09512961900009,
                12.624440640000046
              ],
              [
                124.095091969,
                12.624390294000023
              ],
              [
                124.095072447,
                12.624356276000071
              ],
              [
                124.09506408000004,
                12.624337226000023
              ],
              [
                124.09505431900004,
                12.624320897000075
              ],
              [
                124.09505292500012,
                12.624315454000055
              ],
              [
                124.09504595300007,
                12.624305929000059
              ],
              [
                124.09503340300012,
                12.624277354000071
              ],
              [
                124.09501667000006,
                12.624247418000039
              ],
              [
                124.0949887810001,
                12.62417257900006
              ],
              [
                124.09497204800005,
                12.624144004000073
              ],
              [
                124.0949692590001,
                12.624135839000076
              ],
              [
                124.09496228700004,
                12.624124953000035
              ],
              [
                124.09495670900003,
                12.624109985000075
              ],
              [
                124.09495113100002,
                12.62409365700006
              ],
              [
                124.09494834200007,
                12.624073246000023
              ],
              [
                124.09493858100006,
                12.624029703000076
              ],
              [
                124.09493439800008,
                12.624017456000047
              ],
              [
                124.09492742600003,
                12.624005210000064
              ],
              [
                124.09491905900006,
                12.623984799000027
              ],
              [
                124.09491208700001,
                12.62396166700006
              ],
              [
                124.09490511500007,
                12.623915402000023
              ],
              [
                124.09490511500007,
                12.623907238000072
              ],
              [
                124.09488415800001,
                12.623865655000031
              ],
              [
                124.09487718600008,
                12.623843883000063
              ],
              [
                124.09485766400007,
                12.623801701000048
              ],
              [
                124.094835353,
                12.62377312600006
              ],
              [
                124.09482280300006,
                12.623754076000068
              ],
              [
                124.0948004920001,
                12.623725501000024
              ],
              [
                124.09479352000005,
                12.623718697000072
              ],
              [
                124.09477678700011,
                12.62369420400006
              ],
              [
                124.09474750400011,
                12.623660186000052
              ],
              [
                124.09470706500008,
                12.623605757000064
              ],
              [
                124.09468614900004,
                12.623571739000056
              ],
              [
                124.09467081000003,
                12.623530918000029
              ],
              [
                124.0946401330001,
                12.623428863000072
              ],
              [
                124.09463455500008,
                12.62340437100005
              ],
              [
                124.09462479400008,
                12.623322727000073
              ],
              [
                124.09462479400008,
                12.623305038000069
              ],
              [
                124.0946206110001,
                12.62326557700004
              ],
              [
                124.0946206110001,
                12.62324516600006
              ],
              [
                124.09462340000005,
                12.623216591000073
              ],
              [
                124.09462897800006,
                12.62318801500004
              ],
              [
                124.0946303720001,
                12.623164883000072
              ],
              [
                124.09463316100005,
                12.623151276000044
              ],
              [
                124.09463316100005,
                12.623139029000072
              ],
              [
                124.09463455600007,
                12.623137668000027
              ],
              [
                124.09462172400004,
                12.623084064000068
              ],
              [
                124.0946147520001,
                12.623074538000026
              ],
              [
                124.09461196300003,
                12.623058210000067
              ],
              [
                124.09460080800011,
                12.623025552000058
              ],
              [
                124.09458965200008,
                12.622999699000047
              ],
              [
                124.09457431400006,
                12.62297112400006
              ],
              [
                124.09457291900003,
                12.622964320000051
              ],
              [
                124.09455897500004,
                12.62293846600005
              ],
              [
                124.09455060900007,
                12.62291261300004
              ],
              [
                124.09454921400004,
                12.622903088000044
              ],
              [
                124.09451993100004,
                12.622811919000071
              ],
              [
                124.0944934370001,
                12.622749326000076
              ],
              [
                124.09449064800003,
                12.622746605000032
              ],
              [
                124.09447670400004,
                12.622716669000056
              ],
              [
                124.09446833800007,
                12.622688094000068
              ],
              [
                124.094465549,
                12.622684012000036
              ],
              [
                124.09445718200004,
                12.622649994000028
              ],
              [
                124.09444742200003,
                12.622620058000052
              ],
              [
                124.09444323800005,
                12.622598286000027
              ],
              [
                124.09442650500011,
                12.622545218000027
              ],
              [
                124.09442232200001,
                12.622524807000048
              ],
              [
                124.0944167450001,
                12.622477182000068
              ],
              [
                124.0943972230001,
                12.622387374000027
              ],
              [
                124.09439060800003,
                12.62230461200005
              ],
              [
                124.09439060800003,
                12.622239850000028
              ],
              [
                124.09438902800002,
                12.622224430000074
              ],
              [
                124.09439692900003,
                12.622162752000065
              ],
              [
                124.09440799000004,
                12.622124203000055
              ],
              [
                124.09441115000004,
                12.622102615000074
              ],
              [
                124.09442379200004,
                12.62205481500007
              ],
              [
                124.09442379200004,
                12.622047105000036
              ],
              [
                124.09442695200005,
                12.622037853000052
              ],
              [
                124.09442695200005,
                12.622030143000075
              ],
              [
                124.09443485300005,
                12.621985427000027
              ],
              [
                124.09443485300005,
                12.62197309100003
              ],
              [
                124.09443169300005,
                12.621948420000024
              ],
              [
                124.09442537200005,
                12.621917580000058
              ],
              [
                124.09440957100003,
                12.621875947000035
              ],
              [
                124.09439060900002,
                12.621838940000032
              ],
              [
                124.09438586800002,
                12.621832772000062
              ],
              [
                124.09437796800012,
                12.621815811000033
              ],
              [
                124.0943574260001,
                12.62178343000005
              ],
              [
                124.0943479450001,
                12.621763384000076
              ],
              [
                124.09433372400008,
                12.621741797000027
              ],
              [
                124.09432108300007,
                12.621714041000075
              ],
              [
                124.09431002200006,
                12.621693996000033
              ],
              [
                124.0942231140001,
                12.621556761000022
              ],
              [
                124.0942136330001,
                12.621547509000038
              ],
              [
                124.09418045000007,
                12.621505876000072
              ],
              [
                124.09417096900006,
                12.621488914000054
              ],
              [
                124.09415358800004,
                12.621442655000067
              ],
              [
                124.09414568700004,
                12.621425694000038
              ],
              [
                124.09414252700003,
                12.621408732000077
              ],
              [
                124.09413146600002,
                12.621379435000051
              ],
              [
                124.09412356500002,
                12.621351679000043
              ],
              [
                124.09410618400011,
                12.62130850400007
              ],
              [
                124.0940903820001,
                12.621277664000047
              ],
              [
                124.0940856420001,
                12.621263787000032
              ],
              [
                124.0940809010001,
                12.621257619000062
              ],
              [
                124.0940824810001,
                12.621256077000055
              ],
              [
                124.09407041500003,
                12.621214698000074
              ],
              [
                124.09406093400003,
                12.621199279000052
              ],
              [
                124.09404671300001,
                12.621166897000023
              ],
              [
                124.09403881300011,
                12.621136058000047
              ],
              [
                124.09403565200012,
                12.621129890000077
              ],
              [
                124.09403407200011,
                12.621119097000076
              ],
              [
                124.09403249200011,
                12.621117555000069
              ],
              [
                124.0940277520001,
                12.62108979900006
              ],
              [
                124.0940261720001,
                12.621058960000028
              ],
              [
                124.09403091200011,
                12.621015785000054
              ],
              [
                124.09403091200011,
                12.620994198000062
              ],
              [
                124.0940340730001,
                12.620960275000073
              ],
              [
                124.09403723300011,
                12.620946397000068
              ],
              [
                124.09403881300011,
                12.620924810000076
              ],
              [
                124.09405204600012,
                12.620899483000073
              ],
              [
                124.09405378400004,
                12.620892699000024
              ],
              [
                124.09405378400004,
                12.620870651000075
              ],
              [
                124.09405726000011,
                12.620857083000033
              ],
              [
                124.09405899800004,
                12.62079433100007
              ],
              [
                124.09405726000011,
                12.62078585100005
              ],
              [
                124.09405726000011,
                12.620762107000076
              ],
              [
                124.09405552200008,
                12.620753627000056
              ],
              [
                124.09405378500003,
                12.620712923000042
              ],
              [
                124.09406421300002,
                12.620663900000068
              ],
              [
                124.09406421300002,
                12.620655420000048
              ],
              [
                124.09406942700002,
                12.620641852000062
              ],
              [
                124.0940729030001,
                12.620621500000027
              ],
              [
                124.09408333100009,
                12.620599452000022
              ],
              [
                124.09409549700001,
                12.620567228000027
              ],
              [
                124.09410244900005,
                12.620555356000068
              ],
              [
                124.09410418700008,
                12.620546876000049
              ],
              [
                124.09410940100008,
                12.620538396000029
              ],
              [
                124.094111139,
                12.620529916000066
              ],
              [
                124.09411461500008,
                12.620519740000077
              ],
              [
                124.09411982900008,
                12.620511260000058
              ],
              [
                124.09412156700012,
                12.620502780000038
              ],
              [
                124.09413894700003,
                12.620467163000058
              ],
              [
                124.09414589900007,
                12.620448507000049
              ],
              [
                124.09415111300007,
                12.62044002700003
              ],
              [
                124.09417718300006,
                12.620378971000036
              ],
              [
                124.0941789210001,
                12.620370491000074
              ],
              [
                124.09418239700005,
                12.620367099000077
              ],
              [
                124.09418413500009,
                12.620356923000031
              ],
              [
                124.09419630100001,
                12.62031961100007
              ],
              [
                124.09420846700004,
                12.620289083000046
              ],
              [
                124.09421541900008,
                12.620261947000074
              ],
              [
                124.09422410900004,
                12.620241595000039
              ],
              [
                124.09422758500011,
                12.620224635000056
              ],
              [
                124.09423279900011,
                12.620209371000044
              ],
              [
                124.09423453700003,
                12.620190715000035
              ],
              [
                124.09423453700003,
                12.62015679500007
              ],
              [
                124.0942380140001,
                12.620141531000058
              ],
              [
                124.09424496600002,
                12.620124571000076
              ],
              [
                124.09425018000002,
                12.620117787000027
              ],
              [
                124.09426408400009,
                12.620087259000059
              ],
              [
                124.09427625,
                12.620065210000064
              ],
              [
                124.09428320200004,
                12.620048250000025
              ],
              [
                124.09428494000008,
                12.620038074000036
              ],
              [
                124.09429536800008,
                12.620009242000037
              ],
              [
                124.09430058200007,
                12.619987194000032
              ],
              [
                124.09431942700007,
                12.619948903000022
              ],
              [
                124.09431942700007,
                12.619943815000056
              ],
              [
                124.09432290300003,
                12.619937031000063
              ],
              [
                124.09432811700003,
                12.619913287000031
              ],
              [
                124.09433333100003,
                12.619896327000049
              ],
              [
                124.09433854500003,
                12.61988784700003
              ],
              [
                124.09434375900003,
                12.619872583000074
              ],
              [
                124.0943472350001,
                12.619857319000062
              ],
              [
                124.09434897300002,
                12.619845447000046
              ],
              [
                124.09435071200005,
                12.619796263000069
              ],
              [
                124.094364616,
                12.619735207000076
              ],
              [
                124.09436809200008,
                12.619728422000037
              ],
              [
                124.09436983000012,
                12.619718246000048
              ],
              [
                124.09438373400008,
                12.61967923800006
              ],
              [
                124.09439416100008,
                12.619657190000055
              ],
              [
                124.09439589900012,
                12.619650406000062
              ],
              [
                124.09440111300012,
                12.619641926000043
              ],
              [
                124.09440632700012,
                12.61962666200003
              ],
              [
                124.09442370700003,
                12.619596134000062
              ],
              [
                124.09443065900007,
                12.61957069400006
              ],
              [
                124.09444108700006,
                12.619550342000025
              ],
              [
                124.0944636810001,
                12.619492678000029
              ],
              [
                124.09447410900009,
                12.619448582000075
              ],
              [
                124.09447410900009,
                12.619431622000036
              ],
              [
                124.09447584700001,
                12.619421446000047
              ],
              [
                124.09447932300009,
                12.619407878000061
              ],
              [
                124.09449844100004,
                12.619362086000024
              ],
              [
                124.09450365500004,
                12.619345125000052
              ],
              [
                124.09451234500011,
                12.619306117000065
              ],
              [
                124.09451408300004,
                12.619290853000052
              ],
              [
                124.09451755900011,
                12.619282373000033
              ],
              [
                124.09453493900003,
                12.619253541000035
              ],
              [
                124.0945488430001,
                12.619216229000074
              ],
              [
                124.09455753300006,
                12.619204357000058
              ],
              [
                124.09456448500009,
                12.619187397000076
              ],
              [
                124.09456969900009,
                12.61916704500004
              ],
              [
                124.09458012700009,
                12.619144997000035
              ],
              [
                124.09459750700012,
                12.61912294800004
              ],
              [
                124.09460445900004,
                12.619107684000028
              ],
              [
                124.09461488700003,
                12.619094116000042
              ],
              [
                124.09462531500003,
                12.619083940000053
              ],
              [
                124.0946340050001,
                12.619061892000047
              ],
              [
                124.09464617100002,
                12.619043236000039
              ],
              [
                124.09466355100005,
                12.61902458000003
              ],
              [
                124.09470000100009,
                12.61895545300007
              ],
              [
                124.09474031700006,
                12.618904378000025
              ],
              [
                124.09477358300012,
                12.618871376000072
              ],
              [
                124.0947934190001,
                12.618847709000022
              ],
              [
                124.09481340200011,
                12.61880945300004
              ],
              [
                124.09481852200008,
                12.618802601000027
              ],
              [
                124.09482967000008,
                12.618779048000022
              ],
              [
                124.0948473410001,
                12.618749642000068
              ],
              [
                124.09486858200012,
                12.618726974000026
              ],
              [
                124.09488060600006,
                12.61871663900007
              ],
              [
                124.09489187100007,
                12.618701565000038
              ],
              [
                124.0949131110001,
                12.618678897000052
              ],
              [
                124.09493563900003,
                12.618648750000034
              ],
              [
                124.0949383310001,
                12.618642269000077
              ],
              [
                124.09494447500003,
                12.618634047000057
              ],
              [
                124.09494985900005,
                12.61862108500003
              ],
              [
                124.09495702700008,
                12.61861149300006
              ],
              [
                124.09497162600007,
                12.61858619800006
              ],
              [
                124.09497815100008,
                12.618580346000044
              ],
              [
                124.09501949100002,
                12.61852790100005
              ],
              [
                124.0950574960001,
                12.618485677000024
              ],
              [
                124.09506364000003,
                12.618477455000061
              ],
              [
                124.09508017100006,
                12.618440940000028
              ],
              [
                124.09509322000008,
                12.618429235000065
              ],
              [
                124.09512941100002,
                12.618406710000045
              ],
              [
                124.09514898400005,
                12.618389152000077
              ],
              [
                124.0951792940001,
                12.61836874000005
              ],
              [
                124.0952034600001,
                12.618356550000044
              ],
              [
                124.09522034100007,
                12.618345473000034
              ],
              [
                124.09526381600006,
                12.618321835000074
              ],
              [
                124.09530065100012,
                12.618295570000043
              ],
              [
                124.09532136500002,
                12.618285121000042
              ],
              [
                124.09537098400006,
                12.618253260000074
              ],
              [
                124.09537686500005,
                12.61825114800007
              ],
              [
                124.09544387800008,
                12.618212221000022
              ],
              [
                124.09545487900004,
                12.618203257000062
              ],
              [
                124.0954786640001,
                12.61818869700005
              ],
              [
                124.09551152000006,
                12.618176393000056
              ],
              [
                124.09552608900003,
                12.618174166000074
              ],
              [
                124.09553542200001,
                12.618170312000075
              ],
              [
                124.09556839400011,
                12.618166487000053
              ],
              [
                124.09558398800004,
                12.618162890000065
              ],
              [
                124.09559267700001,
                12.618162776000077
              ],
              [
                124.09567064500004,
                12.618144792000066
              ],
              [
                124.095708854,
                12.618142594000062
              ],
              [
                124.09574387400005,
                12.618136028000038
              ],
              [
                124.09575153900005,
                12.618137285000046
              ],
              [
                124.09576994200006,
                12.618135686000073
              ],
              [
                124.09579767700006,
                12.618130234000034
              ],
              [
                124.09582427100008,
                12.618117673000029
              ],
              [
                124.09585610200008,
                12.61810673900004
              ],
              [
                124.09586403000003,
                12.618101886000034
              ],
              [
                124.09589791000008,
                12.618088211000043
              ],
              [
                124.09591964700007,
                12.618076392000035
              ],
              [
                124.09596774600004,
                12.618035053000028
              ],
              [
                124.09598769900003,
                12.618019865000065
              ],
              [
                124.09599384300009,
                12.618011643000045
              ],
              [
                124.09600893900006,
                12.617997197000022
              ],
              [
                124.09602889200005,
                12.617982009000059
              ],
              [
                124.09603401200002,
                12.617975157000046
              ],
              [
                124.096043989,
                12.617967563000036
              ],
              [
                124.096048085,
                12.617962082000076
              ],
              [
                124.09608453900012,
                12.617933447000041
              ],
              [
                124.09613878100004,
                12.617883886000072
              ],
              [
                124.0965311970001,
                12.617625323000027
              ],
              [
                124.09656036600006,
                12.617597802000034
              ],
              [
                124.09655577300009,
                12.617592434000073
              ],
              [
                124.0965610400001,
                12.617570994000062
              ],
              [
                124.09656642300001,
                12.617558032000034
              ],
              [
                124.09656668700006,
                12.617551923000065
              ],
              [
                124.09658371400008,
                12.617526257000065
              ],
              [
                124.09660085900009,
                12.61750907000004
              ],
              [
                124.09662183600005,
                12.61749251200007
              ],
              [
                124.09663769300005,
                12.617482805000066
              ],
              [
                124.09665290600003,
                12.617476838000073
              ],
              [
                124.09671952300005,
                12.617442380000057
              ],
              [
                124.0967480490001,
                12.617418599000075
              ],
              [
                124.09676481300005,
                12.617399043000034
              ],
              [
                124.09677888600004,
                12.617385967000075
              ],
              [
                124.09680881500003,
                12.617363185000045
              ],
              [
                124.09684067600006,
                12.617329183000038
              ],
              [
                124.09685398800002,
                12.61731136800006
              ],
              [
                124.096861536,
                12.617304145000048
              ],
              [
                124.09687242000007,
                12.617286701000069
              ],
              [
                124.09690454400004,
                12.617246590000036
              ],
              [
                124.09694395300005,
                12.617205364000029
              ],
              [
                124.0969541930001,
                12.61719166100005
              ],
              [
                124.09697031400003,
                12.61717584400003
              ],
              [
                124.09699015000001,
                12.617152177000037
              ],
              [
                124.09700319900003,
                12.617140472000074
              ],
              [
                124.0970328950001,
                12.61710073100005
              ],
              [
                124.09706066000001,
                12.61707221000006
              ],
              [
                124.0975658000001,
                12.616754075000074
              ],
              [
                124.09819889300002,
                12.616522622000048
              ],
              [
                124.09820617800005,
                12.616521509000052
              ],
              [
                124.09879888500006,
                12.616337844000043
              ],
              [
                124.09936140100001,
                12.616172580000068
              ],
              [
                124.09936711500006,
                12.616172814000038
              ],
              [
                124.0996900340001,
                12.616069776000074
              ],
              [
                124.09999614300011,
                12.615980799000056
              ],
              [
                124.1002800550001,
                12.615891198000043
              ],
              [
                124.10034419700003,
                12.615869495000027
              ],
              [
                124.10036789900005,
                12.615858299000024
              ],
              [
                124.1003967370001,
                12.615837664000026
              ],
              [
                124.10043092,
                12.615822703000049
              ],
              [
                124.10048903900008,
                12.61579110100007
              ],
              [
                124.10050476100002,
                12.615785452000068
              ],
              [
                124.10053245200004,
                12.61577148400005
              ],
              [
                124.10054202100002,
                12.615768939000077
              ],
              [
                124.10058110600005,
                12.615749983000057
              ],
              [
                124.100593752,
                12.61574588700006
              ],
              [
                124.10061312500011,
                12.615735353000048
              ],
              [
                124.1006340890001,
                12.615727821000064
              ],
              [
                124.10066279600005,
                12.615720188000068
              ],
              [
                124.10069914300004,
                12.615704896000068
              ],
              [
                124.10071942900004,
                12.615693141000065
              ],
              [
                124.10072683400006,
                12.61569092700006
              ],
              [
                124.10075874900008,
                12.615668740000046
              ],
              [
                124.10079259300005,
                12.615651667000066
              ],
              [
                124.10082568700011,
                12.615654922000033
              ],
              [
                124.10084607700003,
                12.615650723000044
              ],
              [
                124.1008839100001,
                12.615630877000058
              ],
              [
                124.10092002200008,
                12.615621030000057
              ],
              [
                124.10094429700007,
                12.615606501000059
              ],
              [
                124.10096208000004,
                12.615592965000076
              ],
              [
                124.10097428200004,
                12.615579199000024
              ],
              [
                124.1009804360001,
                12.615576095000051
              ],
              [
                124.10099433300002,
                12.615572889000077
              ],
              [
                124.10100207700009,
                12.615572787000076
              ],
              [
                124.10102473600011,
                12.615575815000057
              ],
              [
                124.10105696300002,
                12.615576299000054
              ],
              [
                124.10108110700003,
                12.615574772000059
              ],
              [
                124.10111004900011,
                12.615561694000064
              ],
              [
                124.10114538000005,
                12.615540066000051
              ],
              [
                124.10115700900008,
                12.61552963400004
              ],
              [
                124.10116248400004,
                12.61552230600006
              ],
              [
                124.10117390500011,
                12.615496760000042
              ],
              [
                124.10117596400005,
                12.615488872000071
              ],
              [
                124.10118782800009,
                12.615472995000061
              ],
              [
                124.1011976320001,
                12.615465005000033
              ],
              [
                124.10123147600007,
                12.615447932000052
              ],
              [
                124.10125108300008,
                12.61543195300004
              ],
              [
                124.1012584880001,
                12.615429739000035
              ],
              [
                124.10128925600009,
                12.615414218000069
              ],
              [
                124.10133118300007,
                12.615399155000034
              ],
              [
                124.10136103700006,
                12.615384855000059
              ],
              [
                124.10137973200005,
                12.615370098000028
              ],
              [
                124.10163065400002,
                12.615219830000058
              ],
              [
                124.10163589500007,
                12.615217947000076
              ],
              [
                124.10196317300006,
                12.614939006000043
              ],
              [
                124.10224178800001,
                12.614653356000076
              ],
              [
                124.10244758200008,
                12.61444713700007
              ],
              [
                124.10265296200009,
                12.614203058000044
              ],
              [
                124.10266573800004,
                12.614185959000054
              ],
              [
                124.10268135600006,
                12.614172753000048
              ],
              [
                124.10272523800006,
                12.614142245000039
              ],
              [
                124.1027810380001,
                12.614118876000077
              ],
              [
                124.102791754,
                12.614109665000058
              ],
              [
                124.10281386500003,
                12.614095467000027
              ],
              [
                124.10282525900004,
                12.614090480000073
              ],
              [
                124.10286332700002,
                12.61406518800004
              ],
              [
                124.10287187900008,
                12.614056308000045
              ],
              [
                124.10289490200012,
                12.614040889000023
              ],
              [
                124.10289946500006,
                12.614034782000033
              ],
              [
                124.10290926900007,
                12.614026792000061
              ],
              [
                124.10295202900011,
                12.613982392000025
              ],
              [
                124.10297700800004,
                12.61395152700004
              ],
              [
                124.1031441660001,
                12.613691894000056
              ],
              [
                124.10327505500004,
                12.613478237000038
              ],
              [
                124.10337068100011,
                12.613331076000065
              ],
              [
                124.10341863000008,
                12.613236117000042
              ],
              [
                124.10346983700003,
                12.613085486000045
              ],
              [
                124.10353521700006,
                12.61285009900007
              ],
              [
                124.10358811800006,
                12.612620234000076
              ],
              [
                124.10361510000007,
                12.612477187000025
              ],
              [
                124.10366004000002,
                12.612287343000048
              ],
              [
                124.10374124500004,
                12.612009157000045
              ],
              [
                124.10381961100006,
                12.611713283000029
              ],
              [
                124.10391017100005,
                12.611455272000057
              ],
              [
                124.10394283900007,
                12.611461074000033
              ],
              [
                124.10395621900011,
                12.61145672200007
              ],
              [
                124.10396067900001,
                12.611450919000049
              ],
              [
                124.10396365200006,
                12.611439312000073
              ],
              [
                124.10396067900001,
                12.611429157000032
              ],
              [
                124.10395770500008,
                12.611421903000064
              ],
              [
                124.10395324500007,
                12.611416100000042
              ],
              [
                124.10393391800005,
                12.611398691000034
              ],
              [
                124.10392945800004,
                12.611392888000069
              ],
              [
                124.10393094400001,
                12.61137547800007
              ],
              [
                124.10393837700008,
                12.611363872000027
              ],
              [
                124.10394432400005,
                12.611360970000021
              ],
              [
                124.10395919000007,
                12.611347913000031
              ],
              [
                124.10398286300006,
                12.611303926000062
              ],
              [
                124.1039858360001,
                12.611299574000043
              ],
              [
                124.10399178300008,
                12.611295221000034
              ],
              [
                124.10400962200004,
                12.61128941800007
              ],
              [
                124.10403841300001,
                12.611286947000053
              ],
              [
                124.10405177400003,
                12.611289929000066
              ],
              [
                124.10406398600003,
                12.611286520000021
              ],
              [
                124.10406876500008,
                12.611283067000045
              ],
              [
                124.10408164300009,
                12.611268346000031
              ],
              [
                124.10408465300009,
                12.611262561000046
              ],
              [
                124.10409222300007,
                12.611240844000065
              ],
              [
                124.1040941760001,
                12.61121416100002
              ],
              [
                124.10410227500006,
                12.61120289300004
              ],
              [
                124.10410824900009,
                12.61119857600005
              ],
              [
                124.10412669900006,
                12.611196075000066
              ],
              [
                124.10414629900004,
                12.611199965000026
              ],
              [
                124.10415284700002,
                12.611198844000057
              ],
              [
                124.10416568000005,
                12.611191377000068
              ],
              [
                124.1041734690001,
                12.61118213800006
              ],
              [
                124.1041867030001,
                12.61115813400005
              ],
              [
                124.1041900990001,
                12.611140713000054
              ],
              [
                124.1040494560001,
                12.611147222000056
              ],
              [
                124.10357712200005,
                12.611107231000062
              ],
              [
                124.09635444000003,
                12.610890034000022
              ],
              [
                124.08842496600005,
                12.612445047000051
              ],
              [
                124.08627597400005,
                12.613223006000055
              ],
              [
                124.083589501,
                12.614626703000056
              ],
              [
                124.08376897300002,
                12.618098369000052
              ],
              [
                124.08375627900011,
                12.618133743000044
              ],
              [
                124.08255802300005,
                12.621473
              ],
              [
                124.08176777100005,
                12.621609040000067
              ],
              [
                124.0714201190001,
                12.62339036700007
              ],
              [
                124.07169366300002,
                12.62444266700004
              ],
              [
                124.06052473700004,
                12.628589421000072
              ],
              [
                124.05902869600004,
                12.629145006000044
              ],
              [
                124.05730301000006,
                12.627600733000065
              ],
              [
                124.05725259100006,
                12.627438166000047
              ],
              [
                124.056957097,
                12.62650126400007
              ],
              [
                124.0544081060001,
                12.627297224000074
              ],
              [
                124.05127111900003,
                12.628744142000073
              ],
              [
                124.04718314800004,
                12.632756893000021
              ],
              [
                124.04487017000008,
                12.636137677000022
              ],
              [
                124.0435811860001,
                12.638631516000032
              ],
              [
                124.04275820600003,
                12.641880301000072
              ],
              [
                124.04179123000006,
                12.646071023000047
              ],
              [
                124.04092125600005,
                12.65055972500005
              ],
              [
                124.03998528500006,
                12.65554439300007
              ],
              [
                124.04010730900006,
                12.659897099000034
              ],
              [
                124.04605031200003,
                12.662191913000072
              ],
              [
                124.05112431900011,
                12.665044693000027
              ],
              [
                124.05370898100011,
                12.666758943000048
              ],
              [
                124.05488632600009,
                12.667540505000034
              ],
              [
                124.06224533600005,
                12.671656188000043
              ],
              [
                124.06829234400004,
                12.67498893100003
              ],
              [
                124.07135234700002,
                12.676521812000033
              ],
              [
                124.07329235000009,
                12.677691722000077
              ],
              [
                124.07972835800001,
                12.681220450000069
              ],
              [
                124.08115336000003,
                12.68190439700004
              ],
              [
                124.08176777100005,
                12.682210756000075
              ],
              [
                124.08414136300007,
                12.683394280000073
              ],
              [
                124.08678477600006,
                12.684681857000044
              ],
              [
                124.08793836600012,
                12.685243135000064
              ],
              [
                124.09126737000008,
                12.687033997000071
              ],
              [
                124.09288113700006,
                12.687718915000062
              ],
              [
                124.09658015500008,
                12.689284919000045
              ],
              [
                124.09890737500007,
                12.690275737000036
              ],
              [
                124.10528537800008,
                12.692905526000061
              ],
              [
                124.113692377,
                12.695335318000048
              ],
              [
                124.11638796900002,
                12.695517080000059
              ],
              [
                124.11893837000002,
                12.695690266000042
              ],
              [
                124.1243253560001,
                12.694856293000043
              ],
              [
                124.12799034300008,
                12.693622357000038
              ],
              [
                124.12874634000002,
                12.69327137700003
              ],
              [
                124.1294249010001,
                12.692866292000076
              ],
              [
                124.130766504,
                12.691976619000059
              ]
            ]
          ]
        ]
      }
    }
  ]
}